experiment,pat#,iteration,die_Tmax,die_Tmean,die_Tmin,hot_dcm_global,hot_top_die,hot_bank,hot_sensor,current_MAX_pct
1,pat1,1,107.0,100.94,97.0,4,0,1,11,10.0
1,pat1,2,107.5,101.06,97.0,4,0,1,11,10.0
1,pat1,3,107.5,101.12,97.0,4,0,1,11,20.0
1,pat1,4,107.5,101.21,97.0,4,0,1,11,20.0
1,pat1,5,108.0,101.27,97.0,4,0,1,11,25.0
1,pat1,6,108.5,101.35,97.0,4,0,1,11,45.0
1,pat1,7,108.0,101.42,97.0,4,0,1,11,45.0
1,pat1,8,108.5,101.45,97.0,4,0,1,11,45.0
1,pat1,9,108.5,101.53,97.0,4,0,1,11,45.0
1,pat1,10,108.5,101.61,97.0,4,0,1,11,70.0
1,pat1,11,108.5,101.65,97.5,4,0,1,11,50.0
1,pat1,12,108.5,101.73,97.5,4,0,1,11,70.0
1,pat1,13,108.5,101.77,97.0,4,0,1,11,55.0
1,pat1,14,108.5,101.81,97.5,4,0,1,11,70.0
1,pat1,15,108.5,101.89,97.5,4,0,1,11,75.0
1,pat1,16,109.0,101.98,97.5,4,0,1,11,85.0
1,pat1,17,109.0,102.04,97.5,4,0,1,11,95.0
1,pat1,18,109.0,102.11,97.5,4,0,1,11,90.0
1,pat1,19,109.5,102.13,97.5,1,0,1,11,85.0
1,pat1,20,109.5,102.19,97.5,4,0,1,11,100.0
1,pat2,1,107.5,101.53,97.5,5,0,0,0,40.0
1,pat2,2,107.0,101.48,97.5,5,0,0,0,65.0
1,pat2,3,107.0,101.41,97.5,5,0,0,0,95.0
1,pat2,4,107.0,101.4,97.5,5,0,0,0,95.0
1,pat2,5,107.0,101.41,97.5,5,0,0,0,20.0
1,pat2,6,107.0,101.41,97.5,5,0,0,0,40.0
1,pat2,7,107.0,101.41,97.5,5,0,0,0,100.0
1,pat2,8,107.0,101.38,98.0,5,0,0,0,10.0
1,pat2,9,107.0,101.39,97.5,5,0,0,0,20.0
1,pat2,10,107.0,101.42,97.5,5,0,0,0,65.0
1,pat2,11,107.0,101.42,97.5,5,0,0,0,95.0
1,pat2,12,107.0,101.42,97.5,5,0,0,0,95.0
1,pat2,13,107.0,101.48,97.5,5,0,0,0,95.0
1,pat2,14,107.0,101.47,98.0,5,0,0,0,40.0
1,pat2,15,107.0,101.49,97.0,5,0,0,0,65.0
1,pat2,16,107.0,101.5,97.5,5,0,0,0,65.0
1,pat2,17,107.5,101.48,98.0,5,0,0,0,95.0
1,pat2,18,107.0,101.48,97.5,5,0,0,0,40.0
1,pat2,19,107.0,101.51,97.0,5,0,0,0,5.0
1,pat2,20,106.5,101.53,97.5,5,0,0,0,65.0
1,pat3,1,106.0,101.29,98.0,4,0,1,11,40.0
1,pat3,2,106.0,101.29,98.0,5,0,1,2,95.0
1,pat3,3,106.0,101.33,97.5,4,0,1,11,10.0
1,pat3,4,106.5,101.32,97.5,5,0,1,2,75.0
1,pat3,5,106.0,101.32,98.0,5,0,1,11,40.0
1,pat3,6,106.0,101.35,97.5,5,0,1,2,75.0
1,pat3,7,106.0,101.34,98.0,17,2,1,2,10.0
1,pat3,8,106.0,101.35,98.0,4,0,1,11,75.0
1,pat3,9,106.5,101.38,98.0,17,2,1,2,85.0
1,pat3,10,106.5,101.35,98.0,5,0,1,2,75.0
1,pat3,11,106.0,101.37,98.0,0,0,1,2,90.0
1,pat3,12,106.5,101.35,98.0,17,2,1,2,40.0
1,pat3,13,106.5,101.38,98.0,5,0,1,2,75.0
1,pat3,14,106.0,101.37,98.0,4,0,1,11,75.0
1,pat3,15,106.5,101.4,98.0,5,0,1,2,75.0
1,pat3,16,106.5,101.36,97.5,5,0,1,11,40.0
1,pat3,17,106.5,101.38,97.5,17,2,1,2,100.0
1,pat3,18,106.5,101.39,98.0,5,0,1,11,85.0
1,pat3,19,106.0,101.39,98.0,4,0,1,11,40.0
1,pat3,20,106.5,101.42,98.0,5,0,1,11,40.0
1,pat4,1,105.5,101.28,98.0,0,0,1,2,95.0
1,pat4,2,106.0,101.28,97.5,17,2,1,2,50.0
1,pat4,3,106.0,101.28,98.0,5,0,1,2,75.0
1,pat4,4,106.0,101.3,97.5,17,2,1,2,75.0
1,pat4,5,105.5,100.87,97.5,5,0,1,2,90.0
1,pat4,6,105.5,100.95,97.5,4,0,1,11,65.0
1,pat4,7,105.5,101.02,97.5,4,0,1,11,50.0
1,pat4,8,105.5,100.75,97.0,17,2,1,2,5.0
1,pat4,9,105.5,100.88,97.5,5,0,1,2,25.0
1,pat4,10,106.0,100.96,97.0,17,2,1,2,50.0
1,pat4,11,106.0,101.03,97.0,17,2,1,2,25.0
1,pat4,12,105.5,101.07,97.5,5,0,1,2,80.0
1,pat4,13,105.5,100.75,97.5,5,0,1,2,15.0
1,pat4,14,105.5,100.89,97.5,4,0,1,11,85.0
1,pat4,15,105.5,100.98,97.5,5,0,1,2,15.0
1,pat4,16,105.5,101.05,97.5,4,0,1,11,50.0
1,pat4,17,106.0,101.07,97.0,17,2,1,2,100.0
1,pat4,18,105.5,101.1,97.5,4,0,1,11,65.0
1,pat4,19,106.0,101.14,98.0,5,0,1,11,65.0
1,pat4,20,106.0,101.11,97.5,17,2,1,2,50.0
1,pat5,1,105.5,101.13,97.5,1,0,1,2,65.0
1,pat5,2,106.0,101.19,98.0,5,0,1,11,30.0
1,pat5,3,105.5,101.22,97.5,4,0,1,11,85.0
1,pat5,4,105.5,101.2,97.5,0,0,1,2,95.0
1,pat5,5,105.5,101.21,97.5,4,0,1,11,90.0
1,pat5,6,106.0,101.27,97.5,4,0,1,11,80.0
1,pat5,7,106.0,101.25,98.0,5,0,1,11,80.0
1,pat5,8,105.5,100.87,97.5,5,0,1,2,15.0
1,pat5,9,105.5,101.0,97.5,1,0,1,2,5.0
1,pat5,10,105.5,101.06,97.5,1,0,1,2,30.0
1,pat5,11,106.0,101.11,97.0,17,2,1,2,45.0
1,pat5,12,106.0,101.15,97.5,1,0,1,2,45.0
1,pat5,13,106.0,101.16,97.5,17,2,1,2,30.0
1,pat5,14,106.0,101.19,97.5,17,2,1,2,65.0
1,pat5,15,106.0,101.2,97.5,5,0,1,2,65.0
1,pat5,16,106.0,101.2,97.5,17,2,1,2,45.0
1,pat5,17,106.0,101.29,98.0,17,2,1,2,100.0
1,pat5,18,106.0,101.28,97.5,4,0,1,11,65.0
1,pat5,19,106.0,101.28,98.0,5,0,1,2,15.0
1,pat5,20,106.0,101.3,97.5,17,2,0,2,80.0
1,pat6,1,106.0,101.43,97.5,0,0,1,2,40.0
1,pat6,2,106.5,101.51,98.0,5,0,1,2,75.0
1,pat6,3,106.5,101.49,98.0,5,0,1,11,40.0
1,pat6,4,106.5,101.53,98.0,4,0,1,11,40.0
1,pat6,5,106.5,101.55,98.0,5,0,1,2,15.0
1,pat6,6,106.5,101.55,97.5,5,0,0,0,5.0
1,pat6,7,106.5,101.59,98.0,5,0,1,2,70.0
1,pat6,8,106.5,101.56,97.5,5,0,1,2,60.0
1,pat6,9,107.0,101.57,98.0,5,0,1,2,60.0
1,pat6,10,107.0,101.6,98.0,5,0,0,0,85.0
1,pat6,11,107.0,101.6,98.0,5,0,1,2,95.0
1,pat6,12,107.0,101.65,98.0,5,0,0,0,90.0
1,pat6,13,106.5,101.61,98.0,4,0,1,11,15.0
1,pat6,14,107.0,101.59,98.0,5,0,1,2,50.0
1,pat6,15,106.5,101.61,97.5,5,0,0,0,40.0
1,pat6,16,106.5,101.63,98.0,5,0,0,0,20.0
1,pat6,17,107.0,101.64,97.5,5,0,0,0,100.0
1,pat6,18,106.5,101.65,98.0,4,0,1,11,80.0
1,pat6,19,107.0,101.63,98.0,5,0,1,2,50.0
1,pat6,20,106.5,101.64,98.0,5,0,1,11,70.0
1,pat7,1,107.0,101.65,97.5,5,0,0,0,35.0
1,pat7,2,107.0,101.66,98.0,5,0,1,2,10.0
1,pat7,3,106.5,101.62,98.0,4,0,1,11,5.0
1,pat7,4,107.0,101.69,98.0,5,0,1,2,15.0
1,pat7,5,106.5,101.67,98.0,4,0,1,11,80.0
1,pat7,6,106.5,101.66,97.5,4,0,1,11,35.0
1,pat7,7,106.5,101.67,98.0,5,0,1,2,50.0
1,pat7,8,106.5,101.7,97.5,5,0,0,0,80.0
1,pat7,9,107.0,101.7,97.5,5,0,1,2,35.0
1,pat7,10,107.0,101.72,98.0,5,0,1,2,95.0
1,pat7,11,106.5,101.71,98.0,4,0,1,11,50.0
1,pat7,12,106.5,101.72,98.0,5,0,1,11,35.0
1,pat7,13,107.0,101.73,98.0,5,0,1,2,100.0
1,pat7,14,107.0,101.73,98.0,5,0,0,0,85.0
1,pat7,15,107.0,101.72,98.0,17,2,1,2,80.0
1,pat7,16,106.5,101.74,98.0,5,0,0,0,80.0
1,pat7,17,106.5,101.73,98.0,4,0,1,11,60.0
1,pat7,18,106.5,101.66,98.0,5,0,1,11,90.0
1,pat7,19,106.5,101.67,98.0,5,0,1,2,50.0
1,pat7,20,106.5,101.67,98.0,4,0,1,11,60.0
1,pat8,1,106.0,101.5,97.5,4,0,1,11,90.0
1,pat8,2,106.5,101.54,98.0,17,2,1,2,100.0
1,pat8,3,106.5,101.53,98.0,5,0,1,11,40.0
1,pat8,4,106.5,101.53,98.0,5,0,1,2,80.0
1,pat8,5,106.5,101.52,98.0,5,0,1,11,40.0
1,pat8,6,106.5,101.56,97.5,17,2,1,2,80.0
1,pat8,7,106.5,101.55,98.0,5,0,1,11,95.0
1,pat8,8,106.5,101.6,98.0,5,0,1,2,10.0
1,pat8,9,107.0,101.61,98.0,5,0,1,2,10.0
1,pat8,10,106.5,101.6,98.0,5,0,1,2,40.0
1,pat8,11,107.0,101.59,98.0,17,2,0,2,40.0
1,pat8,12,106.5,101.64,98.0,5,0,1,11,80.0
1,pat8,13,106.5,101.65,98.0,4,0,1,11,80.0
1,pat8,14,106.5,101.64,98.0,5,0,1,2,40.0
1,pat8,15,107.0,101.64,98.0,5,0,1,2,80.0
1,pat8,16,106.0,101.62,98.0,1,0,1,2,40.0
1,pat8,17,107.0,101.63,98.0,5,0,1,2,80.0
1,pat8,18,107.0,101.66,98.0,5,0,1,2,85.0
1,pat8,19,107.0,101.66,98.0,5,0,1,2,80.0
1,pat8,20,107.0,101.64,98.0,5,0,1,2,80.0
1,pat9,1,106.0,101.48,98.0,4,0,1,11,55.0
1,pat9,2,106.0,101.5,98.0,5,0,1,2,80.0
1,pat9,3,106.5,101.48,98.0,4,0,1,11,75.0
1,pat9,4,106.0,101.46,98.0,5,0,1,2,55.0
1,pat9,5,106.0,101.43,98.0,4,0,1,11,85.0
1,pat9,6,106.0,101.47,97.5,4,0,1,11,10.0
1,pat9,7,106.5,101.46,98.0,5,0,1,11,75.0
1,pat9,8,106.0,101.46,98.0,4,0,1,11,55.0
1,pat9,9,106.5,101.47,98.0,5,0,1,11,55.0
1,pat9,10,106.0,101.45,98.0,4,0,1,11,100.0
1,pat9,11,106.0,101.45,98.0,5,0,1,2,55.0
1,pat9,12,106.0,101.45,98.0,5,0,1,11,90.0
1,pat9,13,106.5,101.45,98.0,5,0,1,11,55.0
1,pat9,14,106.0,101.46,98.0,5,0,1,2,75.0
1,pat9,15,106.5,101.48,98.0,5,0,1,2,55.0
1,pat9,16,106.0,101.46,98.0,5,0,1,2,100.0
1,pat9,17,106.0,101.45,98.0,4,0,1,11,75.0
1,pat9,18,106.0,101.45,98.0,4,0,1,11,55.0
1,pat9,19,106.0,101.46,97.5,17,2,1,2,55.0
1,pat9,20,106.0,101.46,97.5,17,2,1,2,10.0
1,pat10,1,106.0,101.4,98.0,1,0,1,2,25.0
1,pat10,2,106.0,101.44,97.5,5,0,1,11,75.0
1,pat10,3,106.0,101.49,97.5,5,0,1,2,90.0
1,pat10,4,106.0,101.46,98.0,5,0,0,2,95.0
1,pat10,5,106.0,101.5,98.0,4,0,1,11,25.0
1,pat10,6,106.0,101.47,97.5,4,0,1,11,60.0
1,pat10,7,106.0,101.5,98.0,5,0,1,2,25.0
1,pat10,8,106.5,101.46,98.0,5,0,1,11,25.0
1,pat10,9,106.0,101.49,97.5,5,0,1,2,85.0
1,pat10,10,106.0,101.5,98.0,4,0,1,11,70.0
1,pat10,11,106.0,101.46,98.0,4,0,1,11,60.0
1,pat10,12,106.5,101.46,98.0,5,0,1,11,60.0
1,pat10,13,106.0,101.44,98.0,4,0,1,11,80.0
1,pat10,14,106.0,101.48,98.0,17,2,1,2,25.0
1,pat10,15,106.0,101.49,98.0,5,0,0,0,60.0
1,pat10,16,106.0,101.48,98.0,5,0,1,2,60.0
1,pat10,17,106.0,101.48,98.0,4,0,1,11,70.0
1,pat10,18,106.0,101.5,98.0,4,0,1,11,100.0
1,pat10,19,106.0,101.48,97.5,5,0,1,2,60.0
1,pat10,20,106.0,101.52,98.0,1,0,1,2,60.0
1,pat11,1,108.5,102.08,98.0,4,0,1,11,20.0
1,pat11,2,109.0,102.16,98.0,1,0,1,11,60.0
1,pat11,3,109.0,102.2,97.5,4,0,1,11,15.0
1,pat11,4,109.0,102.26,98.0,1,0,1,11,15.0
1,pat11,5,109.0,102.28,98.0,1,0,1,2,30.0
1,pat11,6,109.5,102.31,98.0,1,0,1,11,30.0
1,pat11,7,109.0,102.3,98.0,1,0,1,11,40.0
1,pat11,8,109.0,102.3,98.0,0,0,1,11,40.0
1,pat11,9,109.0,102.31,98.0,5,0,1,2,90.0
1,pat11,10,109.0,102.33,98.0,1,0,1,11,5.0
1,pat11,11,109.5,102.36,98.0,4,0,1,11,90.0
1,pat11,12,109.0,102.36,98.0,4,0,1,11,100.0
1,pat11,13,109.5,102.38,98.0,5,0,1,11,60.0
1,pat11,14,109.0,102.41,98.0,1,0,1,11,90.0
1,pat11,15,109.5,102.42,98.0,1,0,1,2,90.0
1,pat11,16,109.5,102.4,98.0,5,0,1,11,90.0
1,pat11,17,109.0,102.38,98.0,0,0,1,11,60.0
1,pat11,18,109.5,102.42,98.0,5,0,1,11,95.0
1,pat11,19,109.5,102.41,98.0,1,0,1,2,60.0
1,pat11,20,109.5,102.42,98.0,1,0,1,2,90.0
1,pat12,1,109.0,102.24,98.0,4,0,1,11,35.0
1,pat12,2,108.5,102.26,98.0,0,0,1,11,95.0
1,pat12,3,109.0,102.28,98.0,0,0,1,11,80.0
1,pat12,4,108.5,102.29,98.0,1,0,1,2,10.0
1,pat12,5,108.5,102.23,98.0,1,0,1,2,95.0
1,pat12,6,109.0,102.28,98.0,4,0,1,11,80.0
1,pat12,7,109.0,102.28,98.0,1,0,1,2,100.0
1,pat12,8,108.5,102.28,98.0,1,0,1,11,80.0
1,pat12,9,108.5,102.29,98.0,1,0,1,2,80.0
1,pat12,10,108.5,102.27,98.0,1,0,1,2,50.0
1,pat12,11,108.5,102.26,98.0,1,0,1,2,50.0
1,pat12,12,109.0,102.22,98.0,4,0,1,11,80.0
1,pat12,13,108.5,102.26,98.0,1,0,1,11,5.0
1,pat12,14,108.5,102.23,98.0,4,0,1,11,50.0
1,pat12,15,108.5,102.22,98.0,1,0,1,11,80.0
1,pat12,16,109.0,102.23,98.0,1,0,1,2,95.0
1,pat12,17,109.0,102.26,98.0,1,0,1,2,25.0
1,pat12,18,109.0,102.23,98.0,1,0,1,2,20.0
1,pat12,19,109.0,102.22,98.0,4,0,1,11,35.0
1,pat12,20,108.5,102.22,98.0,1,0,1,2,15.0
1,pat13,1,109.5,102.29,98.0,1,0,1,2,90.0
1,pat13,2,109.5,102.39,98.0,1,0,1,11,90.0
1,pat13,3,109.0,102.37,98.0,1,0,1,2,55.0
1,pat13,4,109.0,102.37,98.0,1,0,1,2,5.0
1,pat13,5,109.5,102.42,98.0,1,0,1,2,55.0
1,pat13,6,109.5,102.43,98.0,1,0,1,2,55.0
1,pat13,7,109.5,102.39,98.0,1,0,1,2,55.0
1,pat13,8,109.5,102.45,98.0,4,0,1,11,55.0
1,pat13,9,109.5,102.44,97.5,1,0,1,2,55.0
1,pat13,10,109.5,102.39,98.0,1,0,1,2,90.0
1,pat13,11,109.5,102.41,98.0,5,0,1,11,55.0
1,pat13,12,109.0,102.45,98.0,1,0,1,2,55.0
1,pat13,13,109.0,102.48,98.0,1,0,1,2,90.0
1,pat13,14,109.0,102.43,98.0,1,0,1,2,10.0
1,pat13,15,109.5,102.45,98.0,1,0,1,2,55.0
1,pat13,16,109.0,102.45,98.0,1,0,1,2,100.0
1,pat13,17,109.5,102.47,98.0,5,0,1,11,90.0
1,pat13,18,109.0,102.47,98.0,1,0,1,2,95.0
1,pat13,19,109.0,102.49,98.5,1,0,1,2,60.0
1,pat13,20,109.5,102.49,98.0,1,0,1,2,90.0
1,pat14,1,110.0,102.48,98.0,1,0,1,2,70.0
1,pat14,2,110.0,102.47,98.0,1,0,1,2,25.0
1,pat14,3,110.0,102.47,98.0,5,0,1,11,70.0
1,pat14,4,110.0,102.46,98.0,4,0,1,11,20.0
1,pat14,5,110.0,102.47,98.0,1,0,1,2,5.0
1,pat14,6,110.0,102.47,98.0,5,0,1,11,85.0
1,pat14,7,110.0,102.49,98.0,5,0,1,11,60.0
1,pat14,8,110.0,102.49,98.0,5,0,1,11,40.0
1,pat14,9,110.0,102.47,98.0,5,0,1,11,50.0
1,pat14,10,110.0,102.48,98.0,20,2,1,11,75.0
1,pat14,11,109.5,102.43,98.0,1,0,1,2,20.0
1,pat14,12,109.5,102.45,98.0,1,0,1,2,45.0
1,pat14,13,110.0,102.46,98.0,1,0,1,2,20.0
1,pat14,14,109.5,102.48,98.0,0,0,1,11,80.0
1,pat14,15,110.0,102.48,98.0,1,0,1,11,90.0
1,pat14,16,110.0,102.49,98.0,1,0,1,2,95.0
1,pat14,17,110.0,102.49,98.0,5,0,1,11,60.0
1,pat14,18,110.0,102.5,97.5,1,0,1,11,40.0
1,pat14,19,110.0,102.51,98.0,4,0,1,11,30.0
1,pat14,20,110.0,102.52,98.0,1,0,1,2,100.0
1,pat15,1,109.0,102.45,98.0,20,2,1,11,60.0
1,pat15,2,108.5,102.5,98.0,1,0,1,2,85.0
1,pat15,3,109.0,102.52,98.0,4,0,1,11,50.0
1,pat15,4,108.5,102.52,98.0,4,0,1,11,5.0
1,pat15,5,109.0,102.5,98.0,4,0,1,11,20.0
1,pat15,6,108.5,102.51,98.5,1,0,1,2,70.0
1,pat15,7,109.0,102.55,98.0,4,0,1,11,95.0
1,pat15,8,109.0,102.52,98.0,17,2,1,11,75.0
1,pat15,9,108.5,102.56,98.0,4,0,1,11,70.0
1,pat15,10,109.5,102.57,98.0,1,0,1,11,25.0
1,pat15,11,109.0,102.58,98.0,4,0,1,11,100.0
1,pat15,12,108.5,102.57,98.0,1,0,1,2,45.0
1,pat15,13,109.0,102.57,98.0,4,0,1,11,30.0
1,pat15,14,109.0,102.58,98.0,4,0,1,11,15.0
1,pat15,15,109.0,102.58,98.0,4,0,1,11,80.0
1,pat15,16,109.0,102.6,98.5,1,0,1,11,90.0
1,pat15,17,109.0,102.62,98.5,4,0,1,11,40.0
1,pat15,18,109.5,102.63,98.5,1,0,1,11,55.0
1,pat15,19,109.0,102.59,98.0,1,0,1,11,35.0
1,pat15,20,109.0,102.65,98.0,4,0,1,11,10.0
1,pat16,1,109.0,102.52,98.0,1,0,1,11,90.0
1,pat16,2,109.0,102.52,98.0,1,0,1,2,90.0
1,pat16,3,109.5,102.54,98.0,4,0,1,11,65.0
1,pat16,4,109.5,102.53,98.0,1,0,1,2,100.0
1,pat16,5,109.5,102.53,98.5,4,0,1,11,100.0
1,pat16,6,109.0,102.5,98.0,1,0,1,2,90.0
1,pat16,7,109.5,102.51,98.0,4,0,1,11,20.0
1,pat16,8,109.5,102.48,98.0,1,0,1,2,40.0
1,pat16,9,109.0,102.47,98.0,1,0,1,2,65.0
1,pat16,10,109.0,102.49,98.0,1,0,1,11,90.0
1,pat16,11,109.5,102.48,98.0,4,0,1,11,90.0
1,pat16,12,109.0,102.46,98.0,1,0,1,2,65.0
1,pat16,13,109.0,102.44,98.0,1,0,1,11,40.0
1,pat16,14,109.0,102.46,98.0,1,0,1,2,65.0
1,pat16,15,108.5,101.82,98.0,4,0,1,11,5.0
1,pat16,16,108.5,101.96,98.0,1,0,1,11,15.0
1,pat16,17,108.5,102.12,98.0,1,0,1,11,40.0
1,pat16,18,109.0,102.19,98.0,1,0,1,11,15.0
1,pat16,19,109.0,102.22,98.0,4,0,1,11,40.0
1,pat16,20,108.5,102.25,98.0,1,0,1,11,65.0
1,pat17,1,108.5,102.39,98.0,1,0,1,2,40.0
1,pat17,2,109.0,102.55,98.0,4,0,1,11,10.0
1,pat17,3,109.0,102.61,98.0,1,0,1,2,5.0
1,pat17,4,109.0,102.66,98.5,1,0,1,2,85.0
1,pat17,5,109.5,102.73,98.5,1,0,1,2,15.0
1,pat17,6,109.0,102.74,98.0,1,0,1,2,25.0
1,pat17,7,109.0,102.8,98.0,1,0,1,2,60.0
1,pat17,8,109.5,102.79,98.0,17,2,1,2,25.0
1,pat17,9,109.5,102.8,98.0,4,0,1,11,80.0
1,pat17,10,109.5,102.82,98.5,1,0,1,2,40.0
1,pat17,11,109.5,102.88,98.5,1,0,1,2,60.0
1,pat17,12,109.5,102.91,98.5,1,0,1,2,80.0
1,pat17,13,109.5,102.94,98.0,1,0,1,2,90.0
1,pat17,14,109.5,102.91,98.5,1,0,1,2,100.0
1,pat17,15,109.5,102.88,98.5,1,0,1,2,60.0
1,pat17,16,109.5,102.91,98.5,1,0,1,2,60.0
1,pat17,17,109.5,102.95,98.5,1,0,1,2,40.0
1,pat17,18,109.5,102.93,98.5,1,0,1,2,65.0
1,pat17,19,109.5,102.93,98.5,1,0,1,2,95.0
1,pat17,20,110.0,102.95,98.0,1,0,1,2,70.0
1,pat18,1,109.5,102.81,98.5,1,0,1,2,15.0
1,pat18,2,109.5,102.77,98.0,1,0,1,2,95.0
1,pat18,3,109.0,102.73,98.5,1,0,1,2,85.0
1,pat18,4,109.5,102.67,98.0,4,0,1,11,75.0
1,pat18,5,109.5,102.69,98.5,4,0,1,11,50.0
1,pat18,6,109.0,102.65,98.0,4,0,1,11,45.0
1,pat18,7,109.0,102.64,98.0,1,0,1,2,70.0
1,pat18,8,110.0,102.66,98.5,5,0,1,11,5.0
1,pat18,9,110.0,102.64,98.0,5,0,1,11,30.0
1,pat18,10,110.0,102.59,98.0,5,0,1,11,45.0
1,pat18,11,109.5,102.6,98.0,1,0,1,2,20.0
1,pat18,12,109.0,102.58,98.0,1,0,1,11,85.0
1,pat18,13,109.0,102.56,98.0,1,0,1,2,30.0
1,pat18,14,109.0,102.56,98.0,1,0,1,11,100.0
1,pat18,15,109.0,102.55,98.0,4,0,1,11,70.0
1,pat18,16,109.5,102.55,98.0,17,2,1,2,70.0
1,pat18,17,109.5,102.54,98.0,1,0,1,2,45.0
1,pat18,18,109.0,102.51,98.0,4,0,1,11,70.0
1,pat18,19,109.0,102.52,98.0,4,0,1,11,10.0
1,pat18,20,109.0,102.56,98.0,1,0,1,11,90.0
1,pat19,1,109.5,102.38,98.0,1,0,1,11,75.0
1,pat19,2,109.5,102.34,98.0,4,0,1,11,95.0
1,pat19,3,109.5,102.36,98.0,1,0,1,11,55.0
1,pat19,4,109.5,102.38,98.0,1,0,1,11,50.0
1,pat19,5,109.0,102.34,98.0,1,0,1,2,100.0
1,pat19,6,109.5,102.31,98.0,1,0,1,11,50.0
1,pat19,7,109.5,102.35,98.0,5,0,1,11,80.0
1,pat19,8,109.5,102.34,98.0,4,0,1,11,25.0
1,pat19,9,109.5,102.32,98.0,1,0,1,11,30.0
1,pat19,10,109.5,102.32,98.0,4,0,1,11,75.0
1,pat19,11,109.5,102.3,98.0,1,0,1,11,75.0
1,pat19,12,109.5,102.31,98.0,4,0,1,11,10.0
1,pat19,13,109.5,102.35,98.0,1,0,1,11,95.0
1,pat19,14,109.5,102.29,98.0,1,0,1,11,10.0
1,pat19,15,109.5,102.31,98.0,4,0,1,11,25.0
1,pat19,16,109.5,102.3,98.0,4,0,1,11,40.0
1,pat19,17,109.5,102.34,98.0,4,0,1,11,85.0
1,pat19,18,109.0,102.36,98.0,4,0,1,11,75.0
1,pat19,19,109.5,102.35,98.0,4,0,1,11,40.0
1,pat19,20,109.5,102.32,98.0,4,0,1,11,25.0
1,pat20,1,109.5,102.44,98.0,4,0,1,11,85.0
1,pat20,2,109.0,102.47,98.0,1,0,1,11,85.0
1,pat20,3,109.0,102.5,98.0,1,0,1,11,20.0
1,pat20,4,109.5,102.48,98.0,4,0,1,11,45.0
1,pat20,5,109.0,102.47,98.0,1,0,1,11,95.0
1,pat20,6,109.0,102.46,98.0,4,0,1,11,55.0
1,pat20,7,109.5,102.49,98.0,4,0,1,11,70.0
1,pat20,8,109.5,102.5,98.0,4,0,1,11,85.0
1,pat20,9,109.0,102.5,98.0,4,0,1,11,15.0
1,pat20,10,109.0,102.52,98.0,1,0,1,11,70.0
1,pat20,11,109.5,102.53,98.0,1,0,1,2,45.0
1,pat20,12,109.5,102.51,98.0,4,0,1,11,5.0
1,pat20,13,109.5,102.56,98.0,1,0,1,11,55.0
1,pat20,14,109.5,102.54,98.0,1,0,1,11,90.0
1,pat20,15,109.0,102.57,98.5,1,0,1,2,45.0
1,pat20,16,109.5,102.54,98.0,4,0,1,11,100.0
1,pat20,17,109.0,102.57,98.0,1,0,1,2,25.0
1,pat20,18,109.5,102.54,98.0,1,0,1,11,45.0
1,pat20,19,109.5,102.58,98.0,1,0,1,11,70.0
1,pat20,20,110.0,102.61,98.0,5,0,1,11,15.0
1,pat21,1,110.0,102.54,98.0,1,0,1,11,50.0
1,pat21,2,110.0,102.61,98.0,5,0,1,11,100.0
1,pat21,3,110.0,102.61,98.0,1,0,1,2,60.0
1,pat21,4,110.0,102.63,98.0,1,0,1,11,20.0
1,pat21,5,110.0,102.63,98.0,5,0,1,11,75.0
1,pat21,6,110.0,102.63,98.5,1,0,1,2,15.0
1,pat21,7,110.0,102.64,98.0,5,0,1,11,45.0
1,pat21,8,110.0,102.63,98.0,4,0,1,11,75.0
1,pat21,9,110.0,102.67,98.0,5,0,1,2,35.0
1,pat21,10,110.0,102.67,98.0,1,0,1,11,90.0
1,pat21,11,110.0,102.67,98.0,5,0,1,11,75.0
1,pat21,12,110.0,102.7,98.5,4,0,1,11,45.0
1,pat21,13,110.0,102.69,98.0,1,0,1,2,90.0
1,pat21,14,110.5,102.68,98.0,5,0,1,11,30.0
1,pat21,15,109.5,102.68,98.0,0,0,1,11,90.0
1,pat21,16,110.0,102.7,98.0,1,0,1,11,30.0
1,pat21,17,110.0,102.68,98.0,1,0,1,2,95.0
1,pat21,18,110.5,102.69,98.5,5,0,1,11,60.0
1,pat21,19,108.5,102.03,98.0,1,0,1,2,15.0
1,pat21,20,109.0,102.22,98.0,1,0,1,11,5.0
1,pat22,1,109.0,102.04,98.0,1,0,1,11,45.0
1,pat22,2,109.0,102.1,98.0,1,0,1,11,10.0
1,pat22,3,108.5,102.09,98.0,1,0,1,2,40.0
1,pat22,4,108.5,102.12,98.0,1,0,1,11,95.0
1,pat22,5,108.5,102.11,98.0,1,0,1,11,80.0
1,pat22,6,108.5,102.15,98.0,1,0,1,11,25.0
1,pat22,7,109.0,102.1,98.0,1,0,1,11,80.0
1,pat22,8,109.0,102.13,98.0,1,0,1,11,70.0
1,pat22,9,109.0,102.11,98.0,4,0,1,11,70.0
1,pat22,10,109.0,102.12,98.0,20,2,1,11,70.0
1,pat22,11,109.0,102.14,98.0,1,0,1,11,40.0
1,pat22,12,108.5,102.13,98.0,1,0,1,11,95.0
1,pat22,13,109.0,102.15,98.0,5,0,1,11,95.0
1,pat22,14,108.5,102.12,98.0,1,0,1,11,25.0
1,pat22,15,108.5,102.12,98.0,1,0,1,11,5.0
1,pat22,16,109.0,102.16,98.0,1,0,1,11,70.0
1,pat22,17,109.0,102.18,98.0,1,0,1,11,40.0
1,pat22,18,109.0,102.11,98.0,1,0,1,11,70.0
1,pat22,19,109.0,102.12,97.5,1,0,1,2,15.0
1,pat22,20,109.0,102.14,98.0,1,0,1,11,100.0
1,pat23,1,109.0,102.44,98.0,1,0,1,3,5.0
1,pat23,2,109.0,102.52,98.0,4,0,1,11,35.0
1,pat23,3,109.0,102.52,98.0,5,0,1,2,60.0
1,pat23,4,109.5,102.58,98.0,5,0,0,3,50.0
1,pat23,5,109.0,102.6,98.0,1,0,1,11,35.0
1,pat23,6,110.0,102.64,98.0,5,0,0,3,95.0
1,pat23,7,109.5,102.66,98.0,5,0,1,11,70.0
1,pat23,8,109.5,102.65,98.0,5,0,0,3,70.0
1,pat23,9,109.0,102.68,98.0,1,0,1,2,35.0
1,pat23,10,109.5,102.7,98.0,1,0,1,2,10.0
1,pat23,11,109.5,102.67,98.0,5,0,0,3,95.0
1,pat23,12,109.5,102.69,98.0,5,0,1,11,15.0
1,pat23,13,109.5,102.68,98.0,5,0,0,3,40.0
1,pat23,14,109.5,102.71,98.0,1,0,1,11,45.0
1,pat23,15,109.5,102.73,98.0,1,0,1,2,95.0
1,pat23,16,109.5,102.73,98.0,1,0,1,2,95.0
1,pat23,17,109.5,102.73,98.0,5,0,0,3,100.0
1,pat23,18,110.0,102.73,98.0,5,0,0,3,60.0
1,pat23,19,109.5,102.78,98.0,1,0,1,2,75.0
1,pat23,20,109.5,102.77,98.0,4,0,1,11,35.0
1,pat24,1,110.0,102.5,98.0,1,0,1,11,80.0
1,pat24,2,110.0,102.51,98.0,1,0,1,11,45.0
1,pat24,3,110.0,102.49,98.0,1,0,1,11,35.0
1,pat24,4,110.0,102.48,98.0,1,0,1,11,100.0
1,pat24,5,110.0,102.48,98.0,1,0,1,2,60.0
1,pat24,6,109.5,102.46,98.0,1,0,1,2,50.0
1,pat24,7,109.5,102.47,98.0,1,0,1,2,100.0
1,pat24,8,110.0,102.44,98.0,5,0,1,11,35.0
1,pat24,9,109.5,102.49,98.0,1,0,1,2,70.0
1,pat24,10,110.0,102.47,98.0,1,0,1,11,70.0
1,pat24,11,110.0,102.43,98.0,1,0,1,11,5.0
1,pat24,12,110.0,102.45,98.0,5,0,1,11,80.0
1,pat24,13,109.5,102.49,98.5,1,0,1,2,20.0
1,pat24,14,109.5,102.48,98.0,1,0,1,2,90.0
1,pat24,15,109.5,102.48,98.0,1,0,1,11,35.0
1,pat24,16,110.5,102.48,98.0,5,0,1,11,60.0
1,pat24,17,110.5,102.47,98.0,5,0,1,11,45.0
1,pat24,18,110.0,102.47,98.0,5,0,1,11,20.0
1,pat24,19,109.5,102.44,98.0,1,0,1,2,20.0
1,pat24,20,110.0,102.43,98.5,5,0,1,11,90.0
1,pat25,1,109.5,102.46,98.0,1,0,1,2,85.0
1,pat25,2,110.0,102.47,98.0,5,0,1,11,45.0
1,pat25,3,110.0,102.49,98.0,1,0,1,2,45.0
1,pat25,4,110.0,102.48,98.0,5,0,1,11,5.0
1,pat25,5,110.0,102.48,98.0,1,0,1,2,70.0
1,pat25,6,110.0,102.46,98.0,5,0,1,11,75.0
1,pat25,7,110.0,102.52,98.0,5,0,1,2,20.0
1,pat25,8,110.0,102.47,98.0,1,0,1,2,55.0
1,pat25,9,110.5,102.52,98.5,1,0,1,2,45.0
1,pat25,10,110.0,102.52,98.0,1,0,1,2,45.0
1,pat25,11,110.0,102.49,98.0,1,0,1,2,80.0
1,pat25,12,110.0,102.49,98.0,1,0,1,2,65.0
1,pat25,13,110.0,102.48,98.0,1,0,1,11,100.0
1,pat25,14,109.5,102.49,98.0,0,0,1,11,15.0
1,pat25,15,110.0,102.48,98.0,5,0,1,11,90.0
1,pat25,16,110.0,102.5,98.0,5,0,1,11,15.0
1,pat25,17,110.0,102.52,98.0,1,0,1,11,55.0
1,pat25,18,110.0,102.48,98.0,1,0,1,2,45.0
1,pat25,19,110.0,102.48,98.0,1,0,1,2,95.0
1,pat25,20,110.0,102.5,97.5,1,0,1,2,65.0
1,pat26,1,109.5,102.42,98.0,4,0,1,11,85.0
1,pat26,2,109.5,102.46,98.0,5,0,1,11,30.0
1,pat26,3,109.5,102.48,98.0,4,0,1,11,40.0
1,pat26,4,109.5,102.49,98.0,5,0,1,11,5.0
1,pat26,5,109.5,102.53,98.0,5,0,1,11,100.0
1,pat26,6,109.5,102.53,98.0,1,0,1,2,30.0
1,pat26,7,110.0,102.56,98.0,1,0,1,11,85.0
1,pat26,8,109.5,102.57,98.0,4,0,1,11,60.0
1,pat26,9,109.5,102.58,98.0,1,0,1,2,70.0
1,pat26,10,109.5,102.58,98.0,1,0,1,2,15.0
1,pat26,11,109.5,102.56,98.0,1,0,1,2,75.0
1,pat26,12,109.5,102.55,98.0,1,0,1,11,40.0
1,pat26,13,109.5,102.55,98.0,1,0,1,2,15.0
1,pat26,14,110.0,102.57,98.0,1,0,1,11,70.0
1,pat26,15,110.0,102.57,98.0,1,0,1,11,30.0
1,pat26,16,110.0,102.6,98.0,1,0,1,2,60.0
1,pat26,17,109.5,102.55,98.0,1,0,1,11,60.0
1,pat26,18,110.0,102.57,98.0,1,0,1,2,60.0
1,pat26,19,109.5,102.59,98.0,1,0,1,2,95.0
1,pat26,20,110.0,102.56,98.0,1,0,1,2,95.0
1,pat27,1,109.5,102.57,98.5,1,0,1,2,95.0
1,pat27,2,109.5,102.59,98.0,1,0,1,2,80.0
1,pat27,3,110.0,102.64,98.5,1,0,1,2,70.0
1,pat27,4,109.5,102.63,98.0,4,0,1,11,35.0
1,pat27,5,109.5,102.66,98.0,1,0,1,2,10.0
1,pat27,6,109.5,102.62,98.0,1,0,1,2,90.0
1,pat27,7,109.5,102.61,98.0,4,0,1,11,40.0
1,pat27,8,109.5,102.62,98.0,4,0,1,11,60.0
1,pat27,9,109.5,102.63,98.0,1,0,1,2,55.0
1,pat27,10,109.5,102.61,98.0,1,0,1,2,85.0
1,pat27,11,109.5,102.64,98.0,1,0,1,11,65.0
1,pat27,12,109.5,102.66,98.0,1,0,1,2,45.0
1,pat27,13,109.5,102.6,98.0,4,0,1,11,30.0
1,pat27,14,110.0,102.6,98.0,5,0,1,11,20.0
1,pat27,15,108.5,101.95,97.5,1,0,1,2,5.0
1,pat27,16,108.5,102.17,98.0,0,0,1,11,75.0
1,pat27,17,109.0,102.26,98.0,20,2,1,11,20.0
1,pat27,18,109.0,102.3,98.0,1,0,1,2,55.0
1,pat27,19,109.5,102.35,98.0,1,0,1,2,25.0
1,pat27,20,109.5,102.39,98.0,1,0,1,11,100.0
1,pat28,1,110.0,102.45,97.5,5,0,1,11,15.0
1,pat28,2,109.5,102.57,98.0,1,0,1,2,70.0
1,pat28,3,109.5,102.55,98.0,4,0,1,11,95.0
1,pat28,4,109.5,102.57,98.0,4,0,1,11,10.0
1,pat28,5,110.0,102.56,98.0,1,0,1,11,85.0
1,pat28,6,109.5,102.62,98.0,1,0,1,11,80.0
1,pat28,7,109.5,102.64,98.0,5,0,1,11,30.0
1,pat28,8,110.0,102.67,98.0,5,0,1,11,100.0
1,pat28,9,109.5,102.68,98.0,1,0,1,2,45.0
1,pat28,10,109.5,102.65,98.0,5,0,1,11,95.0
1,pat28,11,110.0,102.65,98.0,5,0,1,11,55.0
1,pat28,12,110.0,102.68,98.0,1,0,1,11,5.0
1,pat28,13,110.0,102.65,98.5,5,0,1,11,25.0
1,pat28,14,110.0,102.57,98.0,5,0,1,11,80.0
1,pat28,15,109.5,102.61,98.0,5,0,1,11,50.0
1,pat28,16,109.0,102.58,98.0,1,0,1,11,35.0
1,pat28,17,110.0,102.55,98.0,5,0,1,11,45.0
1,pat28,18,110.0,102.56,98.0,5,0,1,11,70.0
1,pat28,19,110.5,102.6,98.0,5,0,1,11,60.0
1,pat28,20,110.0,102.58,98.0,5,0,1,11,20.0
1,pat29,1,109.5,102.64,98.0,1,0,1,2,5.0
1,pat29,2,109.0,102.61,98.0,0,0,1,2,10.0
1,pat29,3,109.5,102.68,98.0,1,0,1,2,80.0
1,pat29,4,109.5,102.73,98.0,4,0,1,11,80.0
1,pat29,5,109.5,102.72,98.0,1,0,1,2,55.0
1,pat29,6,109.5,102.72,98.0,4,0,1,11,15.0
1,pat29,7,109.5,102.75,98.0,1,0,1,2,55.0
1,pat29,8,109.5,102.78,98.0,4,0,1,11,70.0
1,pat29,9,109.5,102.8,98.0,1,0,1,2,70.0
1,pat29,10,110.0,102.79,98.0,1,0,1,2,95.0
1,pat29,11,109.5,102.78,98.0,1,0,1,2,90.0
1,pat29,12,109.5,102.77,98.0,1,0,1,2,90.0
1,pat29,13,110.0,102.77,98.0,1,0,1,2,20.0
1,pat29,14,109.5,102.8,98.0,1,0,1,2,55.0
1,pat29,15,109.5,102.81,98.0,1,0,1,2,55.0
1,pat29,16,109.5,102.82,98.0,1,0,1,2,55.0
1,pat29,17,109.5,102.77,98.5,1,0,1,2,100.0
1,pat29,18,109.5,102.8,98.0,1,0,1,2,55.0
1,pat29,19,109.5,102.77,98.0,1,0,1,2,55.0
1,pat29,20,109.5,102.83,98.0,1,0,1,2,70.0
1,pat30,1,109.5,102.5,98.0,1,0,1,11,100.0
1,pat30,2,109.5,102.47,98.0,1,0,1,11,80.0
1,pat30,3,109.5,102.51,98.0,5,0,1,11,55.0
1,pat30,4,109.5,102.46,98.0,1,0,1,2,95.0
1,pat30,5,110.0,102.43,98.0,5,0,1,11,55.0
1,pat30,6,109.0,102.42,98.0,1,0,1,2,5.0
1,pat30,7,109.0,102.38,98.0,4,0,1,11,80.0
1,pat30,8,109.5,102.4,98.0,20,2,1,11,40.0
1,pat30,9,109.0,102.38,98.0,1,0,1,2,20.0
1,pat30,10,109.5,102.41,98.0,1,0,1,11,45.0
1,pat30,11,109.5,102.42,98.5,20,2,1,11,15.0
1,pat30,12,109.5,102.41,98.0,20,2,1,11,85.0
1,pat30,13,109.5,102.38,98.0,20,2,1,11,80.0
1,pat30,14,109.5,102.37,98.0,20,2,1,11,40.0
1,pat30,15,109.0,102.42,98.5,1,0,1,2,80.0
1,pat30,16,109.0,102.38,98.0,1,0,1,2,10.0
1,pat30,17,109.0,102.39,98.0,1,0,1,11,95.0
1,pat30,18,109.0,102.39,98.0,1,0,1,11,80.0
1,pat30,19,108.5,101.75,98.0,4,0,1,11,30.0
1,pat30,20,109.0,101.94,97.5,20,2,1,11,30.0
1,pat31,1,108.5,102.02,98.0,5,0,1,2,50.0
1,pat31,2,108.5,102.12,98.0,1,0,1,2,25.0
1,pat31,3,108.5,102.16,98.0,1,0,1,11,100.0
1,pat31,4,108.5,102.23,98.0,4,0,1,11,95.0
1,pat31,5,109.0,102.23,98.0,1,0,1,11,55.0
1,pat31,6,108.5,102.27,98.0,1,0,1,2,40.0
1,pat31,7,108.5,102.32,98.0,1,0,1,2,35.0
1,pat31,8,109.0,102.33,98.0,1,0,1,11,50.0
1,pat31,9,108.5,102.33,98.0,1,0,1,2,85.0
1,pat31,10,108.5,102.33,98.0,1,0,1,2,5.0
1,pat31,11,108.5,102.35,98.0,1,0,1,11,75.0
1,pat31,12,109.0,102.41,98.0,1,0,1,2,25.0
1,pat31,13,109.0,102.44,98.0,1,0,1,11,85.0
1,pat31,14,109.0,102.39,98.0,1,0,1,11,30.0
1,pat31,15,109.0,102.41,98.0,1,0,1,11,90.0
1,pat31,16,109.0,102.39,98.0,4,0,1,11,70.0
1,pat31,17,109.0,102.4,98.0,1,0,1,11,70.0
1,pat31,18,108.5,102.42,98.0,1,0,1,11,60.0
1,pat31,19,109.0,102.47,98.0,5,0,1,2,15.0
1,pat31,20,109.0,102.47,98.0,1,0,1,2,10.0
1,pat32,1,109.5,102.43,98.0,5,0,1,11,5.0
1,pat32,2,109.5,102.46,98.0,1,0,1,2,40.0
1,pat32,3,110.0,102.47,98.0,1,0,1,2,55.0
1,pat32,4,110.0,102.45,98.0,1,0,1,2,40.0
1,pat32,5,109.5,102.45,98.0,1,0,1,2,70.0
1,pat32,6,110.0,102.47,98.0,1,0,1,11,90.0
1,pat32,7,110.0,102.49,98.0,5,0,1,11,30.0
1,pat32,8,109.5,102.49,98.0,1,0,1,2,100.0
1,pat32,9,109.5,102.46,98.0,1,0,1,11,15.0
1,pat32,10,110.0,102.51,98.0,5,0,1,11,55.0
1,pat32,11,109.5,102.5,98.0,1,0,1,2,90.0
1,pat32,12,109.5,102.51,98.0,1,0,1,2,30.0
1,pat32,13,110.0,102.52,98.0,1,0,1,11,90.0
1,pat32,14,110.5,102.52,98.0,5,0,1,11,70.0
1,pat32,15,109.5,102.46,98.0,1,0,1,2,70.0
1,pat32,16,110.0,102.5,98.0,1,0,1,2,90.0
1,pat32,17,110.0,102.54,98.0,5,0,1,11,55.0
1,pat32,18,109.5,102.52,98.0,1,0,1,11,100.0
1,pat32,19,109.5,102.5,98.0,4,0,1,11,15.0
1,pat32,20,110.0,102.46,98.0,5,0,1,11,30.0
1,pat33,1,109.0,102.39,98.0,1,0,1,11,75.0
1,pat33,2,109.0,102.43,98.0,1,0,1,11,95.0
1,pat33,3,109.5,102.39,98.0,1,0,1,11,100.0
1,pat33,4,109.5,102.41,98.5,5,0,1,11,25.0
1,pat33,5,109.0,102.44,98.0,1,0,1,11,35.0
1,pat33,6,110.0,102.44,98.0,5,0,1,11,50.0
1,pat33,7,109.5,102.41,98.0,5,0,1,11,55.0
1,pat33,8,109.5,102.43,98.0,1,0,1,11,90.0
1,pat33,9,110.0,102.41,98.0,5,0,1,11,50.0
1,pat33,10,109.0,102.41,98.0,1,0,1,11,60.0
1,pat33,11,109.0,102.39,98.0,1,0,1,2,20.0
1,pat33,12,109.0,102.37,98.0,1,0,1,11,35.0
1,pat33,13,109.0,102.43,98.0,1,0,1,2,5.0
1,pat33,14,109.0,102.4,98.0,1,0,1,11,70.0
1,pat33,15,109.0,102.37,98.0,1,0,1,2,80.0
1,pat33,16,109.0,102.41,98.0,1,0,1,2,70.0
1,pat33,17,109.5,102.38,98.0,20,2,1,11,10.0
1,pat33,18,109.0,102.36,98.5,0,0,1,11,40.0
1,pat33,19,109.0,102.34,98.0,4,0,1,11,90.0
1,pat33,20,109.0,102.37,98.0,1,0,1,11,20.0
1,pat34,1,109.0,102.37,98.0,1,0,1,2,15.0
1,pat34,2,109.5,102.41,98.0,1,0,1,2,35.0
1,pat34,3,109.0,102.41,98.0,1,0,1,2,85.0
1,pat34,4,109.0,102.43,98.0,1,0,1,11,5.0
1,pat34,5,109.5,102.48,98.0,4,0,1,11,95.0
1,pat34,6,109.5,102.5,98.5,1,0,1,2,50.0
1,pat34,7,109.0,102.48,98.0,1,0,1,11,55.0
1,pat34,8,109.0,102.47,98.0,1,0,1,11,60.0
1,pat34,9,109.0,102.49,98.0,1,0,1,11,35.0
1,pat34,10,109.0,102.5,98.0,1,0,1,2,75.0
1,pat34,11,109.0,102.47,98.0,1,0,1,2,45.0
1,pat34,12,109.5,102.51,98.0,5,0,1,11,40.0
1,pat34,13,109.0,102.5,98.0,4,0,1,11,80.0
1,pat34,14,109.0,102.53,98.0,1,0,1,2,75.0
1,pat34,15,109.0,102.55,98.0,5,0,1,2,90.0
1,pat34,16,109.5,102.52,98.5,4,0,1,11,100.0
1,pat34,17,109.0,102.5,98.0,1,0,1,2,35.0
1,pat34,18,109.0,102.5,98.0,5,0,1,2,75.0
1,pat34,19,109.0,102.52,98.0,1,0,1,2,15.0
1,pat34,20,109.5,102.51,98.0,20,2,1,11,35.0
1,pat35,1,109.0,102.46,98.0,4,0,1,11,10.0
1,pat35,2,109.0,102.48,98.0,1,0,1,11,60.0
1,pat35,3,109.5,102.51,98.0,1,0,1,2,70.0
1,pat35,4,109.0,102.47,98.0,1,0,1,11,25.0
1,pat35,5,109.0,102.49,98.0,1,0,1,2,50.0
1,pat35,6,109.0,102.49,98.0,1,0,1,2,70.0
1,pat35,7,109.0,102.47,98.0,1,0,1,2,30.0
1,pat35,8,109.0,102.51,98.0,5,0,1,11,20.0
1,pat35,9,109.0,102.53,98.0,1,0,1,2,100.0
1,pat35,10,109.0,102.52,98.5,4,0,1,11,50.0
1,pat35,11,109.0,102.53,98.0,1,0,1,11,5.0
1,pat35,12,109.5,102.55,98.0,1,0,1,11,60.0
1,pat35,13,109.0,102.59,98.0,1,0,1,2,35.0
1,pat35,14,109.0,102.59,98.0,1,0,1,2,80.0
1,pat35,15,109.0,102.58,98.0,1,0,1,11,95.0
1,pat35,16,109.0,102.57,98.0,1,0,1,2,20.0
1,pat35,17,109.5,102.59,98.0,1,0,1,2,90.0
1,pat35,18,109.5,102.57,98.0,5,0,1,11,90.0
1,pat35,19,109.0,102.59,98.5,1,0,1,2,50.0
1,pat35,20,109.5,102.59,98.0,1,0,1,2,80.0
1,pat36,1,109.0,102.3,98.0,5,0,1,2,100.0
1,pat36,2,108.5,102.28,98.0,5,0,1,2,55.0
1,pat36,3,108.5,102.28,98.0,1,0,1,2,30.0
1,pat36,4,108.5,102.27,98.0,1,0,1,2,80.0
1,pat36,5,108.5,102.25,98.0,5,0,1,2,35.0
1,pat36,6,108.5,102.23,98.0,5,0,1,2,55.0
1,pat36,7,108.5,102.21,98.0,5,0,1,2,80.0
1,pat36,8,108.5,102.21,98.0,5,0,1,2,15.0
1,pat36,9,108.5,102.18,98.0,5,0,1,2,65.0
1,pat36,10,108.5,102.19,98.0,5,0,1,2,80.0
1,pat36,11,108.5,102.2,98.0,5,0,1,2,45.0
1,pat36,12,108.5,102.2,98.0,5,0,1,2,45.0
1,pat36,13,108.5,102.22,98.0,1,0,1,2,65.0
1,pat36,14,108.5,102.19,98.0,5,0,1,2,30.0
1,pat36,15,108.5,102.2,98.0,5,0,1,2,85.0
1,pat36,16,108.5,102.2,98.0,5,0,1,2,90.0
1,pat36,17,108.0,102.22,98.0,1,0,1,2,30.0
1,pat36,18,108.0,102.2,98.0,1,0,1,2,95.0
1,pat36,19,108.0,102.19,98.0,1,0,1,2,15.0
1,pat36,20,109.0,102.2,98.0,17,2,1,2,5.0
1,pat37,1,110.0,102.45,98.0,5,0,1,11,5.0
1,pat37,2,110.0,102.48,98.0,1,0,1,2,35.0
1,pat37,3,110.5,102.56,98.0,5,0,1,11,60.0
1,pat37,4,110.0,102.58,98.0,1,0,1,2,60.0
1,pat37,5,110.0,102.57,98.0,1,0,1,2,90.0
1,pat37,6,110.0,102.61,98.5,1,0,1,2,35.0
1,pat37,7,110.0,102.59,98.0,5,0,1,11,65.0
1,pat37,8,110.0,102.6,98.0,1,0,1,2,60.0
1,pat37,9,110.0,102.57,98.0,1,0,1,2,95.0
1,pat37,10,110.0,102.6,98.0,1,0,1,2,35.0
1,pat37,11,110.0,102.6,98.0,5,0,1,11,75.0
1,pat37,12,110.0,102.6,98.0,4,0,1,11,35.0
1,pat37,13,110.0,102.58,98.0,5,0,1,11,75.0
1,pat37,14,110.0,102.61,98.0,1,0,1,2,15.0
1,pat37,15,110.0,102.63,98.0,1,0,1,11,60.0
1,pat37,16,110.5,102.63,98.0,5,0,1,11,90.0
1,pat37,17,110.0,102.6,98.0,1,0,1,11,15.0
1,pat37,18,110.0,102.63,98.5,1,0,1,11,100.0
1,pat37,19,110.0,102.61,98.0,1,0,1,11,90.0
1,pat37,20,110.0,102.58,98.0,4,0,1,11,60.0
1,pat38,1,109.0,102.5,98.0,1,0,1,11,45.0
1,pat38,2,109.0,102.53,98.0,5,0,1,11,80.0
1,pat38,3,109.0,102.5,98.0,1,0,1,11,80.0
1,pat38,4,109.0,102.54,98.0,1,0,1,2,5.0
1,pat38,5,109.0,102.51,98.0,4,0,1,11,30.0
1,pat38,6,109.0,102.54,98.5,20,2,1,11,20.0
1,pat38,7,109.0,102.55,98.0,1,0,1,11,25.0
1,pat38,8,109.0,102.56,98.0,1,0,1,2,50.0
1,pat38,9,109.0,102.59,98.0,20,2,1,11,45.0
1,pat38,10,109.0,102.57,98.0,1,0,1,11,85.0
1,pat38,11,109.0,102.54,98.0,4,0,1,11,95.0
1,pat38,12,109.0,102.56,98.5,4,0,1,11,65.0
1,pat38,13,109.0,102.55,98.5,4,0,1,11,10.0
1,pat38,14,109.0,102.58,98.0,1,0,1,2,35.0
1,pat38,15,109.0,102.54,98.5,1,0,1,2,65.0
1,pat38,16,109.0,102.58,98.0,5,0,1,2,65.0
1,pat38,17,109.0,102.56,98.0,1,0,1,2,80.0
1,pat38,18,108.5,102.54,98.0,1,0,1,11,90.0
1,pat38,19,109.5,102.56,98.0,1,0,1,2,100.0
1,pat38,20,108.5,102.54,98.0,1,0,1,2,20.0
1,pat39,1,110.5,102.67,98.0,5,0,1,11,60.0
1,pat39,2,110.0,102.69,98.0,1,0,1,2,25.0
1,pat39,3,110.0,102.72,98.0,5,0,1,11,60.0
1,pat39,4,110.5,102.7,98.0,5,0,1,11,60.0
1,pat39,5,110.0,102.69,98.0,4,0,1,11,10.0
1,pat39,6,110.5,102.67,98.0,5,0,1,11,70.0
1,pat39,7,110.0,102.72,98.0,1,0,1,2,95.0
1,pat39,8,110.0,102.68,98.0,5,0,1,11,5.0
1,pat39,9,110.5,102.73,98.0,5,0,1,11,20.0
1,pat39,10,110.0,102.72,98.0,1,0,1,11,60.0
1,pat39,11,110.0,102.7,98.0,1,0,1,11,60.0
1,pat39,12,110.0,102.71,98.0,1,0,1,2,100.0
1,pat39,13,110.5,102.75,98.0,1,0,1,2,80.0
1,pat39,14,110.5,102.72,98.0,5,0,1,11,15.0
1,pat39,15,110.5,102.75,98.0,5,0,1,11,70.0
1,pat39,16,110.5,102.7,98.0,5,0,1,11,95.0
1,pat39,17,110.5,102.73,98.0,5,0,1,11,60.0
1,pat39,18,110.5,102.67,98.0,5,0,1,11,80.0
1,pat39,19,110.5,102.7,98.0,5,0,1,11,95.0
1,pat39,20,110.5,102.73,98.0,5,0,1,11,60.0
1,pat40,1,110.5,102.75,98.0,5,0,1,11,40.0
1,pat40,2,110.5,102.81,98.0,5,0,1,11,30.0
1,pat40,3,110.5,102.85,98.0,5,0,1,11,80.0
1,pat40,4,110.5,102.84,98.5,4,0,1,11,65.0
1,pat40,5,110.5,102.86,98.0,5,0,1,11,65.0
1,pat40,6,110.5,102.86,98.0,5,0,1,11,100.0
1,pat40,7,110.5,102.85,98.0,5,0,1,11,90.0
1,pat40,8,109.5,102.21,98.0,1,0,1,2,15.0
1,pat40,9,110.0,102.44,97.5,1,0,1,2,65.0
1,pat40,10,110.0,102.55,98.0,5,0,1,11,5.0
1,pat40,11,110.5,102.61,98.0,1,0,1,2,80.0
1,pat40,12,110.0,102.67,98.0,1,0,1,2,15.0
1,pat40,13,110.0,102.7,98.0,1,0,1,2,65.0
1,pat40,14,110.0,102.71,98.0,1,0,1,11,90.0
1,pat40,15,110.5,102.78,98.0,5,0,1,11,80.0
1,pat40,16,111.0,102.81,98.0,5,0,1,11,20.0
1,pat40,17,110.5,102.79,98.0,5,0,1,11,40.0
1,pat40,18,111.0,102.84,98.0,5,0,1,11,65.0
1,pat40,19,110.0,102.86,98.0,4,0,1,11,30.0
1,pat40,20,110.0,102.88,98.0,1,0,1,2,100.0
1,pat41,1,109.5,102.55,98.5,4,0,1,11,95.0
1,pat41,2,109.5,102.53,98.5,5,0,1,11,55.0
1,pat41,3,109.5,102.52,98.0,1,0,1,2,100.0
1,pat41,4,109.0,102.52,98.0,5,0,1,2,45.0
1,pat41,5,109.5,102.53,98.0,5,0,1,11,95.0
1,pat41,6,109.5,102.52,98.0,1,0,1,2,25.0
1,pat41,7,109.5,102.49,98.0,5,0,1,11,95.0
1,pat41,8,109.0,102.55,98.5,1,0,1,11,75.0
1,pat41,9,109.0,102.55,98.0,1,0,1,2,45.0
1,pat41,10,110.0,102.53,98.0,5,0,1,11,5.0
1,pat41,11,109.0,102.53,98.0,1,0,1,2,75.0
1,pat41,12,109.5,102.55,98.0,5,0,1,11,75.0
1,pat41,13,109.5,102.56,98.0,5,0,1,11,60.0
1,pat41,14,109.5,102.58,98.0,20,2,1,11,55.0
1,pat41,15,110.0,102.57,98.0,5,0,1,11,45.0
1,pat41,16,109.0,102.55,98.0,1,0,1,2,45.0
1,pat41,17,109.0,102.54,98.0,1,0,1,2,25.0
1,pat41,18,109.0,102.57,98.0,1,0,1,2,25.0
1,pat41,19,109.0,102.54,98.0,1,0,1,11,25.0
1,pat41,20,109.0,102.54,98.5,1,0,1,2,95.0
1,pat42,1,110.0,102.78,98.0,1,0,1,2,20.0
1,pat42,2,110.5,102.86,98.5,5,0,1,11,10.0
1,pat42,3,110.0,102.89,98.5,1,0,1,2,60.0
1,pat42,4,110.0,102.94,98.0,1,0,1,2,65.0
1,pat42,5,110.0,102.95,98.5,1,0,1,2,95.0
1,pat42,6,110.5,103.0,98.0,5,0,1,11,60.0
1,pat42,7,110.0,102.97,98.0,1,0,1,2,10.0
1,pat42,8,110.0,102.99,98.0,1,0,1,2,20.0
1,pat42,9,110.0,102.97,98.0,1,0,1,2,60.0
1,pat42,10,110.5,103.02,98.0,5,0,1,11,90.0
1,pat42,11,110.0,103.03,98.0,1,0,1,2,80.0
1,pat42,12,110.5,103.03,98.0,5,0,1,11,80.0
1,pat42,13,110.0,103.04,98.0,1,0,1,2,100.0
1,pat42,14,110.0,103.04,98.0,1,0,1,2,40.0
1,pat42,15,110.0,103.04,98.0,1,0,1,2,90.0
1,pat42,16,110.0,103.02,98.0,1,0,1,2,30.0
1,pat42,17,110.5,103.03,98.0,5,0,1,11,30.0
1,pat42,18,110.5,103.03,98.0,5,0,1,11,80.0
1,pat42,19,110.5,103.03,98.5,5,0,1,11,40.0
1,pat42,20,110.5,103.02,98.0,5,0,1,11,60.0
1,pat43,1,110.5,102.68,98.0,5,0,1,11,35.0
1,pat43,2,110.0,102.69,98.0,1,0,1,2,50.0
1,pat43,3,110.5,102.63,98.0,5,0,1,11,70.0
1,pat43,4,110.5,102.61,98.0,5,0,1,11,10.0
1,pat43,5,110.5,102.54,98.0,5,0,1,11,55.0
1,pat43,6,110.0,102.54,98.0,1,0,1,2,45.0
1,pat43,7,110.0,102.55,98.0,1,0,1,11,95.0
1,pat43,8,110.0,102.52,98.0,5,0,1,11,85.0
1,pat43,9,110.0,102.54,98.0,1,0,1,2,30.0
1,pat43,10,110.0,102.52,98.0,1,0,1,2,60.0
1,pat43,11,110.0,102.52,98.0,5,0,1,11,100.0
1,pat43,12,110.0,102.47,98.0,1,0,1,2,85.0
1,pat43,13,110.0,102.5,98.0,1,0,1,2,10.0
1,pat43,14,110.0,102.49,98.0,5,0,1,11,20.0
1,pat43,15,110.0,102.5,98.0,1,0,1,2,30.0
1,pat43,16,110.0,102.5,98.0,1,0,1,2,45.0
1,pat43,17,110.0,102.49,98.0,1,0,1,2,90.0
1,pat43,18,110.0,102.5,98.0,1,0,1,2,20.0
1,pat43,19,110.0,102.49,98.0,5,0,1,11,65.0
1,pat43,20,110.0,102.51,98.0,1,0,1,2,85.0
1,pat44,1,109.5,102.43,98.0,1,0,1,2,50.0
1,pat44,2,109.0,102.41,98.0,1,0,1,2,20.0
1,pat44,3,109.5,102.46,98.0,1,0,1,2,40.0
1,pat44,4,109.5,102.47,98.0,1,0,1,2,75.0
1,pat44,5,109.5,102.45,98.0,1,0,1,11,5.0
1,pat44,6,109.5,102.48,98.0,1,0,1,2,50.0
1,pat44,7,109.5,102.51,98.0,1,0,1,2,100.0
1,pat44,8,109.5,102.52,98.0,1,0,1,2,20.0
1,pat44,9,109.5,102.46,98.0,1,0,1,2,90.0
1,pat44,10,109.5,102.5,97.5,1,0,1,2,30.0
1,pat44,11,110.0,102.49,98.0,5,0,1,11,75.0
1,pat44,12,109.5,102.48,98.0,1,0,1,2,40.0
1,pat44,13,110.0,102.49,98.0,1,0,1,2,100.0
1,pat44,14,110.0,102.5,98.0,1,0,1,11,90.0
1,pat44,15,109.5,102.53,98.0,1,0,1,2,75.0
1,pat44,16,109.5,102.53,98.0,1,0,1,2,90.0
1,pat44,17,109.5,102.54,98.0,1,0,1,2,60.0
1,pat44,18,109.0,101.96,97.5,1,0,1,11,20.0
1,pat44,19,109.0,102.14,98.0,1,0,1,11,25.0
1,pat44,20,109.5,102.23,98.0,5,0,1,11,60.0
1,pat45,1,109.5,102.35,98.0,5,0,1,11,25.0
1,pat45,2,109.0,102.45,98.0,1,0,1,2,45.0
1,pat45,3,110.0,102.51,98.0,1,0,1,11,35.0
1,pat45,4,109.5,102.56,98.0,1,0,1,2,30.0
1,pat45,5,109.5,102.58,98.0,1,0,1,2,60.0
1,pat45,6,109.5,102.65,98.5,1,0,1,11,80.0
1,pat45,7,110.0,102.67,98.0,5,0,1,11,100.0
1,pat45,8,110.0,102.69,98.5,1,0,1,11,90.0
1,pat45,9,110.0,102.69,98.0,1,0,1,11,25.0
1,pat45,10,110.0,102.73,98.0,1,0,1,2,25.0
1,pat45,11,110.0,102.76,98.0,1,0,1,2,10.0
1,pat45,12,110.5,102.76,98.0,5,0,1,11,5.0
1,pat45,13,110.0,102.78,98.5,1,0,1,2,70.0
1,pat45,14,110.0,102.8,98.0,1,0,1,2,70.0
1,pat45,15,110.0,102.77,98.5,1,0,1,11,85.0
1,pat45,16,110.0,102.81,98.5,1,0,1,2,95.0
1,pat45,17,110.5,102.78,98.0,4,0,1,11,40.0
1,pat45,18,110.0,102.81,98.5,1,0,1,11,80.0
1,pat45,19,110.0,102.83,98.5,1,0,1,2,55.0
1,pat45,20,110.5,102.81,98.0,1,0,1,2,55.0
1,pat46,1,110.0,102.65,98.0,1,0,1,11,90.0
1,pat46,2,109.5,102.65,98.0,1,0,1,2,70.0
1,pat46,3,110.0,102.66,98.0,5,0,1,11,100.0
1,pat46,4,110.0,102.64,98.5,5,0,1,11,50.0
1,pat46,5,109.5,102.63,98.0,1,0,1,2,70.0
1,pat46,6,109.5,102.63,98.0,1,0,1,11,45.0
1,pat46,7,109.5,102.59,98.0,4,0,1,11,40.0
1,pat46,8,109.5,102.6,98.0,1,0,1,11,25.0
1,pat46,9,109.5,102.64,98.0,1,0,1,11,60.0
1,pat46,10,110.0,102.57,98.0,5,0,1,11,75.0
1,pat46,11,110.0,102.58,98.0,5,0,1,11,95.0
1,pat46,12,109.5,102.57,98.0,1,0,1,2,55.0
1,pat46,13,109.5,102.56,98.0,5,0,1,2,85.0
1,pat46,14,109.5,102.54,98.0,4,0,1,11,25.0
1,pat46,15,110.0,102.49,98.0,1,0,1,11,5.0
1,pat46,16,109.5,102.47,98.0,1,0,1,11,80.0
1,pat46,17,109.5,102.47,98.0,1,0,1,2,40.0
1,pat46,18,109.5,102.44,98.0,1,0,1,11,10.0
1,pat46,19,109.0,102.47,98.0,1,0,1,2,40.0
1,pat46,20,109.5,102.44,98.0,1,0,1,11,25.0
1,pat47,1,109.5,102.44,98.0,20,2,1,11,25.0
1,pat47,2,109.5,102.46,98.0,17,2,1,2,55.0
1,pat47,3,109.5,102.47,98.0,1,0,1,2,100.0
1,pat47,4,109.5,102.48,98.0,1,0,1,2,65.0
1,pat47,5,109.5,102.45,98.0,1,0,1,2,55.0
1,pat47,6,109.5,102.44,97.5,4,0,1,11,85.0
1,pat47,7,109.5,102.42,97.5,1,0,1,11,10.0
1,pat47,8,109.0,102.43,98.0,1,0,1,2,55.0
1,pat47,9,109.5,102.42,97.5,1,0,1,2,55.0
1,pat47,10,109.5,102.41,97.5,1,0,1,11,95.0
1,pat47,11,109.5,102.42,98.0,1,0,1,11,80.0
1,pat47,12,109.0,102.38,98.0,0,0,1,11,90.0
1,pat47,13,109.5,102.4,98.0,1,0,1,2,55.0
1,pat47,14,109.5,102.43,98.0,1,0,1,11,80.0
1,pat47,15,109.5,102.4,97.5,5,0,1,11,15.0
1,pat47,16,109.0,102.36,98.0,1,0,1,2,55.0
1,pat47,17,109.5,102.41,98.0,1,0,1,2,65.0
1,pat47,18,109.5,102.43,98.0,1,0,1,11,80.0
1,pat47,19,109.5,102.4,97.5,17,2,1,2,25.0
1,pat47,20,109.5,102.38,98.0,20,2,1,11,5.0
1,pat48,1,108.5,101.77,97.5,1,0,1,11,5.0
1,pat48,2,109.0,101.92,97.5,20,2,1,11,30.0
1,pat48,3,109.0,102.03,97.5,1,0,1,11,35.0
1,pat48,4,109.0,102.11,97.5,1,0,1,2,60.0
1,pat48,5,109.5,102.18,98.0,1,0,1,2,30.0
1,pat48,6,109.5,102.2,98.0,1,0,1,11,55.0
1,pat48,7,109.5,102.26,98.0,1,0,1,2,10.0
1,pat48,8,109.5,102.31,98.0,1,0,1,2,100.0
1,pat48,9,109.5,102.32,98.0,1,0,1,2,75.0
1,pat48,10,109.5,102.34,98.0,1,0,1,2,30.0
1,pat48,11,110.0,102.38,98.0,1,0,1,11,55.0
1,pat48,12,110.0,102.37,98.0,5,0,1,11,95.0
1,pat48,13,109.5,102.38,98.0,1,0,1,2,65.0
1,pat48,14,109.5,102.42,98.0,1,0,1,2,95.0
1,pat48,15,110.0,102.45,98.0,5,0,1,11,75.0
1,pat48,16,110.0,102.42,98.0,5,0,1,11,55.0
1,pat48,17,110.0,102.47,98.0,5,0,1,11,55.0
1,pat48,18,110.0,102.45,98.0,5,0,1,11,95.0
1,pat48,19,110.0,102.46,98.0,5,0,1,11,95.0
1,pat48,20,110.0,102.49,98.0,1,0,1,11,30.0
1,pat49,1,109.5,102.47,98.0,1,0,1,2,45.0
1,pat49,2,109.5,102.51,98.0,1,0,1,2,30.0
1,pat49,3,109.5,102.52,98.0,1,0,1,2,60.0
1,pat49,4,109.5,102.53,98.0,1,0,1,2,45.0
1,pat49,5,110.0,102.58,98.0,5,0,1,11,60.0
1,pat49,6,109.5,102.58,98.0,1,0,1,2,80.0
1,pat49,7,109.5,102.54,98.0,1,0,1,2,95.0
1,pat49,8,110.0,102.55,98.0,5,0,1,11,95.0
1,pat49,9,109.5,102.52,98.0,1,0,1,2,20.0
1,pat49,10,109.5,102.52,98.0,1,0,1,2,15.0
1,pat49,11,109.0,102.54,98.0,1,0,1,2,100.0
1,pat49,12,109.5,102.53,98.0,1,0,1,2,80.0
1,pat49,13,110.0,102.53,98.0,1,0,1,2,15.0
1,pat49,14,110.0,102.5,98.0,5,0,1,11,80.0
1,pat49,15,109.5,102.52,98.0,1,0,1,2,80.0
1,pat49,16,109.5,102.5,98.0,1,0,1,2,45.0
1,pat49,17,109.5,102.52,98.0,1,0,1,2,60.0
1,pat49,18,110.0,102.57,98.0,5,0,1,11,5.0
1,pat49,19,109.5,102.57,98.0,1,0,1,11,95.0
1,pat49,20,109.5,102.56,98.0,1,0,1,2,25.0
1,pat50,1,109.0,102.53,98.0,1,0,1,11,35.0
1,pat50,2,109.0,102.52,98.0,1,0,1,2,5.0
1,pat50,3,109.5,102.57,98.0,5,0,1,11,60.0
1,pat50,4,109.5,102.52,98.0,1,0,1,11,85.0
1,pat50,5,109.0,102.54,98.0,1,0,1,11,60.0
1,pat50,6,109.5,102.54,98.0,1,0,1,2,60.0
1,pat50,7,109.5,102.55,98.5,5,0,1,11,85.0
1,pat50,8,109.0,102.54,98.5,1,0,1,13,60.0
1,pat50,9,109.5,102.55,98.0,4,0,1,11,20.0
1,pat50,10,109.0,102.54,98.0,4,0,1,11,20.0
1,pat50,11,109.0,102.49,98.0,1,0,1,2,95.0
1,pat50,12,109.0,102.52,98.0,1,0,1,2,90.0
1,pat50,13,109.5,102.53,98.0,20,2,1,11,70.0
1,pat50,14,109.5,102.51,98.0,1,0,1,11,70.0
1,pat50,15,109.0,102.53,98.0,1,0,1,11,100.0
1,pat50,16,109.5,102.5,98.0,4,0,1,11,85.0
1,pat50,17,109.0,102.51,98.0,4,0,1,11,25.0
1,pat50,18,109.0,102.51,98.0,4,0,1,11,20.0
1,pat50,19,109.0,102.48,98.0,1,0,1,11,35.0
1,pat50,20,109.0,102.5,98.0,1,0,1,11,60.0
1,pat51,1,109.0,102.39,98.0,1,0,1,2,80.0
1,pat51,2,109.0,102.36,98.0,4,0,1,11,65.0
1,pat51,3,109.5,102.38,98.0,1,0,1,11,85.0
1,pat51,4,109.5,102.37,98.0,1,0,1,11,30.0
1,pat51,5,109.5,102.37,98.0,1,0,1,11,100.0
1,pat51,6,109.0,102.35,98.0,1,0,1,2,10.0
1,pat51,7,109.0,102.39,98.0,1,0,1,11,50.0
1,pat51,8,109.5,102.39,98.5,5,0,1,11,15.0
1,pat51,9,109.0,102.34,98.0,1,0,1,11,20.0
1,pat51,10,109.0,102.38,98.0,1,0,1,2,95.0
1,pat51,11,109.0,102.38,98.0,1,0,1,11,50.0
1,pat51,12,108.5,101.73,97.5,20,2,1,11,70.0
1,pat51,13,108.5,101.91,98.0,1,0,1,11,25.0
1,pat51,14,109.0,102.04,98.0,5,0,1,2,5.0
1,pat51,15,109.0,102.11,98.0,1,0,1,2,55.0
1,pat51,16,109.0,102.18,98.0,5,0,1,2,35.0
1,pat51,17,110.0,102.2,98.0,1,0,1,11,90.0
1,pat51,18,109.0,102.23,98.0,1,0,1,11,65.0
1,pat51,19,109.5,102.28,98.5,1,0,1,2,40.0
1,pat51,20,109.5,102.3,98.5,1,0,1,2,75.0
1,pat52,1,110.0,102.38,98.0,1,0,1,11,25.0
1,pat52,2,110.0,102.39,98.0,5,0,1,11,15.0
1,pat52,3,110.0,102.37,98.0,5,0,1,11,75.0
1,pat52,4,110.0,102.39,98.0,1,0,1,11,70.0
1,pat52,5,110.0,102.38,98.0,1,0,1,2,80.0
1,pat52,6,110.0,102.43,98.0,1,0,1,2,70.0
1,pat52,7,110.0,102.43,98.0,1,0,1,2,60.0
1,pat52,8,110.0,102.49,98.0,1,0,1,11,5.0
1,pat52,9,110.0,102.48,98.0,1,0,1,2,95.0
1,pat52,10,110.0,102.46,98.0,1,0,1,2,45.0
1,pat52,11,110.0,102.49,98.0,5,0,1,11,30.0
1,pat52,12,110.5,102.51,98.0,1,0,1,2,35.0
1,pat52,13,110.0,102.56,98.5,1,0,1,2,85.0
1,pat52,14,110.0,102.52,98.0,4,0,1,11,10.0
1,pat52,15,110.0,102.58,98.0,1,0,1,2,20.0
1,pat52,16,110.0,102.56,98.0,1,0,1,2,40.0
1,pat52,17,110.0,102.58,98.0,1,0,1,11,95.0
1,pat52,18,110.0,102.6,98.0,1,0,1,2,55.0
1,pat52,19,110.0,102.62,98.0,4,0,1,11,100.0
1,pat52,20,110.5,102.67,98.0,5,0,1,11,50.0
1,pat53,1,110.0,102.64,98.0,5,0,1,11,100.0
1,pat53,2,109.5,102.64,98.5,1,0,1,2,50.0
1,pat53,3,110.0,102.66,98.0,5,0,1,11,50.0
1,pat53,4,110.5,102.65,98.0,5,0,1,11,60.0
1,pat53,5,110.5,102.66,98.0,5,0,1,11,75.0
1,pat53,6,110.5,102.7,98.0,1,0,1,2,50.0
1,pat53,7,110.0,102.66,98.0,5,0,1,11,50.0
1,pat53,8,110.0,102.7,98.0,4,0,1,11,20.0
1,pat53,9,110.5,102.67,98.0,5,0,1,11,100.0
1,pat53,10,110.0,102.64,98.0,5,0,1,2,20.0
1,pat53,11,110.0,102.71,98.0,5,0,1,11,75.0
1,pat53,12,110.0,102.7,98.5,4,0,1,11,55.0
1,pat53,13,110.0,102.68,98.5,1,0,1,2,85.0
1,pat53,14,110.0,102.67,98.0,5,0,1,2,25.0
1,pat53,15,110.0,102.67,98.0,1,0,1,2,65.0
1,pat53,16,110.0,102.65,98.0,5,0,1,11,100.0
1,pat53,17,110.0,102.62,98.0,5,0,1,11,5.0
1,pat53,18,110.0,102.63,98.0,1,0,1,2,20.0
1,pat53,19,110.0,102.62,98.0,1,0,1,2,85.0
1,pat53,20,110.0,102.62,98.0,5,0,1,11,30.0
1,pat54,1,109.5,102.39,98.0,5,0,1,11,80.0
1,pat54,2,109.0,102.43,98.0,1,0,1,11,20.0
1,pat54,3,110.0,102.44,98.0,1,0,1,2,95.0
1,pat54,4,109.5,102.43,98.0,1,0,1,2,55.0
1,pat54,5,109.0,102.46,98.0,1,0,1,2,35.0
1,pat54,6,109.5,102.46,98.0,1,0,1,11,55.0
1,pat54,7,109.5,102.41,98.0,4,0,1,11,45.0
1,pat54,8,109.0,102.43,97.5,1,0,1,2,60.0
1,pat54,9,109.0,102.39,98.0,4,0,1,11,65.0
1,pat54,10,109.5,102.41,98.0,1,0,1,2,75.0
1,pat54,11,109.0,102.42,98.0,4,0,1,11,35.0
1,pat54,12,109.0,102.38,98.0,4,0,1,11,85.0
1,pat54,13,109.0,102.39,98.0,1,0,1,11,90.0
1,pat54,14,109.0,102.39,98.0,1,0,1,11,10.0
1,pat54,15,109.5,102.37,98.0,1,0,1,2,40.0
1,pat54,16,109.0,102.31,98.0,1,0,1,11,35.0
1,pat54,17,109.0,102.37,98.0,1,0,1,11,100.0
1,pat54,18,109.0,102.34,98.0,1,0,1,2,20.0
1,pat54,19,109.0,102.36,98.0,1,0,1,11,70.0
1,pat54,20,109.5,102.37,98.0,1,0,1,2,5.0
1,pat55,1,108.5,102.32,98.0,1,0,1,11,100.0
1,pat55,2,108.5,102.33,98.0,4,0,1,11,55.0
1,pat55,3,108.5,102.33,98.0,5,0,1,2,15.0
1,pat55,4,109.0,102.33,98.0,1,0,1,11,80.0
1,pat55,5,108.5,102.3,98.0,1,0,1,11,90.0
1,pat55,6,109.0,102.34,98.0,4,0,1,11,15.0
1,pat55,7,109.0,102.35,98.0,20,2,1,11,70.0
1,pat55,8,108.5,102.35,98.0,1,0,1,11,85.0
1,pat55,9,109.0,102.38,98.0,1,0,1,11,40.0
1,pat55,10,109.0,102.35,98.0,1,0,1,11,50.0
1,pat55,11,108.5,102.33,98.0,4,0,1,11,35.0
1,pat55,12,108.5,102.35,98.0,4,0,1,11,35.0
1,pat55,13,108.5,102.36,98.0,4,0,1,11,25.0
1,pat55,14,108.5,102.36,98.0,1,0,1,11,100.0
1,pat55,15,108.5,102.37,98.0,4,0,1,11,70.0
1,pat55,16,109.0,102.41,98.0,5,0,1,2,20.0
1,pat55,17,108.5,102.4,98.0,1,0,1,11,50.0
1,pat55,18,108.5,102.36,98.0,5,0,1,2,75.0
1,pat55,19,108.5,102.4,98.0,1,0,1,11,60.0
1,pat55,20,108.5,102.42,98.0,4,0,1,11,15.0
1,pat56,1,109.5,102.43,98.5,1,0,1,11,35.0
1,pat56,2,109.5,102.51,98.0,1,0,1,11,10.0
1,pat56,3,109.5,102.53,98.0,5,0,1,11,15.0
1,pat56,4,110.0,102.57,98.0,5,0,1,11,70.0
1,pat56,5,109.5,102.59,98.0,1,0,1,2,20.0
1,pat56,6,109.5,102.63,98.0,1,0,1,2,90.0
1,pat56,7,109.5,102.64,98.0,1,0,1,2,35.0
1,pat56,8,109.5,102.63,98.5,1,0,1,2,10.0
1,pat56,9,110.0,102.66,98.0,1,0,1,2,70.0
1,pat56,10,110.0,102.66,98.0,5,0,1,11,35.0
1,pat56,11,110.0,102.7,98.0,1,0,1,2,100.0
1,pat56,12,110.0,102.71,98.0,5,0,1,2,75.0
1,pat56,13,110.0,102.73,98.0,1,0,1,2,90.0
1,pat56,14,109.5,102.71,98.0,1,0,1,2,45.0
1,pat56,15,110.0,102.76,98.0,5,0,1,11,45.0
1,pat56,16,110.0,102.74,98.0,1,0,1,2,70.0
1,pat56,17,110.0,102.74,98.0,1,0,1,2,90.0
1,pat56,18,110.0,102.71,98.0,1,0,1,2,50.0
1,pat56,19,110.0,102.75,98.0,1,0,1,2,70.0
1,pat56,20,110.0,102.74,98.0,5,0,1,11,95.0
1,pat57,1,112.0,103.15,98.0,4,0,1,11,70.0
1,pat57,2,112.5,103.12,98.5,5,0,1,2,100.0
1,pat57,3,112.0,103.11,98.0,5,0,1,2,40.0
1,pat57,4,112.0,103.1,98.0,5,0,1,2,85.0
1,pat57,5,112.0,103.11,98.0,5,0,1,2,85.0
1,pat57,6,112.0,103.11,98.5,5,0,1,2,20.0
1,pat57,7,112.5,103.1,98.0,5,0,1,2,20.0
1,pat57,8,112.0,103.07,98.0,5,0,1,2,10.0
1,pat57,9,112.0,103.11,98.0,5,0,1,2,95.0
1,pat57,10,112.0,103.1,98.0,5,0,1,2,70.0
1,pat57,11,112.5,103.08,98.0,5,0,1,2,75.0
1,pat57,12,112.0,103.06,98.0,5,0,1,2,35.0
1,pat57,13,112.0,103.06,98.0,5,0,1,2,50.0
1,pat57,14,112.0,103.05,98.0,5,0,1,2,70.0
1,pat57,15,111.5,103.04,98.0,5,0,1,2,25.0
1,pat57,16,111.5,103.04,98.0,5,0,1,2,55.0
1,pat57,17,112.0,103.05,98.0,5,0,1,2,45.0
1,pat57,18,112.0,103.04,98.5,5,0,1,2,35.0
1,pat57,19,112.0,103.04,98.0,5,0,1,2,90.0
1,pat57,20,112.0,103.04,98.0,5,0,1,2,5.0
1,pat58,1,110.5,102.53,98.0,5,0,1,11,80.0
1,pat58,2,109.5,102.51,98.0,5,0,1,11,35.0
1,pat58,3,110.0,102.53,98.0,5,0,1,11,30.0
1,pat58,4,109.5,102.53,98.5,5,0,1,11,30.0
1,pat58,5,109.0,102.49,98.0,4,0,1,11,50.0
1,pat58,6,109.5,102.5,98.0,1,0,1,2,65.0
1,pat58,7,110.0,102.51,98.0,5,0,1,11,75.0
1,pat58,8,109.5,102.52,98.0,1,0,1,2,100.0
1,pat58,9,109.5,102.5,98.5,5,0,1,11,95.0
1,pat58,10,109.5,102.5,98.0,1,0,1,11,15.0
1,pat58,11,110.0,102.47,98.0,1,0,1,2,50.0
1,pat58,12,110.0,102.48,98.5,5,0,1,11,40.0
1,pat58,13,109.5,102.46,98.0,5,0,1,11,20.0
1,pat58,14,109.5,102.48,98.0,1,0,1,2,95.0
1,pat58,15,109.0,102.47,98.0,1,0,1,2,55.0
1,pat58,16,109.5,102.47,98.0,1,0,1,2,10.0
1,pat58,17,109.5,102.45,98.0,5,0,1,11,75.0
1,pat58,18,109.5,102.45,98.0,1,0,1,2,10.0
1,pat58,19,109.5,102.43,98.0,5,0,1,11,95.0
1,pat58,20,109.5,102.49,98.0,1,0,1,11,65.0
1,pat59,1,109.5,102.46,98.0,5,0,1,11,10.0
1,pat59,2,109.5,102.45,98.0,5,0,1,11,40.0
1,pat59,3,110.0,102.46,98.0,5,0,1,11,85.0
1,pat59,4,110.0,102.51,98.0,5,0,1,11,5.0
1,pat59,5,110.0,102.5,98.0,5,0,1,11,40.0
1,pat59,6,110.0,102.5,98.0,5,0,1,11,30.0
1,pat59,7,109.5,102.51,98.0,1,0,1,2,50.0
1,pat59,8,109.5,102.52,98.0,1,0,1,2,90.0
1,pat59,9,109.0,102.51,98.0,1,0,1,2,70.0
1,pat59,10,110.0,102.5,98.0,5,0,1,11,70.0
1,pat59,11,110.0,102.49,98.0,5,0,1,11,95.0
1,pat59,12,109.5,102.52,98.0,1,0,1,11,55.0
1,pat59,13,109.5,102.52,98.0,1,0,1,2,30.0
1,pat59,14,110.0,102.51,98.0,1,0,1,2,20.0
1,pat59,15,109.5,102.51,98.0,1,0,1,2,100.0
1,pat59,16,109.5,102.51,98.0,1,0,1,11,80.0
1,pat59,17,109.5,102.51,98.0,1,0,1,2,20.0
1,pat59,18,110.0,102.54,98.0,1,0,1,2,70.0
1,pat59,19,110.0,102.54,98.0,5,0,1,11,45.0
1,pat59,20,109.5,102.57,98.0,1,0,1,11,80.0
1,pat60,1,110.0,102.56,98.0,5,0,1,11,60.0
1,pat60,2,109.5,102.61,98.0,1,0,1,2,100.0
1,pat60,3,110.0,102.6,98.0,5,0,1,11,45.0
1,pat60,4,110.0,102.66,98.0,5,0,1,11,20.0
1,pat60,5,109.5,102.63,98.5,1,0,1,2,20.0
1,pat60,6,110.0,102.67,98.0,5,0,1,11,5.0
1,pat60,7,110.5,102.68,98.0,5,0,1,11,45.0
1,pat60,8,110.0,102.72,98.5,1,0,1,2,60.0
1,pat60,9,110.5,102.68,98.5,5,0,1,11,95.0
1,pat60,10,110.0,102.69,98.0,1,0,1,11,25.0
1,pat60,11,110.0,102.72,98.5,1,0,1,2,45.0
1,pat60,12,110.5,102.72,98.5,1,0,1,2,60.0
1,pat60,13,110.0,102.77,98.0,1,0,1,11,75.0
1,pat60,14,110.0,102.74,98.5,1,0,1,2,95.0
1,pat60,15,110.0,102.75,98.0,1,0,1,2,95.0
1,pat60,16,110.0,102.77,98.0,1,0,1,2,75.0
1,pat60,17,110.5,102.75,98.0,5,0,1,11,75.0
1,pat60,18,110.0,102.75,98.5,1,0,1,2,10.0
1,pat60,19,110.0,102.83,98.5,1,0,1,2,45.0
1,pat60,20,110.0,102.78,98.0,5,0,1,2,95.0
1,pat61,1,109.0,102.74,98.5,1,0,1,2,20.0
1,pat61,2,109.5,102.84,98.5,5,0,1,11,55.0
1,pat61,3,109.5,102.86,98.5,1,0,1,2,50.0
1,pat61,4,109.5,102.86,98.0,1,0,1,2,10.0
1,pat61,5,109.5,102.9,98.0,1,0,1,2,80.0
1,pat61,6,109.5,102.94,98.5,1,0,1,2,30.0
1,pat61,7,109.5,102.95,98.5,1,0,1,2,30.0
1,pat61,8,109.5,102.94,98.5,17,2,1,2,95.0
1,pat61,9,109.0,102.94,98.5,0,0,1,11,5.0
1,pat61,10,109.5,102.97,98.5,1,0,1,2,80.0
1,pat61,11,109.5,102.99,98.0,1,0,1,2,60.0
1,pat61,12,109.5,102.96,98.5,1,0,1,2,85.0
1,pat61,13,109.5,102.97,98.0,1,0,1,2,15.0
1,pat61,14,109.5,102.96,98.0,1,0,1,2,80.0
1,pat61,15,109.5,102.97,98.0,1,0,1,2,40.0
1,pat61,16,109.5,102.94,98.0,1,0,1,2,100.0
1,pat61,17,109.0,102.97,98.0,1,0,1,2,80.0
1,pat61,18,109.5,102.94,98.5,17,2,1,2,90.0
1,pat61,19,109.0,102.95,98.0,1,0,1,2,45.0
1,pat61,20,109.5,102.94,98.0,4,0,1,11,35.0
1,pat62,1,110.0,102.92,98.0,5,0,1,11,90.0
1,pat62,2,110.0,102.86,98.5,1,0,1,2,95.0
1,pat62,3,110.0,102.78,98.0,5,0,1,11,100.0
1,pat62,4,110.0,102.78,98.0,5,0,1,11,75.0
1,pat62,5,110.0,102.75,98.0,5,0,1,11,60.0
1,pat62,6,110.0,102.71,98.0,5,0,1,11,60.0
1,pat62,7,110.0,102.68,98.0,5,0,1,11,35.0
1,pat62,8,109.5,102.66,98.0,1,0,1,2,35.0
1,pat62,9,109.5,102.62,98.0,5,0,1,11,45.0
1,pat62,10,109.5,102.65,98.0,4,0,1,11,80.0
1,pat62,11,109.5,102.63,98.0,1,0,1,2,15.0
1,pat62,12,109.0,102.6,98.0,1,0,1,11,90.0
1,pat62,13,109.5,102.59,98.0,1,0,1,2,20.0
1,pat62,14,109.5,102.57,98.0,5,0,1,11,60.0
1,pat62,15,109.5,102.58,98.0,5,0,1,11,5.0
1,pat62,16,110.0,102.56,98.0,5,0,1,11,75.0
1,pat62,17,109.5,102.54,98.0,5,0,1,11,10.0
1,pat62,18,109.5,102.52,98.0,5,0,1,11,75.0
1,pat62,19,109.5,102.52,98.0,4,0,1,11,45.0
1,pat62,20,109.5,102.53,98.0,1,0,1,2,35.0
1,pat63,1,109.0,102.3,98.0,1,0,1,11,10.0
1,pat63,2,109.0,102.29,98.0,1,0,1,11,35.0
1,pat63,3,109.0,102.31,98.0,17,2,1,2,70.0
1,pat63,4,108.5,102.26,98.0,1,0,1,11,70.0
1,pat63,5,109.0,102.33,98.0,1,0,1,2,35.0
1,pat63,6,109.0,102.34,98.0,1,0,1,2,70.0
1,pat63,7,109.5,102.34,98.0,5,0,1,11,35.0
1,pat63,8,109.0,102.3,98.0,1,0,1,11,35.0
1,pat63,9,109.0,102.33,98.5,1,0,1,2,95.0
1,pat63,10,109.0,102.31,98.0,4,0,1,11,50.0
1,pat63,11,109.0,102.34,98.0,1,0,1,11,85.0
1,pat63,12,109.0,102.29,98.0,5,0,1,2,95.0
1,pat63,13,109.5,102.32,98.0,1,0,1,11,35.0
1,pat63,14,109.0,102.32,98.0,1,0,1,2,85.0
1,pat63,15,109.0,102.33,98.5,1,0,1,11,50.0
1,pat63,16,109.0,102.38,98.0,1,0,1,11,10.0
1,pat63,17,109.0,102.4,98.0,4,0,1,11,70.0
1,pat63,18,109.0,102.4,98.0,1,0,1,11,50.0
1,pat63,19,109.0,102.41,98.0,1,0,1,11,85.0
1,pat63,20,109.0,102.39,98.0,4,0,1,11,100.0
1,pat64,1,109.0,102.31,98.0,4,0,1,11,35.0
1,pat64,2,109.0,102.35,98.0,4,0,1,11,65.0
1,pat64,3,109.0,102.37,98.0,4,0,1,11,10.0
1,pat64,4,109.0,102.37,98.0,1,0,1,11,25.0
1,pat64,5,109.0,102.42,98.0,5,0,1,2,50.0
1,pat64,6,109.0,102.42,98.0,1,0,1,11,50.0
1,pat64,7,109.0,102.44,98.0,1,0,1,11,40.0
1,pat64,8,109.5,102.46,98.0,1,0,1,2,5.0
1,pat64,9,109.0,102.42,98.0,1,0,1,11,60.0
1,pat64,10,109.0,102.42,98.0,1,0,1,11,20.0
1,pat64,11,109.0,102.44,98.0,1,0,1,2,75.0
1,pat64,12,109.0,102.47,98.5,1,0,1,11,15.0
1,pat64,13,109.5,102.45,98.5,4,0,1,11,85.0
1,pat64,14,109.5,102.44,98.0,20,2,1,11,90.0
1,pat64,15,109.5,102.51,98.0,5,0,1,11,75.0
1,pat64,16,109.0,102.45,98.0,1,0,1,2,95.0
1,pat64,17,109.0,102.48,98.0,1,0,1,11,30.0
1,pat64,18,109.0,102.52,98.0,1,0,1,2,80.0
1,pat64,19,109.0,102.5,98.0,1,0,1,2,100.0
1,pat64,20,109.5,102.51,98.0,20,2,1,11,55.0
1,pat65,1,111.0,103.3,98.0,1,0,1,2,10.0
1,pat65,2,111.5,103.56,98.5,4,0,1,11,10.0
1,pat65,3,112.0,103.74,98.5,5,0,1,2,65.0
1,pat65,4,112.0,103.83,98.5,4,0,1,11,20.0
1,pat65,5,112.0,103.96,98.5,4,0,1,11,55.0
1,pat65,6,113.0,104.06,98.5,4,0,1,11,15.0
1,pat65,7,112.5,104.08,98.5,4,0,1,11,45.0
1,pat65,8,112.5,104.12,98.5,4,0,1,11,70.0
1,pat65,9,112.0,104.16,98.5,4,0,1,11,40.0
1,pat65,10,112.5,104.23,99.0,4,0,1,11,25.0
1,pat65,11,112.5,104.24,98.5,4,0,1,11,85.0
1,pat65,12,113.0,104.29,99.0,4,0,1,11,100.0
1,pat65,13,113.0,104.28,99.0,4,0,1,11,55.0
1,pat65,14,112.5,104.29,99.0,4,0,1,11,95.0
1,pat65,15,112.0,104.29,98.5,4,0,1,11,95.0
1,pat65,16,112.5,104.3,98.5,4,0,1,11,65.0
1,pat65,17,112.0,104.22,98.5,4,0,1,11,75.0
1,pat65,18,112.5,104.25,98.5,5,0,1,2,40.0
1,pat65,19,112.5,104.24,98.5,5,0,1,11,40.0
1,pat65,20,112.0,104.22,98.5,4,0,1,11,85.0
1,pat66,1,111.0,103.42,98.0,5,0,1,11,85.0
1,pat66,2,110.0,103.19,98.0,5,0,1,11,80.0
1,pat66,3,109.5,103.05,98.0,1,0,1,2,75.0
1,pat66,4,110.0,103.0,98.0,4,0,1,11,100.0
1,pat66,5,109.5,102.89,98.0,1,0,1,2,95.0
1,pat66,6,109.5,102.8,98.0,17,2,1,2,65.0
1,pat66,7,109.5,102.76,98.0,17,2,1,2,60.0
1,pat66,8,109.5,102.69,98.0,17,2,1,2,60.0
1,pat66,9,109.5,102.58,98.0,17,2,1,2,70.0
1,pat66,10,109.0,102.53,98.0,1,0,1,11,35.0
1,pat66,11,109.5,102.46,98.0,20,2,1,11,50.0
1,pat66,12,109.0,102.4,97.5,17,2,1,2,25.0
1,pat66,13,109.5,102.4,97.5,17,2,1,2,35.0
1,pat66,14,109.0,102.34,98.0,4,0,1,11,50.0
1,pat66,15,108.5,102.34,97.5,4,0,1,11,15.0
1,pat66,16,109.0,102.23,97.5,4,0,1,11,40.0
1,pat66,17,108.5,102.19,97.5,4,0,1,11,15.0
1,pat66,18,108.5,102.18,98.0,4,0,1,11,20.0
1,pat66,19,108.5,102.16,98.0,4,0,1,11,15.0
1,pat66,20,108.5,102.15,97.5,4,0,1,11,90.0
1,pat67,1,109.0,102.14,97.5,4,0,1,11,100.0
1,pat67,2,109.5,102.13,97.5,20,2,1,11,30.0
1,pat67,3,109.5,102.13,97.5,20,2,1,11,70.0
1,pat67,4,109.0,102.05,97.5,17,2,1,2,70.0
1,pat67,5,109.0,102.07,97.5,4,0,1,11,95.0
1,pat67,6,109.0,102.09,97.5,1,0,1,11,70.0
1,pat67,7,109.5,102.09,97.5,17,2,1,2,45.0
1,pat67,8,109.0,102.05,97.5,1,0,1,11,75.0
1,pat67,9,109.0,102.05,97.5,1,0,1,11,5.0
1,pat67,10,109.5,102.07,97.5,20,2,1,11,30.0
1,pat67,11,109.0,102.04,97.5,1,0,1,11,35.0
1,pat67,12,109.0,102.04,97.5,4,0,1,11,70.0
1,pat67,13,109.0,102.03,97.5,1,0,1,2,40.0
1,pat67,14,109.0,102.05,97.5,5,0,1,2,85.0
1,pat67,15,109.0,102.07,97.5,1,0,1,11,30.0
1,pat67,16,109.5,102.05,97.5,5,0,1,11,70.0
1,pat67,17,109.0,102.04,97.5,1,0,1,11,15.0
1,pat67,18,109.5,102.06,97.5,20,2,1,11,85.0
1,pat67,19,109.0,102.05,97.5,4,0,1,11,90.0
1,pat67,20,109.5,102.05,97.5,20,2,1,11,10.0
1,pat68,1,109.5,102.68,97.5,1,0,1,2,35.0
1,pat68,2,110.0,102.98,98.0,1,0,1,2,40.0
1,pat68,3,110.5,103.16,98.0,4,0,1,11,45.0
1,pat68,4,110.5,103.28,98.0,1,0,1,2,5.0
1,pat68,5,111.0,103.36,98.0,4,0,1,11,100.0
1,pat68,6,111.5,103.48,98.0,4,0,1,11,70.0
1,pat68,7,111.5,103.54,98.0,4,0,1,11,60.0
1,pat68,8,111.0,103.6,98.0,1,0,1,2,15.0
1,pat68,9,111.5,103.66,98.0,4,0,1,11,50.0
1,pat68,10,111.5,103.71,98.5,4,0,1,11,15.0
1,pat68,11,111.5,103.81,98.0,4,0,1,11,55.0
1,pat68,12,112.0,103.83,98.5,4,0,1,11,75.0
1,pat68,13,111.5,103.92,98.5,4,0,1,11,85.0
1,pat68,14,112.0,103.93,98.5,4,0,1,11,95.0
1,pat68,15,111.5,103.96,98.5,4,0,1,11,80.0
1,pat68,16,112.0,104.0,98.5,4,0,1,11,30.0
1,pat68,17,112.0,104.04,98.5,4,0,1,11,70.0
1,pat68,18,112.0,104.07,98.0,4,0,1,11,25.0
1,pat68,19,112.0,104.09,98.5,4,0,1,11,20.0
1,pat68,20,112.5,104.1,99.0,4,0,1,11,90.0
1,pat69,1,110.5,103.12,98.0,1,0,1,2,85.0
1,pat69,2,109.5,102.94,98.5,1,0,1,2,75.0
1,pat69,3,109.5,102.78,98.0,1,0,1,2,50.0
1,pat69,4,109.0,102.67,98.0,5,0,1,2,90.0
1,pat69,5,109.0,102.57,98.0,17,2,1,2,85.0
1,pat69,6,109.0,102.5,98.0,17,2,1,2,95.0
1,pat69,7,108.5,102.44,98.5,5,0,1,2,75.0
1,pat69,8,108.5,102.4,98.0,5,0,1,2,35.0
1,pat69,9,109.0,102.37,98.0,28,3,1,2,15.0
1,pat69,10,108.5,102.3,98.0,5,0,1,2,50.0
1,pat69,11,108.5,102.29,98.0,1,0,1,2,55.0
1,pat69,12,108.5,102.23,98.0,5,0,1,2,15.0
1,pat69,13,109.0,102.2,98.0,17,2,1,2,75.0
1,pat69,14,108.5,102.19,98.0,17,2,1,2,5.0
1,pat69,15,109.0,102.13,98.0,17,2,1,2,25.0
1,pat69,16,108.0,102.12,98.0,5,0,1,2,100.0
1,pat69,17,108.0,102.06,98.0,5,0,1,2,50.0
1,pat69,18,108.0,102.06,98.0,5,0,1,2,35.0
1,pat69,19,108.0,102.03,98.0,4,0,1,11,60.0
1,pat69,20,108.5,102.0,98.0,17,2,1,2,25.0
1,pat70,1,109.5,102.31,97.5,1,0,1,2,10.0
1,pat70,2,110.0,102.27,98.0,4,0,1,11,60.0
1,pat70,3,109.5,102.22,97.5,1,0,1,2,80.0
1,pat70,4,109.5,102.28,98.0,1,0,1,2,70.0
1,pat70,5,109.5,102.25,97.5,1,0,1,2,90.0
1,pat70,6,110.0,102.26,98.0,1,0,1,2,80.0
1,pat70,7,109.5,102.24,98.0,1,0,1,2,35.0
1,pat70,8,109.5,102.24,98.0,1,0,1,2,60.0
1,pat70,9,110.0,102.24,98.0,1,0,1,2,35.0
1,pat70,10,109.5,102.27,98.0,1,0,1,2,10.0
1,pat70,11,110.0,102.22,98.0,5,0,1,11,35.0
1,pat70,12,110.0,102.23,98.0,17,2,1,2,60.0
1,pat70,13,109.5,102.27,98.0,1,0,1,2,60.0
1,pat70,14,110.0,102.36,98.0,1,0,1,11,60.0
1,pat70,15,109.5,102.35,98.0,1,0,1,2,35.0
1,pat70,16,110.0,102.38,98.0,1,0,1,2,35.0
1,pat70,17,110.0,102.37,98.0,1,0,1,2,100.0
1,pat70,18,110.5,102.4,98.0,5,0,1,11,90.0
1,pat70,19,110.5,102.39,98.0,5,0,1,2,70.0
1,pat70,20,109.5,102.45,98.0,1,0,1,2,95.0
1,pat71,1,109.0,102.3,98.0,1,0,1,11,80.0
1,pat71,2,109.5,102.33,98.0,1,0,1,2,10.0
1,pat71,3,109.0,102.35,98.0,1,0,1,2,65.0
1,pat71,4,109.5,102.37,98.0,1,0,1,2,50.0
1,pat71,5,109.5,102.35,98.0,1,0,1,11,5.0
1,pat71,6,109.5,102.4,98.0,1,0,1,11,25.0
1,pat71,7,109.5,102.36,98.0,1,0,1,11,95.0
1,pat71,8,109.5,102.41,98.0,1,0,1,11,60.0
1,pat71,9,109.5,102.4,98.0,1,0,1,2,50.0
1,pat71,10,109.5,102.46,98.0,1,0,1,2,25.0
1,pat71,11,109.5,102.45,98.0,4,0,1,11,50.0
1,pat71,12,109.5,102.49,98.0,1,0,1,11,60.0
1,pat71,13,109.5,102.49,98.0,1,0,1,2,80.0
1,pat71,14,109.5,102.48,98.0,1,0,1,11,50.0
1,pat71,15,109.5,102.5,98.0,1,0,1,2,25.0
1,pat71,16,109.5,102.51,98.0,1,0,1,2,100.0
1,pat71,17,110.0,102.52,98.0,1,0,1,2,90.0
1,pat71,18,110.0,102.52,98.0,1,0,1,2,90.0
1,pat71,19,109.5,102.56,98.0,1,0,1,2,50.0
1,pat71,20,109.5,102.53,98.5,1,0,1,2,70.0
1,pat72,1,109.5,102.52,98.0,1,0,1,11,10.0
1,pat72,2,110.0,102.63,98.0,5,0,1,11,5.0
1,pat72,3,110.0,102.67,98.5,1,0,1,11,75.0
1,pat72,4,110.0,102.68,98.0,5,0,1,11,45.0
1,pat72,5,110.0,102.68,98.0,5,0,1,11,30.0
1,pat72,6,110.0,102.71,98.0,5,0,1,11,75.0
1,pat72,7,110.0,102.74,98.0,4,0,1,11,15.0
1,pat72,8,110.0,102.77,98.0,5,0,1,11,80.0
1,pat72,9,110.0,102.78,98.0,5,0,1,11,100.0
1,pat72,10,109.5,102.81,98.5,1,0,1,2,60.0
1,pat72,11,110.0,102.79,98.0,1,0,1,2,50.0
1,pat72,12,110.5,102.78,98.5,5,0,1,11,25.0
1,pat72,13,110.0,102.81,98.5,1,0,1,11,85.0
1,pat72,14,109.5,102.8,98.0,1,0,1,2,35.0
1,pat72,15,110.0,102.82,98.5,4,0,1,11,55.0
1,pat72,16,110.5,102.82,98.5,5,0,1,11,90.0
1,pat72,17,110.0,102.81,98.5,5,0,1,11,65.0
1,pat72,18,110.0,102.81,98.0,1,0,1,2,45.0
1,pat72,19,109.5,102.8,98.0,1,0,1,2,100.0
1,pat72,20,109.5,102.81,98.5,1,0,1,2,20.0
1,pat73,1,110.5,102.76,98.0,5,0,1,11,100.0
1,pat73,2,111.0,102.74,98.0,5,0,1,11,75.0
1,pat73,3,111.0,102.77,98.0,5,0,1,2,95.0
1,pat73,4,111.0,102.77,98.0,5,0,1,11,75.0
1,pat73,5,111.0,102.72,98.0,5,0,1,11,95.0
1,pat73,6,111.0,102.73,98.0,4,0,1,11,60.0
1,pat73,7,110.5,102.74,98.0,4,0,1,11,95.0
1,pat73,8,110.5,102.69,98.0,5,0,1,11,95.0
1,pat73,9,110.5,102.68,98.0,5,0,1,11,60.0
1,pat73,10,110.5,102.63,98.0,5,0,1,11,30.0
1,pat73,11,110.5,102.63,98.0,4,0,1,11,30.0
1,pat73,12,110.0,102.62,98.0,1,0,1,2,60.0
1,pat73,13,110.5,102.6,98.0,5,0,1,11,75.0
1,pat73,14,110.5,102.63,98.0,1,0,1,2,20.0
1,pat73,15,110.0,102.6,98.0,4,0,1,11,15.0
1,pat73,16,110.0,102.57,98.0,1,0,1,2,60.0
1,pat73,17,111.0,102.58,98.0,5,0,1,11,5.0
1,pat73,18,110.5,102.59,98.0,1,0,1,2,40.0
1,pat73,19,110.5,102.57,98.0,5,0,1,11,15.0
1,pat73,20,110.0,102.53,98.0,1,0,1,2,40.0
1,pat74,1,110.0,102.41,98.0,5,0,1,11,10.0
1,pat74,2,110.0,102.43,98.0,1,0,1,2,60.0
1,pat74,3,109.5,102.39,98.0,1,0,1,2,60.0
1,pat74,4,110.0,102.39,98.0,1,0,1,11,5.0
1,pat74,5,110.0,102.42,98.0,5,0,1,11,35.0
1,pat74,6,110.0,102.41,97.5,1,0,1,2,75.0
1,pat74,7,109.5,102.45,98.0,0,0,1,11,60.0
1,pat74,8,110.0,102.42,98.0,1,0,1,2,90.0
1,pat74,9,109.5,102.45,98.0,1,0,1,2,35.0
1,pat74,10,110.0,102.41,97.5,1,0,1,11,95.0
1,pat74,11,110.0,102.43,98.0,1,0,1,2,15.0
1,pat74,12,109.5,102.4,98.0,1,0,1,2,35.0
1,pat74,13,110.0,102.41,98.0,1,0,1,11,45.0
1,pat74,14,109.5,102.42,98.0,1,0,1,2,45.0
1,pat74,15,110.0,102.43,98.0,1,0,1,11,90.0
1,pat74,16,110.0,102.46,98.0,1,0,1,2,80.0
1,pat74,17,110.0,102.47,98.0,4,0,1,11,75.0
1,pat74,18,110.0,102.48,98.0,1,0,1,11,35.0
1,pat74,19,110.0,102.48,98.0,1,0,1,2,75.0
1,pat74,20,110.0,102.41,98.0,4,0,1,11,100.0
1,pat75,1,109.0,102.44,98.0,4,0,1,11,50.0
1,pat75,2,109.0,102.47,98.0,1,0,1,2,50.0
1,pat75,3,110.0,102.53,98.0,1,0,1,2,80.0
1,pat75,4,109.5,102.55,98.0,1,0,1,2,5.0
1,pat75,5,109.5,102.61,98.0,1,0,1,2,50.0
1,pat75,6,109.5,102.61,98.0,1,0,1,2,50.0
1,pat75,7,109.5,102.58,98.0,1,0,1,2,50.0
1,pat75,8,109.5,102.63,98.0,1,0,1,2,95.0
1,pat75,9,109.5,102.66,98.0,1,0,1,2,50.0
1,pat75,10,110.0,102.65,98.5,1,0,1,2,50.0
1,pat75,11,109.5,102.6,98.0,1,0,1,2,95.0
1,pat75,12,110.0,102.65,98.0,5,0,1,2,80.0
1,pat75,13,109.5,102.7,98.0,1,0,1,2,80.0
1,pat75,14,109.5,102.64,98.0,1,0,1,2,50.0
1,pat75,15,110.0,102.68,98.0,1,0,1,2,10.0
1,pat75,16,109.5,102.68,98.0,1,0,1,2,80.0
1,pat75,17,110.0,102.7,98.0,1,0,1,2,80.0
1,pat75,18,110.0,102.72,98.0,1,0,1,2,80.0
1,pat75,19,109.5,102.73,98.0,1,0,1,2,100.0
1,pat75,20,110.5,102.72,98.0,1,0,1,2,95.0
1,pat76,1,110.5,102.71,98.0,5,0,1,11,5.0
1,pat76,2,110.5,102.77,98.0,4,0,1,11,20.0
1,pat76,3,110.0,102.77,98.0,1,0,1,2,20.0
1,pat76,4,110.5,102.77,98.0,5,0,1,11,80.0
1,pat76,5,110.0,102.79,98.0,1,0,1,11,65.0
1,pat76,6,110.5,102.76,98.0,5,0,1,11,30.0
1,pat76,7,110.5,102.79,98.0,5,0,1,11,95.0
1,pat76,8,110.5,102.77,98.0,4,0,1,11,70.0
1,pat76,9,110.0,102.79,98.0,1,0,1,2,90.0
1,pat76,10,110.5,102.8,98.0,1,0,1,2,30.0
1,pat76,11,110.5,102.79,98.0,1,0,1,2,60.0
1,pat76,12,110.0,102.75,98.0,1,0,1,2,100.0
1,pat76,13,110.5,102.79,98.0,1,0,1,2,45.0
1,pat76,14,110.0,102.74,98.0,1,0,1,2,50.0
1,pat76,15,110.5,102.79,98.0,1,0,1,2,45.0
1,pat76,16,110.0,102.74,98.5,1,0,1,2,90.0
1,pat76,17,110.0,102.78,98.0,1,0,1,2,80.0
1,pat76,18,110.0,102.75,98.0,1,0,1,2,60.0
1,pat76,19,110.0,102.72,98.0,1,0,1,2,35.0
1,pat76,20,110.0,102.73,98.0,1,0,1,2,10.0
1,pat77,1,110.0,102.64,98.0,1,0,1,2,55.0
1,pat77,2,110.0,102.64,98.0,5,0,1,11,45.0
1,pat77,3,110.0,102.71,98.0,1,0,1,2,100.0
1,pat77,4,110.5,102.64,98.0,5,0,1,11,95.0
1,pat77,5,110.0,102.7,98.0,5,0,1,11,5.0
1,pat77,6,110.0,102.66,98.0,1,0,1,11,45.0
1,pat77,7,110.0,102.68,98.0,4,0,1,11,95.0
1,pat77,8,110.0,102.69,98.0,1,0,1,2,75.0
1,pat77,9,110.5,102.67,98.0,1,0,1,2,20.0
1,pat77,10,110.0,102.66,98.0,1,0,1,2,95.0
1,pat77,11,110.0,102.67,98.5,5,0,1,11,30.0
1,pat77,12,110.0,102.69,98.0,1,0,1,2,10.0
1,pat77,13,110.0,102.67,98.0,4,0,1,11,75.0
1,pat77,14,110.5,102.64,98.0,4,0,1,11,95.0
1,pat77,15,110.0,102.67,98.0,1,0,1,2,30.0
1,pat77,16,110.5,102.64,98.0,5,0,1,11,15.0
1,pat77,17,110.0,102.64,98.0,1,0,1,2,45.0
1,pat77,18,110.0,102.6,98.0,1,0,1,2,65.0
1,pat77,19,110.0,102.61,98.0,1,0,1,2,55.0
1,pat77,20,110.0,102.63,98.0,1,0,1,2,65.0
1,pat78,1,110.0,102.56,98.0,1,0,1,2,35.0
1,pat78,2,110.0,102.61,98.0,1,0,1,2,65.0
1,pat78,3,111.0,102.57,98.0,5,0,1,11,100.0
1,pat78,4,110.0,102.61,98.0,1,0,1,2,30.0
1,pat78,5,109.5,102.57,98.0,1,0,1,2,80.0
1,pat78,6,110.0,102.63,98.0,1,0,1,2,65.0
1,pat78,7,109.5,102.61,98.0,1,0,1,2,15.0
1,pat78,8,110.5,102.62,98.0,5,0,1,11,75.0
1,pat78,9,110.5,102.63,98.0,5,0,1,11,15.0
1,pat78,10,109.5,102.58,98.0,1,0,1,2,70.0
1,pat78,11,109.5,102.6,98.0,1,0,1,2,95.0
1,pat78,12,110.0,102.6,98.0,1,0,1,11,85.0
1,pat78,13,109.5,102.6,98.0,1,0,1,2,55.0
1,pat78,14,110.0,102.62,98.0,1,0,1,11,40.0
1,pat78,15,110.0,102.6,98.0,5,0,1,11,45.0
1,pat78,16,110.0,102.63,98.0,1,0,1,11,5.0
1,pat78,17,110.0,102.62,98.0,1,0,1,2,30.0
1,pat78,18,110.5,102.63,98.0,5,0,1,11,55.0
1,pat78,19,110.0,102.65,98.0,1,0,1,2,95.0
1,pat78,20,110.0,102.65,98.0,1,0,1,11,30.0
1,pat79,1,109.0,102.35,98.0,4,0,1,11,25.0
1,pat79,2,109.0,102.35,98.0,4,0,1,11,40.0
1,pat79,3,108.5,102.37,98.0,4,0,1,11,55.0
1,pat79,4,108.5,102.35,98.0,4,0,1,11,15.0
1,pat79,5,108.5,102.38,98.0,1,0,1,11,55.0
1,pat79,6,109.0,102.33,98.0,1,0,1,11,75.0
1,pat79,7,109.0,102.36,98.0,1,0,1,11,5.0
1,pat79,8,109.0,102.37,98.0,1,0,1,11,85.0
1,pat79,9,108.5,102.33,98.0,4,0,1,11,95.0
1,pat79,10,109.0,102.37,98.0,4,0,1,11,75.0
1,pat79,11,108.5,102.35,98.0,1,0,1,11,25.0
1,pat79,12,108.5,102.36,98.0,1,0,1,2,95.0
1,pat79,13,109.0,102.38,98.0,4,0,1,11,30.0
1,pat79,14,108.5,102.36,98.0,1,0,1,11,100.0
1,pat79,15,108.5,102.37,98.0,1,0,1,11,10.0
1,pat79,16,109.0,102.39,98.0,1,0,1,11,85.0
1,pat79,17,108.5,102.37,98.0,1,0,1,11,35.0
1,pat79,18,108.5,102.41,98.0,1,0,1,11,75.0
1,pat79,19,109.0,102.41,98.0,4,0,1,11,75.0
1,pat79,20,109.0,102.41,98.0,1,0,1,2,55.0
1,pat80,1,111.5,102.68,98.0,5,0,1,11,40.0
1,pat80,2,110.5,102.72,98.0,5,0,1,11,80.0
1,pat80,3,110.5,102.7,98.0,4,0,1,11,5.0
1,pat80,4,110.5,102.73,98.0,5,0,1,11,60.0
1,pat80,5,110.0,102.73,98.0,5,0,1,11,80.0
1,pat80,6,110.0,102.76,98.0,1,0,1,11,90.0
1,pat80,7,110.0,102.78,98.0,1,0,1,11,90.0
1,pat80,8,111.0,102.77,98.0,5,0,1,11,60.0
1,pat80,9,111.0,102.76,98.0,5,0,1,11,60.0
1,pat80,10,111.0,102.78,98.0,5,0,1,11,60.0
1,pat80,11,110.5,102.77,98.0,5,0,1,11,80.0
1,pat80,12,111.0,102.79,98.0,5,0,1,11,40.0
1,pat80,13,110.5,102.79,98.0,5,0,1,11,25.0
1,pat80,14,111.0,102.75,98.0,5,0,1,11,100.0
1,pat80,15,111.0,102.76,98.0,5,0,1,11,25.0
1,pat80,16,110.5,102.78,98.0,4,0,1,11,95.0
1,pat80,17,111.0,102.79,98.0,5,0,1,11,40.0
1,pat80,18,110.0,102.77,98.0,4,0,1,11,25.0
1,pat80,19,110.5,102.77,98.0,5,0,1,11,80.0
1,pat80,20,110.5,102.77,98.0,5,0,1,11,25.0
1,pat81,1,110.0,102.67,98.0,1,0,1,2,80.0
1,pat81,2,110.0,102.73,98.0,1,0,1,2,80.0
1,pat81,3,110.5,102.71,98.0,1,0,1,2,80.0
1,pat81,4,110.0,102.73,98.5,1,0,1,2,95.0
1,pat81,5,110.0,102.73,98.0,1,0,1,2,100.0
1,pat81,6,110.0,102.77,98.0,1,0,1,2,60.0
1,pat81,7,109.0,102.04,98.0,1,0,1,2,10.0
1,pat81,8,109.0,102.22,97.5,1,0,1,2,50.0
1,pat81,9,109.5,102.38,98.0,17,2,1,2,35.0
1,pat81,10,109.0,102.43,98.0,4,0,1,11,10.0
1,pat81,11,109.5,102.47,98.0,1,0,1,2,35.0
1,pat81,12,109.5,102.48,98.0,17,2,1,2,35.0
1,pat81,13,109.5,102.54,98.0,1,0,1,2,60.0
1,pat81,14,110.0,102.56,98.0,1,0,1,2,15.0
1,pat81,15,110.0,102.55,98.0,1,0,1,2,50.0
1,pat81,16,109.5,102.57,98.0,1,0,1,2,50.0
1,pat81,17,109.5,102.57,98.0,1,0,1,2,90.0
1,pat81,18,109.5,102.59,98.0,1,0,1,2,90.0
1,pat81,19,109.5,102.62,98.0,1,0,1,2,35.0
1,pat81,20,109.5,102.61,98.0,1,0,1,2,80.0
1,pat82,1,109.5,102.53,98.0,1,0,1,2,70.0
1,pat82,2,110.0,102.63,98.0,5,0,1,11,30.0
1,pat82,3,110.0,102.64,98.0,5,0,1,11,100.0
1,pat82,4,110.0,102.69,98.0,4,0,1,11,90.0
1,pat82,5,110.5,102.68,98.0,5,0,1,11,30.0
1,pat82,6,110.0,102.71,98.0,5,0,1,11,10.0
1,pat82,7,110.5,102.7,98.0,5,0,1,11,15.0
1,pat82,8,110.0,102.74,98.0,5,0,1,11,70.0
1,pat82,9,109.5,102.72,98.0,1,0,1,11,30.0
1,pat82,10,110.5,102.73,98.0,4,0,1,11,70.0
1,pat82,11,110.0,102.72,98.0,5,0,1,11,70.0
1,pat82,12,110.0,102.75,98.0,5,0,1,11,5.0
1,pat82,13,109.5,102.75,98.0,1,0,1,2,100.0
1,pat82,14,110.0,102.74,98.0,20,2,1,11,70.0
1,pat82,15,110.0,102.75,98.0,5,0,1,11,90.0
1,pat82,16,110.0,102.78,98.5,1,0,1,2,70.0
1,pat82,17,110.0,102.76,98.0,1,0,1,11,90.0
1,pat82,18,109.5,102.78,98.0,1,0,1,11,90.0
1,pat82,19,110.5,102.78,98.0,5,0,1,11,70.0
1,pat82,20,110.0,102.78,98.0,1,0,1,11,70.0
1,pat83,1,110.5,102.69,98.0,1,0,1,2,80.0
1,pat83,2,110.5,102.68,98.5,5,0,1,11,95.0
1,pat83,3,110.0,102.65,98.5,1,0,1,2,90.0
1,pat83,4,110.5,102.62,98.0,5,0,1,11,25.0
1,pat83,5,110.0,102.59,98.0,1,0,1,2,40.0
1,pat83,6,110.0,102.58,98.0,1,0,1,2,70.0
1,pat83,7,110.0,102.55,98.0,1,0,1,2,70.0
1,pat83,8,110.0,102.54,98.0,4,0,1,11,45.0
1,pat83,9,110.0,102.6,98.0,1,0,1,2,25.0
1,pat83,10,110.0,102.57,98.0,5,0,1,11,100.0
1,pat83,11,110.0,102.55,98.0,1,0,1,2,80.0
1,pat83,12,110.0,102.55,98.0,1,0,1,2,25.0
1,pat83,13,110.5,102.54,98.0,1,0,1,2,70.0
1,pat83,14,110.0,102.53,98.0,1,0,1,2,70.0
1,pat83,15,110.0,102.56,98.0,1,0,1,2,30.0
1,pat83,16,110.0,102.52,98.0,1,0,1,2,10.0
1,pat83,17,110.0,102.51,98.0,4,0,1,11,90.0
1,pat83,18,110.0,102.55,98.0,1,0,1,2,70.0
1,pat83,19,110.0,102.52,98.0,1,0,1,2,5.0
1,pat83,20,110.5,102.55,98.0,5,0,1,11,35.0
1,pat84,1,109.5,102.41,98.0,1,0,1,2,25.0
1,pat84,2,109.5,102.44,98.0,1,0,1,2,95.0
1,pat84,3,109.5,102.41,98.0,4,0,1,11,25.0
1,pat84,4,109.5,102.43,98.0,5,0,1,11,50.0
1,pat84,5,109.5,102.45,98.0,5,0,1,11,50.0
1,pat84,6,109.5,102.44,98.0,4,0,1,11,65.0
1,pat84,7,109.5,102.45,98.0,1,0,1,11,25.0
1,pat84,8,109.5,102.46,98.0,1,0,1,2,10.0
1,pat84,9,109.5,102.48,98.0,4,0,1,11,95.0
1,pat84,10,109.5,102.47,98.0,1,0,1,11,80.0
1,pat84,11,109.5,102.5,98.0,1,0,1,2,35.0
1,pat84,12,110.0,102.51,98.0,5,0,1,11,5.0
1,pat84,13,109.0,102.48,98.0,1,0,1,11,80.0
1,pat84,14,109.5,102.49,98.0,1,0,1,11,65.0
1,pat84,15,109.5,102.5,98.0,1,0,1,11,80.0
1,pat84,16,109.0,102.51,98.0,0,0,1,11,50.0
1,pat84,17,109.5,102.45,98.0,5,0,1,11,95.0
1,pat84,18,109.5,102.49,98.0,1,0,1,2,65.0
1,pat84,19,110.0,102.5,98.5,1,0,1,11,100.0
1,pat84,20,109.5,102.5,98.0,1,0,1,11,35.0
1,pat85,1,110.0,102.57,98.0,5,0,1,11,95.0
1,pat85,2,110.5,102.61,98.0,5,0,1,11,5.0
1,pat85,3,110.0,102.58,98.0,5,0,1,11,40.0
1,pat85,4,110.0,102.62,98.0,5,0,1,11,40.0
1,pat85,5,110.0,102.62,98.5,1,0,1,11,25.0
1,pat85,6,110.0,102.63,98.0,1,0,1,2,40.0
1,pat85,7,110.0,102.64,98.0,5,0,1,11,60.0
1,pat85,8,110.0,102.69,98.0,1,0,1,2,85.0
1,pat85,9,110.0,102.66,98.5,1,0,1,2,85.0
1,pat85,10,110.0,102.67,98.0,1,0,1,2,25.0
1,pat85,11,109.5,102.64,98.0,1,0,1,2,25.0
1,pat85,12,110.0,102.69,98.5,1,0,1,2,60.0
1,pat85,13,110.0,102.68,98.0,1,0,1,2,65.0
1,pat85,14,110.0,102.67,98.0,4,0,1,11,95.0
1,pat85,15,110.0,102.72,98.0,5,0,1,11,60.0
1,pat85,16,110.0,102.69,98.0,5,0,1,11,85.0
1,pat85,17,110.0,102.71,98.0,1,0,1,2,25.0
1,pat85,18,110.0,102.69,98.5,4,0,1,11,85.0
1,pat85,19,110.0,102.68,98.0,5,0,1,11,60.0
1,pat85,20,110.0,102.68,98.0,1,0,1,2,100.0
1,pat86,1,109.5,102.54,98.0,1,0,1,11,45.0
1,pat86,2,109.0,102.54,98.0,1,0,1,11,95.0
1,pat86,3,109.5,102.56,98.0,1,0,1,2,100.0
1,pat86,4,109.5,102.6,98.0,1,0,1,11,95.0
1,pat86,5,109.5,102.58,98.0,5,0,1,11,45.0
1,pat86,6,109.5,102.57,98.0,1,0,1,11,95.0
1,pat86,7,109.0,102.57,98.5,1,0,1,2,70.0
1,pat86,8,109.5,102.57,98.0,1,0,1,11,5.0
1,pat86,9,109.0,102.54,98.0,1,0,1,2,95.0
1,pat86,10,109.0,102.54,98.0,1,0,1,11,45.0
1,pat86,11,109.5,102.57,98.0,1,0,1,11,75.0
1,pat86,12,110.0,102.55,98.0,5,0,1,11,45.0
1,pat86,13,109.0,102.56,98.0,1,0,1,2,45.0
1,pat86,14,109.5,102.56,98.0,5,0,1,11,15.0
1,pat86,15,109.0,102.56,98.0,1,0,1,2,70.0
1,pat86,16,109.0,102.51,98.0,1,0,1,2,45.0
1,pat86,17,109.0,102.49,98.0,4,0,1,11,70.0
1,pat86,18,109.5,102.5,98.0,1,0,1,11,15.0
1,pat86,19,110.0,102.48,98.0,5,0,1,11,70.0
1,pat86,20,109.5,102.49,98.0,1,0,1,11,70.0
1,pat87,1,109.5,102.49,98.0,1,0,1,2,45.0
1,pat87,2,109.5,102.55,98.0,5,0,1,11,60.0
1,pat87,3,109.5,102.55,98.0,20,2,1,11,45.0
1,pat87,4,109.0,102.51,98.0,1,0,1,2,95.0
1,pat87,5,109.0,102.52,98.0,1,0,1,11,20.0
1,pat87,6,109.0,102.52,98.0,1,0,1,2,20.0
1,pat87,7,109.5,102.55,98.0,1,0,1,2,65.0
1,pat87,8,109.5,102.51,98.0,1,0,1,2,95.0
1,pat87,9,109.0,102.51,98.0,1,0,1,2,60.0
1,pat87,10,109.5,102.54,98.0,1,0,1,2,20.0
1,pat87,11,109.0,102.57,98.0,1,0,1,2,75.0
1,pat87,12,109.5,102.57,98.0,17,2,1,2,100.0
1,pat87,13,109.5,102.58,98.0,17,2,1,2,75.0
1,pat87,14,109.5,102.54,98.0,17,2,1,2,95.0
1,pat87,15,109.5,102.52,98.0,1,0,1,2,5.0
1,pat87,16,109.0,102.5,98.0,1,0,1,2,25.0
1,pat87,17,109.5,102.53,98.0,17,2,1,2,60.0
1,pat87,18,109.0,102.52,98.0,1,0,1,2,95.0
1,pat87,19,109.5,102.52,98.0,1,0,1,11,45.0
1,pat87,20,109.0,102.55,98.0,1,0,1,2,45.0
1,pat88,1,108.5,102.49,98.0,1,0,1,11,50.0
1,pat88,2,109.0,102.53,98.0,5,0,0,3,70.0
1,pat88,3,109.0,102.55,98.0,5,0,0,3,75.0
1,pat88,4,109.0,102.51,98.0,5,0,0,3,65.0
1,pat88,5,109.0,102.55,98.0,1,0,1,11,65.0
1,pat88,6,109.0,102.59,98.0,1,0,1,11,45.0
1,pat88,7,109.0,102.55,98.0,1,0,1,11,30.0
1,pat88,8,109.0,102.61,98.0,5,0,1,2,40.0
1,pat88,9,109.0,102.58,98.0,17,2,1,2,65.0
1,pat88,10,109.0,102.59,98.0,1,0,1,2,100.0
1,pat88,11,109.0,102.58,98.0,17,2,1,2,90.0
1,pat88,12,109.0,102.6,98.0,1,0,1,11,5.0
1,pat88,13,109.0,102.6,98.0,5,0,1,2,30.0
1,pat88,14,108.5,102.57,98.5,1,0,1,11,40.0
1,pat88,15,108.5,102.57,98.0,1,0,1,11,85.0
1,pat88,16,109.0,102.58,98.0,4,0,1,11,85.0
1,pat88,17,109.0,102.6,98.0,1,0,1,11,15.0
1,pat88,18,109.0,102.6,98.0,5,0,1,2,95.0
1,pat88,19,109.0,102.59,98.0,1,0,1,11,20.0
1,pat88,20,109.0,102.59,98.0,1,0,1,11,15.0
1,pat89,1,112.0,102.98,98.0,5,0,1,2,95.0
1,pat89,2,112.0,102.99,98.0,5,0,1,2,60.0
1,pat89,3,112.5,103.02,98.0,5,0,1,2,85.0
1,pat89,4,112.0,103.06,98.0,5,0,1,2,15.0
1,pat89,5,112.5,103.0,98.0,5,0,1,2,95.0
1,pat89,6,112.5,103.03,98.0,5,0,1,2,100.0
1,pat89,7,112.0,103.04,98.5,5,0,1,2,60.0
1,pat89,8,112.5,103.05,98.0,5,0,1,2,60.0
1,pat89,9,112.0,103.08,98.0,5,0,1,2,85.0
1,pat89,10,112.5,103.05,98.5,5,0,1,2,85.0
1,pat89,11,112.5,103.07,98.0,5,0,1,2,40.0
1,pat89,12,112.5,103.05,98.0,5,0,1,2,40.0
1,pat89,13,112.5,103.08,98.5,5,0,1,2,40.0
1,pat89,14,112.5,103.05,98.0,5,0,1,2,15.0
1,pat89,15,112.0,103.06,98.5,5,0,1,2,40.0
1,pat89,16,112.5,103.06,98.0,5,0,1,2,85.0
1,pat89,17,112.0,103.05,98.0,5,0,1,2,85.0
1,pat89,18,112.0,103.05,98.0,5,0,1,2,5.0
1,pat89,19,112.5,103.05,98.0,5,0,1,2,40.0
1,pat89,20,112.5,103.09,98.0,5,0,1,2,60.0
1,pat90,1,110.5,103.26,98.5,1,0,1,2,10.0
1,pat90,2,111.0,103.51,98.0,1,0,1,2,30.0
1,pat90,3,111.5,103.66,98.5,5,0,1,2,45.0
1,pat90,4,111.5,103.78,98.5,4,0,1,11,10.0
1,pat90,5,112.0,103.89,98.5,4,0,1,11,70.0
1,pat90,6,111.5,103.93,98.5,4,0,1,11,100.0
1,pat90,7,112.0,103.96,98.0,4,0,1,11,15.0
1,pat90,8,111.5,103.99,98.0,4,0,1,11,55.0
1,pat90,9,112.0,104.01,98.5,4,0,1,11,95.0
1,pat90,10,112.0,104.06,99.0,4,0,1,11,75.0
1,pat90,11,112.0,104.07,98.5,4,0,1,11,85.0
1,pat90,12,111.5,104.04,98.5,4,0,1,11,70.0
1,pat90,13,112.0,104.05,98.5,4,0,1,11,55.0
1,pat90,14,112.0,104.04,98.5,4,0,1,11,95.0
1,pat90,15,112.0,104.09,98.5,4,0,1,11,45.0
1,pat90,16,112.0,104.06,98.5,4,0,1,11,20.0
1,pat90,17,112.0,104.05,98.5,4,0,1,11,30.0
1,pat90,18,112.0,104.03,98.0,4,0,1,11,85.0
1,pat90,19,111.5,104.0,98.0,4,0,1,11,70.0
1,pat90,20,112.0,104.02,98.5,4,0,1,11,45.0
1,pat91,1,113.5,103.72,98.0,5,0,1,2,100.0
1,pat91,2,113.5,103.54,98.5,5,0,1,2,90.0
1,pat91,3,113.0,103.39,98.0,5,0,1,2,85.0
1,pat91,4,112.5,103.28,98.0,5,0,1,2,45.0
1,pat91,5,112.5,103.13,98.0,5,0,1,2,95.0
1,pat91,6,112.0,103.02,98.0,4,0,1,2,20.0
1,pat91,7,112.5,102.95,98.0,5,0,1,2,85.0
1,pat91,8,112.5,102.93,98.0,5,0,1,2,60.0
1,pat91,9,112.0,102.82,98.0,5,0,1,2,75.0
1,pat91,10,112.0,102.81,98.0,5,0,1,2,60.0
1,pat91,11,112.0,102.79,98.0,5,0,1,2,75.0
1,pat91,12,112.0,102.75,97.5,5,0,1,2,45.0
1,pat91,13,112.0,102.76,97.5,5,0,1,2,20.0
1,pat91,14,112.0,102.74,98.0,5,0,1,2,20.0
1,pat91,15,112.0,102.75,98.0,5,0,1,2,25.0
1,pat91,16,111.5,102.71,97.5,5,0,1,2,60.0
1,pat91,17,111.5,102.7,98.0,5,0,1,2,45.0
1,pat91,18,111.5,102.71,97.5,5,0,1,2,75.0
1,pat91,19,111.5,102.69,97.5,5,0,1,2,20.0
1,pat91,20,112.0,102.69,98.0,5,0,1,2,45.0
1,pat92,1,109.0,102.24,98.0,1,0,1,11,15.0
1,pat92,2,109.0,102.25,97.5,4,0,1,2,95.0
1,pat92,3,109.5,102.29,98.0,1,0,1,2,25.0
1,pat92,4,109.0,102.3,98.0,1,0,1,2,100.0
1,pat92,5,109.0,102.24,97.5,1,0,1,11,45.0
1,pat92,6,109.5,102.28,97.5,1,0,1,11,5.0
1,pat92,7,109.5,102.26,98.0,4,0,1,11,65.0
1,pat92,8,109.5,102.27,97.5,4,0,1,11,55.0
1,pat92,9,109.5,102.33,98.0,20,2,1,11,75.0
1,pat92,10,109.5,102.31,97.5,20,2,1,11,10.0
1,pat92,11,109.5,102.32,97.5,4,0,1,11,30.0
1,pat92,12,109.5,102.32,98.0,1,0,1,2,80.0
1,pat92,13,109.0,102.3,98.0,1,0,1,11,40.0
1,pat92,14,109.0,102.36,98.0,4,0,1,11,55.0
1,pat92,15,109.0,102.33,98.0,1,0,1,2,20.0
1,pat92,16,109.5,102.36,98.0,1,0,1,11,85.0
1,pat92,17,109.5,102.36,98.0,1,0,1,2,90.0
1,pat92,18,109.5,102.42,98.0,1,0,1,11,70.0
1,pat92,19,109.5,102.39,98.0,20,2,1,11,35.0
1,pat92,20,109.0,102.43,98.0,1,0,1,2,60.0
1,pat93,1,109.5,102.36,98.0,1,0,1,2,25.0
1,pat93,2,110.5,102.41,98.0,1,0,1,2,10.0
1,pat93,3,110.0,102.39,98.0,1,0,1,2,5.0
1,pat93,4,110.0,102.46,98.0,1,0,1,2,40.0
1,pat93,5,110.0,102.46,98.0,1,0,1,2,65.0
1,pat93,6,110.0,102.44,98.0,1,0,1,2,80.0
1,pat93,7,110.0,102.47,98.0,1,0,1,11,50.0
1,pat93,8,110.0,102.5,98.0,5,0,1,11,65.0
1,pat93,9,110.0,102.49,98.0,1,0,1,2,15.0
1,pat93,10,110.0,102.5,98.0,1,0,1,2,65.0
1,pat93,11,110.0,102.52,98.0,5,0,1,11,80.0
1,pat93,12,110.0,102.54,98.5,1,0,1,2,25.0
1,pat93,13,110.0,102.52,98.0,1,0,1,2,40.0
1,pat93,14,110.0,102.56,98.0,1,0,1,2,100.0
1,pat93,15,110.0,102.57,98.0,5,0,1,11,50.0
1,pat93,16,110.0,102.58,98.0,1,0,1,2,95.0
1,pat93,17,110.0,102.57,98.0,1,0,1,2,80.0
1,pat93,18,110.0,102.58,98.0,1,0,1,2,30.0
1,pat93,19,110.0,102.58,98.0,1,0,1,2,85.0
1,pat93,20,110.0,102.59,98.0,1,0,1,2,95.0
1,pat94,1,108.5,102.45,98.0,4,0,1,11,80.0
1,pat94,2,108.5,102.52,98.0,1,0,1,11,60.0
1,pat94,3,109.0,102.51,98.0,1,0,1,11,15.0
1,pat94,4,108.0,102.53,98.5,1,0,1,2,10.0
1,pat94,5,108.5,102.54,98.0,1,0,1,2,80.0
1,pat94,6,108.5,102.57,98.0,1,0,1,11,30.0
1,pat94,7,108.5,102.59,98.0,1,0,1,2,30.0
1,pat94,8,108.5,102.55,98.0,1,0,1,2,95.0
1,pat94,9,108.5,102.57,98.0,1,0,1,11,100.0
1,pat94,10,109.0,102.57,98.0,5,0,1,2,80.0
1,pat94,11,108.5,102.57,98.0,1,0,1,2,60.0
1,pat94,12,108.5,102.56,98.0,4,0,1,11,5.0
1,pat94,13,108.5,102.56,98.0,1,0,1,11,80.0
1,pat94,14,109.0,102.6,98.5,1,0,1,11,60.0
1,pat94,15,108.5,102.58,98.0,1,0,1,11,40.0
1,pat94,16,108.5,102.56,98.0,1,0,1,11,85.0
1,pat94,17,108.5,102.6,98.0,4,0,1,11,60.0
1,pat94,18,108.5,102.56,98.0,4,0,1,11,95.0
1,pat94,19,108.5,102.58,98.0,1,0,1,11,40.0
1,pat94,20,108.5,102.55,98.0,4,0,1,11,30.0
2,pat1,1,110.0,102.92,98.0,1,0,1,11,100.0
2,pat1,2,109.5,102.81,98.0,1,0,1,2,95.0
2,pat1,3,109.5,102.75,98.0,1,0,1,2,90.0
2,pat1,4,110.0,102.71,98.0,1,0,1,2,85.0
2,pat1,5,109.5,102.7,98.0,1,0,1,2,55.0
2,pat1,6,109.5,102.62,98.0,4,0,1,11,85.0
2,pat1,7,109.5,102.59,97.5,4,0,1,11,20.0
2,pat1,8,109.5,102.55,98.0,1,0,1,2,85.0
2,pat1,9,109.5,102.55,98.0,1,0,1,2,85.0
2,pat1,10,109.0,102.51,98.0,1,0,1,2,55.0
2,pat1,11,109.0,102.48,98.0,4,0,1,11,55.0
2,pat1,12,109.0,102.51,98.0,1,0,1,11,85.0
2,pat1,13,109.0,102.48,98.0,4,0,1,11,55.0
2,pat1,14,109.0,102.42,98.0,5,0,1,2,55.0
2,pat1,15,109.5,102.46,98.0,4,0,1,11,55.0
2,pat1,16,109.0,102.48,97.5,1,0,1,11,85.0
2,pat1,17,109.0,102.44,98.0,4,0,1,11,55.0
2,pat1,18,109.0,102.45,98.0,1,0,1,11,20.0
2,pat1,19,108.5,102.06,97.5,4,0,1,11,5.0
2,pat1,20,109.0,102.25,98.0,1,0,1,2,10.0
2,pat2,1,107.0,101.64,97.5,5,0,0,0,85.0
2,pat2,2,107.0,101.6,98.0,5,0,0,0,75.0
2,pat2,3,107.0,101.57,97.5,5,0,0,0,35.0
2,pat2,4,107.0,101.58,98.0,5,0,0,0,85.0
2,pat2,5,106.5,101.6,97.5,4,0,1,11,75.0
2,pat2,6,107.0,101.54,98.0,5,0,0,0,5.0
2,pat2,7,106.5,101.57,97.5,5,0,0,0,100.0
2,pat2,8,107.0,101.55,98.0,5,0,0,0,90.0
2,pat2,9,106.5,101.58,97.5,5,0,0,0,25.0
2,pat2,10,107.0,101.6,98.0,5,0,0,0,75.0
2,pat2,11,107.0,101.61,97.5,5,0,0,0,25.0
2,pat2,12,107.5,101.6,98.0,5,0,0,0,45.0
2,pat2,13,107.0,101.63,98.0,5,0,0,0,95.0
2,pat2,14,107.0,101.63,98.0,5,0,0,0,45.0
2,pat2,15,107.0,101.61,98.0,5,0,0,0,10.0
2,pat2,16,107.0,101.63,98.0,5,0,0,0,75.0
2,pat2,17,107.0,101.63,98.0,5,0,0,0,75.0
2,pat2,18,107.0,101.65,98.0,5,0,0,0,35.0
2,pat2,19,107.0,101.65,98.0,5,0,0,0,25.0
2,pat2,20,107.0,101.63,98.0,5,0,0,0,75.0
2,pat3,1,106.5,101.46,98.0,5,0,1,11,75.0
2,pat3,2,106.0,101.46,98.0,1,0,1,2,45.0
2,pat3,3,106.0,101.43,98.0,4,0,1,11,65.0
2,pat3,4,106.0,101.43,97.5,4,0,1,11,90.0
2,pat3,5,106.5,101.45,98.0,5,0,1,11,80.0
2,pat3,6,106.0,101.42,97.5,1,0,1,2,65.0
2,pat3,7,106.5,101.42,98.0,17,2,1,2,65.0
2,pat3,8,106.0,101.37,97.5,4,0,1,11,65.0
2,pat3,9,106.5,101.37,98.0,17,2,1,2,45.0
2,pat3,10,106.0,101.39,98.0,17,2,1,2,45.0
2,pat3,11,106.0,101.38,97.5,4,0,1,11,45.0
2,pat3,12,106.0,101.38,97.5,4,0,1,11,75.0
2,pat3,13,106.0,101.32,97.5,17,2,1,2,95.0
2,pat3,14,106.0,101.31,97.5,5,0,1,2,45.0
2,pat3,15,106.0,101.31,97.5,1,0,1,2,45.0
2,pat3,16,106.0,101.3,97.5,5,0,1,2,45.0
2,pat3,17,106.0,101.28,97.5,4,0,1,11,5.0
2,pat3,18,106.0,101.28,97.5,17,2,1,2,45.0
2,pat3,19,105.5,101.26,97.5,1,0,1,2,85.0
2,pat3,20,106.0,101.28,97.5,17,2,1,2,100.0
2,pat4,1,106.0,101.17,98.0,17,2,1,2,45.0
2,pat4,2,106.0,101.18,97.5,17,2,1,2,65.0
2,pat4,3,106.0,101.18,97.5,17,2,1,2,100.0
2,pat4,4,106.0,101.15,97.5,17,2,1,2,65.0
2,pat4,5,105.5,101.17,97.5,5,0,1,2,80.0
2,pat4,6,106.0,101.16,97.5,17,2,1,2,65.0
2,pat4,7,105.5,101.16,97.5,5,0,1,2,45.0
2,pat4,8,105.5,101.14,98.0,1,0,1,2,90.0
2,pat4,9,106.0,101.15,97.5,17,2,1,2,10.0
2,pat4,10,106.0,101.16,98.0,17,2,1,2,80.0
2,pat4,11,105.5,101.16,97.5,1,0,1,2,65.0
2,pat4,12,106.0,101.15,97.5,17,2,1,2,85.0
2,pat4,13,106.0,101.16,97.5,17,2,1,2,45.0
2,pat4,14,105.5,101.16,97.5,1,0,1,2,45.0
2,pat4,15,105.5,101.17,97.5,5,0,1,2,45.0
2,pat4,16,106.0,101.18,97.5,17,2,1,2,45.0
2,pat4,17,105.5,101.2,97.5,1,0,1,2,45.0
2,pat4,18,106.0,101.19,98.0,17,2,1,2,95.0
2,pat4,19,105.5,101.19,97.5,1,0,1,2,10.0
2,pat4,20,105.5,101.23,98.0,1,0,1,2,80.0
2,pat5,1,105.5,101.19,97.5,4,0,1,11,75.0
2,pat5,2,106.0,101.26,98.0,17,2,1,2,60.0
2,pat5,3,106.0,101.27,98.0,17,2,1,2,35.0
2,pat5,4,106.0,101.22,97.5,17,2,1,2,15.0
2,pat5,5,105.5,101.23,97.5,1,0,1,2,100.0
2,pat5,6,106.0,101.25,98.0,17,2,1,2,80.0
2,pat5,7,106.0,101.2,98.0,5,0,1,11,70.0
2,pat5,8,105.5,101.24,98.0,1,0,1,2,50.0
2,pat5,9,106.0,101.24,97.5,5,0,1,11,35.0
2,pat5,10,106.0,101.27,98.0,5,0,1,11,15.0
2,pat5,11,105.5,101.23,97.5,4,0,1,11,95.0
2,pat5,12,106.0,101.23,98.0,17,2,1,2,50.0
2,pat5,13,106.0,101.23,98.0,5,0,1,11,35.0
2,pat5,14,106.0,101.21,97.5,17,2,1,2,90.0
2,pat5,15,106.0,101.2,97.5,5,0,1,2,35.0
2,pat5,16,105.5,101.21,97.5,1,0,1,2,15.0
2,pat5,17,105.5,101.2,97.5,1,0,1,2,60.0
2,pat5,18,106.0,101.21,97.5,17,2,1,2,50.0
2,pat5,19,105.5,101.18,97.5,4,0,1,11,90.0
2,pat5,20,106.0,101.21,98.0,17,2,1,2,70.0
2,pat6,1,106.0,101.32,97.5,4,0,1,11,30.0
2,pat6,2,106.5,101.36,97.5,5,0,0,0,30.0
2,pat6,3,106.5,101.36,98.0,5,0,1,2,55.0
2,pat6,4,106.0,101.34,97.5,4,0,1,11,30.0
2,pat6,5,106.0,101.36,97.5,4,0,1,11,55.0
2,pat6,6,106.5,101.35,97.5,5,0,1,11,55.0
2,pat6,7,106.5,101.34,97.5,5,0,1,2,95.0
2,pat6,8,106.5,101.39,98.0,5,0,1,2,55.0
2,pat6,9,106.5,101.39,97.5,5,0,1,11,70.0
2,pat6,10,106.5,101.37,97.5,5,0,1,11,85.0
2,pat6,11,106.0,101.37,97.5,4,0,1,11,70.0
2,pat6,12,106.0,101.37,97.5,4,0,1,11,30.0
2,pat6,13,106.0,101.36,98.0,4,0,1,11,85.0
2,pat6,14,106.0,101.39,97.5,4,0,1,11,10.0
2,pat6,15,106.5,101.35,97.5,5,0,1,11,90.0
2,pat6,16,106.5,101.39,97.5,5,0,1,2,100.0
2,pat6,17,106.0,101.38,97.5,4,0,1,11,55.0
2,pat6,18,106.5,101.39,98.0,5,0,1,2,5.0
2,pat6,19,106.0,101.4,97.5,4,0,1,11,85.0
2,pat6,20,106.5,101.36,97.5,5,0,1,2,70.0
2,pat7,1,106.5,101.42,97.5,5,0,1,11,5.0
2,pat7,2,106.5,101.5,97.5,5,0,1,2,50.0
2,pat7,3,106.0,101.44,97.5,4,0,1,11,80.0
2,pat7,4,106.0,101.43,98.0,1,0,1,2,50.0
2,pat7,5,106.5,101.46,97.5,4,0,1,11,70.0
2,pat7,6,106.5,101.48,97.5,5,0,1,2,85.0
2,pat7,7,106.5,101.44,98.0,5,0,1,2,95.0
2,pat7,8,106.5,101.45,98.0,5,0,1,2,20.0
2,pat7,9,106.5,101.47,97.5,5,0,1,2,70.0
2,pat7,10,106.5,101.49,98.0,5,0,1,2,20.0
2,pat7,11,106.5,101.48,98.0,5,0,1,2,70.0
2,pat7,12,106.5,101.46,97.5,5,0,1,11,50.0
2,pat7,13,106.0,101.48,97.5,4,0,1,11,50.0
2,pat7,14,106.5,101.5,97.5,4,0,1,11,100.0
2,pat7,15,106.0,101.46,97.5,4,0,1,11,50.0
2,pat7,16,106.5,101.47,97.5,5,0,1,2,90.0
2,pat7,17,106.0,101.47,97.5,4,0,1,11,75.0
2,pat7,18,106.5,101.47,98.0,5,0,1,2,20.0
2,pat7,19,106.5,101.46,97.5,5,0,1,11,70.0
2,pat7,20,106.5,101.49,97.5,5,0,1,11,50.0
2,pat8,1,106.0,101.36,97.5,0,0,1,2,35.0
2,pat8,2,106.0,101.36,98.0,0,0,1,2,100.0
2,pat8,3,106.0,101.34,97.5,4,0,1,11,65.0
2,pat8,4,106.0,101.34,97.5,4,0,1,11,65.0
2,pat8,5,106.0,101.32,97.5,4,0,1,11,75.0
2,pat8,6,106.0,101.35,97.5,4,0,1,11,65.0
2,pat8,7,106.0,101.36,97.5,4,0,1,11,85.0
2,pat8,8,106.0,101.35,97.5,4,0,1,11,95.0
2,pat8,9,106.0,101.3,98.0,5,0,1,2,65.0
2,pat8,10,106.0,101.34,98.0,4,0,1,11,75.0
2,pat8,11,106.0,101.32,97.5,4,0,1,11,65.0
2,pat8,12,106.5,101.34,98.0,5,0,1,11,80.0
2,pat8,13,106.0,101.32,97.5,4,0,1,11,65.0
2,pat8,14,106.0,101.32,97.5,4,0,1,11,95.0
2,pat8,15,106.0,101.35,97.5,4,0,1,11,35.0
2,pat8,16,106.0,101.3,98.0,4,0,1,11,35.0
2,pat8,17,106.5,101.33,98.0,5,0,1,2,35.0
2,pat8,18,106.5,101.35,97.5,5,0,1,11,35.0
2,pat8,19,106.0,101.32,97.5,5,0,1,2,35.0
2,pat8,20,106.0,101.34,97.5,4,0,1,11,35.0
2,pat9,1,106.0,101.14,97.5,17,2,1,2,40.0
2,pat9,2,106.0,101.19,98.0,17,2,1,2,40.0
2,pat9,3,105.5,101.18,97.5,4,0,1,11,90.0
2,pat9,4,106.0,101.18,98.0,4,0,1,11,80.0
2,pat9,5,106.0,101.2,97.5,5,0,1,11,40.0
2,pat9,6,105.5,101.19,97.5,4,0,1,11,20.0
2,pat9,7,106.0,101.19,97.5,17,2,1,2,20.0
2,pat9,8,106.0,101.19,97.5,17,2,1,2,75.0
2,pat9,9,106.0,101.17,97.5,17,2,1,2,100.0
2,pat9,10,106.0,101.2,97.5,17,2,1,2,65.0
2,pat9,11,106.0,101.17,98.0,17,2,1,2,20.0
2,pat9,12,106.0,101.22,97.5,17,2,1,2,40.0
2,pat9,13,105.5,101.22,97.5,5,0,1,2,70.0
2,pat9,14,105.5,101.19,97.5,4,0,1,11,60.0
2,pat9,15,105.5,101.2,97.5,4,0,1,11,60.0
2,pat9,16,105.5,101.18,97.5,1,0,1,2,60.0
2,pat9,17,105.5,101.18,98.0,1,0,1,2,20.0
2,pat9,18,105.5,101.19,97.5,4,0,1,11,60.0
2,pat9,19,106.0,101.2,98.0,5,0,1,2,90.0
2,pat9,20,106.0,101.25,98.0,5,0,1,2,95.0
2,pat10,1,105.5,101.21,97.5,5,0,1,2,20.0
2,pat10,2,105.5,101.2,97.5,1,0,1,2,75.0
2,pat10,3,105.5,101.24,97.5,1,0,1,2,55.0
2,pat10,4,106.0,101.21,97.5,17,2,1,2,70.0
2,pat10,5,105.5,101.22,98.0,1,0,1,2,55.0
2,pat10,6,106.0,101.23,97.5,17,2,1,2,20.0
2,pat10,7,106.0,101.22,97.5,17,2,1,2,70.0
2,pat10,8,106.0,101.23,97.5,5,0,1,2,95.0
2,pat10,9,106.0,101.22,97.5,17,2,1,2,80.0
2,pat10,10,105.5,101.21,97.0,1,0,1,2,55.0
2,pat10,11,105.5,101.24,98.0,1,0,1,2,95.0
2,pat10,12,105.5,101.21,97.5,4,0,1,11,55.0
2,pat10,13,106.0,101.19,97.5,17,2,1,2,100.0
2,pat10,14,106.0,101.24,98.0,17,2,1,2,70.0
2,pat10,15,105.5,101.17,97.5,5,0,1,2,20.0
2,pat10,16,105.5,101.17,97.5,4,0,1,11,55.0
2,pat10,17,105.5,101.16,97.5,1,0,1,2,95.0
2,pat10,18,105.5,101.17,97.5,1,0,1,2,20.0
2,pat10,19,105.5,101.2,97.5,1,0,1,2,55.0
2,pat10,20,105.5,101.18,97.5,5,0,1,2,55.0
2,pat11,1,108.5,101.72,97.5,4,0,1,11,15.0
2,pat11,2,108.5,101.81,97.5,1,0,1,2,80.0
2,pat11,3,108.5,101.84,97.5,5,0,1,2,20.0
2,pat11,4,108.5,101.89,97.5,4,0,1,11,80.0
2,pat11,5,108.5,101.87,97.5,1,0,1,2,50.0
2,pat11,6,108.5,101.91,98.0,1,0,1,11,50.0
2,pat11,7,109.0,101.89,97.5,1,0,1,11,30.0
2,pat11,8,108.5,101.92,97.5,1,0,1,2,80.0
2,pat11,9,109.0,101.9,98.0,4,0,1,11,50.0
2,pat11,10,108.5,101.92,98.0,1,0,1,11,15.0
2,pat11,11,108.5,101.94,98.0,4,0,1,11,50.0
2,pat11,12,108.5,101.9,98.0,4,0,1,11,90.0
2,pat11,13,108.5,101.92,97.5,4,0,1,11,95.0
2,pat11,14,108.5,101.91,97.5,1,0,1,11,60.0
2,pat11,15,108.5,101.9,97.5,4,0,1,11,30.0
2,pat11,16,108.5,101.97,98.0,5,0,1,2,100.0
2,pat11,17,109.0,101.92,97.5,1,0,1,11,90.0
2,pat11,18,108.5,101.89,97.5,1,0,1,2,80.0
2,pat11,19,109.0,101.92,98.0,1,0,1,11,60.0
2,pat11,20,108.5,101.87,97.5,1,0,1,11,5.0
2,pat12,1,108.5,101.77,97.5,4,0,1,11,60.0
2,pat12,2,108.0,101.75,98.0,4,0,1,11,75.0
2,pat12,3,108.0,101.75,97.5,4,0,1,11,60.0
2,pat12,4,108.0,101.72,98.0,4,0,1,11,85.0
2,pat12,5,108.0,101.72,97.5,1,0,1,11,10.0
2,pat12,6,108.0,101.75,97.5,4,0,1,11,20.0
2,pat12,7,108.5,101.72,97.5,4,0,1,11,15.0
2,pat12,8,108.0,101.74,97.5,4,0,1,11,60.0
2,pat12,9,108.0,101.72,97.5,4,0,1,11,35.0
2,pat12,10,108.0,101.69,97.5,5,0,1,2,100.0
2,pat12,11,108.0,101.73,97.5,5,0,1,2,100.0
2,pat12,12,108.0,101.71,97.5,4,0,1,11,100.0
2,pat12,13,108.5,101.7,97.5,5,0,1,2,75.0
2,pat12,14,108.0,101.71,98.0,4,0,1,11,85.0
2,pat12,15,108.0,101.7,97.5,4,0,1,11,35.0
2,pat12,16,108.0,101.7,97.5,4,0,1,11,60.0
2,pat12,17,108.0,101.74,97.5,4,0,1,11,60.0
2,pat12,18,108.0,101.69,97.5,5,0,1,2,35.0
2,pat12,19,108.0,101.72,98.0,5,0,1,2,5.0
2,pat12,20,108.0,101.75,97.5,4,0,1,11,75.0
2,pat13,1,108.5,101.81,97.5,5,0,1,2,25.0
2,pat13,2,109.0,101.84,97.5,5,0,1,2,65.0
2,pat13,3,108.5,101.88,98.0,1,0,1,2,65.0
2,pat13,4,108.5,101.89,97.5,5,0,1,2,25.0
2,pat13,5,109.0,101.9,97.5,1,0,1,11,95.0
2,pat13,6,108.5,101.94,97.5,5,0,1,2,25.0
2,pat13,7,108.5,101.89,97.5,4,0,1,11,95.0
2,pat13,8,108.5,101.92,97.5,1,0,1,11,65.0
2,pat13,9,108.5,101.93,98.0,1,0,1,2,95.0
2,pat13,10,108.5,101.9,98.0,1,0,1,11,35.0
2,pat13,11,109.0,101.96,97.5,1,0,1,2,95.0
2,pat13,12,109.0,101.97,97.5,1,0,1,2,35.0
2,pat13,13,108.5,101.96,97.5,1,0,1,2,95.0
2,pat13,14,108.5,101.96,98.0,1,0,1,2,95.0
2,pat13,15,108.5,101.95,97.5,5,0,1,2,65.0
2,pat13,16,108.5,101.96,98.0,5,0,1,2,65.0
2,pat13,17,108.5,101.95,98.0,1,0,1,11,100.0
2,pat13,18,109.0,101.97,98.0,1,0,1,11,5.0
2,pat13,19,108.5,101.93,98.0,1,0,1,11,10.0
2,pat13,20,108.5,101.95,98.0,1,0,1,11,65.0
2,pat14,1,109.0,101.93,97.5,4,0,1,11,40.0
2,pat14,2,109.0,101.9,98.0,1,0,1,11,80.0
2,pat14,3,109.0,101.9,97.5,1,0,1,11,50.0
2,pat14,4,109.5,101.9,98.0,5,0,1,11,70.0
2,pat14,5,109.0,101.84,97.5,4,0,1,11,90.0
2,pat14,6,109.0,101.86,97.5,1,0,1,11,30.0
2,pat14,7,109.0,101.85,97.5,5,0,1,2,100.0
2,pat14,8,109.5,101.85,98.0,1,0,1,11,15.0
2,pat14,9,109.0,101.82,97.5,5,0,1,2,60.0
2,pat14,10,109.0,101.81,97.5,4,0,1,11,50.0
2,pat14,11,109.0,101.82,97.5,1,0,1,11,20.0
2,pat14,12,109.0,101.86,98.0,1,0,1,2,35.0
2,pat14,13,109.0,101.79,97.5,1,0,1,2,60.0
2,pat14,14,109.0,101.85,97.5,5,0,1,2,10.0
2,pat14,15,109.0,101.83,98.0,1,0,1,2,65.0
2,pat14,16,109.0,101.81,97.5,1,0,1,2,25.0
2,pat14,17,108.5,101.8,97.5,1,0,1,2,5.0
2,pat14,18,109.0,101.82,97.5,1,0,1,11,75.0
2,pat14,19,109.0,101.8,98.0,1,0,1,2,95.0
2,pat14,20,109.0,101.8,97.0,4,0,1,11,85.0
2,pat15,1,108.0,101.79,98.0,5,0,1,2,25.0
2,pat15,2,108.0,101.84,97.5,1,0,1,2,60.0
2,pat15,3,108.0,101.82,97.5,4,0,1,11,100.0
2,pat15,4,108.0,101.86,98.0,1,0,1,11,80.0
2,pat15,5,108.0,101.82,98.0,5,0,1,2,90.0
2,pat15,6,108.0,101.89,97.5,1,0,1,11,85.0
2,pat15,7,108.0,101.88,98.0,4,0,1,11,35.0
2,pat15,8,108.0,101.91,98.0,1,0,1,11,50.0
2,pat15,9,108.0,101.9,98.0,1,0,1,2,10.0
2,pat15,10,108.0,101.91,98.0,4,0,1,11,35.0
2,pat15,11,108.0,101.93,98.0,4,0,1,11,45.0
2,pat15,12,108.0,101.94,98.0,4,0,1,11,75.0
2,pat15,13,108.0,101.94,98.0,1,0,1,11,60.0
2,pat15,14,108.0,101.96,98.0,4,0,1,11,15.0
2,pat15,15,108.0,101.97,98.0,1,0,1,11,40.0
2,pat15,16,108.0,101.89,97.5,4,0,1,11,5.0
2,pat15,17,108.0,101.94,97.5,1,0,1,2,100.0
2,pat15,18,108.0,101.97,98.0,1,0,1,11,70.0
2,pat15,19,108.0,101.92,98.0,4,0,1,11,65.0
2,pat15,20,108.0,101.92,97.5,4,0,1,11,20.0
2,pat16,1,108.5,101.89,98.0,1,0,1,11,100.0
2,pat16,2,108.5,101.88,98.0,4,0,1,11,55.0
2,pat16,3,108.0,101.86,97.5,4,0,1,11,55.0
2,pat16,4,108.5,101.86,98.0,4,0,1,11,85.0
2,pat16,5,108.0,101.81,98.0,1,0,1,11,85.0
2,pat16,6,108.0,101.85,97.5,4,0,1,11,5.0
2,pat16,7,108.0,101.78,97.5,1,0,1,11,60.0
2,pat16,8,108.5,101.81,97.5,4,0,1,11,30.0
2,pat16,9,108.0,101.78,98.0,4,0,1,11,20.0
2,pat16,10,108.0,101.76,97.5,1,0,1,11,55.0
2,pat16,11,108.5,101.77,98.0,1,0,1,11,85.0
2,pat16,12,108.5,101.8,98.0,4,0,1,11,20.0
2,pat16,13,108.0,101.76,97.5,1,0,1,11,55.0
2,pat16,14,108.0,101.74,97.5,1,0,1,11,30.0
2,pat16,15,108.0,101.76,97.5,1,0,1,11,55.0
2,pat16,16,108.0,101.75,97.5,1,0,1,11,20.0
2,pat16,17,108.5,101.73,97.5,5,0,1,2,90.0
2,pat16,18,108.5,101.72,97.5,4,0,1,11,85.0
2,pat16,19,108.0,101.78,97.5,4,0,1,11,95.0
2,pat16,20,108.0,101.77,97.5,4,0,1,11,85.0
2,pat17,1,108.5,101.9,98.0,4,0,1,11,50.0
2,pat17,2,108.5,102.02,97.5,4,0,1,11,95.0
2,pat17,3,108.5,102.08,98.0,5,0,1,2,95.0
2,pat17,4,108.5,102.09,97.5,4,0,1,11,55.0
2,pat17,5,108.5,102.15,98.0,4,0,1,11,35.0
2,pat17,6,108.5,102.13,98.0,4,0,1,11,25.0
2,pat17,7,108.5,102.14,98.0,4,0,1,11,15.0
2,pat17,8,108.5,102.19,98.0,4,0,1,11,5.0
2,pat17,9,108.5,102.22,98.0,4,0,1,11,25.0
2,pat17,10,108.5,102.22,98.0,4,0,1,11,40.0
2,pat17,11,108.5,102.21,98.0,4,0,1,11,100.0
2,pat17,12,108.5,102.19,98.0,4,0,1,11,45.0
2,pat17,13,108.5,102.2,98.0,5,0,1,2,65.0
2,pat17,14,108.5,102.21,98.0,4,0,1,11,65.0
2,pat17,15,108.5,102.19,98.0,4,0,1,11,70.0
2,pat17,16,108.5,102.2,98.0,4,0,1,11,30.0
2,pat17,17,108.5,102.19,98.0,5,0,1,2,95.0
2,pat17,18,108.5,102.22,97.5,4,0,1,11,95.0
2,pat17,19,108.5,102.19,98.0,4,0,1,11,10.0
2,pat17,20,108.5,102.18,98.0,4,0,1,11,95.0
2,pat18,1,108.5,102.04,98.0,1,0,1,11,30.0
2,pat18,2,109.0,101.95,97.5,5,0,1,2,20.0
2,pat18,3,108.5,101.94,97.5,5,0,1,2,90.0
2,pat18,4,108.5,101.92,98.0,4,0,1,11,25.0
2,pat18,5,108.5,101.87,97.5,1,0,1,11,60.0
2,pat18,6,108.0,101.86,97.5,4,0,1,11,60.0
2,pat18,7,108.5,101.82,97.5,5,0,1,2,75.0
2,pat18,8,108.0,101.84,98.0,4,0,1,11,95.0
2,pat18,9,108.0,101.8,97.5,4,0,1,11,85.0
2,pat18,10,108.5,101.81,97.5,1,0,1,11,75.0
2,pat18,11,108.5,101.78,97.5,5,0,1,2,60.0
2,pat18,12,108.5,101.77,98.0,4,0,1,11,60.0
2,pat18,13,108.5,101.78,97.5,4,0,1,11,85.0
2,pat18,14,108.5,101.8,98.0,5,0,1,2,40.0
2,pat18,15,108.5,101.79,97.5,5,0,1,2,100.0
2,pat18,16,109.0,101.81,97.5,5,0,1,2,75.0
2,pat18,17,108.5,101.78,98.0,4,0,1,11,10.0
2,pat18,18,108.5,101.81,97.5,5,0,1,2,35.0
2,pat18,19,108.0,101.79,98.0,1,0,1,2,10.0
2,pat18,20,108.5,101.8,98.0,5,0,1,2,20.0
2,pat19,1,108.5,101.73,97.5,1,0,1,11,55.0
2,pat19,2,109.0,101.74,98.0,1,0,1,11,20.0
2,pat19,3,109.0,101.75,97.5,1,0,1,11,30.0
2,pat19,4,109.0,101.72,98.0,1,0,1,11,60.0
2,pat19,5,108.5,101.77,98.0,1,0,1,2,95.0
2,pat19,6,109.0,101.79,97.5,4,0,1,11,85.0
2,pat19,7,109.0,101.78,97.5,1,0,1,11,5.0
2,pat19,8,109.5,101.8,97.5,1,0,1,11,40.0
2,pat19,9,109.0,101.83,98.0,1,0,1,11,95.0
2,pat19,10,108.5,101.81,97.5,1,0,1,2,100.0
2,pat19,11,109.0,101.85,98.0,1,0,1,11,70.0
2,pat19,12,109.0,101.84,98.0,1,0,1,11,75.0
2,pat19,13,109.0,101.86,98.0,1,0,1,2,70.0
2,pat19,14,108.5,101.86,98.0,1,0,1,2,30.0
2,pat19,15,109.0,101.84,98.0,1,0,1,11,40.0
2,pat19,16,109.0,101.87,98.0,1,0,1,2,20.0
2,pat19,17,109.0,101.9,98.0,1,0,1,11,80.0
2,pat19,18,108.5,101.63,97.5,1,0,1,11,55.0
2,pat19,19,108.5,101.7,97.5,20,2,1,11,55.0
2,pat19,20,109.0,101.73,97.5,1,0,1,2,20.0
2,pat20,1,108.5,101.84,98.0,1,0,1,2,5.0
2,pat20,2,108.5,101.89,97.5,1,0,1,11,75.0
2,pat20,3,108.5,101.88,98.0,4,0,1,11,40.0
2,pat20,4,108.5,101.89,97.5,4,0,1,11,40.0
2,pat20,5,108.5,101.89,97.5,4,0,1,11,40.0
2,pat20,6,108.5,101.89,98.0,4,0,1,11,80.0
2,pat20,7,108.5,101.9,97.5,4,0,1,11,75.0
2,pat20,8,108.0,101.87,97.5,1,0,1,11,95.0
2,pat20,9,108.0,101.56,97.5,4,0,1,11,15.0
2,pat20,10,108.5,101.72,97.5,4,0,1,11,20.0
2,pat20,11,108.0,101.74,97.5,4,0,1,11,55.0
2,pat20,12,108.0,101.79,97.5,4,0,1,11,10.0
2,pat20,13,108.5,101.8,97.5,5,0,1,2,100.0
2,pat20,14,108.0,101.79,97.5,1,0,1,11,90.0
2,pat20,15,108.5,101.81,98.0,4,0,1,11,25.0
2,pat20,16,108.5,101.85,97.5,4,0,1,11,75.0
2,pat20,17,108.5,101.85,97.5,1,0,1,2,55.0
2,pat20,18,108.5,101.82,97.5,4,0,1,11,55.0
2,pat20,19,108.5,101.82,97.5,1,0,1,11,90.0
2,pat20,20,108.5,101.82,97.5,4,0,1,11,75.0
2,pat21,1,108.5,101.83,98.0,1,0,1,11,70.0
2,pat21,2,109.0,101.87,97.5,5,0,1,2,85.0
2,pat21,3,108.5,101.65,97.5,4,0,1,11,10.0
2,pat21,4,109.0,101.78,97.5,4,0,1,11,55.0
2,pat21,5,109.0,101.83,97.5,1,0,1,11,95.0
2,pat21,6,108.5,101.88,97.5,1,0,1,2,25.0
2,pat21,7,109.0,101.88,98.0,5,0,1,2,85.0
2,pat21,8,109.0,101.91,98.0,4,0,1,11,35.0
2,pat21,9,109.0,101.91,98.0,1,0,1,2,65.0
2,pat21,10,109.5,101.92,98.0,5,0,1,11,55.0
2,pat21,11,109.5,101.93,98.0,1,0,1,11,25.0
2,pat21,12,108.5,101.93,97.5,1,0,1,11,100.0
2,pat21,13,109.0,101.94,97.5,1,0,1,2,10.0
2,pat21,14,109.0,101.96,98.0,1,0,1,2,65.0
2,pat21,15,109.0,101.95,97.5,1,0,1,11,95.0
2,pat21,16,109.0,101.93,97.5,1,0,1,11,35.0
2,pat21,17,108.5,101.61,97.5,5,0,1,2,55.0
2,pat21,18,109.0,101.76,98.0,1,0,1,11,55.0
2,pat21,19,108.5,101.76,97.5,1,0,1,11,25.0
2,pat21,20,109.0,101.78,98.0,1,0,1,11,75.0
2,pat22,1,108.0,101.57,98.0,1,0,1,11,70.0
2,pat22,2,108.5,101.52,98.0,1,0,1,11,50.0
2,pat22,3,108.0,101.52,97.0,4,0,1,11,65.0
2,pat22,4,108.5,101.55,97.5,5,0,1,2,30.0
2,pat22,5,108.0,101.53,98.0,1,0,1,11,20.0
2,pat22,6,108.0,101.51,98.0,4,0,1,11,35.0
2,pat22,7,108.5,101.51,97.0,5,0,1,2,10.0
2,pat22,8,108.0,101.49,97.5,4,0,1,11,80.0
2,pat22,9,108.0,101.51,97.5,1,0,1,11,90.0
2,pat22,10,108.0,101.51,97.5,5,0,1,2,50.0
2,pat22,11,108.0,101.51,97.0,5,0,1,2,80.0
2,pat22,12,107.5,101.51,97.5,1,0,1,11,10.0
2,pat22,13,108.5,101.53,97.5,1,0,1,11,100.0
2,pat22,14,108.0,101.5,97.5,5,0,1,2,40.0
2,pat22,15,108.0,101.53,97.5,1,0,1,11,100.0
2,pat22,16,108.5,101.54,97.5,5,0,1,2,55.0
2,pat22,17,108.0,101.56,97.5,5,0,1,2,65.0
2,pat22,18,108.0,101.54,97.5,5,0,1,2,20.0
2,pat22,19,108.0,101.55,97.5,5,0,1,2,85.0
2,pat22,20,108.5,101.58,97.0,1,0,1,11,25.0
2,pat23,1,108.0,101.9,97.5,1,0,1,3,75.0
2,pat23,2,108.0,101.98,97.5,1,0,1,11,15.0
2,pat23,3,108.5,101.98,97.5,5,0,1,2,85.0
2,pat23,4,108.5,101.99,98.0,5,0,0,3,35.0
2,pat23,5,108.5,102.03,98.0,4,0,1,11,55.0
2,pat23,6,108.5,102.03,97.5,5,0,1,2,75.0
2,pat23,7,108.5,102.02,98.0,5,0,0,3,35.0
2,pat23,8,108.5,102.07,98.0,5,0,1,2,15.0
2,pat23,9,108.5,102.05,97.5,5,0,0,3,5.0
2,pat23,10,108.5,102.08,97.5,5,0,0,3,60.0
2,pat23,11,108.5,102.07,97.5,5,0,1,2,95.0
2,pat23,12,108.5,102.06,98.0,4,0,1,11,50.0
2,pat23,13,108.5,102.06,98.0,5,0,0,3,95.0
2,pat23,14,108.5,102.09,98.0,4,0,1,11,35.0
2,pat23,15,108.5,102.07,97.5,5,0,0,3,35.0
2,pat23,16,108.5,102.04,98.0,1,0,1,3,100.0
2,pat23,17,108.5,102.04,97.5,5,0,0,3,50.0
2,pat23,18,109.0,102.09,98.0,5,0,0,3,50.0
2,pat23,19,108.5,102.05,98.0,1,0,1,3,75.0
2,pat23,20,108.5,102.03,98.0,4,0,1,11,85.0
2,pat24,1,109.0,101.78,98.0,4,0,1,11,75.0
2,pat24,2,109.0,101.83,98.0,1,0,1,11,100.0
2,pat24,3,109.0,101.79,98.0,1,0,1,11,30.0
2,pat24,4,109.0,101.74,97.5,1,0,1,11,15.0
2,pat24,5,108.5,101.73,98.0,4,0,1,11,55.0
2,pat24,6,108.5,101.7,97.5,5,0,1,2,50.0
2,pat24,7,108.5,101.7,98.0,1,0,1,11,90.0
2,pat24,8,109.0,101.67,97.5,1,0,1,11,100.0
2,pat24,9,108.5,101.67,97.5,1,0,1,11,5.0
2,pat24,10,109.0,101.66,97.5,1,0,1,11,75.0
2,pat24,11,109.0,101.68,97.5,1,0,1,11,50.0
2,pat24,12,108.5,101.63,97.5,1,0,1,11,75.0
2,pat24,13,109.0,101.67,97.5,5,0,1,11,20.0
2,pat24,14,108.5,101.67,97.5,1,0,1,11,80.0
2,pat24,15,109.0,101.68,98.0,1,0,1,11,30.0
2,pat24,16,109.0,101.68,97.5,1,0,1,11,50.0
2,pat24,17,108.5,101.69,98.0,1,0,1,11,90.0
2,pat24,18,108.5,101.67,98.0,1,0,1,11,50.0
2,pat24,19,109.0,101.7,98.0,1,0,1,11,75.0
2,pat24,20,109.0,101.71,98.0,5,0,1,11,15.0
2,pat25,1,109.0,101.74,97.5,1,0,1,11,75.0
2,pat25,2,109.0,101.76,98.0,4,0,1,11,10.0
2,pat25,3,109.0,101.79,98.0,1,0,1,11,70.0
2,pat25,4,109.5,101.8,97.5,1,0,1,11,95.0
2,pat25,5,109.0,101.8,98.0,4,0,1,11,45.0
2,pat25,6,109.0,101.86,98.0,1,0,1,2,55.0
2,pat25,7,109.0,101.83,98.0,1,0,1,11,20.0
2,pat25,8,109.0,101.86,98.0,4,0,1,11,60.0
2,pat25,9,109.5,101.89,98.0,1,0,1,11,35.0
2,pat25,10,109.0,101.88,98.0,4,0,1,11,80.0
2,pat25,11,109.5,101.89,98.0,5,0,1,11,30.0
2,pat25,12,109.0,101.91,98.0,1,0,1,2,85.0
2,pat25,13,109.0,101.88,98.0,1,0,1,11,5.0
2,pat25,14,109.0,101.89,98.0,1,0,1,2,50.0
2,pat25,15,109.0,101.93,98.0,1,0,1,11,70.0
2,pat25,16,109.0,101.94,97.5,1,0,1,11,45.0
2,pat25,17,109.0,101.93,98.0,4,0,1,11,100.0
2,pat25,18,109.0,101.94,98.0,1,0,1,2,20.0
2,pat25,19,109.0,101.91,97.5,4,0,1,11,95.0
2,pat25,20,109.0,101.93,98.0,0,0,1,11,30.0
2,pat26,1,109.0,101.89,98.0,1,0,1,11,75.0
2,pat26,2,109.0,101.88,98.0,1,0,1,11,5.0
2,pat26,3,109.0,101.88,98.0,5,0,1,2,40.0
2,pat26,4,109.0,101.88,97.5,4,0,1,11,85.0
2,pat26,5,108.5,101.85,97.5,4,0,1,11,75.0
2,pat26,6,108.5,101.86,97.5,1,0,1,11,60.0
2,pat26,7,108.5,101.82,98.0,1,0,1,11,75.0
2,pat26,8,108.5,101.85,97.5,1,0,1,11,35.0
2,pat26,9,108.5,101.84,97.5,1,0,1,11,95.0
2,pat26,10,109.0,101.82,98.0,1,0,1,11,60.0
2,pat26,11,109.0,101.82,97.5,4,0,1,11,45.0
2,pat26,12,109.0,101.81,98.0,1,0,1,11,10.0
2,pat26,13,109.0,101.79,97.5,4,0,1,11,100.0
2,pat26,14,108.5,101.78,98.0,1,0,1,11,20.0
2,pat26,15,109.0,101.77,97.5,4,0,1,11,80.0
2,pat26,16,108.5,101.81,98.0,1,0,1,11,20.0
2,pat26,17,109.0,101.74,97.5,1,0,1,11,95.0
2,pat26,18,108.5,101.75,97.5,1,0,1,11,60.0
2,pat26,19,108.5,101.75,98.0,4,0,1,11,30.0
2,pat26,20,108.5,101.77,98.0,1,0,1,11,30.0
2,pat27,1,108.0,101.76,97.5,4,0,1,11,20.0
2,pat27,2,109.0,101.78,98.0,1,0,1,11,40.0
2,pat27,3,109.0,101.81,97.5,1,0,1,11,80.0
2,pat27,4,108.5,101.83,98.0,5,0,1,2,35.0
2,pat27,5,108.5,101.85,98.0,1,0,1,11,5.0
2,pat27,6,108.5,101.83,98.0,4,0,1,11,55.0
2,pat27,7,108.5,101.84,98.0,4,0,1,11,90.0
2,pat27,8,108.5,101.85,97.5,1,0,1,2,25.0
2,pat27,9,109.0,101.87,98.0,1,0,1,11,15.0
2,pat27,10,108.5,101.86,98.0,1,0,1,11,60.0
2,pat27,11,109.0,101.87,97.5,1,0,1,11,30.0
2,pat27,12,108.5,101.88,97.5,1,0,1,2,100.0
2,pat27,13,109.0,101.88,97.5,1,0,1,2,15.0
2,pat27,14,109.0,101.89,97.5,5,0,1,2,55.0
2,pat27,15,108.5,101.91,98.0,1,0,1,11,75.0
2,pat27,16,108.5,101.91,98.0,4,0,1,11,95.0
2,pat27,17,108.5,101.93,97.5,4,0,1,11,45.0
2,pat27,18,108.5,101.92,98.0,1,0,1,11,70.0
2,pat27,19,109.0,101.89,97.5,4,0,1,11,90.0
2,pat27,20,108.5,101.93,98.0,4,0,1,11,70.0
2,pat28,1,109.0,102.02,98.0,1,0,1,11,45.0
2,pat28,2,109.0,102.06,97.5,1,0,1,11,85.0
2,pat28,3,109.0,102.05,97.5,1,0,1,11,95.0
2,pat28,4,108.5,102.02,98.0,1,0,1,11,75.0
2,pat28,5,109.5,102.06,98.0,5,0,1,11,20.0
2,pat28,6,109.0,102.05,97.5,4,0,1,11,100.0
2,pat28,7,109.0,102.02,97.5,4,0,1,11,75.0
2,pat28,8,109.0,102.06,98.0,1,0,1,11,60.0
2,pat28,9,108.5,102.02,97.5,4,0,1,11,90.0
2,pat28,10,109.0,102.04,98.0,4,0,1,11,10.0
2,pat28,11,109.0,102.03,97.5,4,0,1,11,35.0
2,pat28,12,108.5,101.99,97.5,1,0,1,11,20.0
2,pat28,13,108.5,101.98,97.5,1,0,1,11,5.0
2,pat28,14,109.0,102.01,97.5,1,0,1,11,25.0
2,pat28,15,109.0,101.98,97.5,4,0,1,11,75.0
2,pat28,16,109.0,101.96,98.0,4,0,1,11,45.0
2,pat28,17,108.5,101.97,97.5,1,0,1,11,30.0
2,pat28,18,109.0,101.99,97.5,1,0,1,11,85.0
2,pat28,19,109.0,101.96,97.5,1,0,1,11,60.0
2,pat28,20,109.0,101.96,97.5,4,0,1,11,60.0
2,pat29,1,109.0,101.92,97.5,4,0,1,11,40.0
2,pat29,2,108.5,101.95,98.0,4,0,1,11,40.0
2,pat29,3,108.5,101.95,97.5,1,0,1,11,85.0
2,pat29,4,108.5,101.97,97.5,4,0,1,11,65.0
2,pat29,5,108.5,101.69,97.5,4,0,1,11,10.0
2,pat29,6,108.5,101.85,97.5,4,0,1,11,5.0
2,pat29,7,108.5,101.88,97.5,4,0,1,11,70.0
2,pat29,8,108.5,101.91,97.5,4,0,1,11,40.0
2,pat29,9,108.5,101.96,98.0,1,0,1,11,65.0
2,pat29,10,108.5,101.97,98.0,1,0,1,11,25.0
2,pat29,11,108.5,102.0,97.5,1,0,1,2,65.0
2,pat29,12,109.0,102.01,98.0,5,0,1,2,95.0
2,pat29,13,109.0,102.06,98.0,4,0,1,11,75.0
2,pat29,14,108.5,102.07,98.0,4,0,1,11,15.0
2,pat29,15,109.0,102.06,98.0,1,0,1,11,85.0
2,pat29,16,108.5,102.06,98.0,4,0,1,11,65.0
2,pat29,17,109.0,102.09,98.0,1,0,1,2,90.0
2,pat29,18,108.5,102.08,98.0,1,0,1,2,25.0
2,pat29,19,109.0,102.1,98.0,4,0,1,11,65.0
2,pat29,20,109.0,102.1,97.5,1,0,1,11,100.0
2,pat30,1,108.5,101.84,97.5,4,0,1,11,30.0
2,pat30,2,108.5,101.81,98.0,4,0,1,11,80.0
2,pat30,3,108.5,101.79,98.0,4,0,1,11,10.0
2,pat30,4,108.5,101.79,97.5,4,0,1,11,100.0
2,pat30,5,108.5,101.77,98.0,1,0,1,11,90.0
2,pat30,6,108.5,101.73,98.0,1,0,1,11,80.0
2,pat30,7,108.5,101.72,98.0,4,0,1,11,80.0
2,pat30,8,108.5,101.77,97.5,4,0,1,11,80.0
2,pat30,9,108.5,101.73,98.0,4,0,1,11,80.0
2,pat30,10,108.0,101.73,97.5,4,0,1,11,30.0
2,pat30,11,108.5,101.72,97.5,1,0,1,11,90.0
2,pat30,12,108.5,101.71,97.5,4,0,1,11,30.0
2,pat30,13,108.5,101.71,97.5,1,0,1,11,30.0
2,pat30,14,108.0,101.65,97.5,4,0,1,11,45.0
2,pat30,15,108.0,101.71,97.5,4,0,1,11,45.0
2,pat30,16,108.5,101.68,97.5,1,0,1,11,80.0
2,pat30,17,108.5,101.67,97.5,1,0,1,11,45.0
2,pat30,18,108.0,101.64,97.5,4,0,1,11,95.0
2,pat30,19,108.5,101.66,97.5,1,0,1,11,80.0
2,pat30,20,108.0,101.64,97.5,1,0,1,11,10.0
2,pat31,1,108.0,101.73,97.5,5,0,1,2,20.0
2,pat31,2,108.0,101.72,97.5,4,0,1,11,50.0
2,pat31,3,108.0,101.69,98.0,4,0,1,11,35.0
2,pat31,4,108.0,101.74,98.0,4,0,1,11,20.0
2,pat31,5,108.0,101.72,97.5,4,0,1,11,25.0
2,pat31,6,108.0,101.71,97.5,1,0,1,2,65.0
2,pat31,7,108.0,101.72,98.0,4,0,1,11,80.0
2,pat31,8,108.0,101.73,97.5,5,0,1,2,50.0
2,pat31,9,108.0,101.74,97.5,5,0,1,2,90.0
2,pat31,10,108.0,101.53,97.5,4,0,1,11,35.0
2,pat31,11,108.0,101.64,98.0,4,0,1,11,50.0
2,pat31,12,108.0,101.7,97.5,5,0,1,2,20.0
2,pat31,13,108.0,101.75,98.0,4,0,1,11,80.0
2,pat31,14,108.0,101.75,97.5,5,0,1,2,55.0
2,pat31,15,108.0,101.77,98.0,4,0,1,11,65.0
2,pat31,16,108.0,101.82,98.0,1,0,1,11,90.0
2,pat31,17,108.5,101.81,98.0,5,0,1,2,100.0
2,pat31,18,108.5,101.84,98.0,5,0,1,2,95.0
2,pat31,19,108.0,101.83,98.0,4,0,1,11,20.0
2,pat31,20,108.5,101.85,98.0,4,0,1,11,80.0
2,pat32,1,108.5,101.78,98.0,1,0,1,11,50.0
2,pat32,2,108.5,101.83,98.0,1,0,1,11,80.0
2,pat32,3,108.5,101.87,98.0,1,0,1,11,50.0
2,pat32,4,109.0,101.87,98.0,1,0,1,11,70.0
2,pat32,5,108.5,101.85,98.0,4,0,1,11,50.0
2,pat32,6,108.5,101.84,98.0,1,0,1,11,95.0
2,pat32,7,108.5,101.84,97.5,4,0,1,11,95.0
2,pat32,8,108.5,101.83,97.5,1,0,1,11,95.0
2,pat32,9,109.0,101.85,98.0,1,0,1,11,20.0
2,pat32,10,108.0,101.83,98.0,4,0,1,11,100.0
2,pat32,11,108.5,101.81,98.0,1,0,1,11,80.0
2,pat32,12,108.5,101.78,97.5,4,0,1,11,20.0
2,pat32,13,108.5,101.76,98.0,1,0,1,11,20.0
2,pat32,14,109.0,101.75,98.0,5,0,1,2,70.0
2,pat32,15,109.0,101.74,97.5,1,0,1,11,70.0
2,pat32,16,108.5,101.7,97.5,1,0,1,11,70.0
2,pat32,17,108.5,101.73,98.0,4,0,1,11,35.0
2,pat32,18,108.5,101.72,97.5,4,0,1,11,20.0
2,pat32,19,109.0,101.69,98.0,4,0,1,11,30.0
2,pat32,20,108.5,101.68,97.5,1,0,1,11,30.0
2,pat33,1,108.0,101.63,98.0,1,0,1,11,55.0
2,pat33,2,108.0,101.61,97.5,4,0,1,11,25.0
2,pat33,3,108.0,101.6,97.5,4,0,1,11,20.0
2,pat33,4,108.0,101.6,97.5,4,0,1,11,5.0
2,pat33,5,108.0,101.62,97.5,5,0,1,2,85.0
2,pat33,6,108.0,101.61,98.0,4,0,1,11,30.0
2,pat33,7,108.5,101.59,98.0,4,0,1,11,85.0
2,pat33,8,108.0,101.59,98.0,4,0,1,11,60.0
2,pat33,9,108.0,101.61,98.0,4,0,1,11,20.0
2,pat33,10,108.0,101.64,97.5,4,0,1,11,65.0
2,pat33,11,108.0,101.69,98.0,1,0,1,11,45.0
2,pat33,12,108.0,101.69,98.0,1,0,1,11,90.0
2,pat33,13,108.0,101.69,98.0,4,0,1,11,100.0
2,pat33,14,108.5,101.72,98.0,4,0,1,11,35.0
2,pat33,15,108.5,101.69,97.5,4,0,1,11,50.0
2,pat33,16,108.0,101.7,97.5,4,0,1,11,40.0
2,pat33,17,108.0,101.7,98.0,1,0,1,2,70.0
2,pat33,18,108.5,101.75,98.0,4,0,1,11,20.0
2,pat33,19,109.0,101.72,97.5,1,0,1,11,95.0
2,pat33,20,108.5,101.76,97.5,4,0,1,11,85.0
2,pat34,1,108.5,101.81,98.0,5,0,1,2,45.0
2,pat34,2,108.0,101.86,98.0,1,0,1,2,30.0
2,pat34,3,108.5,101.9,98.0,4,0,1,11,75.0
2,pat34,4,108.5,101.9,98.0,5,0,1,2,80.0
2,pat34,5,108.5,101.89,98.0,4,0,1,11,30.0
2,pat34,6,109.0,101.91,98.0,1,0,1,2,95.0
2,pat34,7,108.5,101.92,98.0,4,0,1,11,45.0
2,pat34,8,109.0,101.91,98.0,5,0,1,2,5.0
2,pat34,9,108.5,101.92,98.0,5,0,1,2,15.0
2,pat34,10,108.5,101.92,98.0,4,0,1,11,20.0
2,pat34,11,108.5,101.94,98.0,4,0,1,11,90.0
2,pat34,12,108.5,101.91,98.0,1,0,1,2,55.0
2,pat34,13,108.0,101.94,98.0,1,0,1,2,65.0
2,pat34,14,108.5,101.89,98.0,4,0,1,11,100.0
2,pat34,15,108.5,101.88,98.0,4,0,1,11,60.0
2,pat34,16,108.5,101.85,98.0,1,0,1,11,55.0
2,pat34,17,108.0,101.88,98.0,4,0,1,11,15.0
2,pat34,18,108.0,101.82,98.0,1,0,1,2,85.0
2,pat34,19,108.0,101.85,97.5,4,0,1,11,45.0
2,pat34,20,108.5,101.81,98.0,5,0,1,2,70.0
2,pat35,1,108.0,101.74,98.0,4,0,1,11,20.0
2,pat35,2,107.5,101.72,98.0,4,0,1,11,95.0
2,pat35,3,108.0,101.79,98.0,4,0,1,11,65.0
2,pat35,4,108.0,101.71,97.5,4,0,1,11,75.0
2,pat35,5,108.0,101.74,97.5,4,0,1,11,50.0
2,pat35,6,108.5,101.71,97.5,4,0,1,11,15.0
2,pat35,7,108.0,101.75,97.5,4,0,1,11,35.0
2,pat35,8,108.0,101.68,98.0,4,0,1,11,95.0
2,pat35,9,108.0,101.67,98.0,4,0,1,11,75.0
2,pat35,10,108.0,101.69,97.5,1,0,1,11,50.0
2,pat35,11,108.0,101.71,98.0,4,0,1,11,50.0
2,pat35,12,108.0,101.71,98.0,17,2,1,2,10.0
2,pat35,13,108.0,101.7,97.5,4,0,1,11,30.0
2,pat35,14,108.0,101.72,98.0,4,0,1,11,100.0
2,pat35,15,108.5,101.73,97.5,4,0,1,11,5.0
2,pat35,16,108.0,101.78,98.0,4,0,1,11,65.0
2,pat35,17,108.0,101.77,97.5,4,0,1,11,65.0
2,pat35,18,108.0,101.78,98.0,4,0,1,11,85.0
2,pat35,19,108.0,101.77,97.5,1,0,1,11,85.0
2,pat35,20,108.5,101.8,98.0,4,0,1,11,30.0
2,pat36,1,107.5,101.52,98.0,5,0,1,2,90.0
2,pat36,2,107.5,101.51,98.0,5,0,1,2,20.0
2,pat36,3,107.5,101.52,98.0,5,0,1,2,100.0
2,pat36,4,107.5,101.49,98.0,5,0,1,2,10.0
2,pat36,5,107.5,101.5,97.5,17,2,1,2,35.0
2,pat36,6,107.5,101.51,98.0,5,0,1,2,70.0
2,pat36,7,107.5,101.54,97.5,5,0,1,2,15.0
2,pat36,8,107.5,101.52,98.0,1,0,1,2,85.0
2,pat36,9,108.0,101.51,98.0,5,0,1,2,70.0
2,pat36,10,107.5,101.53,98.0,5,0,1,2,100.0
2,pat36,11,107.5,101.48,98.0,5,0,1,2,70.0
2,pat36,12,107.5,101.58,98.0,5,0,1,2,10.0
2,pat36,13,107.5,101.35,98.0,5,0,1,2,40.0
2,pat36,14,107.0,101.41,97.5,5,0,1,2,75.0
2,pat36,15,107.5,101.47,97.5,5,0,1,2,85.0
2,pat36,16,107.5,101.52,98.0,5,0,1,2,50.0
2,pat36,17,108.0,101.51,97.5,5,0,1,2,30.0
2,pat36,18,108.0,101.52,97.5,5,0,1,2,30.0
2,pat36,19,107.5,101.53,98.0,5,0,1,2,55.0
2,pat36,20,108.0,101.54,98.0,5,0,1,2,50.0
2,pat37,1,109.0,101.83,97.5,1,0,1,11,65.0
2,pat37,2,109.0,101.87,98.0,4,0,1,11,20.0
2,pat37,3,109.5,101.9,98.0,1,0,1,11,95.0
2,pat37,4,109.0,101.91,97.5,1,0,1,11,65.0
2,pat37,5,108.5,101.88,97.5,1,0,1,11,45.0
2,pat37,6,109.0,101.89,98.0,5,0,1,2,85.0
2,pat37,7,109.0,101.92,98.0,1,0,1,11,100.0
2,pat37,8,109.0,101.91,97.5,5,0,1,2,85.0
2,pat37,9,109.0,101.86,97.5,1,0,1,11,15.0
2,pat37,10,109.0,101.89,98.0,4,0,1,11,5.0
2,pat37,11,109.0,101.92,98.0,4,0,1,11,85.0
2,pat37,12,109.0,101.88,98.0,4,0,1,11,65.0
2,pat37,13,109.0,101.91,98.0,1,0,1,2,65.0
2,pat37,14,109.5,101.89,98.0,5,0,1,11,85.0
2,pat37,15,108.5,101.87,97.5,1,0,1,11,25.0
2,pat37,16,108.5,101.84,98.0,1,0,1,11,10.0
2,pat37,17,108.5,101.86,98.0,1,0,1,2,45.0
2,pat37,18,108.5,101.88,97.5,1,0,1,2,90.0
2,pat37,19,108.5,101.88,98.0,1,0,1,11,45.0
2,pat37,20,109.0,101.84,97.5,1,0,1,11,45.0
2,pat38,1,108.5,101.76,97.5,5,0,1,2,100.0
2,pat38,2,108.5,101.77,98.0,4,0,1,11,35.0
2,pat38,3,108.0,101.78,97.5,4,0,1,11,95.0
2,pat38,4,108.0,101.85,98.0,5,0,1,2,50.0
2,pat38,5,108.0,101.77,98.0,4,0,1,11,90.0
2,pat38,6,108.0,101.77,97.5,4,0,1,11,10.0
2,pat38,7,108.0,101.77,98.0,4,0,1,11,30.0
2,pat38,8,108.5,101.81,97.5,5,0,1,2,5.0
2,pat38,9,108.0,101.83,97.5,4,0,1,11,70.0
2,pat38,10,108.0,101.79,97.5,4,0,1,11,20.0
2,pat38,11,108.0,101.83,98.0,4,0,1,11,60.0
2,pat38,12,108.5,101.86,98.0,4,0,1,11,70.0
2,pat38,13,108.0,101.85,98.0,4,0,1,11,80.0
2,pat38,14,108.0,101.84,97.5,4,0,1,11,30.0
2,pat38,15,108.0,101.84,98.0,4,0,1,11,55.0
2,pat38,16,108.0,101.86,98.0,4,0,1,11,50.0
2,pat38,17,108.0,101.85,98.0,5,0,1,2,90.0
2,pat38,18,108.0,101.84,98.0,4,0,1,11,80.0
2,pat38,19,108.5,101.9,98.0,4,0,1,11,20.0
2,pat38,20,108.0,101.87,98.0,4,0,1,11,50.0
2,pat39,1,109.0,101.98,98.0,4,0,1,11,75.0
2,pat39,2,109.0,102.03,98.0,1,0,1,2,60.0
2,pat39,3,109.0,102.03,98.0,4,0,1,11,95.0
2,pat39,4,109.0,102.01,98.0,5,0,1,11,75.0
2,pat39,5,109.0,102.03,98.0,4,0,1,11,30.0
2,pat39,6,109.5,102.05,98.0,4,0,1,11,30.0
2,pat39,7,110.0,102.02,97.5,5,0,1,11,60.0
2,pat39,8,109.0,102.05,97.5,1,0,1,11,60.0
2,pat39,9,109.0,102.1,98.0,4,0,1,11,40.0
2,pat39,10,109.0,102.08,98.0,1,0,1,11,95.0
2,pat39,11,109.0,102.07,98.0,1,0,1,11,95.0
2,pat39,12,109.5,102.06,98.0,4,0,1,11,100.0
2,pat39,13,109.5,102.08,98.0,4,0,1,11,5.0
2,pat39,14,109.0,102.03,98.0,4,0,1,11,10.0
2,pat39,15,109.0,102.01,98.0,4,0,1,11,40.0
2,pat39,16,109.0,102.06,98.0,4,0,1,11,30.0
2,pat39,17,109.0,102.05,97.5,1,0,1,11,30.0
2,pat39,18,109.0,102.04,98.0,4,0,1,11,65.0
2,pat39,19,109.0,102.06,98.0,4,0,1,11,95.0
2,pat39,20,109.0,102.08,98.0,5,0,1,2,45.0
2,pat40,1,109.5,102.09,98.0,20,2,1,11,15.0
2,pat40,2,109.0,102.11,98.0,4,0,1,11,45.0
2,pat40,3,109.0,102.12,98.0,4,0,1,11,95.0
2,pat40,4,109.0,102.11,98.0,1,0,1,11,45.0
2,pat40,5,109.0,102.11,98.0,1,0,1,11,60.0
2,pat40,6,109.0,102.14,98.0,4,0,1,11,5.0
2,pat40,7,109.0,102.13,97.5,4,0,1,11,60.0
2,pat40,8,109.0,102.07,97.5,4,0,1,11,85.0
2,pat40,9,109.0,102.12,97.5,1,0,1,11,85.0
2,pat40,10,109.5,102.12,97.5,1,0,1,11,30.0
2,pat40,11,109.0,102.11,98.0,1,0,1,11,75.0
2,pat40,12,109.0,102.16,98.0,4,0,1,11,95.0
2,pat40,13,109.0,102.12,97.5,4,0,1,11,75.0
2,pat40,14,109.0,102.1,98.0,4,0,1,11,75.0
2,pat40,15,109.0,102.13,97.5,4,0,1,11,60.0
2,pat40,16,109.5,102.13,98.0,5,0,1,11,30.0
2,pat40,17,109.0,102.14,98.0,1,0,1,11,100.0
2,pat40,18,109.5,102.12,98.0,5,0,1,11,45.0
2,pat40,19,109.0,102.14,98.0,4,0,1,11,30.0
2,pat40,20,109.0,102.11,98.0,1,0,1,11,15.0
2,pat41,1,108.5,101.82,98.0,4,0,1,11,5.0
2,pat41,2,108.5,101.79,98.0,5,0,1,2,15.0
2,pat41,3,108.5,101.8,98.0,4,0,1,11,60.0
2,pat41,4,108.5,101.82,98.0,5,0,1,2,60.0
2,pat41,5,108.5,101.8,98.0,4,0,1,11,10.0
2,pat41,6,108.0,101.81,98.0,4,0,1,11,75.0
2,pat41,7,108.5,101.79,98.0,4,0,1,11,35.0
2,pat41,8,108.5,101.8,97.5,4,0,1,11,100.0
2,pat41,9,108.5,101.81,98.0,4,0,1,11,35.0
2,pat41,10,108.5,101.83,98.0,4,0,1,11,95.0
2,pat41,11,108.5,101.81,98.0,5,0,1,2,35.0
2,pat41,12,108.0,101.83,97.5,5,0,1,2,95.0
2,pat41,13,108.5,101.82,98.0,20,2,1,11,35.0
2,pat41,14,108.0,101.83,98.0,0,0,1,11,85.0
2,pat41,15,108.5,101.83,97.5,1,0,1,11,45.0
2,pat41,16,108.5,101.82,98.0,4,0,1,11,85.0
2,pat41,17,108.5,101.8,97.5,5,0,1,2,75.0
2,pat41,18,108.5,101.79,98.0,4,0,1,11,75.0
2,pat41,19,108.5,101.79,97.5,4,0,1,11,60.0
2,pat41,20,108.5,101.82,98.0,20,2,1,11,45.0
2,pat42,1,109.0,102.08,97.5,1,0,1,11,15.0
2,pat42,2,109.0,102.12,98.0,4,0,1,11,25.0
2,pat42,3,109.0,102.18,97.5,5,0,1,2,95.0
2,pat42,4,109.0,102.21,97.5,4,0,1,11,45.0
2,pat42,5,109.0,102.18,98.0,4,0,1,11,50.0
2,pat42,6,109.5,102.24,98.0,5,0,1,2,45.0
2,pat42,7,109.5,102.2,97.5,20,2,1,11,85.0
2,pat42,8,109.0,102.23,98.0,1,0,1,11,10.0
2,pat42,9,109.5,102.22,98.0,5,0,1,11,45.0
2,pat42,10,109.0,102.23,98.0,4,0,1,11,25.0
2,pat42,11,109.0,102.22,98.0,4,0,1,11,70.0
2,pat42,12,109.5,102.26,97.5,5,0,1,11,70.0
2,pat42,13,109.0,102.21,98.0,4,0,1,11,70.0
2,pat42,14,109.5,102.19,98.0,4,0,1,11,5.0
2,pat42,15,108.5,102.2,98.0,1,0,1,11,70.0
2,pat42,16,109.0,102.21,98.0,4,0,1,11,90.0
2,pat42,17,109.0,102.22,97.5,1,0,1,11,85.0
2,pat42,18,109.0,102.18,97.5,1,0,1,2,85.0
2,pat42,19,109.0,102.17,98.0,1,0,1,11,30.0
2,pat42,20,109.0,102.22,98.0,1,0,1,11,100.0
2,pat43,1,109.0,101.96,98.0,1,0,1,2,40.0
2,pat43,2,109.0,101.9,98.0,1,0,1,11,45.0
2,pat43,3,109.0,101.86,97.5,4,0,1,11,20.0
2,pat43,4,109.0,101.88,97.5,1,0,1,11,95.0
2,pat43,5,109.0,101.83,98.0,4,0,1,11,20.0
2,pat43,6,108.5,101.81,98.0,1,0,1,11,20.0
2,pat43,7,108.5,101.8,97.5,1,0,1,11,85.0
2,pat43,8,109.0,101.79,98.0,1,0,1,11,30.0
2,pat43,9,109.5,101.78,98.0,1,0,1,2,70.0
2,pat43,10,109.0,101.76,98.0,1,0,1,11,90.0
2,pat43,11,109.0,101.79,97.5,1,0,1,11,35.0
2,pat43,12,109.0,101.79,98.0,1,0,1,11,50.0
2,pat43,13,109.0,101.81,98.0,1,0,1,11,85.0
2,pat43,14,109.0,101.77,98.0,1,0,1,11,55.0
2,pat43,15,109.0,101.8,98.0,4,0,1,11,25.0
2,pat43,16,109.5,101.8,97.5,1,0,1,11,85.0
2,pat43,17,109.5,101.82,98.0,1,0,1,11,70.0
2,pat43,18,109.5,101.82,98.0,1,0,1,11,20.0
2,pat43,19,109.0,101.82,98.0,1,0,1,11,70.0
2,pat43,20,109.0,101.86,97.5,4,0,1,11,100.0
2,pat44,1,108.5,101.79,98.0,4,0,1,11,60.0
2,pat44,2,108.5,101.85,98.0,4,0,1,11,75.0
2,pat44,3,108.5,101.86,98.0,1,0,1,11,60.0
2,pat44,4,109.0,101.86,98.0,5,0,1,2,100.0
2,pat44,5,108.5,101.85,98.0,1,0,1,2,20.0
2,pat44,6,108.5,101.86,98.0,1,0,1,11,10.0
2,pat44,7,109.0,101.88,98.0,5,0,1,2,35.0
2,pat44,8,108.5,101.94,98.0,1,0,1,11,35.0
2,pat44,9,109.0,101.95,98.0,4,0,1,11,15.0
2,pat44,10,109.0,101.95,98.0,5,0,1,2,35.0
2,pat44,11,109.0,101.93,98.0,5,0,1,2,90.0
2,pat44,12,108.5,101.92,98.0,4,0,1,11,95.0
2,pat44,13,108.5,101.93,98.0,5,0,1,11,60.0
2,pat44,14,109.0,101.94,98.0,5,0,1,2,85.0
2,pat44,15,108.5,101.92,98.0,1,0,1,11,85.0
2,pat44,16,108.5,101.89,98.0,5,0,1,2,60.0
2,pat44,17,108.5,101.89,97.5,5,0,1,2,5.0
2,pat44,18,109.0,101.88,97.5,1,0,1,11,75.0
2,pat44,19,108.5,101.85,98.0,1,0,1,11,75.0
2,pat44,20,108.5,101.81,98.0,1,0,1,11,60.0
2,pat45,1,108.5,101.93,98.0,4,0,1,11,5.0
2,pat45,2,108.5,101.95,97.5,4,0,1,11,55.0
2,pat45,3,109.0,101.94,98.0,1,0,1,11,80.0
2,pat45,4,108.5,101.94,98.0,4,0,1,11,50.0
2,pat45,5,108.5,101.88,98.0,4,0,1,11,40.0
2,pat45,6,108.5,101.9,98.0,4,0,1,11,100.0
2,pat45,7,108.5,101.93,97.5,1,0,1,11,30.0
2,pat45,8,108.5,101.92,98.0,4,0,1,11,25.0
2,pat45,9,108.5,101.89,98.0,1,0,1,11,35.0
2,pat45,10,108.5,101.91,98.0,4,0,1,11,15.0
2,pat45,11,108.5,101.91,97.5,1,0,1,11,60.0
2,pat45,12,108.5,101.87,97.5,4,0,1,11,70.0
2,pat45,13,108.5,101.91,98.0,1,0,1,11,70.0
2,pat45,14,108.5,101.88,98.0,1,0,1,11,95.0
2,pat45,15,108.5,101.87,97.5,1,0,1,11,95.0
2,pat45,16,108.5,101.89,98.0,4,0,1,11,15.0
2,pat45,17,108.5,101.91,98.0,1,0,1,11,95.0
2,pat45,18,109.0,101.88,97.5,4,0,1,11,45.0
2,pat45,19,108.5,101.91,98.0,1,0,1,11,80.0
2,pat45,20,109.0,101.9,97.5,4,0,1,11,25.0
2,pat46,1,108.5,101.77,98.0,4,0,1,11,35.0
2,pat46,2,108.5,101.73,98.0,1,0,1,11,30.0
2,pat46,3,108.0,101.76,97.5,0,0,1,11,90.0
2,pat46,4,108.5,101.76,97.5,4,0,1,11,20.0
2,pat46,5,108.5,101.81,98.0,1,0,1,11,40.0
2,pat46,6,108.5,101.83,98.0,1,0,1,11,5.0
2,pat46,7,108.5,101.82,98.0,4,0,1,11,50.0
2,pat46,8,108.5,101.81,98.0,0,0,1,11,100.0
2,pat46,9,108.5,101.83,98.0,1,0,1,11,95.0
2,pat46,10,108.5,101.84,98.0,4,0,1,11,75.0
2,pat46,11,108.5,101.84,98.0,1,0,1,11,55.0
2,pat46,12,108.5,101.86,97.5,4,0,1,11,70.0
2,pat46,13,108.5,101.85,97.5,4,0,1,11,80.0
2,pat46,14,108.5,101.87,98.0,1,0,1,11,65.0
2,pat46,15,109.0,101.86,98.0,4,0,1,11,60.0
2,pat46,16,109.0,101.89,98.0,5,0,1,11,45.0
2,pat46,17,109.0,101.88,98.0,5,0,1,11,25.0
2,pat46,18,109.0,101.92,98.0,17,2,1,2,10.0
2,pat46,19,108.5,101.89,98.0,4,0,1,11,85.0
2,pat46,20,108.5,101.92,97.5,1,0,1,11,15.0
2,pat47,1,108.5,101.97,98.0,1,0,1,11,65.0
2,pat47,2,108.5,101.98,98.0,1,0,1,11,5.0
2,pat47,3,109.0,101.7,97.5,1,0,1,11,20.0
2,pat47,4,109.0,101.81,98.0,4,0,1,11,100.0
2,pat47,5,109.0,101.86,98.0,4,0,1,11,90.0
2,pat47,6,108.5,101.88,97.5,1,0,1,11,45.0
2,pat47,7,108.5,101.93,98.0,0,0,1,11,65.0
2,pat47,8,109.0,101.9,98.0,1,0,1,2,45.0
2,pat47,9,108.5,101.91,98.0,1,0,1,11,90.0
2,pat47,10,108.5,101.9,98.0,4,0,1,11,65.0
2,pat47,11,109.0,101.9,98.0,4,0,1,11,75.0
2,pat47,12,109.0,101.88,97.5,1,0,1,2,90.0
2,pat47,13,109.0,101.89,98.0,1,0,1,11,10.0
2,pat47,14,109.0,101.89,97.5,4,0,1,11,75.0
2,pat47,15,109.0,101.89,97.5,5,0,1,2,45.0
2,pat47,16,108.5,101.9,98.0,1,0,1,11,20.0
2,pat47,17,109.0,101.86,98.0,5,0,1,2,50.0
2,pat47,18,108.5,101.85,98.0,1,0,1,11,100.0
2,pat47,19,109.0,101.92,98.0,1,0,1,11,45.0
2,pat47,20,109.0,101.86,98.0,5,0,1,2,25.0
2,pat48,1,109.5,101.86,98.0,4,0,1,11,55.0
2,pat48,2,109.5,101.81,97.5,5,0,1,11,55.0
2,pat48,3,109.0,101.84,98.0,1,0,1,11,85.0
2,pat48,4,109.0,101.83,98.0,1,0,1,11,55.0
2,pat48,5,109.0,101.84,98.0,4,0,1,11,100.0
2,pat48,6,109.0,101.82,98.0,4,0,1,11,85.0
2,pat48,7,109.0,101.82,97.5,1,0,1,11,25.0
2,pat48,8,109.0,101.86,97.5,1,0,1,11,35.0
2,pat48,9,109.0,101.84,98.0,1,0,1,11,25.0
2,pat48,10,109.0,101.82,98.0,4,0,1,11,100.0
2,pat48,11,109.0,101.84,98.0,1,0,1,11,55.0
2,pat48,12,108.5,101.81,98.0,1,0,1,11,70.0
2,pat48,13,109.0,101.84,98.0,1,0,1,11,70.0
2,pat48,14,109.0,101.82,98.0,1,0,1,11,35.0
2,pat48,15,109.5,101.83,98.0,5,0,1,11,70.0
2,pat48,16,109.0,101.83,98.0,1,0,1,11,25.0
2,pat48,17,109.0,101.84,97.5,1,0,1,11,100.0
2,pat48,18,109.0,101.84,98.0,1,0,1,11,25.0
2,pat48,19,109.0,101.84,98.0,1,0,1,2,85.0
2,pat48,20,109.0,101.87,98.0,1,0,1,11,5.0
2,pat49,1,109.0,101.82,98.0,1,0,1,11,65.0
2,pat49,2,109.5,101.88,98.0,1,0,1,11,95.0
2,pat49,3,109.0,101.87,97.5,1,0,1,11,30.0
2,pat49,4,109.0,101.87,98.0,1,0,1,11,65.0
2,pat49,5,109.0,101.9,98.0,1,0,1,11,65.0
2,pat49,6,109.5,101.91,98.0,1,0,1,11,65.0
2,pat49,7,108.5,101.88,98.0,1,0,1,11,100.0
2,pat49,8,109.0,101.87,98.0,4,0,1,11,30.0
2,pat49,9,109.0,101.95,98.0,4,0,1,11,40.0
2,pat49,10,109.0,101.91,98.0,5,0,1,2,5.0
2,pat49,11,109.0,101.92,98.0,1,0,1,11,30.0
2,pat49,12,109.0,101.93,98.0,4,0,1,11,40.0
2,pat49,13,109.0,101.93,98.0,4,0,1,11,95.0
2,pat49,14,109.0,101.93,97.5,4,0,1,11,95.0
2,pat49,15,109.0,101.92,98.0,1,0,1,2,30.0
2,pat49,16,109.0,101.93,98.0,1,0,1,2,75.0
2,pat49,17,109.0,101.9,98.0,1,0,1,11,65.0
2,pat49,18,109.0,101.89,97.5,5,0,1,2,75.0
2,pat49,19,108.5,101.91,98.0,1,0,1,11,30.0
2,pat49,20,109.0,101.87,98.0,1,0,1,11,95.0
2,pat50,1,108.5,101.81,97.5,4,0,1,11,20.0
2,pat50,2,108.0,101.83,98.0,4,0,1,11,100.0
2,pat50,3,108.5,101.85,97.5,4,0,1,11,10.0
2,pat50,4,108.5,101.82,97.5,4,0,1,11,80.0
2,pat50,5,108.5,101.81,97.5,4,0,1,11,65.0
2,pat50,6,108.5,101.83,97.5,20,2,1,11,80.0
2,pat50,7,108.5,101.81,98.0,1,0,1,11,70.0
2,pat50,8,108.5,101.82,98.0,4,0,1,11,40.0
2,pat50,9,108.5,101.82,98.0,4,0,1,11,90.0
2,pat50,10,108.5,101.82,98.0,4,0,1,11,65.0
2,pat50,11,108.5,101.86,97.5,4,0,1,11,95.0
2,pat50,12,108.5,101.83,98.0,4,0,1,11,40.0
2,pat50,13,108.5,101.82,97.5,4,0,1,11,20.0
2,pat50,14,108.5,101.81,97.5,4,0,1,11,65.0
2,pat50,15,108.5,101.83,97.5,4,0,1,11,65.0
2,pat50,16,108.5,101.83,98.0,4,0,1,11,5.0
2,pat50,17,108.5,101.86,98.0,4,0,1,11,65.0
2,pat50,18,108.5,101.85,98.0,4,0,1,11,40.0
2,pat50,19,108.5,101.85,98.0,4,0,1,11,40.0
2,pat50,20,108.5,101.84,97.5,4,0,1,11,85.0
2,pat51,1,108.5,101.78,97.5,1,0,1,11,45.0
2,pat51,2,108.5,101.78,98.0,4,0,1,11,55.0
2,pat51,3,108.5,101.83,98.0,4,0,1,11,35.0
2,pat51,4,108.5,101.82,98.0,1,0,1,11,100.0
2,pat51,5,109.0,101.85,98.0,1,0,1,11,90.0
2,pat51,6,108.5,101.83,98.0,1,0,1,11,60.0
2,pat51,7,108.5,101.85,98.0,4,0,1,11,70.0
2,pat51,8,109.0,101.87,98.0,5,0,1,2,50.0
2,pat51,9,108.5,101.87,98.0,1,0,1,11,95.0
2,pat51,10,109.0,101.88,98.0,4,0,1,11,25.0
2,pat51,11,108.5,101.87,98.0,4,0,1,11,5.0
2,pat51,12,109.0,101.89,98.0,1,0,1,11,90.0
2,pat51,13,109.0,101.87,98.0,1,0,1,11,30.0
2,pat51,14,109.0,101.87,97.5,5,0,1,2,80.0
2,pat51,15,108.5,101.89,98.0,1,0,1,11,20.0
2,pat51,16,108.5,101.88,98.0,4,0,1,11,80.0
2,pat51,17,108.5,101.9,98.0,4,0,1,11,15.0
2,pat51,18,108.5,101.88,98.0,1,0,1,11,10.0
2,pat51,19,108.5,101.89,98.0,4,0,1,11,40.0
2,pat51,20,108.5,101.88,97.5,1,0,1,11,70.0
2,pat52,1,109.0,101.93,98.0,1,0,1,11,15.0
2,pat52,2,109.5,101.97,98.0,5,0,1,11,45.0
2,pat52,3,109.0,101.94,98.0,1,0,1,11,5.0
2,pat52,4,109.0,101.93,97.5,1,0,1,11,50.0
2,pat52,5,109.0,101.93,98.0,1,0,1,2,65.0
2,pat52,6,109.5,101.89,98.0,1,0,1,11,30.0
2,pat52,7,109.5,101.88,98.0,1,0,1,11,40.0
2,pat52,8,109.0,101.91,98.0,1,0,1,11,85.0
2,pat52,9,109.0,101.91,98.0,1,0,1,11,25.0
2,pat52,10,109.0,101.92,98.0,1,0,1,2,100.0
2,pat52,11,109.5,101.9,97.5,1,0,1,11,75.0
2,pat52,12,109.0,101.91,98.0,1,0,1,2,95.0
2,pat52,13,109.0,101.89,98.0,1,0,1,2,85.0
2,pat52,14,109.5,101.92,98.0,1,0,1,11,90.0
2,pat52,15,109.0,101.91,98.0,1,0,1,11,40.0
2,pat52,16,109.0,101.89,98.0,1,0,1,11,65.0
2,pat52,17,109.0,101.9,98.0,1,0,1,11,10.0
2,pat52,18,109.0,101.88,98.0,1,0,1,11,65.0
2,pat52,19,109.0,101.86,97.5,1,0,1,11,20.0
2,pat52,20,109.0,101.87,98.0,1,0,1,11,75.0
2,pat53,1,109.0,101.89,97.5,5,0,1,2,60.0
2,pat53,2,109.0,101.89,98.0,5,0,1,2,65.0
2,pat53,3,109.0,101.93,98.0,5,0,1,2,10.0
2,pat53,4,109.0,101.9,97.5,4,0,1,11,75.0
2,pat53,5,109.0,101.9,98.0,1,0,1,11,75.0
2,pat53,6,109.0,101.96,98.0,5,0,1,2,25.0
2,pat53,7,109.0,101.95,98.0,1,0,1,11,40.0
2,pat53,8,109.0,101.93,98.0,1,0,1,11,90.0
2,pat53,9,108.5,101.94,98.0,1,0,1,2,25.0
2,pat53,10,109.0,101.96,98.0,5,0,1,2,5.0
2,pat53,11,109.5,101.93,97.0,5,0,1,11,40.0
2,pat53,12,109.5,101.92,98.0,4,0,1,11,60.0
2,pat53,13,109.0,101.93,98.0,5,0,1,2,90.0
2,pat53,14,109.0,101.94,98.0,1,0,1,11,25.0
2,pat53,15,109.0,101.97,98.0,5,0,1,2,60.0
2,pat53,16,109.5,102.0,98.0,5,0,1,11,40.0
2,pat53,17,109.0,101.97,97.5,5,0,1,2,95.0
2,pat53,18,109.0,101.99,98.0,4,0,1,11,100.0
2,pat53,19,109.0,101.95,97.5,5,0,1,2,80.0
2,pat53,20,109.0,101.94,98.0,4,0,1,11,60.0
2,pat54,1,108.5,101.8,98.0,1,0,1,11,20.0
2,pat54,2,109.0,101.86,98.0,4,0,1,11,45.0
2,pat54,3,108.5,101.87,98.0,1,0,1,11,35.0
2,pat54,4,108.5,101.86,98.0,4,0,1,11,95.0
2,pat54,5,108.5,101.87,98.0,4,0,1,11,25.0
2,pat54,6,108.5,101.85,98.0,1,0,1,11,65.0
2,pat54,7,108.5,101.83,98.0,4,0,1,11,45.0
2,pat54,8,108.5,101.78,98.0,5,0,1,2,100.0
2,pat54,9,108.5,101.82,97.5,4,0,1,11,80.0
2,pat54,10,108.5,101.82,98.0,4,0,1,11,15.0
2,pat54,11,108.5,101.81,98.0,1,0,1,11,65.0
2,pat54,12,108.5,101.81,98.0,1,0,1,11,80.0
2,pat54,13,108.0,101.78,98.0,1,0,1,11,35.0
2,pat54,14,108.5,101.78,97.5,1,0,1,11,10.0
2,pat54,15,108.5,101.79,98.0,4,0,1,11,70.0
2,pat54,16,108.5,101.79,97.5,1,0,1,11,50.0
2,pat54,17,108.5,101.77,97.5,1,0,1,11,90.0
2,pat54,18,108.5,101.75,98.0,5,0,1,2,85.0
2,pat54,19,108.5,101.77,97.5,4,0,1,11,65.0
2,pat54,20,108.5,101.75,97.5,4,0,1,11,10.0
2,pat55,1,108.5,101.74,97.5,4,0,1,11,35.0
2,pat55,2,108.0,101.79,97.5,5,0,1,11,40.0
2,pat55,3,108.0,101.77,97.5,4,0,1,11,50.0
2,pat55,4,108.0,101.79,98.0,4,0,1,11,5.0
2,pat55,5,108.0,101.77,98.0,4,0,1,11,15.0
2,pat55,6,108.0,101.76,97.5,4,0,1,11,80.0
2,pat55,7,108.5,101.78,97.5,4,0,1,11,60.0
2,pat55,8,108.0,101.81,98.0,4,0,1,11,100.0
2,pat55,9,108.0,101.78,97.5,4,0,1,11,90.0
2,pat55,10,108.0,101.79,97.5,4,0,1,11,65.0
2,pat55,11,108.0,101.82,97.5,5,0,1,2,80.0
2,pat55,12,107.5,101.77,97.5,4,0,1,11,25.0
2,pat55,13,108.0,101.81,97.5,5,0,1,2,15.0
2,pat55,14,108.5,101.8,98.0,4,0,1,11,85.0
2,pat55,15,108.0,101.81,97.5,5,0,1,2,50.0
2,pat55,16,108.0,101.81,98.0,4,0,1,11,60.0
2,pat55,17,107.5,101.84,98.0,4,0,1,11,35.0
2,pat55,18,107.5,101.83,98.0,4,0,1,11,95.0
2,pat55,19,108.0,101.82,97.5,5,0,1,2,70.0
2,pat55,20,108.0,101.85,97.5,4,0,1,11,20.0
2,pat56,1,108.5,101.85,97.5,4,0,1,11,55.0
2,pat56,2,109.0,101.92,97.5,5,0,1,2,90.0
2,pat56,3,108.5,101.95,97.5,1,0,1,11,90.0
2,pat56,4,109.0,101.95,97.5,5,0,1,2,55.0
2,pat56,5,108.5,102.0,98.0,1,0,1,11,100.0
2,pat56,6,108.5,101.94,97.5,1,0,1,11,25.0
2,pat56,7,108.5,101.94,97.5,4,0,1,11,55.0
2,pat56,8,108.5,101.94,97.5,1,0,1,11,35.0
2,pat56,9,108.5,101.92,97.5,1,0,1,11,90.0
2,pat56,10,108.5,101.97,98.0,4,0,1,11,15.0
2,pat56,11,109.0,101.95,97.5,5,0,1,2,35.0
2,pat56,12,109.0,101.95,98.0,5,0,1,11,65.0
2,pat56,13,109.0,101.91,97.5,5,0,1,2,55.0
2,pat56,14,109.0,101.94,97.5,4,0,1,11,15.0
2,pat56,15,109.0,101.93,98.0,1,0,1,11,90.0
2,pat56,16,108.5,101.91,97.5,1,0,1,11,25.0
2,pat56,17,108.5,101.88,97.5,4,0,1,11,15.0
2,pat56,18,108.5,101.92,98.0,1,0,1,2,90.0
2,pat56,19,108.5,101.92,98.0,4,0,1,11,100.0
2,pat56,20,109.0,101.88,97.5,5,0,1,2,60.0
2,pat57,1,110.5,102.27,97.5,5,0,1,2,5.0
2,pat57,2,111.0,102.29,98.0,5,0,1,2,55.0
2,pat57,3,111.0,102.28,98.0,5,0,1,2,70.0
2,pat57,4,111.0,102.23,97.5,5,0,1,2,15.0
2,pat57,5,110.5,102.24,98.0,5,0,1,2,85.0
2,pat57,6,111.0,102.21,97.5,5,0,1,2,45.0
2,pat57,7,111.0,102.22,97.5,5,0,1,2,100.0
2,pat57,8,110.5,102.23,97.5,5,0,1,2,55.0
2,pat57,9,110.5,102.22,97.5,1,0,1,2,45.0
2,pat57,10,111.0,102.26,97.5,5,0,1,2,70.0
2,pat57,11,111.0,102.19,97.5,5,0,1,2,45.0
2,pat57,12,111.0,102.22,98.0,5,0,1,2,10.0
2,pat57,13,110.5,102.23,97.5,1,0,1,2,45.0
2,pat57,14,110.5,102.27,97.5,1,0,1,2,45.0
2,pat57,15,111.0,102.25,98.0,5,0,1,2,85.0
2,pat57,16,110.5,102.23,98.0,5,0,1,2,85.0
2,pat57,17,111.0,102.25,97.5,5,0,1,2,100.0
2,pat57,18,110.5,102.26,98.0,5,0,1,2,20.0
2,pat57,19,110.5,102.26,97.5,5,0,1,2,60.0
2,pat57,20,111.0,102.33,98.0,5,0,1,2,100.0
2,pat58,1,108.5,101.83,97.5,4,0,1,11,55.0
2,pat58,2,108.5,101.84,97.5,4,0,1,11,85.0
2,pat58,3,108.5,101.85,98.0,5,0,1,2,10.0
2,pat58,4,108.5,101.86,98.0,1,0,1,11,35.0
2,pat58,5,108.5,101.85,97.5,4,0,1,11,85.0
2,pat58,6,108.5,101.85,97.5,4,0,1,11,70.0
2,pat58,7,108.5,101.84,97.5,5,0,1,2,35.0
2,pat58,8,108.5,101.88,97.5,4,0,1,11,40.0
2,pat58,9,108.5,101.86,97.5,4,0,1,11,60.0
2,pat58,10,109.0,101.88,97.5,5,0,1,11,45.0
2,pat58,11,108.5,101.89,97.5,4,0,1,11,55.0
2,pat58,12,108.5,101.92,98.0,1,0,1,11,65.0
2,pat58,13,109.0,101.9,97.5,1,0,1,11,75.0
2,pat58,14,108.5,101.87,97.5,1,0,1,11,5.0
2,pat58,15,108.5,101.88,97.5,4,0,1,11,100.0
2,pat58,16,108.5,101.89,97.5,1,0,1,11,35.0
2,pat58,17,108.5,101.92,97.5,4,0,1,11,35.0
2,pat58,18,108.5,101.89,97.5,1,0,1,11,90.0
2,pat58,19,108.5,101.85,98.0,5,0,1,2,15.0
2,pat58,20,108.5,101.83,97.5,1,0,1,11,95.0
2,pat59,1,108.5,101.89,97.5,4,0,1,11,40.0
2,pat59,2,109.0,101.86,97.5,5,0,1,2,90.0
2,pat59,3,109.0,101.9,97.5,4,0,1,11,75.0
2,pat59,4,108.5,101.87,98.0,4,0,1,11,40.0
2,pat59,5,108.5,101.88,98.0,4,0,1,11,20.0
2,pat59,6,108.5,101.87,97.5,4,0,1,11,80.0
2,pat59,7,108.5,101.83,97.5,4,0,1,11,20.0
2,pat59,8,108.5,101.86,97.5,1,0,1,11,45.0
2,pat59,9,108.5,101.83,97.5,4,0,1,11,55.0
2,pat59,10,109.0,101.84,97.5,5,0,1,11,90.0
2,pat59,11,108.5,101.85,97.5,4,0,1,11,100.0
2,pat59,12,109.0,101.86,97.5,5,0,1,2,60.0
2,pat59,13,109.0,101.87,98.0,4,0,1,11,70.0
2,pat59,14,108.5,101.83,97.5,4,0,1,11,30.0
2,pat59,15,109.0,101.84,98.0,4,0,1,11,95.0
2,pat59,16,108.5,101.85,97.5,4,0,1,11,30.0
2,pat59,17,109.0,101.8,97.5,4,0,1,11,10.0
2,pat59,18,108.5,101.82,97.5,4,0,1,11,70.0
2,pat59,19,109.0,101.85,97.5,4,0,1,11,50.0
2,pat59,20,109.0,101.85,97.5,5,0,1,2,5.0
2,pat60,1,109.0,101.88,97.5,4,0,1,11,30.0
2,pat60,2,109.0,101.86,97.5,4,0,1,11,20.0
2,pat60,3,109.0,101.92,97.5,4,0,1,11,60.0
2,pat60,4,109.0,101.92,98.0,1,0,1,11,90.0
2,pat60,5,109.0,101.91,98.0,1,0,1,11,30.0
2,pat60,6,109.0,101.91,97.5,1,0,1,11,60.0
2,pat60,7,108.5,101.91,97.5,1,0,1,11,90.0
2,pat60,8,109.0,101.91,97.5,4,0,1,11,95.0
2,pat60,9,109.0,101.94,98.0,1,0,1,11,60.0
2,pat60,10,109.0,101.97,98.0,4,0,1,11,90.0
2,pat60,11,109.0,101.99,97.5,1,0,1,11,70.0
2,pat60,12,109.0,102.01,97.5,4,0,1,11,15.0
2,pat60,13,109.0,101.97,97.5,4,0,1,11,100.0
2,pat60,14,109.0,101.99,97.5,4,0,1,11,90.0
2,pat60,15,109.0,101.97,98.0,4,0,1,11,65.0
2,pat60,16,109.0,102.03,98.0,1,0,1,11,60.0
2,pat60,17,109.0,102.01,98.0,1,0,1,11,60.0
2,pat60,18,109.0,101.98,98.0,1,0,1,11,10.0
2,pat60,19,109.0,101.99,97.5,4,0,1,11,60.0
2,pat60,20,109.0,101.99,97.5,1,0,1,11,5.0
2,pat61,1,108.5,102.0,97.5,5,0,1,2,40.0
2,pat61,2,108.5,102.06,98.0,4,0,1,11,25.0
2,pat61,3,108.0,102.04,97.5,4,0,1,11,40.0
2,pat61,4,108.5,102.05,97.5,5,0,1,2,100.0
2,pat61,5,108.5,102.09,98.0,5,0,1,2,55.0
2,pat61,6,108.5,102.1,98.0,4,0,1,11,15.0
2,pat61,7,108.5,102.1,97.5,4,0,1,11,55.0
2,pat61,8,108.5,102.07,98.0,4,0,1,11,40.0
2,pat61,9,108.0,102.07,97.5,4,0,1,11,15.0
2,pat61,10,108.5,102.05,98.0,4,0,1,11,95.0
2,pat61,11,108.5,102.04,98.0,5,0,1,2,55.0
2,pat61,12,108.5,102.07,97.5,5,0,1,2,70.0
2,pat61,13,108.5,102.01,98.0,5,0,1,2,65.0
2,pat61,14,108.5,102.04,98.0,4,0,1,11,75.0
2,pat61,15,108.0,102.01,97.5,4,0,1,11,80.0
2,pat61,16,108.0,102.03,98.0,1,0,1,11,85.0
2,pat61,17,108.0,101.99,97.5,4,0,1,11,15.0
2,pat61,18,108.0,101.96,97.5,4,0,1,11,20.0
2,pat61,19,108.0,101.99,98.0,4,0,1,11,60.0
2,pat61,20,108.0,101.98,97.5,4,0,1,11,90.0
2,pat62,1,109.0,101.99,97.5,1,0,1,11,85.0
2,pat62,2,108.5,101.98,97.5,4,0,1,11,85.0
2,pat62,3,109.0,101.93,97.5,5,0,1,2,85.0
2,pat62,4,108.5,101.92,97.5,4,0,1,11,55.0
2,pat62,5,108.5,101.93,97.5,4,0,1,11,90.0
2,pat62,6,109.0,101.9,97.5,4,0,1,11,10.0
2,pat62,7,108.5,101.9,97.5,4,0,1,11,35.0
2,pat62,8,108.5,101.93,97.5,4,0,1,11,85.0
2,pat62,9,108.5,101.89,97.5,4,0,1,11,95.0
2,pat62,10,108.5,101.89,97.5,4,0,1,11,55.0
2,pat62,11,108.5,101.91,97.5,4,0,1,11,35.0
2,pat62,12,108.5,101.92,97.5,5,0,1,2,45.0
2,pat62,13,108.5,101.95,97.5,4,0,1,11,35.0
2,pat62,14,108.5,101.96,98.0,4,0,1,11,15.0
2,pat62,15,108.5,101.98,98.0,4,0,1,11,5.0
2,pat62,16,109.0,101.98,97.5,5,0,1,2,65.0
2,pat62,17,108.5,102.0,97.5,1,0,1,11,100.0
2,pat62,18,109.0,102.01,98.0,5,0,1,2,65.0
2,pat62,19,109.0,101.99,98.0,1,0,1,11,35.0
2,pat62,20,109.0,102.03,97.5,4,0,1,11,45.0
2,pat63,1,108.0,101.83,98.0,4,0,1,11,40.0
2,pat63,2,108.0,101.83,98.0,1,0,1,11,65.0
2,pat63,3,108.5,101.88,98.0,5,0,1,11,65.0
2,pat63,4,108.0,101.85,98.0,1,0,1,2,35.0
2,pat63,5,108.5,101.86,97.5,4,0,1,11,65.0
2,pat63,6,109.0,101.86,98.0,1,0,1,11,90.0
2,pat63,7,108.0,101.9,97.5,1,0,1,11,35.0
2,pat63,8,108.5,101.88,98.0,4,0,1,11,75.0
2,pat63,9,108.5,101.86,97.5,4,0,1,11,35.0
2,pat63,10,108.5,101.9,98.0,1,0,1,11,75.0
2,pat63,11,109.0,101.88,98.0,1,0,1,11,100.0
2,pat63,12,108.5,101.89,98.0,1,0,1,11,95.0
2,pat63,13,108.0,101.88,98.0,4,0,1,11,65.0
2,pat63,14,108.0,101.84,97.5,4,0,1,11,65.0
2,pat63,15,108.0,101.86,98.0,5,0,1,2,10.0
2,pat63,16,108.0,101.8,98.0,4,0,1,11,35.0
2,pat63,17,108.0,101.83,97.5,4,0,1,11,35.0
2,pat63,18,108.0,101.82,98.0,1,0,1,2,90.0
2,pat63,19,108.0,101.78,97.5,1,0,1,2,10.0
2,pat63,20,108.0,101.81,97.5,4,0,1,11,90.0
2,pat64,1,108.0,101.73,97.5,4,0,1,11,60.0
2,pat64,2,108.0,101.71,98.0,4,0,1,11,55.0
2,pat64,3,108.0,101.73,97.5,4,0,1,11,40.0
2,pat64,4,108.0,101.73,98.0,4,0,1,11,5.0
2,pat64,5,108.0,101.69,98.0,4,0,1,11,20.0
2,pat64,6,108.0,101.72,97.5,5,0,1,2,75.0
2,pat64,7,108.0,101.71,98.0,1,0,1,11,85.0
2,pat64,8,108.0,101.7,97.5,4,0,1,11,40.0
2,pat64,9,108.0,101.69,98.0,4,0,1,11,20.0
2,pat64,10,108.0,101.69,98.0,4,0,1,11,65.0
2,pat64,11,108.5,101.68,98.0,4,0,1,11,90.0
2,pat64,12,108.5,101.71,97.5,4,0,1,11,40.0
2,pat64,13,108.0,101.67,98.0,4,0,1,11,100.0
2,pat64,14,108.5,101.71,98.0,4,0,1,11,25.0
2,pat64,15,108.0,101.72,98.0,4,0,1,11,20.0
2,pat64,16,108.0,101.69,97.5,4,0,1,11,55.0
2,pat64,17,108.5,101.7,97.5,4,0,1,11,55.0
2,pat64,18,108.0,101.73,98.0,1,0,1,11,70.0
2,pat64,19,108.0,101.75,97.5,4,0,1,11,95.0
2,pat64,20,108.5,101.75,98.0,4,0,1,11,80.0
2,pat65,1,110.0,102.56,98.0,1,0,1,2,30.0
2,pat65,2,110.0,102.8,97.5,4,0,1,11,65.0
2,pat65,3,110.5,102.89,98.0,5,0,1,11,15.0
2,pat65,4,110.5,102.98,98.0,1,0,1,2,80.0
2,pat65,5,110.5,103.06,98.0,1,0,1,2,30.0
2,pat65,6,111.0,103.09,98.5,4,0,1,11,40.0
2,pat65,7,111.0,103.15,98.0,4,0,1,11,55.0
2,pat65,8,111.0,103.17,98.0,4,0,1,11,60.0
2,pat65,9,111.0,103.14,98.0,5,0,1,11,100.0
2,pat65,10,111.0,103.17,98.0,5,0,1,11,40.0
2,pat65,11,111.0,103.15,98.0,5,0,1,11,10.0
2,pat65,12,110.5,103.16,98.0,1,0,1,2,85.0
2,pat65,13,110.5,103.12,98.0,5,0,1,11,55.0
2,pat65,14,110.5,103.08,98.0,1,0,1,2,95.0
2,pat65,15,110.5,103.09,98.0,5,0,1,11,75.0
2,pat65,16,110.5,103.04,98.0,4,0,1,11,90.0
2,pat65,17,110.0,103.0,98.0,4,0,1,11,5.0
2,pat65,18,110.5,102.95,97.5,4,0,1,11,20.0
2,pat65,19,110.5,102.9,98.0,5,0,1,11,75.0
2,pat65,20,110.0,102.82,98.0,4,0,1,11,55.0
2,pat66,1,108.5,101.97,98.0,17,2,1,2,100.0
2,pat66,2,108.0,101.86,97.5,4,0,1,11,55.0
2,pat66,3,108.0,101.69,97.5,4,0,1,11,40.0
2,pat66,4,108.0,101.64,97.5,4,0,1,11,55.0
2,pat66,5,108.0,101.53,97.5,4,0,1,11,95.0
2,pat66,6,107.5,101.5,97.5,1,0,1,11,55.0
2,pat66,7,107.5,101.46,97.5,4,0,1,11,25.0
2,pat66,8,108.0,101.45,97.0,4,0,1,11,25.0
2,pat66,9,108.0,101.45,97.0,17,2,1,2,5.0
2,pat66,10,107.5,101.44,97.5,4,0,1,11,90.0
2,pat66,11,107.5,101.43,97.5,4,0,1,11,40.0
2,pat66,12,107.5,101.43,97.0,4,0,1,11,70.0
2,pat66,13,108.0,101.42,97.5,4,0,1,11,85.0
2,pat66,14,108.0,101.45,97.5,4,0,1,11,80.0
2,pat66,15,107.5,101.52,97.5,1,0,1,11,10.0
2,pat66,16,107.5,101.55,97.5,4,0,1,11,70.0
2,pat66,17,108.0,101.55,97.5,5,0,1,2,75.0
2,pat66,18,108.0,101.58,97.5,4,0,1,11,30.0
2,pat66,19,108.5,101.6,97.5,4,0,1,11,60.0
2,pat66,20,108.0,101.66,97.5,4,0,1,11,25.0
2,pat67,1,109.0,101.74,97.5,4,0,1,11,10.0
2,pat67,2,109.0,101.82,97.5,5,0,1,2,50.0
2,pat67,3,109.0,101.8,98.0,4,0,1,11,50.0
2,pat67,4,109.0,101.88,97.5,1,0,1,11,30.0
2,pat67,5,109.5,101.89,97.5,1,0,1,2,60.0
2,pat67,6,109.0,101.97,98.0,1,0,1,2,75.0
2,pat67,7,109.0,101.95,97.5,1,0,1,2,85.0
2,pat67,8,109.0,101.94,97.5,1,0,1,11,70.0
2,pat67,9,109.5,101.96,98.0,4,0,1,11,20.0
2,pat67,10,109.0,102.01,97.5,1,0,1,2,100.0
2,pat67,11,109.0,102.0,97.5,1,0,1,11,100.0
2,pat67,12,109.5,102.03,97.5,1,0,1,11,80.0
2,pat67,13,109.5,102.03,97.5,4,0,1,11,40.0
2,pat67,14,109.0,102.02,97.5,1,0,1,2,15.0
2,pat67,15,109.5,102.01,98.0,1,0,1,11,5.0
2,pat67,16,109.0,101.97,98.0,1,0,1,11,90.0
2,pat67,17,109.0,102.0,98.0,1,0,1,11,70.0
2,pat67,18,109.5,101.97,97.5,5,0,1,11,60.0
2,pat67,19,110.0,101.94,97.5,5,0,1,11,40.0
2,pat67,20,109.0,101.97,98.0,1,0,1,11,25.0
2,pat68,1,109.5,102.58,97.5,1,0,1,2,55.0
2,pat68,2,110.0,102.8,98.0,1,0,1,2,5.0
2,pat68,3,110.5,102.88,98.0,4,0,1,11,60.0
2,pat68,4,110.5,102.94,98.0,1,0,1,2,45.0
2,pat68,5,110.0,102.96,98.0,1,0,1,2,50.0
2,pat68,6,110.5,102.99,98.0,4,0,1,11,100.0
2,pat68,7,110.0,102.99,98.0,1,0,1,2,30.0
2,pat68,8,110.0,102.95,98.0,1,0,1,2,15.0
2,pat68,9,110.0,102.98,98.0,1,0,1,2,45.0
2,pat68,10,110.0,102.98,98.0,1,0,1,2,10.0
2,pat68,11,110.0,102.95,98.0,1,0,1,2,95.0
2,pat68,12,110.0,102.92,98.0,1,0,1,2,35.0
2,pat68,13,110.0,102.93,98.0,1,0,1,2,65.0
2,pat68,14,110.0,102.9,98.0,1,0,1,2,85.0
2,pat68,15,110.0,102.91,98.0,1,0,1,2,75.0
2,pat68,16,110.0,102.87,98.0,4,0,1,11,25.0
2,pat68,17,110.0,102.85,98.0,4,0,1,11,75.0
2,pat68,18,110.0,102.86,98.0,4,0,1,11,25.0
2,pat68,19,110.0,102.87,98.0,1,0,1,2,85.0
2,pat68,20,110.0,102.86,98.0,1,0,1,2,90.0
2,pat69,1,108.0,101.85,97.5,5,0,1,2,100.0
2,pat69,2,107.5,101.63,97.5,1,0,1,2,85.0
2,pat69,3,107.5,101.54,97.5,5,0,1,2,90.0
2,pat69,4,107.5,101.48,97.5,5,0,1,2,70.0
2,pat69,5,107.5,101.41,97.5,5,0,1,2,5.0
2,pat69,6,107.5,101.43,97.5,5,0,1,2,40.0
2,pat69,7,107.5,101.41,97.5,5,0,1,2,20.0
2,pat69,8,107.0,101.39,97.5,1,0,1,2,65.0
2,pat69,9,107.5,101.37,97.5,5,0,1,2,75.0
2,pat69,10,107.5,101.36,97.5,5,0,1,2,40.0
2,pat69,11,107.5,101.38,97.5,5,0,1,2,95.0
2,pat69,12,107.5,101.38,97.5,5,0,1,2,50.0
2,pat69,13,107.5,101.41,97.5,5,0,1,2,20.0
2,pat69,14,108.0,101.4,97.5,5,0,1,2,10.0
2,pat69,15,107.5,101.46,97.5,5,0,1,2,85.0
2,pat69,16,107.5,101.48,98.0,5,0,1,2,50.0
2,pat69,17,108.0,101.52,97.5,5,0,1,2,65.0
2,pat69,18,107.5,101.55,97.5,5,0,1,2,30.0
2,pat69,19,108.0,101.56,98.0,5,0,1,2,65.0
2,pat69,20,108.0,101.58,98.0,5,0,1,2,30.0
2,pat70,1,109.5,101.88,98.0,1,0,1,11,70.0
2,pat70,2,109.5,101.94,97.5,4,0,1,11,70.0
2,pat70,3,109.5,101.96,98.0,4,0,1,11,20.0
2,pat70,4,109.0,101.98,98.0,1,0,1,11,70.0
2,pat70,5,109.5,102.02,98.0,4,0,1,11,100.0
2,pat70,6,110.0,102.02,98.0,5,0,1,11,5.0
2,pat70,7,109.5,102.02,98.0,1,0,1,2,70.0
2,pat70,8,109.5,102.04,98.0,5,0,1,11,100.0
2,pat70,9,109.5,102.03,97.5,1,0,1,2,100.0
2,pat70,10,109.5,102.04,97.5,1,0,1,2,40.0
2,pat70,11,109.5,102.03,98.0,1,0,1,2,85.0
2,pat70,12,109.5,102.02,98.0,1,0,1,2,40.0
2,pat70,13,109.5,102.0,97.5,1,0,1,2,70.0
2,pat70,14,109.5,101.98,97.5,4,0,1,11,85.0
2,pat70,15,109.5,101.94,98.0,1,0,1,2,40.0
2,pat70,16,109.5,101.97,98.0,1,0,1,2,10.0
2,pat70,17,109.5,101.92,98.0,17,2,1,2,85.0
2,pat70,18,109.5,101.91,98.0,1,0,1,2,15.0
2,pat70,19,109.0,101.87,98.0,1,0,1,11,70.0
2,pat70,20,109.0,101.86,97.5,1,0,1,2,40.0
2,pat71,1,108.5,101.74,97.5,5,0,1,2,20.0
2,pat71,2,108.5,101.7,97.5,4,0,1,11,20.0
2,pat71,3,108.5,101.66,97.5,5,0,1,2,45.0
2,pat71,4,108.5,101.66,97.5,5,0,1,2,45.0
2,pat71,5,108.5,101.66,97.5,4,0,1,11,85.0
2,pat71,6,108.5,101.64,97.5,4,0,1,11,95.0
2,pat71,7,108.0,101.64,97.5,1,0,1,11,10.0
2,pat71,8,108.0,101.63,97.5,4,0,1,11,85.0
2,pat71,9,108.5,101.61,97.5,4,0,1,11,85.0
2,pat71,10,108.0,101.66,97.5,4,0,1,11,65.0
2,pat71,11,108.5,101.63,97.5,4,0,1,11,45.0
2,pat71,12,108.5,101.62,97.5,4,0,1,11,55.0
2,pat71,13,108.5,101.64,98.0,5,0,1,2,45.0
2,pat71,14,108.5,101.63,97.5,4,0,1,11,45.0
2,pat71,15,108.5,101.66,97.5,5,0,1,2,5.0
2,pat71,16,108.5,101.66,97.5,4,0,1,11,55.0
2,pat71,17,108.5,101.66,98.0,4,0,1,11,65.0
2,pat71,18,108.5,101.7,97.5,4,0,1,11,100.0
2,pat71,19,108.5,101.71,97.5,4,0,1,11,85.0
2,pat71,20,108.5,101.74,97.5,4,0,1,11,90.0
2,pat72,1,108.5,101.81,97.5,5,0,1,2,10.0
2,pat72,2,108.5,101.85,97.5,4,0,1,11,20.0
2,pat72,3,109.0,101.89,98.0,4,0,1,11,35.0
2,pat72,4,108.5,101.92,98.0,1,0,1,11,55.0
2,pat72,5,108.5,101.94,98.0,1,0,1,11,95.0
2,pat72,6,109.0,101.96,98.0,1,0,1,11,45.0
2,pat72,7,108.5,101.98,98.0,4,0,1,11,95.0
2,pat72,8,108.5,101.99,97.5,1,0,1,11,80.0
2,pat72,9,108.5,102.01,98.0,4,0,1,11,5.0
2,pat72,10,108.5,102.03,98.0,1,0,1,11,70.0
2,pat72,11,108.5,102.01,98.0,1,0,1,11,25.0
2,pat72,12,108.5,102.03,98.0,1,0,1,11,85.0
2,pat72,13,108.5,102.03,98.0,1,0,1,2,75.0
2,pat72,14,108.5,102.03,98.0,1,0,1,11,45.0
2,pat72,15,109.0,102.0,98.0,5,0,1,2,30.0
2,pat72,16,109.0,102.03,98.0,1,0,1,11,15.0
2,pat72,17,109.0,102.0,98.0,5,0,1,2,100.0
2,pat72,18,108.5,101.99,98.0,1,0,1,2,60.0
2,pat72,19,108.5,101.95,98.0,4,0,1,11,65.0
2,pat72,20,108.5,101.96,98.0,1,0,1,11,50.0
2,pat73,1,109.5,101.98,98.0,5,0,1,11,85.0
2,pat73,2,109.5,101.96,97.5,4,0,1,11,35.0
2,pat73,3,109.5,101.92,97.5,4,0,1,11,85.0
2,pat73,4,109.0,101.9,98.0,1,0,1,11,100.0
2,pat73,5,109.0,101.88,97.5,1,0,1,11,35.0
2,pat73,6,109.5,101.85,97.5,1,0,1,11,85.0
2,pat73,7,109.0,101.78,97.5,1,0,1,11,40.0
2,pat73,8,109.0,101.82,98.0,1,0,1,2,20.0
2,pat73,9,109.5,101.78,97.5,5,0,1,11,60.0
2,pat73,10,109.5,101.79,97.5,1,0,1,2,85.0
2,pat73,11,109.5,101.8,97.5,5,0,1,11,35.0
2,pat73,12,109.0,101.84,97.5,4,0,1,11,60.0
2,pat73,13,109.0,101.77,97.5,1,0,1,11,20.0
2,pat73,14,109.5,101.75,97.5,1,0,1,2,20.0
2,pat73,15,109.0,101.8,97.5,1,0,1,11,95.0
2,pat73,16,109.5,101.78,97.5,5,0,1,11,95.0
2,pat73,17,109.5,101.8,97.5,5,0,1,11,60.0
2,pat73,18,110.0,101.83,98.0,5,0,1,11,85.0
2,pat73,19,109.5,101.81,98.0,5,0,1,11,5.0
2,pat73,20,109.0,101.82,97.5,1,0,1,2,60.0
2,pat74,1,109.0,101.76,97.5,1,0,1,11,55.0
2,pat74,2,109.0,101.79,97.5,1,0,1,11,70.0
2,pat74,3,109.0,101.8,98.0,1,0,1,11,55.0
2,pat74,4,109.5,101.8,98.0,1,0,1,11,10.0
2,pat74,5,109.0,101.86,98.0,1,0,1,11,40.0
2,pat74,6,109.5,101.84,98.0,4,0,1,11,100.0
2,pat74,7,109.5,101.86,98.0,1,0,1,11,30.0
2,pat74,8,109.5,101.86,97.5,1,0,1,11,10.0
2,pat74,9,109.5,101.89,97.5,1,0,1,2,95.0
2,pat74,10,109.5,101.91,97.5,1,0,1,11,70.0
2,pat74,11,109.5,101.91,98.0,1,0,1,11,30.0
2,pat74,12,110.0,101.96,97.5,1,0,1,11,55.0
2,pat74,13,109.5,101.95,98.0,1,0,1,2,85.0
2,pat74,14,110.0,101.96,98.0,5,0,1,11,75.0
2,pat74,15,109.5,101.93,98.0,1,0,1,2,30.0
2,pat74,16,109.5,101.94,98.0,1,0,1,11,30.0
2,pat74,17,110.0,101.95,97.5,5,0,1,11,40.0
2,pat74,18,109.5,101.95,97.5,4,0,1,11,85.0
2,pat74,19,109.5,101.97,98.0,1,0,1,2,90.0
2,pat74,20,109.5,101.9,98.0,1,0,1,2,70.0
2,pat75,1,109.0,101.98,98.0,1,0,1,2,95.0
2,pat75,2,109.0,101.95,98.0,5,0,1,2,30.0
2,pat75,3,109.0,101.95,98.0,1,0,1,2,95.0
2,pat75,4,108.5,101.93,97.5,5,0,1,2,70.0
2,pat75,5,108.5,101.94,98.0,1,0,1,2,70.0
2,pat75,6,109.0,101.89,97.5,5,0,1,2,95.0
2,pat75,7,108.5,101.91,98.0,4,0,1,11,100.0
2,pat75,8,108.5,101.89,97.5,1,0,1,2,80.0
2,pat75,9,108.5,101.88,98.0,1,0,1,2,50.0
2,pat75,10,108.5,101.87,98.0,4,0,1,11,70.0
2,pat75,11,108.5,101.87,97.5,5,0,1,2,5.0
2,pat75,12,108.5,101.88,98.0,5,0,1,2,70.0
2,pat75,13,108.5,101.85,98.0,1,0,1,2,20.0
2,pat75,14,108.5,101.84,98.0,4,0,1,11,50.0
2,pat75,15,108.5,101.8,97.5,5,0,1,2,50.0
2,pat75,16,108.5,101.78,98.0,5,0,1,2,80.0
2,pat75,17,108.0,101.83,98.0,1,0,1,2,50.0
2,pat75,18,108.5,101.83,98.0,5,0,1,2,30.0
2,pat75,19,108.5,101.82,98.0,4,0,1,11,20.0
2,pat75,20,108.5,101.82,97.5,5,0,1,2,20.0
2,pat76,1,109.0,101.87,97.5,4,0,1,11,45.0
2,pat76,2,109.0,101.91,97.5,1,0,1,11,40.0
2,pat76,3,109.5,101.89,97.5,1,0,1,2,25.0
2,pat76,4,109.0,101.9,97.5,1,0,1,11,55.0
2,pat76,5,109.0,101.91,97.5,4,0,1,11,25.0
2,pat76,6,109.5,101.92,98.0,1,0,1,11,60.0
2,pat76,7,109.5,101.92,97.5,4,0,1,11,15.0
2,pat76,8,109.0,101.93,98.0,1,0,1,11,15.0
2,pat76,9,109.0,101.94,97.5,1,0,1,11,40.0
2,pat76,10,109.0,101.94,97.5,1,0,1,2,100.0
2,pat76,11,109.0,101.95,97.5,1,0,1,11,40.0
2,pat76,12,109.5,101.98,97.5,5,0,1,11,80.0
2,pat76,13,109.5,101.99,97.5,5,0,1,11,5.0
2,pat76,14,109.0,102.01,97.5,1,0,1,11,70.0
2,pat76,15,109.0,101.99,98.0,1,0,1,2,90.0
2,pat76,16,109.5,102.04,98.0,1,0,1,2,80.0
2,pat76,17,109.0,102.04,97.5,1,0,1,11,50.0
2,pat76,18,109.5,102.02,98.0,5,0,1,11,65.0
2,pat76,19,109.0,102.06,98.0,1,0,1,2,95.0
2,pat76,20,109.0,102.04,97.5,1,0,1,11,90.0
2,pat77,1,109.0,102.0,97.5,1,0,1,11,20.0
2,pat77,2,109.0,102.03,98.0,1,0,1,11,5.0
2,pat77,3,109.0,102.01,98.0,1,0,1,2,10.0
2,pat77,4,109.0,102.02,98.0,4,0,1,11,45.0
2,pat77,5,109.0,102.07,98.0,0,0,1,11,100.0
2,pat77,6,109.0,102.02,98.0,1,0,1,11,80.0
2,pat77,7,109.0,102.01,98.0,1,0,1,11,55.0
2,pat77,8,109.0,102.04,98.0,5,0,1,2,80.0
2,pat77,9,109.5,102.01,97.5,1,0,1,11,100.0
2,pat77,10,109.5,102.02,98.0,5,0,1,11,90.0
2,pat77,11,109.0,101.97,98.0,1,0,1,11,90.0
2,pat77,12,109.0,101.98,97.5,4,0,1,11,40.0
2,pat77,13,109.0,101.96,97.5,1,0,1,11,80.0
2,pat77,14,109.0,101.98,98.0,1,0,1,11,55.0
2,pat77,15,109.0,101.97,98.0,0,0,1,11,40.0
2,pat77,16,109.0,101.93,98.0,5,0,1,2,15.0
2,pat77,17,108.5,101.96,98.0,1,0,1,11,25.0
2,pat77,18,109.0,101.93,98.0,5,0,1,11,40.0
2,pat77,19,109.0,101.92,97.5,4,0,1,11,80.0
2,pat77,20,108.5,101.9,98.0,1,0,1,2,60.0
2,pat78,1,109.0,101.89,97.5,1,0,1,11,75.0
2,pat78,2,109.0,101.84,97.5,4,0,1,11,10.0
2,pat78,3,109.5,101.87,97.5,1,0,1,11,45.0
2,pat78,4,109.0,101.84,97.5,1,0,1,11,45.0
2,pat78,5,108.5,101.86,98.0,4,0,1,11,70.0
2,pat78,6,108.5,101.85,97.5,1,0,1,2,65.0
2,pat78,7,109.5,101.86,97.5,1,0,1,11,60.0
2,pat78,8,108.5,101.88,98.0,1,0,1,2,15.0
2,pat78,9,108.5,101.88,98.0,1,0,1,11,50.0
2,pat78,10,109.0,101.87,97.5,1,0,1,11,30.0
2,pat78,11,109.0,101.93,97.5,5,0,1,2,10.0
2,pat78,12,109.5,101.92,97.5,1,0,1,11,90.0
2,pat78,13,109.0,101.9,98.0,1,0,1,11,95.0
2,pat78,14,109.0,101.92,97.5,1,0,1,11,45.0
2,pat78,15,109.0,101.92,98.0,1,0,1,11,100.0
2,pat78,16,108.5,101.92,98.0,1,0,1,11,25.0
2,pat78,17,109.0,101.93,98.0,1,0,1,11,90.0
2,pat78,18,109.0,101.95,97.5,1,0,1,11,60.0
2,pat78,19,109.0,101.96,97.5,1,0,1,11,90.0
2,pat78,20,109.5,101.99,98.0,1,0,1,11,25.0
2,pat79,1,107.5,101.77,98.0,4,0,1,11,90.0
2,pat79,2,107.5,101.75,98.0,4,0,1,11,30.0
2,pat79,3,108.0,101.76,98.0,5,0,1,2,65.0
2,pat79,4,108.0,101.75,97.5,4,0,1,11,5.0
2,pat79,5,108.0,101.76,97.5,4,0,1,11,30.0
2,pat79,6,108.0,101.76,98.0,5,0,1,2,15.0
2,pat79,7,108.5,101.75,98.0,4,0,1,11,60.0
2,pat79,8,108.0,101.73,98.0,4,0,1,11,30.0
2,pat79,9,107.5,101.73,97.5,4,0,1,11,60.0
2,pat79,10,108.0,101.75,98.0,4,0,1,11,100.0
2,pat79,11,108.0,101.73,98.0,4,0,1,11,60.0
2,pat79,12,108.0,101.73,98.0,5,0,1,2,95.0
2,pat79,13,107.5,101.71,98.0,4,0,1,11,35.0
2,pat79,14,108.0,101.73,98.0,5,0,1,2,15.0
2,pat79,15,107.5,101.73,98.0,4,0,1,11,60.0
2,pat79,16,108.0,101.74,98.0,5,0,1,2,90.0
2,pat79,17,108.0,101.73,98.0,4,0,1,11,60.0
2,pat79,18,108.0,101.71,97.5,4,0,1,11,90.0
2,pat79,19,108.0,101.71,98.0,4,0,1,11,90.0
2,pat79,20,108.0,101.72,97.5,5,0,1,2,90.0
2,pat80,1,109.0,102.0,98.0,4,0,1,11,85.0
2,pat80,2,109.5,101.99,97.5,5,0,1,11,10.0
2,pat80,3,109.0,101.97,97.5,4,0,1,11,35.0
2,pat80,4,109.5,102.0,97.5,5,0,1,11,5.0
2,pat80,5,109.5,102.0,97.5,4,0,1,11,80.0
2,pat80,6,109.5,101.97,98.0,4,0,1,11,80.0
2,pat80,7,110.0,102.0,97.5,5,0,1,11,60.0
2,pat80,8,109.0,101.95,98.0,4,0,1,11,35.0
2,pat80,9,109.5,101.95,98.0,4,0,1,11,60.0
2,pat80,10,110.5,101.97,97.5,5,0,1,11,80.0
2,pat80,11,109.5,101.96,97.5,5,0,1,11,35.0
2,pat80,12,109.5,101.98,98.0,4,0,1,11,15.0
2,pat80,13,109.0,101.97,97.5,4,0,1,11,20.0
2,pat80,14,109.0,101.95,98.0,4,0,1,11,80.0
2,pat80,15,109.0,101.98,97.5,4,0,1,11,60.0
2,pat80,16,109.0,102.0,97.5,5,0,1,2,100.0
2,pat80,17,109.5,102.0,97.5,4,0,1,11,60.0
2,pat80,18,110.0,101.98,97.5,5,0,1,11,60.0
2,pat80,19,109.0,101.99,97.5,20,2,1,11,95.0
2,pat80,20,109.0,102.03,97.5,4,0,1,11,90.0
2,pat81,1,109.0,101.95,98.0,5,0,1,2,30.0
2,pat81,2,109.0,101.98,97.5,5,0,1,2,80.0
2,pat81,3,109.0,101.99,98.0,5,0,1,2,5.0
2,pat81,4,109.5,102.03,98.0,1,0,1,11,30.0
2,pat81,5,109.0,102.01,97.5,1,0,1,2,30.0
2,pat81,6,109.0,102.01,98.0,5,0,1,2,65.0
2,pat81,7,109.0,102.01,98.0,4,0,1,11,65.0
2,pat81,8,109.0,102.0,97.5,5,0,1,2,65.0
2,pat81,9,109.0,102.03,98.0,5,0,1,2,65.0
2,pat81,10,109.0,102.03,97.5,1,0,1,2,95.0
2,pat81,11,109.0,102.03,98.0,5,0,1,2,100.0
2,pat81,12,109.0,101.99,98.0,5,0,1,2,30.0
2,pat81,13,109.0,102.05,98.0,5,0,1,2,80.0
2,pat81,14,109.5,102.03,98.0,1,0,1,2,95.0
2,pat81,15,109.0,102.02,98.0,1,0,1,2,30.0
2,pat81,16,109.0,102.01,97.5,5,0,1,2,35.0
2,pat81,17,109.0,102.01,98.0,1,0,1,2,80.0
2,pat81,18,109.0,102.02,98.0,5,0,1,2,95.0
2,pat81,19,109.0,101.98,97.5,1,0,1,2,65.0
2,pat81,20,109.0,102.0,97.5,4,0,1,11,65.0
2,pat82,1,109.0,101.96,98.0,1,0,1,11,50.0
2,pat82,2,109.0,101.97,98.0,1,0,1,11,50.0
2,pat82,3,108.5,102.0,98.0,1,0,1,11,95.0
2,pat82,4,109.0,101.99,98.0,4,0,1,11,70.0
2,pat82,5,109.0,101.99,97.5,4,0,1,11,70.0
2,pat82,6,108.5,102.02,98.0,1,0,1,11,35.0
2,pat82,7,109.0,102.01,97.5,5,0,1,2,15.0
2,pat82,8,108.5,102.0,98.0,4,0,1,11,30.0
2,pat82,9,108.5,101.97,97.5,4,0,1,11,50.0
2,pat82,10,109.0,101.98,98.0,4,0,1,11,100.0
2,pat82,11,109.0,102.03,98.0,1,0,1,11,15.0
2,pat82,12,108.5,101.98,97.5,4,0,1,11,70.0
2,pat82,13,108.5,102.0,98.0,1,0,1,11,90.0
2,pat82,14,109.0,101.98,98.0,5,0,1,11,90.0
2,pat82,15,109.0,101.99,98.0,4,0,1,11,90.0
2,pat82,16,109.0,102.0,98.0,1,0,1,11,70.0
2,pat82,17,108.5,101.98,97.5,4,0,1,11,90.0
2,pat82,18,108.5,102.0,97.5,4,0,1,11,5.0
2,pat82,19,109.0,102.0,98.0,4,0,1,11,30.0
2,pat82,20,109.0,101.97,98.0,5,0,1,2,30.0
2,pat83,1,109.5,101.9,97.5,5,0,1,11,10.0
2,pat83,2,109.0,101.91,97.5,1,0,1,11,95.0
2,pat83,3,109.0,101.85,98.0,4,0,1,11,25.0
2,pat83,4,109.0,101.88,98.0,1,0,1,11,75.0
2,pat83,5,109.0,101.86,98.0,1,0,1,11,45.0
2,pat83,6,108.5,101.85,97.5,1,0,1,2,85.0
2,pat83,7,109.0,101.84,97.5,1,0,1,2,65.0
2,pat83,8,109.0,101.87,97.5,1,0,1,11,40.0
2,pat83,9,109.0,101.86,98.0,4,0,1,11,75.0
2,pat83,10,109.0,101.85,97.5,1,0,1,11,65.0
2,pat83,11,109.0,101.88,97.5,1,0,1,11,90.0
2,pat83,12,109.0,101.88,98.0,1,0,1,11,65.0
2,pat83,13,109.0,101.89,97.5,1,0,1,2,25.0
2,pat83,14,109.5,101.91,97.5,1,0,1,2,85.0
2,pat83,15,109.5,101.9,98.0,1,0,1,11,5.0
2,pat83,16,109.0,101.92,98.0,1,0,1,11,40.0
2,pat83,17,109.0,101.93,98.0,1,0,1,11,65.0
2,pat83,18,109.5,101.92,98.0,4,0,1,11,25.0
2,pat83,19,109.5,101.95,98.0,4,0,1,11,40.0
2,pat83,20,109.5,101.94,98.0,4,0,1,11,100.0
2,pat84,1,108.5,101.82,98.0,1,0,1,11,60.0
2,pat84,2,108.5,101.84,98.0,1,0,1,11,60.0
2,pat84,3,109.0,101.83,97.5,5,0,1,2,60.0
2,pat84,4,109.0,101.85,98.0,1,0,1,11,80.0
2,pat84,5,109.0,101.86,97.5,1,0,1,11,80.0
2,pat84,6,109.0,101.85,97.5,1,0,1,11,30.0
2,pat84,7,109.0,101.85,97.5,1,0,1,11,85.0
2,pat84,8,108.5,101.81,98.0,4,0,1,11,30.0
2,pat84,9,109.0,101.85,98.0,5,0,1,2,60.0
2,pat84,10,109.0,101.84,97.5,5,0,1,2,80.0
2,pat84,11,109.0,101.84,98.0,4,0,1,11,90.0
2,pat84,12,108.5,101.88,98.0,1,0,1,11,95.0
2,pat84,13,108.5,101.8,97.5,4,0,1,11,15.0
2,pat84,14,109.0,101.84,97.5,5,0,1,11,60.0
2,pat84,15,109.0,101.82,97.5,1,0,1,11,20.0
2,pat84,16,109.0,101.82,97.5,1,0,1,11,15.0
2,pat84,17,109.0,101.82,98.0,1,0,1,11,60.0
2,pat84,18,108.5,101.78,98.0,4,0,1,11,5.0
2,pat84,19,108.5,101.78,98.0,4,0,1,11,100.0
2,pat84,20,108.5,101.77,98.0,1,0,1,11,80.0
2,pat85,1,109.0,101.85,97.5,1,0,1,11,100.0
2,pat85,2,109.0,101.85,98.0,1,0,1,11,50.0
2,pat85,3,109.0,101.84,97.5,5,0,1,2,10.0
2,pat85,4,108.5,101.85,98.0,1,0,1,2,100.0
2,pat85,5,109.0,101.87,97.5,1,0,1,11,35.0
2,pat85,6,109.5,101.87,98.0,1,0,1,11,100.0
2,pat85,7,109.0,101.87,97.5,1,0,1,11,5.0
2,pat85,8,108.5,101.87,97.5,4,0,1,11,85.0
2,pat85,9,108.5,101.86,97.5,1,0,1,2,50.0
2,pat85,10,109.0,101.86,98.0,4,0,1,11,85.0
2,pat85,11,108.5,101.86,97.5,1,0,1,2,50.0
2,pat85,12,108.5,101.85,97.5,4,0,1,11,35.0
2,pat85,13,108.5,101.88,97.5,1,0,1,11,15.0
2,pat85,14,108.5,101.87,98.0,5,0,1,2,85.0
2,pat85,15,108.5,101.87,98.0,1,0,1,11,60.0
2,pat85,16,109.0,101.87,98.0,5,0,1,2,25.0
2,pat85,17,109.0,101.88,97.5,1,0,1,11,60.0
2,pat85,18,109.0,101.87,98.0,4,0,1,11,85.0
2,pat85,19,109.0,101.89,98.0,5,0,1,2,85.0
2,pat85,20,109.0,101.92,97.5,4,0,1,11,25.0
2,pat86,1,108.5,101.78,98.0,4,0,1,11,25.0
2,pat86,2,108.0,101.8,97.5,1,0,1,11,25.0
2,pat86,3,108.5,101.85,98.0,4,0,1,11,25.0
2,pat86,4,108.0,101.84,98.0,1,0,1,11,95.0
2,pat86,5,108.5,101.82,98.0,4,0,1,11,75.0
2,pat86,6,108.5,101.84,97.5,4,0,1,11,45.0
2,pat86,7,108.0,101.83,98.0,4,0,1,11,95.0
2,pat86,8,108.0,101.85,98.0,4,0,1,11,45.0
2,pat86,9,108.0,101.84,98.0,4,0,1,11,45.0
2,pat86,10,108.5,101.84,98.0,5,0,1,2,95.0
2,pat86,11,108.5,101.81,98.0,5,0,1,2,95.0
2,pat86,12,108.5,101.81,98.0,4,0,1,11,75.0
2,pat86,13,108.0,101.81,98.0,1,0,1,11,45.0
2,pat86,14,108.0,101.82,98.0,1,0,1,11,100.0
2,pat86,15,109.0,101.82,98.0,1,0,1,11,75.0
2,pat86,16,108.0,101.84,98.0,4,0,1,11,75.0
2,pat86,17,108.5,101.82,97.5,4,0,1,11,5.0
2,pat86,18,108.5,101.82,97.5,5,0,1,2,75.0
2,pat86,19,108.5,101.82,98.0,1,0,1,11,25.0
2,pat86,20,108.0,101.83,98.0,4,0,1,11,50.0
2,pat87,1,109.0,101.84,98.0,4,0,1,11,20.0
2,pat87,2,108.0,101.85,97.5,4,0,1,11,95.0
2,pat87,3,108.5,101.86,97.5,5,0,1,2,30.0
2,pat87,4,108.5,101.87,97.5,4,0,1,11,100.0
2,pat87,5,109.0,101.86,98.0,5,0,1,2,50.0
2,pat87,6,108.5,101.87,98.0,5,0,1,2,65.0
2,pat87,7,108.5,101.88,98.0,4,0,1,11,65.0
2,pat87,8,108.5,101.87,98.0,4,0,1,11,50.0
2,pat87,9,108.5,101.85,98.0,5,0,1,2,50.0
2,pat87,10,108.5,101.85,98.0,4,0,1,11,95.0
2,pat87,11,108.0,101.86,97.5,1,0,1,11,10.0
2,pat87,12,108.5,101.87,98.0,17,2,1,2,20.0
2,pat87,13,108.0,101.81,98.0,4,0,1,11,25.0
2,pat87,14,109.0,101.83,97.5,5,0,1,2,5.0
2,pat87,15,108.5,101.85,98.0,1,0,1,11,50.0
2,pat87,16,108.0,101.85,98.0,4,0,1,11,95.0
2,pat87,17,108.0,101.84,98.0,1,0,1,11,95.0
2,pat87,18,108.5,101.83,97.5,4,0,1,11,65.0
2,pat87,19,108.5,101.88,97.5,1,0,1,11,95.0
2,pat87,20,108.5,101.87,98.0,5,0,1,2,95.0
2,pat88,1,108.0,101.81,97.5,5,0,1,2,50.0
2,pat88,2,108.0,101.85,98.0,5,0,0,3,45.0
2,pat88,3,108.0,101.81,98.0,5,0,0,3,35.0
2,pat88,4,107.5,101.86,98.0,4,0,1,11,25.0
2,pat88,5,108.0,101.84,98.0,5,0,1,2,25.0
2,pat88,6,108.0,101.84,98.0,1,0,1,11,25.0
2,pat88,7,108.0,101.87,98.0,4,0,1,11,70.0
2,pat88,8,108.0,101.9,97.5,5,0,0,3,70.0
2,pat88,9,108.0,101.88,98.0,1,0,1,2,100.0
2,pat88,10,108.0,101.9,98.0,1,0,1,11,55.0
2,pat88,11,108.0,101.93,98.0,1,0,1,11,5.0
2,pat88,12,108.0,101.92,98.0,4,0,1,11,95.0
2,pat88,13,108.0,101.92,98.0,1,0,1,11,25.0
2,pat88,14,108.0,101.88,98.0,1,0,1,2,95.0
2,pat88,15,108.0,101.93,98.0,4,0,1,11,80.0
2,pat88,16,108.0,101.89,98.0,5,0,0,3,80.0
2,pat88,17,108.0,101.91,98.0,5,0,0,3,60.0
2,pat88,18,108.0,101.92,98.0,4,0,1,11,40.0
2,pat88,19,108.0,101.94,98.0,4,0,1,11,30.0
2,pat88,20,108.0,101.93,98.0,5,0,0,3,85.0
2,pat89,1,111.0,102.33,97.5,5,0,1,2,30.0
2,pat89,2,111.0,102.27,98.0,5,0,1,2,85.0
2,pat89,3,110.5,102.29,97.5,1,0,1,2,75.0
2,pat89,4,111.0,102.31,98.0,5,0,1,2,10.0
2,pat89,5,111.5,102.3,98.0,5,0,1,2,40.0
2,pat89,6,111.0,102.32,97.5,1,0,1,2,15.0
2,pat89,7,111.0,102.32,98.0,1,0,1,2,100.0
2,pat89,8,111.0,102.27,97.5,1,0,1,2,100.0
2,pat89,9,111.0,102.29,98.0,1,0,1,2,55.0
2,pat89,10,111.5,102.31,98.0,5,0,1,2,40.0
2,pat89,11,111.0,102.31,97.5,5,0,1,2,30.0
2,pat89,12,111.0,102.3,98.0,1,0,1,2,55.0
2,pat89,13,111.0,102.26,98.0,1,0,1,2,75.0
2,pat89,14,111.0,102.28,98.0,5,0,1,2,10.0
2,pat89,15,111.0,102.28,98.0,1,0,1,2,85.0
2,pat89,16,111.0,102.29,97.5,1,0,1,2,55.0
2,pat89,17,111.0,102.3,97.5,5,0,1,2,30.0
2,pat89,18,111.0,102.28,97.5,5,0,1,2,75.0
2,pat89,19,111.0,102.28,98.0,5,0,1,2,90.0
2,pat89,20,111.0,102.28,98.0,1,0,1,2,75.0
2,pat90,1,109.5,102.53,98.0,1,0,1,2,20.0
2,pat90,2,110.0,102.69,98.0,1,0,1,2,5.0
2,pat90,3,110.0,102.83,98.0,1,0,1,2,20.0
2,pat90,4,110.0,102.88,98.0,4,0,1,11,95.0
2,pat90,5,110.5,102.94,98.0,4,0,1,11,95.0
2,pat90,6,110.5,102.97,98.0,1,0,1,2,60.0
2,pat90,7,110.0,103.0,98.0,1,0,1,2,100.0
2,pat90,8,110.0,103.01,98.5,1,0,1,2,95.0
2,pat90,9,110.0,103.05,98.0,1,0,1,2,95.0
2,pat90,10,110.5,103.01,98.0,1,0,1,2,95.0
2,pat90,11,110.0,103.02,98.0,4,0,1,11,20.0
2,pat90,12,110.0,103.01,98.0,1,0,1,2,95.0
2,pat90,13,110.0,102.94,98.0,1,0,1,2,60.0
2,pat90,14,109.5,102.92,98.0,1,0,1,2,35.0
2,pat90,15,109.5,102.87,98.0,1,0,1,2,65.0
2,pat90,16,109.5,102.84,98.0,1,0,1,2,35.0
2,pat90,17,109.5,102.82,98.0,1,0,1,2,45.0
2,pat90,18,109.5,102.84,98.0,1,0,1,2,45.0
2,pat90,19,109.5,102.82,98.0,1,0,1,2,35.0
2,pat90,20,109.5,102.81,98.0,1,0,1,2,60.0
2,pat91,1,112.0,102.52,97.5,5,0,1,2,95.0
2,pat91,2,111.5,102.36,98.0,5,0,1,2,100.0
2,pat91,3,111.5,102.3,97.5,5,0,1,2,55.0
2,pat91,4,111.0,102.21,97.5,1,0,1,2,55.0
2,pat91,5,111.5,102.17,97.5,5,0,1,2,85.0
2,pat91,6,111.0,102.14,97.5,1,0,1,2,95.0
2,pat91,7,111.0,102.11,98.0,1,0,1,2,10.0
2,pat91,8,111.0,102.09,97.5,1,0,1,2,5.0
2,pat91,9,111.0,102.08,97.5,5,0,1,2,20.0
2,pat91,10,111.0,102.12,97.5,5,0,1,2,65.0
2,pat91,11,110.5,102.06,97.5,1,0,1,2,55.0
2,pat91,12,111.0,102.09,97.0,1,0,1,2,55.0
2,pat91,13,111.0,102.16,98.0,1,0,1,2,65.0
2,pat91,14,111.0,102.11,98.0,1,0,1,2,85.0
2,pat91,15,111.5,102.14,97.5,5,0,1,2,35.0
2,pat91,16,111.0,102.19,97.5,1,0,1,2,20.0
2,pat91,17,111.0,102.2,97.5,1,0,1,2,85.0
2,pat91,18,112.0,102.21,98.0,5,0,1,2,25.0
2,pat91,19,111.5,102.25,98.0,5,0,1,2,85.0
2,pat91,20,111.0,102.26,98.0,1,0,1,2,35.0
2,pat92,1,108.5,101.9,98.0,1,0,1,2,30.0
2,pat92,2,108.5,101.9,98.0,1,0,1,11,100.0
2,pat92,3,109.5,101.92,97.5,1,0,1,11,15.0
2,pat92,4,109.0,101.96,97.5,1,0,1,11,25.0
2,pat92,5,108.5,101.98,97.5,1,0,1,2,55.0
2,pat92,6,109.0,102.0,98.0,1,0,1,11,20.0
2,pat92,7,109.0,102.0,98.0,4,0,1,11,10.0
2,pat92,8,109.0,102.07,97.5,1,0,1,2,95.0
2,pat92,9,109.0,102.07,98.0,1,0,1,11,5.0
2,pat92,10,109.0,102.06,97.5,1,0,1,2,90.0
2,pat92,11,109.0,102.1,98.0,1,0,1,11,80.0
2,pat92,12,110.0,102.05,98.0,1,0,1,2,55.0
2,pat92,13,108.5,102.04,98.0,1,0,1,11,85.0
2,pat92,14,109.5,102.04,98.0,1,0,1,2,35.0
2,pat92,15,109.0,102.05,98.0,4,0,1,11,65.0
2,pat92,16,109.0,102.05,98.0,1,0,1,2,70.0
2,pat92,17,109.5,102.05,98.0,1,0,1,2,65.0
2,pat92,18,109.5,102.03,98.0,1,0,1,2,45.0
2,pat92,19,109.0,102.0,98.0,1,0,1,2,75.0
2,pat92,20,109.0,101.97,98.0,1,0,1,2,40.0
2,pat93,1,109.5,101.91,97.5,1,0,1,11,60.0
2,pat93,2,109.0,101.92,97.5,1,0,1,2,90.0
2,pat93,3,109.0,101.85,97.5,1,0,1,2,100.0
2,pat93,4,108.5,101.81,98.0,1,0,1,2,35.0
2,pat93,5,109.0,101.81,97.5,1,0,1,11,60.0
2,pat93,6,109.0,101.77,97.5,1,0,1,11,60.0
2,pat93,7,108.5,101.78,97.5,4,0,1,11,90.0
2,pat93,8,108.5,101.78,98.0,1,0,1,2,90.0
2,pat93,9,108.5,101.76,97.5,4,0,1,11,25.0
2,pat93,10,108.5,101.75,97.5,1,0,1,11,60.0
2,pat93,11,109.0,101.71,98.0,1,0,1,11,70.0
2,pat93,12,109.0,101.74,97.5,1,0,1,11,35.0
2,pat93,13,108.5,101.71,97.5,1,0,1,11,95.0
2,pat93,14,108.5,101.74,98.0,4,0,1,11,90.0
2,pat93,15,108.5,101.72,98.0,1,0,1,2,65.0
2,pat93,16,108.5,101.76,97.5,1,0,1,2,15.0
2,pat93,17,108.5,101.79,97.5,1,0,1,2,25.0
2,pat93,18,109.0,101.76,98.0,1,0,1,11,10.0
2,pat93,19,108.5,101.77,97.5,1,0,1,2,5.0
2,pat93,20,109.0,101.8,98.0,1,0,1,11,60.0
2,pat94,1,107.5,101.74,97.5,5,0,1,2,60.0
2,pat94,2,107.5,101.75,98.0,4,0,1,11,10.0
2,pat94,3,107.5,101.77,97.5,4,0,1,11,20.0
2,pat94,4,107.5,101.75,98.0,4,0,1,11,50.0
2,pat94,5,107.5,101.79,98.0,4,0,1,11,100.0
2,pat94,6,107.5,101.8,98.0,4,0,1,11,50.0
2,pat94,7,108.0,101.83,97.5,4,0,1,11,60.0
2,pat94,8,107.5,101.84,98.0,4,0,1,11,50.0
2,pat94,9,107.5,101.84,98.0,4,0,1,11,95.0
2,pat94,10,108.0,101.83,97.5,5,0,1,2,80.0
2,pat94,11,107.5,101.84,98.0,5,0,1,2,50.0
2,pat94,12,108.0,101.87,98.0,4,0,1,11,95.0
2,pat94,13,107.5,101.9,97.5,4,0,1,11,5.0
2,pat94,14,108.0,101.86,97.5,5,0,1,2,95.0
2,pat94,15,107.5,101.88,98.0,4,0,1,11,80.0
2,pat94,16,107.5,101.89,98.0,4,0,1,11,20.0
2,pat94,17,108.0,101.9,98.0,4,0,1,11,80.0
2,pat94,18,108.0,101.89,98.0,5,0,1,2,50.0
2,pat94,19,108.0,101.91,98.0,5,0,1,2,50.0
2,pat94,20,107.5,101.87,97.5,4,0,1,11,80.0
