experiment,pat#,pattern_name,top_die,dcm_in_die,dcm_global,n_samples,Tmax,Tmean,Tmin,hot_bank,hot_sensor
1,pat1,d1701150P0774509C_N1_B0Fmm00_PB0PCcZNC0909_B64mA1la0R0vxxxxxx_000A07fBIsc_xBCxxxXxxFgxxn_DM02_Custom_APX_FF282250_better_fix,0,0,0,600,108.0,103.61,98.0,1,11
1,pat1,d1701150P0774509C_N1_B0Fmm00_PB0PCcZNC0909_B64mA1la0R0vxxxxxx_000A07fBIsc_xBCxxxXxxFgxxn_DM02_Custom_APX_FF282250_better_fix,0,1,1,600,109.5,103.83,98.5,1,11
1,pat1,d1701150P0774509C_N1_B0Fmm00_PB0PCcZNC0909_B64mA1la0R0vxxxxxx_000A07fBIsc_xBCxxxXxxFgxxn_DM02_Custom_APX_FF282250_better_fix,0,2,2,600,101.0,99.45,98.0,0,14
1,pat1,d1701150P0774509C_N1_B0Fmm00_PB0PCcZNC0909_B64mA1la0R0vxxxxxx_000A07fBIsc_xBCxxxXxxFgxxn_DM02_Custom_APX_FF282250_better_fix,0,3,3,600,100.5,98.44,97.0,0,8
1,pat1,d1701150P0774509C_N1_B0Fmm00_PB0PCcZNC0909_B64mA1la0R0vxxxxxx_000A07fBIsc_xBCxxxXxxFgxxn_DM02_Custom_APX_FF282250_better_fix,0,4,4,600,109.5,103.99,99.0,1,11
1,pat1,d1701150P0774509C_N1_B0Fmm00_PB0PCcZNC0909_B64mA1la0R0vxxxxxx_000A07fBIsc_xBCxxxXxxFgxxn_DM02_Custom_APX_FF282250_better_fix,0,5,5,600,109.0,104.8,100.0,1,2
1,pat1,d1701150P0774509C_N1_B0Fmm00_PB0PCcZNC0909_B64mA1la0R0vxxxxxx_000A07fBIsc_xBCxxxXxxFgxxn_DM02_Custom_APX_FF282250_better_fix,0,6,6,600,102.0,99.85,97.5,1,13
1,pat1,d1701150P0774509C_N1_B0Fmm00_PB0PCcZNC0909_B64mA1la0R0vxxxxxx_000A07fBIsc_xBCxxxXxxFgxxn_DM02_Custom_APX_FF282250_better_fix,0,7,7,600,100.5,98.69,97.0,1,8
1,pat1,d1701150P0774509C_N1_B0Fmm00_PB0PCcZNC0909_B64mA1la0R0vxxxxxx_000A07fBIsc_xBCxxxXxxFgxxn_DM02_Custom_APX_FF282250_better_fix,1,0,8,600,106.5,103.35,99.0,1,0
1,pat1,d1701150P0774509C_N1_B0Fmm00_PB0PCcZNC0909_B64mA1la0R0vxxxxxx_000A07fBIsc_xBCxxxXxxFgxxn_DM02_Custom_APX_FF282250_better_fix,1,1,9,600,105.5,102.67,99.0,0,10
1,pat1,d1701150P0774509C_N1_B0Fmm00_PB0PCcZNC0909_B64mA1la0R0vxxxxxx_000A07fBIsc_xBCxxxXxxFgxxn_DM02_Custom_APX_FF282250_better_fix,1,2,10,600,101.5,99.79,98.0,1,7
1,pat1,d1701150P0774509C_N1_B0Fmm00_PB0PCcZNC0909_B64mA1la0R0vxxxxxx_000A07fBIsc_xBCxxxXxxFgxxn_DM02_Custom_APX_FF282250_better_fix,1,3,11,600,101.0,99.47,97.5,0,4
1,pat1,d1701150P0774509C_N1_B0Fmm00_PB0PCcZNC0909_B64mA1la0R0vxxxxxx_000A07fBIsc_xBCxxxXxxFgxxn_DM02_Custom_APX_FF282250_better_fix,1,4,12,600,106.5,103.21,99.5,0,11
1,pat1,d1701150P0774509C_N1_B0Fmm00_PB0PCcZNC0909_B64mA1la0R0vxxxxxx_000A07fBIsc_xBCxxxXxxFgxxn_DM02_Custom_APX_FF282250_better_fix,1,5,13,600,106.5,103.45,99.5,1,2
1,pat1,d1701150P0774509C_N1_B0Fmm00_PB0PCcZNC0909_B64mA1la0R0vxxxxxx_000A07fBIsc_xBCxxxXxxFgxxn_DM02_Custom_APX_FF282250_better_fix,1,6,14,600,102.0,100.14,97.5,0,1
1,pat1,d1701150P0774509C_N1_B0Fmm00_PB0PCcZNC0909_B64mA1la0R0vxxxxxx_000A07fBIsc_xBCxxxXxxFgxxn_DM02_Custom_APX_FF282250_better_fix,1,7,15,600,101.0,99.13,97.0,0,8
1,pat1,d1701150P0774509C_N1_B0Fmm00_PB0PCcZNC0909_B64mA1la0R0vxxxxxx_000A07fBIsc_xBCxxxXxxFgxxn_DM02_Custom_APX_FF282250_better_fix,2,0,16,600,107.5,104.21,100.0,1,11
1,pat1,d1701150P0774509C_N1_B0Fmm00_PB0PCcZNC0909_B64mA1la0R0vxxxxxx_000A07fBIsc_xBCxxxXxxFgxxn_DM02_Custom_APX_FF282250_better_fix,2,1,17,600,108.5,104.49,100.0,1,2
1,pat1,d1701150P0774509C_N1_B0Fmm00_PB0PCcZNC0909_B64mA1la0R0vxxxxxx_000A07fBIsc_xBCxxxXxxFgxxn_DM02_Custom_APX_FF282250_better_fix,2,2,18,600,101.5,99.98,98.5,0,5
1,pat1,d1701150P0774509C_N1_B0Fmm00_PB0PCcZNC0909_B64mA1la0R0vxxxxxx_000A07fBIsc_xBCxxxXxxFgxxn_DM02_Custom_APX_FF282250_better_fix,2,3,19,600,101.5,99.75,98.0,1,6
1,pat1,d1701150P0774509C_N1_B0Fmm00_PB0PCcZNC0909_B64mA1la0R0vxxxxxx_000A07fBIsc_xBCxxxXxxFgxxn_DM02_Custom_APX_FF282250_better_fix,2,4,20,600,108.0,103.33,100.0,1,11
1,pat1,d1701150P0774509C_N1_B0Fmm00_PB0PCcZNC0909_B64mA1la0R0vxxxxxx_000A07fBIsc_xBCxxxXxxFgxxn_DM02_Custom_APX_FF282250_better_fix,2,5,21,600,106.5,103.87,100.5,1,11
1,pat1,d1701150P0774509C_N1_B0Fmm00_PB0PCcZNC0909_B64mA1la0R0vxxxxxx_000A07fBIsc_xBCxxxXxxFgxxn_DM02_Custom_APX_FF282250_better_fix,2,6,22,600,102.5,100.45,98.5,0,4
1,pat1,d1701150P0774509C_N1_B0Fmm00_PB0PCcZNC0909_B64mA1la0R0vxxxxxx_000A07fBIsc_xBCxxxXxxFgxxn_DM02_Custom_APX_FF282250_better_fix,2,7,23,600,101.0,99.33,97.5,1,6
1,pat1,d1701150P0774509C_N1_B0Fmm00_PB0PCcZNC0909_B64mA1la0R0vxxxxxx_000A07fBIsc_xBCxxxXxxFgxxn_DM02_Custom_APX_FF282250_better_fix,3,0,24,600,105.0,102.61,99.5,1,0
1,pat1,d1701150P0774509C_N1_B0Fmm00_PB0PCcZNC0909_B64mA1la0R0vxxxxxx_000A07fBIsc_xBCxxxXxxFgxxn_DM02_Custom_APX_FF282250_better_fix,3,1,25,600,104.5,102.4,100.0,0,0
1,pat1,d1701150P0774509C_N1_B0Fmm00_PB0PCcZNC0909_B64mA1la0R0vxxxxxx_000A07fBIsc_xBCxxxXxxFgxxn_DM02_Custom_APX_FF282250_better_fix,3,2,26,600,102.0,100.34,98.0,0,6
1,pat1,d1701150P0774509C_N1_B0Fmm00_PB0PCcZNC0909_B64mA1la0R0vxxxxxx_000A07fBIsc_xBCxxxXxxFgxxn_DM02_Custom_APX_FF282250_better_fix,3,3,27,600,101.5,100.03,98.5,0,8
1,pat1,d1701150P0774509C_N1_B0Fmm00_PB0PCcZNC0909_B64mA1la0R0vxxxxxx_000A07fBIsc_xBCxxxXxxFgxxn_DM02_Custom_APX_FF282250_better_fix,3,4,28,600,107.5,103.74,99.5,1,11
1,pat1,d1701150P0774509C_N1_B0Fmm00_PB0PCcZNC0909_B64mA1la0R0vxxxxxx_000A07fBIsc_xBCxxxXxxFgxxn_DM02_Custom_APX_FF282250_better_fix,3,5,29,600,105.5,102.89,100.5,1,0
1,pat1,d1701150P0774509C_N1_B0Fmm00_PB0PCcZNC0909_B64mA1la0R0vxxxxxx_000A07fBIsc_xBCxxxXxxFgxxn_DM02_Custom_APX_FF282250_better_fix,3,6,30,600,102.0,100.32,98.5,0,8
1,pat1,d1701150P0774509C_N1_B0Fmm00_PB0PCcZNC0909_B64mA1la0R0vxxxxxx_000A07fBIsc_xBCxxxXxxFgxxn_DM02_Custom_APX_FF282250_better_fix,3,7,31,600,102.5,99.99,98.0,0,8
1,pat2,d1682706P0420888C_N1_B0Fmm00_PB0PCcZNC0909_B64mA1la0R0vxxxxxx_000A07fBIsc_xBCxxxXxxFgxxn_DQ02_0Demo_55000171,0,0,0,600,106.0,102.75,98.5,1,2
1,pat2,d1682706P0420888C_N1_B0Fmm00_PB0PCcZNC0909_B64mA1la0R0vxxxxxx_000A07fBIsc_xBCxxxXxxFgxxn_DQ02_0Demo_55000171,0,1,1,600,106.0,102.85,98.5,1,2
1,pat2,d1682706P0420888C_N1_B0Fmm00_PB0PCcZNC0909_B64mA1la0R0vxxxxxx_000A07fBIsc_xBCxxxXxxFgxxn_DQ02_0Demo_55000171,0,2,2,600,101.0,99.79,98.5,0,14
1,pat2,d1682706P0420888C_N1_B0Fmm00_PB0PCcZNC0909_B64mA1la0R0vxxxxxx_000A07fBIsc_xBCxxxXxxFgxxn_DQ02_0Demo_55000171,0,3,3,600,100.5,98.96,97.5,0,8
1,pat2,d1682706P0420888C_N1_B0Fmm00_PB0PCcZNC0909_B64mA1la0R0vxxxxxx_000A07fBIsc_xBCxxxXxxFgxxn_DQ02_0Demo_55000171,0,4,4,600,106.5,102.96,99.5,1,11
1,pat2,d1682706P0420888C_N1_B0Fmm00_PB0PCcZNC0909_B64mA1la0R0vxxxxxx_000A07fBIsc_xBCxxxXxxFgxxn_DQ02_0Demo_55000171,0,5,5,600,107.5,103.77,100.0,0,0
1,pat2,d1682706P0420888C_N1_B0Fmm00_PB0PCcZNC0909_B64mA1la0R0vxxxxxx_000A07fBIsc_xBCxxxXxxFgxxn_DQ02_0Demo_55000171,0,6,6,600,101.5,100.16,99.0,1,2
1,pat2,d1682706P0420888C_N1_B0Fmm00_PB0PCcZNC0909_B64mA1la0R0vxxxxxx_000A07fBIsc_xBCxxxXxxFgxxn_DQ02_0Demo_55000171,0,7,7,600,100.5,99.19,98.0,1,8
1,pat2,d1682706P0420888C_N1_B0Fmm00_PB0PCcZNC0909_B64mA1la0R0vxxxxxx_000A07fBIsc_xBCxxxXxxFgxxn_DQ02_0Demo_55000171,1,0,8,600,105.0,102.42,100.0,1,0
1,pat2,d1682706P0420888C_N1_B0Fmm00_PB0PCcZNC0909_B64mA1la0R0vxxxxxx_000A07fBIsc_xBCxxxXxxFgxxn_DQ02_0Demo_55000171,1,1,9,600,105.0,102.05,99.5,0,10
1,pat2,d1682706P0420888C_N1_B0Fmm00_PB0PCcZNC0909_B64mA1la0R0vxxxxxx_000A07fBIsc_xBCxxxXxxFgxxn_DQ02_0Demo_55000171,1,2,10,600,101.5,100.07,98.5,0,8
1,pat2,d1682706P0420888C_N1_B0Fmm00_PB0PCcZNC0909_B64mA1la0R0vxxxxxx_000A07fBIsc_xBCxxxXxxFgxxn_DQ02_0Demo_55000171,1,3,11,600,101.5,99.94,98.5,0,8
1,pat2,d1682706P0420888C_N1_B0Fmm00_PB0PCcZNC0909_B64mA1la0R0vxxxxxx_000A07fBIsc_xBCxxxXxxFgxxn_DQ02_0Demo_55000171,1,4,12,600,104.5,102.43,100.0,1,11
1,pat2,d1682706P0420888C_N1_B0Fmm00_PB0PCcZNC0909_B64mA1la0R0vxxxxxx_000A07fBIsc_xBCxxxXxxFgxxn_DQ02_0Demo_55000171,1,5,13,600,105.5,102.84,100.0,0,0
1,pat2,d1682706P0420888C_N1_B0Fmm00_PB0PCcZNC0909_B64mA1la0R0vxxxxxx_000A07fBIsc_xBCxxxXxxFgxxn_DQ02_0Demo_55000171,1,6,14,600,102.5,100.42,98.0,0,1
1,pat2,d1682706P0420888C_N1_B0Fmm00_PB0PCcZNC0909_B64mA1la0R0vxxxxxx_000A07fBIsc_xBCxxxXxxFgxxn_DQ02_0Demo_55000171,1,7,15,600,101.0,99.44,97.0,0,8
1,pat2,d1682706P0420888C_N1_B0Fmm00_PB0PCcZNC0909_B64mA1la0R0vxxxxxx_000A07fBIsc_xBCxxxXxxFgxxn_DQ02_0Demo_55000171,2,0,16,600,106.5,103.42,100.5,0,0
1,pat2,d1682706P0420888C_N1_B0Fmm00_PB0PCcZNC0909_B64mA1la0R0vxxxxxx_000A07fBIsc_xBCxxxXxxFgxxn_DQ02_0Demo_55000171,2,1,17,600,106.5,103.72,100.5,1,2
1,pat2,d1682706P0420888C_N1_B0Fmm00_PB0PCcZNC0909_B64mA1la0R0vxxxxxx_000A07fBIsc_xBCxxxXxxFgxxn_DQ02_0Demo_55000171,2,2,18,600,101.5,100.35,99.0,1,14
1,pat2,d1682706P0420888C_N1_B0Fmm00_PB0PCcZNC0909_B64mA1la0R0vxxxxxx_000A07fBIsc_xBCxxxXxxFgxxn_DQ02_0Demo_55000171,2,3,19,600,102.0,100.25,98.5,1,5
1,pat2,d1682706P0420888C_N1_B0Fmm00_PB0PCcZNC0909_B64mA1la0R0vxxxxxx_000A07fBIsc_xBCxxxXxxFgxxn_DQ02_0Demo_55000171,2,4,20,600,105.5,102.76,100.5,1,11
1,pat2,d1682706P0420888C_N1_B0Fmm00_PB0PCcZNC0909_B64mA1la0R0vxxxxxx_000A07fBIsc_xBCxxxXxxFgxxn_DQ02_0Demo_55000171,2,5,21,600,105.5,103.28,100.5,0,0
1,pat2,d1682706P0420888C_N1_B0Fmm00_PB0PCcZNC0909_B64mA1la0R0vxxxxxx_000A07fBIsc_xBCxxxXxxFgxxn_DQ02_0Demo_55000171,2,6,22,600,103.0,100.65,98.5,0,4
1,pat2,d1682706P0420888C_N1_B0Fmm00_PB0PCcZNC0909_B64mA1la0R0vxxxxxx_000A07fBIsc_xBCxxxXxxFgxxn_DQ02_0Demo_55000171,2,7,23,600,101.0,99.78,98.0,1,6
1,pat2,d1682706P0420888C_N1_B0Fmm00_PB0PCcZNC0909_B64mA1la0R0vxxxxxx_000A07fBIsc_xBCxxxXxxFgxxn_DQ02_0Demo_55000171,3,0,24,600,104.5,102.34,100.0,1,0
1,pat2,d1682706P0420888C_N1_B0Fmm00_PB0PCcZNC0909_B64mA1la0R0vxxxxxx_000A07fBIsc_xBCxxxXxxFgxxn_DQ02_0Demo_55000171,3,1,25,600,104.5,102.23,100.5,0,0
1,pat2,d1682706P0420888C_N1_B0Fmm00_PB0PCcZNC0909_B64mA1la0R0vxxxxxx_000A07fBIsc_xBCxxxXxxFgxxn_DQ02_0Demo_55000171,3,2,26,600,102.5,100.73,99.0,0,8
1,pat2,d1682706P0420888C_N1_B0Fmm00_PB0PCcZNC0909_B64mA1la0R0vxxxxxx_000A07fBIsc_xBCxxxXxxFgxxn_DQ02_0Demo_55000171,3,3,27,600,102.0,100.35,99.0,0,8
1,pat2,d1682706P0420888C_N1_B0Fmm00_PB0PCcZNC0909_B64mA1la0R0vxxxxxx_000A07fBIsc_xBCxxxXxxFgxxn_DQ02_0Demo_55000171,3,4,28,600,105.5,102.84,100.0,1,0
1,pat2,d1682706P0420888C_N1_B0Fmm00_PB0PCcZNC0909_B64mA1la0R0vxxxxxx_000A07fBIsc_xBCxxxXxxFgxxn_DQ02_0Demo_55000171,3,5,29,600,105.0,102.55,100.5,1,0
1,pat2,d1682706P0420888C_N1_B0Fmm00_PB0PCcZNC0909_B64mA1la0R0vxxxxxx_000A07fBIsc_xBCxxxXxxFgxxn_DQ02_0Demo_55000171,3,6,30,600,102.0,100.71,99.0,0,6
1,pat2,d1682706P0420888C_N1_B0Fmm00_PB0PCcZNC0909_B64mA1la0R0vxxxxxx_000A07fBIsc_xBCxxxXxxFgxxn_DQ02_0Demo_55000171,3,7,31,600,103.0,100.42,99.0,0,8
1,pat3,d1684732P0421776C_N0_B0Fmm00_PB0PCcZNC0909_B64mA1la0R0vxxxxxx_000A07fBIsc_xBCxxxXxxFgxxn_DQ02_0Sanity_TSC_550002EA,0,0,0,600,106.0,102.47,98.5,1,2
1,pat3,d1684732P0421776C_N0_B0Fmm00_PB0PCcZNC0909_B64mA1la0R0vxxxxxx_000A07fBIsc_xBCxxxXxxFgxxn_DQ02_0Sanity_TSC_550002EA,0,1,1,600,105.5,102.52,99.5,1,2
1,pat3,d1684732P0421776C_N0_B0Fmm00_PB0PCcZNC0909_B64mA1la0R0vxxxxxx_000A07fBIsc_xBCxxxXxxFgxxn_DQ02_0Sanity_TSC_550002EA,0,2,2,600,101.0,99.91,99.0,0,8
1,pat3,d1684732P0421776C_N0_B0Fmm00_PB0PCcZNC0909_B64mA1la0R0vxxxxxx_000A07fBIsc_xBCxxxXxxFgxxn_DQ02_0Sanity_TSC_550002EA,0,3,3,600,100.5,99.05,97.5,0,8
1,pat3,d1684732P0421776C_N0_B0Fmm00_PB0PCcZNC0909_B64mA1la0R0vxxxxxx_000A07fBIsc_xBCxxxXxxFgxxn_DQ02_0Sanity_TSC_550002EA,0,4,4,600,106.0,102.71,99.5,1,11
1,pat3,d1684732P0421776C_N0_B0Fmm00_PB0PCcZNC0909_B64mA1la0R0vxxxxxx_000A07fBIsc_xBCxxxXxxFgxxn_DQ02_0Sanity_TSC_550002EA,0,5,5,600,106.5,103.25,100.0,1,2
1,pat3,d1684732P0421776C_N0_B0Fmm00_PB0PCcZNC0909_B64mA1la0R0vxxxxxx_000A07fBIsc_xBCxxxXxxFgxxn_DQ02_0Sanity_TSC_550002EA,0,6,6,600,102.0,100.18,99.0,1,13
1,pat3,d1684732P0421776C_N0_B0Fmm00_PB0PCcZNC0909_B64mA1la0R0vxxxxxx_000A07fBIsc_xBCxxxXxxFgxxn_DQ02_0Sanity_TSC_550002EA,0,7,7,600,100.5,99.3,98.0,0,6
1,pat3,d1684732P0421776C_N0_B0Fmm00_PB0PCcZNC0909_B64mA1la0R0vxxxxxx_000A07fBIsc_xBCxxxXxxFgxxn_DQ02_0Sanity_TSC_550002EA,1,0,8,600,104.0,102.03,100.0,1,9
1,pat3,d1684732P0421776C_N0_B0Fmm00_PB0PCcZNC0909_B64mA1la0R0vxxxxxx_000A07fBIsc_xBCxxxXxxFgxxn_DQ02_0Sanity_TSC_550002EA,1,1,9,600,104.0,101.8,99.5,0,6
1,pat3,d1684732P0421776C_N0_B0Fmm00_PB0PCcZNC0909_B64mA1la0R0vxxxxxx_000A07fBIsc_xBCxxxXxxFgxxn_DQ02_0Sanity_TSC_550002EA,1,2,10,600,101.0,100.03,98.0,1,7
1,pat3,d1684732P0421776C_N0_B0Fmm00_PB0PCcZNC0909_B64mA1la0R0vxxxxxx_000A07fBIsc_xBCxxxXxxFgxxn_DQ02_0Sanity_TSC_550002EA,1,3,11,600,101.5,100.03,98.5,0,8
1,pat3,d1684732P0421776C_N0_B0Fmm00_PB0PCcZNC0909_B64mA1la0R0vxxxxxx_000A07fBIsc_xBCxxxXxxFgxxn_DQ02_0Sanity_TSC_550002EA,1,4,12,600,104.5,102.02,100.5,1,11
1,pat3,d1684732P0421776C_N0_B0Fmm00_PB0PCcZNC0909_B64mA1la0R0vxxxxxx_000A07fBIsc_xBCxxxXxxFgxxn_DQ02_0Sanity_TSC_550002EA,1,5,13,600,105.0,102.48,100.0,1,2
1,pat3,d1684732P0421776C_N0_B0Fmm00_PB0PCcZNC0909_B64mA1la0R0vxxxxxx_000A07fBIsc_xBCxxxXxxFgxxn_DQ02_0Sanity_TSC_550002EA,1,6,14,600,102.0,100.41,98.0,0,1
1,pat3,d1684732P0421776C_N0_B0Fmm00_PB0PCcZNC0909_B64mA1la0R0vxxxxxx_000A07fBIsc_xBCxxxXxxFgxxn_DQ02_0Sanity_TSC_550002EA,1,7,15,600,101.5,99.57,97.5,0,14
1,pat3,d1684732P0421776C_N0_B0Fmm00_PB0PCcZNC0909_B64mA1la0R0vxxxxxx_000A07fBIsc_xBCxxxXxxFgxxn_DQ02_0Sanity_TSC_550002EA,2,0,16,600,105.5,103.14,100.5,0,11
1,pat3,d1684732P0421776C_N0_B0Fmm00_PB0PCcZNC0909_B64mA1la0R0vxxxxxx_000A07fBIsc_xBCxxxXxxFgxxn_DQ02_0Sanity_TSC_550002EA,2,1,17,600,106.5,103.38,101.0,1,2
1,pat3,d1684732P0421776C_N0_B0Fmm00_PB0PCcZNC0909_B64mA1la0R0vxxxxxx_000A07fBIsc_xBCxxxXxxFgxxn_DQ02_0Sanity_TSC_550002EA,2,2,18,600,102.5,100.42,99.0,0,7
1,pat3,d1684732P0421776C_N0_B0Fmm00_PB0PCcZNC0909_B64mA1la0R0vxxxxxx_000A07fBIsc_xBCxxxXxxFgxxn_DQ02_0Sanity_TSC_550002EA,2,3,19,600,102.0,100.3,98.5,1,5
1,pat3,d1684732P0421776C_N0_B0Fmm00_PB0PCcZNC0909_B64mA1la0R0vxxxxxx_000A07fBIsc_xBCxxxXxxFgxxn_DQ02_0Sanity_TSC_550002EA,2,4,20,600,105.5,102.51,100.0,1,11
1,pat3,d1684732P0421776C_N0_B0Fmm00_PB0PCcZNC0909_B64mA1la0R0vxxxxxx_000A07fBIsc_xBCxxxXxxFgxxn_DQ02_0Sanity_TSC_550002EA,2,5,21,600,105.0,103.11,100.5,0,2
1,pat3,d1684732P0421776C_N0_B0Fmm00_PB0PCcZNC0909_B64mA1la0R0vxxxxxx_000A07fBIsc_xBCxxxXxxFgxxn_DQ02_0Sanity_TSC_550002EA,2,6,22,600,103.5,100.83,99.0,0,8
1,pat3,d1684732P0421776C_N0_B0Fmm00_PB0PCcZNC0909_B64mA1la0R0vxxxxxx_000A07fBIsc_xBCxxxXxxFgxxn_DQ02_0Sanity_TSC_550002EA,2,7,23,600,101.5,99.83,98.0,1,6
1,pat3,d1684732P0421776C_N0_B0Fmm00_PB0PCcZNC0909_B64mA1la0R0vxxxxxx_000A07fBIsc_xBCxxxXxxFgxxn_DQ02_0Sanity_TSC_550002EA,3,0,24,600,103.5,102.07,100.5,1,2
1,pat3,d1684732P0421776C_N0_B0Fmm00_PB0PCcZNC0909_B64mA1la0R0vxxxxxx_000A07fBIsc_xBCxxxXxxFgxxn_DQ02_0Sanity_TSC_550002EA,3,1,25,600,103.5,102.07,100.5,0,10
1,pat3,d1684732P0421776C_N0_B0Fmm00_PB0PCcZNC0909_B64mA1la0R0vxxxxxx_000A07fBIsc_xBCxxxXxxFgxxn_DQ02_0Sanity_TSC_550002EA,3,2,26,600,102.5,100.88,99.0,0,8
1,pat3,d1684732P0421776C_N0_B0Fmm00_PB0PCcZNC0909_B64mA1la0R0vxxxxxx_000A07fBIsc_xBCxxxXxxFgxxn_DQ02_0Sanity_TSC_550002EA,3,3,27,600,102.0,100.53,99.0,0,8
1,pat3,d1684732P0421776C_N0_B0Fmm00_PB0PCcZNC0909_B64mA1la0R0vxxxxxx_000A07fBIsc_xBCxxxXxxFgxxn_DQ02_0Sanity_TSC_550002EA,3,4,28,600,104.5,102.7,100.0,1,0
1,pat3,d1684732P0421776C_N0_B0Fmm00_PB0PCcZNC0909_B64mA1la0R0vxxxxxx_000A07fBIsc_xBCxxxXxxFgxxn_DQ02_0Sanity_TSC_550002EA,3,5,29,600,104.0,102.36,101.0,1,6
1,pat3,d1684732P0421776C_N0_B0Fmm00_PB0PCcZNC0909_B64mA1la0R0vxxxxxx_000A07fBIsc_xBCxxxXxxFgxxn_DQ02_0Sanity_TSC_550002EA,3,6,30,600,102.5,100.87,99.5,0,6
1,pat3,d1684732P0421776C_N0_B0Fmm00_PB0PCcZNC0909_B64mA1la0R0vxxxxxx_000A07fBIsc_xBCxxxXxxFgxxn_DQ02_0Sanity_TSC_550002EA,3,7,31,600,103.0,100.67,99.0,0,8
1,pat4,d1682760P0420999C_N5_B0Fmm00_PB0PCcZNC0909_B64mA1la0R0vxxxxxx_000A07fBIsc_xBCxxxXxxFgxxn_DQ02_0SanityPR_P_550002F0,0,0,0,600,105.5,102.07,98.5,1,2
1,pat4,d1682760P0420999C_N5_B0Fmm00_PB0PCcZNC0909_B64mA1la0R0vxxxxxx_000A07fBIsc_xBCxxxXxxFgxxn_DQ02_0SanityPR_P_550002F0,0,1,1,600,105.5,102.02,98.0,1,2
1,pat4,d1682760P0420999C_N5_B0Fmm00_PB0PCcZNC0909_B64mA1la0R0vxxxxxx_000A07fBIsc_xBCxxxXxxFgxxn_DQ02_0SanityPR_P_550002F0,0,2,2,600,101.0,99.6,98.0,0,14
1,pat4,d1682760P0420999C_N5_B0Fmm00_PB0PCcZNC0909_B64mA1la0R0vxxxxxx_000A07fBIsc_xBCxxxXxxFgxxn_DQ02_0SanityPR_P_550002F0,0,3,3,600,100.5,98.93,97.5,0,8
1,pat4,d1682760P0420999C_N5_B0Fmm00_PB0PCcZNC0909_B64mA1la0R0vxxxxxx_000A07fBIsc_xBCxxxXxxFgxxn_DQ02_0SanityPR_P_550002F0,0,4,4,600,105.5,102.3,99.0,1,11
1,pat4,d1682760P0420999C_N5_B0Fmm00_PB0PCcZNC0909_B64mA1la0R0vxxxxxx_000A07fBIsc_xBCxxxXxxFgxxn_DQ02_0SanityPR_P_550002F0,0,5,5,600,106.0,102.77,99.5,1,2
1,pat4,d1682760P0420999C_N5_B0Fmm00_PB0PCcZNC0909_B64mA1la0R0vxxxxxx_000A07fBIsc_xBCxxxXxxFgxxn_DQ02_0SanityPR_P_550002F0,0,6,6,600,101.5,99.93,98.5,1,2
1,pat4,d1682760P0420999C_N5_B0Fmm00_PB0PCcZNC0909_B64mA1la0R0vxxxxxx_000A07fBIsc_xBCxxxXxxFgxxn_DQ02_0SanityPR_P_550002F0,0,7,7,600,100.5,99.14,97.5,0,0
1,pat4,d1682760P0420999C_N5_B0Fmm00_PB0PCcZNC0909_B64mA1la0R0vxxxxxx_000A07fBIsc_xBCxxxXxxFgxxn_DQ02_0SanityPR_P_550002F0,1,0,8,600,103.5,101.51,99.0,1,9
1,pat4,d1682760P0420999C_N5_B0Fmm00_PB0PCcZNC0909_B64mA1la0R0vxxxxxx_000A07fBIsc_xBCxxxXxxFgxxn_DQ02_0SanityPR_P_550002F0,1,1,9,600,103.5,101.36,99.0,0,6
1,pat4,d1682760P0420999C_N5_B0Fmm00_PB0PCcZNC0909_B64mA1la0R0vxxxxxx_000A07fBIsc_xBCxxxXxxFgxxn_DQ02_0SanityPR_P_550002F0,1,2,10,600,101.0,99.8,98.0,0,8
1,pat4,d1682760P0420999C_N5_B0Fmm00_PB0PCcZNC0909_B64mA1la0R0vxxxxxx_000A07fBIsc_xBCxxxXxxFgxxn_DQ02_0SanityPR_P_550002F0,1,3,11,600,101.0,99.85,98.0,0,8
1,pat4,d1682760P0420999C_N5_B0Fmm00_PB0PCcZNC0909_B64mA1la0R0vxxxxxx_000A07fBIsc_xBCxxxXxxFgxxn_DQ02_0SanityPR_P_550002F0,1,4,12,600,104.0,101.56,100.0,1,11
1,pat4,d1682760P0420999C_N5_B0Fmm00_PB0PCcZNC0909_B64mA1la0R0vxxxxxx_000A07fBIsc_xBCxxxXxxFgxxn_DQ02_0SanityPR_P_550002F0,1,5,13,600,104.5,101.94,99.5,1,2
1,pat4,d1682760P0420999C_N5_B0Fmm00_PB0PCcZNC0909_B64mA1la0R0vxxxxxx_000A07fBIsc_xBCxxxXxxFgxxn_DQ02_0SanityPR_P_550002F0,1,6,14,600,102.0,100.27,97.5,0,1
1,pat4,d1682760P0420999C_N5_B0Fmm00_PB0PCcZNC0909_B64mA1la0R0vxxxxxx_000A07fBIsc_xBCxxxXxxFgxxn_DQ02_0SanityPR_P_550002F0,1,7,15,600,101.0,99.32,97.0,0,8
1,pat4,d1682760P0420999C_N5_B0Fmm00_PB0PCcZNC0909_B64mA1la0R0vxxxxxx_000A07fBIsc_xBCxxxXxxFgxxn_DQ02_0SanityPR_P_550002F0,2,0,16,600,105.5,102.53,100.0,0,11
1,pat4,d1682760P0420999C_N5_B0Fmm00_PB0PCcZNC0909_B64mA1la0R0vxxxxxx_000A07fBIsc_xBCxxxXxxFgxxn_DQ02_0SanityPR_P_550002F0,2,1,17,600,106.0,102.91,100.0,1,2
1,pat4,d1682760P0420999C_N5_B0Fmm00_PB0PCcZNC0909_B64mA1la0R0vxxxxxx_000A07fBIsc_xBCxxxXxxFgxxn_DQ02_0SanityPR_P_550002F0,2,2,18,600,101.5,100.17,98.5,0,7
1,pat4,d1682760P0420999C_N5_B0Fmm00_PB0PCcZNC0909_B64mA1la0R0vxxxxxx_000A07fBIsc_xBCxxxXxxFgxxn_DQ02_0SanityPR_P_550002F0,2,3,19,600,102.0,100.21,98.5,1,9
1,pat4,d1682760P0420999C_N5_B0Fmm00_PB0PCcZNC0909_B64mA1la0R0vxxxxxx_000A07fBIsc_xBCxxxXxxFgxxn_DQ02_0SanityPR_P_550002F0,2,4,20,600,105.5,102.08,100.0,1,11
1,pat4,d1682760P0420999C_N5_B0Fmm00_PB0PCcZNC0909_B64mA1la0R0vxxxxxx_000A07fBIsc_xBCxxxXxxFgxxn_DQ02_0SanityPR_P_550002F0,2,5,21,600,104.5,102.57,100.0,0,0
1,pat4,d1682760P0420999C_N5_B0Fmm00_PB0PCcZNC0909_B64mA1la0R0vxxxxxx_000A07fBIsc_xBCxxxXxxFgxxn_DQ02_0SanityPR_P_550002F0,2,6,22,600,102.5,100.6,98.5,0,4
1,pat4,d1682760P0420999C_N5_B0Fmm00_PB0PCcZNC0909_B64mA1la0R0vxxxxxx_000A07fBIsc_xBCxxxXxxFgxxn_DQ02_0SanityPR_P_550002F0,2,7,23,600,101.5,99.63,98.0,1,8
1,pat4,d1682760P0420999C_N5_B0Fmm00_PB0PCcZNC0909_B64mA1la0R0vxxxxxx_000A07fBIsc_xBCxxxXxxFgxxn_DQ02_0SanityPR_P_550002F0,3,0,24,600,103.5,101.7,100.0,1,2
1,pat4,d1682760P0420999C_N5_B0Fmm00_PB0PCcZNC0909_B64mA1la0R0vxxxxxx_000A07fBIsc_xBCxxxXxxFgxxn_DQ02_0SanityPR_P_550002F0,3,1,25,600,103.5,101.85,100.0,0,10
1,pat4,d1682760P0420999C_N5_B0Fmm00_PB0PCcZNC0909_B64mA1la0R0vxxxxxx_000A07fBIsc_xBCxxxXxxFgxxn_DQ02_0SanityPR_P_550002F0,3,2,26,600,102.5,100.71,99.0,0,6
1,pat4,d1682760P0420999C_N5_B0Fmm00_PB0PCcZNC0909_B64mA1la0R0vxxxxxx_000A07fBIsc_xBCxxxXxxFgxxn_DQ02_0SanityPR_P_550002F0,3,3,27,600,102.0,100.35,99.0,0,8
1,pat4,d1682760P0420999C_N5_B0Fmm00_PB0PCcZNC0909_B64mA1la0R0vxxxxxx_000A07fBIsc_xBCxxxXxxFgxxn_DQ02_0SanityPR_P_550002F0,3,4,28,600,104.5,102.2,99.5,1,0
1,pat4,d1682760P0420999C_N5_B0Fmm00_PB0PCcZNC0909_B64mA1la0R0vxxxxxx_000A07fBIsc_xBCxxxXxxFgxxn_DQ02_0SanityPR_P_550002F0,3,5,29,600,103.5,102.04,100.0,0,11
1,pat4,d1682760P0420999C_N5_B0Fmm00_PB0PCcZNC0909_B64mA1la0R0vxxxxxx_000A07fBIsc_xBCxxxXxxFgxxn_DQ02_0SanityPR_P_550002F0,3,6,30,600,102.5,100.69,99.0,0,6
1,pat4,d1682760P0420999C_N5_B0Fmm00_PB0PCcZNC0909_B64mA1la0R0vxxxxxx_000A07fBIsc_xBCxxxXxxFgxxn_DQ02_0SanityPR_P_550002F0,3,7,31,600,103.0,100.58,98.5,0,8
1,pat5,d1683744P0421332C_Nb_B0Fmm00_PB0PCcZNC0909_B64mA1la0R0vxxxxxx_000A07fBIsc_xBCxxxXxxFgxxn_DQ02_0Sanity_MEM_550002ED,0,0,0,600,105.5,102.16,98.5,1,2
1,pat5,d1683744P0421332C_Nb_B0Fmm00_PB0PCcZNC0909_B64mA1la0R0vxxxxxx_000A07fBIsc_xBCxxxXxxFgxxn_DQ02_0Sanity_MEM_550002ED,0,1,1,600,106.0,102.18,98.0,1,2
1,pat5,d1683744P0421332C_Nb_B0Fmm00_PB0PCcZNC0909_B64mA1la0R0vxxxxxx_000A07fBIsc_xBCxxxXxxFgxxn_DQ02_0Sanity_MEM_550002ED,0,2,2,600,101.0,99.74,98.5,0,14
1,pat5,d1683744P0421332C_Nb_B0Fmm00_PB0PCcZNC0909_B64mA1la0R0vxxxxxx_000A07fBIsc_xBCxxxXxxFgxxn_DQ02_0Sanity_MEM_550002ED,0,3,3,600,100.5,98.93,97.5,0,8
1,pat5,d1683744P0421332C_Nb_B0Fmm00_PB0PCcZNC0909_B64mA1la0R0vxxxxxx_000A07fBIsc_xBCxxxXxxFgxxn_DQ02_0Sanity_MEM_550002ED,0,4,4,600,106.0,102.5,99.5,1,11
1,pat5,d1683744P0421332C_Nb_B0Fmm00_PB0PCcZNC0909_B64mA1la0R0vxxxxxx_000A07fBIsc_xBCxxxXxxFgxxn_DQ02_0Sanity_MEM_550002ED,0,5,5,600,106.0,102.98,99.5,1,11
1,pat5,d1683744P0421332C_Nb_B0Fmm00_PB0PCcZNC0909_B64mA1la0R0vxxxxxx_000A07fBIsc_xBCxxxXxxFgxxn_DQ02_0Sanity_MEM_550002ED,0,6,6,600,102.0,100.06,98.5,1,2
1,pat5,d1683744P0421332C_Nb_B0Fmm00_PB0PCcZNC0909_B64mA1la0R0vxxxxxx_000A07fBIsc_xBCxxxXxxFgxxn_DQ02_0Sanity_MEM_550002ED,0,7,7,600,100.5,99.26,97.5,1,8
1,pat5,d1683744P0421332C_Nb_B0Fmm00_PB0PCcZNC0909_B64mA1la0R0vxxxxxx_000A07fBIsc_xBCxxxXxxFgxxn_DQ02_0Sanity_MEM_550002ED,1,0,8,600,103.5,101.65,99.5,1,9
1,pat5,d1683744P0421332C_Nb_B0Fmm00_PB0PCcZNC0909_B64mA1la0R0vxxxxxx_000A07fBIsc_xBCxxxXxxFgxxn_DQ02_0Sanity_MEM_550002ED,1,1,9,600,104.0,101.59,99.5,0,6
1,pat5,d1683744P0421332C_Nb_B0Fmm00_PB0PCcZNC0909_B64mA1la0R0vxxxxxx_000A07fBIsc_xBCxxxXxxFgxxn_DQ02_0Sanity_MEM_550002ED,1,2,10,600,101.5,99.96,98.5,1,8
1,pat5,d1683744P0421332C_Nb_B0Fmm00_PB0PCcZNC0909_B64mA1la0R0vxxxxxx_000A07fBIsc_xBCxxxXxxFgxxn_DQ02_0Sanity_MEM_550002ED,1,3,11,600,101.0,99.94,98.0,1,5
1,pat5,d1683744P0421332C_Nb_B0Fmm00_PB0PCcZNC0909_B64mA1la0R0vxxxxxx_000A07fBIsc_xBCxxxXxxFgxxn_DQ02_0Sanity_MEM_550002ED,1,4,12,600,104.0,101.76,100.0,1,11
1,pat5,d1683744P0421332C_Nb_B0Fmm00_PB0PCcZNC0909_B64mA1la0R0vxxxxxx_000A07fBIsc_xBCxxxXxxFgxxn_DQ02_0Sanity_MEM_550002ED,1,5,13,600,104.5,102.16,99.5,1,2
1,pat5,d1683744P0421332C_Nb_B0Fmm00_PB0PCcZNC0909_B64mA1la0R0vxxxxxx_000A07fBIsc_xBCxxxXxxFgxxn_DQ02_0Sanity_MEM_550002ED,1,6,14,600,102.0,100.37,97.5,0,1
1,pat5,d1683744P0421332C_Nb_B0Fmm00_PB0PCcZNC0909_B64mA1la0R0vxxxxxx_000A07fBIsc_xBCxxxXxxFgxxn_DQ02_0Sanity_MEM_550002ED,1,7,15,600,101.5,99.41,97.0,0,8
1,pat5,d1683744P0421332C_Nb_B0Fmm00_PB0PCcZNC0909_B64mA1la0R0vxxxxxx_000A07fBIsc_xBCxxxXxxFgxxn_DQ02_0Sanity_MEM_550002ED,2,0,16,600,105.0,102.62,100.0,0,0
1,pat5,d1683744P0421332C_Nb_B0Fmm00_PB0PCcZNC0909_B64mA1la0R0vxxxxxx_000A07fBIsc_xBCxxxXxxFgxxn_DQ02_0Sanity_MEM_550002ED,2,1,17,600,106.0,103.18,100.0,1,2
1,pat5,d1683744P0421332C_Nb_B0Fmm00_PB0PCcZNC0909_B64mA1la0R0vxxxxxx_000A07fBIsc_xBCxxxXxxFgxxn_DQ02_0Sanity_MEM_550002ED,2,2,18,600,102.0,100.32,99.0,1,14
1,pat5,d1683744P0421332C_Nb_B0Fmm00_PB0PCcZNC0909_B64mA1la0R0vxxxxxx_000A07fBIsc_xBCxxxXxxFgxxn_DQ02_0Sanity_MEM_550002ED,2,3,19,600,102.0,100.27,98.5,1,9
1,pat5,d1683744P0421332C_Nb_B0Fmm00_PB0PCcZNC0909_B64mA1la0R0vxxxxxx_000A07fBIsc_xBCxxxXxxFgxxn_DQ02_0Sanity_MEM_550002ED,2,4,20,600,105.5,102.22,100.0,1,11
1,pat5,d1683744P0421332C_Nb_B0Fmm00_PB0PCcZNC0909_B64mA1la0R0vxxxxxx_000A07fBIsc_xBCxxxXxxFgxxn_DQ02_0Sanity_MEM_550002ED,2,5,21,600,104.5,102.72,100.5,0,0
1,pat5,d1683744P0421332C_Nb_B0Fmm00_PB0PCcZNC0909_B64mA1la0R0vxxxxxx_000A07fBIsc_xBCxxxXxxFgxxn_DQ02_0Sanity_MEM_550002ED,2,6,22,600,103.0,100.77,98.5,0,8
1,pat5,d1683744P0421332C_Nb_B0Fmm00_PB0PCcZNC0909_B64mA1la0R0vxxxxxx_000A07fBIsc_xBCxxxXxxFgxxn_DQ02_0Sanity_MEM_550002ED,2,7,23,600,101.5,99.89,98.5,1,6
1,pat5,d1683744P0421332C_Nb_B0Fmm00_PB0PCcZNC0909_B64mA1la0R0vxxxxxx_000A07fBIsc_xBCxxxXxxFgxxn_DQ02_0Sanity_MEM_550002ED,3,0,24,600,103.0,101.83,100.0,1,2
1,pat5,d1683744P0421332C_Nb_B0Fmm00_PB0PCcZNC0909_B64mA1la0R0vxxxxxx_000A07fBIsc_xBCxxxXxxFgxxn_DQ02_0Sanity_MEM_550002ED,3,1,25,600,103.5,101.91,100.5,0,10
1,pat5,d1683744P0421332C_Nb_B0Fmm00_PB0PCcZNC0909_B64mA1la0R0vxxxxxx_000A07fBIsc_xBCxxxXxxFgxxn_DQ02_0Sanity_MEM_550002ED,3,2,26,600,102.0,100.78,99.0,0,8
1,pat5,d1683744P0421332C_Nb_B0Fmm00_PB0PCcZNC0909_B64mA1la0R0vxxxxxx_000A07fBIsc_xBCxxxXxxFgxxn_DQ02_0Sanity_MEM_550002ED,3,3,27,600,102.0,100.48,99.0,0,8
1,pat5,d1683744P0421332C_Nb_B0Fmm00_PB0PCcZNC0909_B64mA1la0R0vxxxxxx_000A07fBIsc_xBCxxxXxxFgxxn_DQ02_0Sanity_MEM_550002ED,3,4,28,600,104.5,102.42,100.0,1,0
1,pat5,d1683744P0421332C_Nb_B0Fmm00_PB0PCcZNC0909_B64mA1la0R0vxxxxxx_000A07fBIsc_xBCxxxXxxFgxxn_DQ02_0Sanity_MEM_550002ED,3,5,29,600,104.0,102.2,100.5,1,6
1,pat5,d1683744P0421332C_Nb_B0Fmm00_PB0PCcZNC0909_B64mA1la0R0vxxxxxx_000A07fBIsc_xBCxxxXxxFgxxn_DQ02_0Sanity_MEM_550002ED,3,6,30,600,104.5,100.83,99.0,0,14
1,pat5,d1683744P0421332C_Nb_B0Fmm00_PB0PCcZNC0909_B64mA1la0R0vxxxxxx_000A07fBIsc_xBCxxxXxxFgxxn_DQ02_0Sanity_MEM_550002ED,3,7,31,600,103.0,100.63,99.0,0,8
1,pat6,d1682686P0420889C_N9_B0Fmm00_PB0PCcZNC0909_B64mA1la0R0vxxxxxx_000A07fBIsc_xBCxxxXxxFgxxn_DQ02_0Sanity_VMX_550002EB,0,0,0,600,106.0,102.77,99.0,1,2
1,pat6,d1682686P0420889C_N9_B0Fmm00_PB0PCcZNC0909_B64mA1la0R0vxxxxxx_000A07fBIsc_xBCxxxXxxFgxxn_DQ02_0Sanity_VMX_550002EB,0,1,1,600,106.0,102.91,99.5,1,2
1,pat6,d1682686P0420889C_N9_B0Fmm00_PB0PCcZNC0909_B64mA1la0R0vxxxxxx_000A07fBIsc_xBCxxxXxxFgxxn_DQ02_0Sanity_VMX_550002EB,0,2,2,600,101.0,99.97,99.0,0,14
1,pat6,d1682686P0420889C_N9_B0Fmm00_PB0PCcZNC0909_B64mA1la0R0vxxxxxx_000A07fBIsc_xBCxxxXxxFgxxn_DQ02_0Sanity_VMX_550002EB,0,3,3,600,100.5,99.06,97.5,0,8
1,pat6,d1682686P0420889C_N9_B0Fmm00_PB0PCcZNC0909_B64mA1la0R0vxxxxxx_000A07fBIsc_xBCxxxXxxFgxxn_DQ02_0Sanity_VMX_550002EB,0,4,4,600,106.5,103.03,100.0,1,11
1,pat6,d1682686P0420889C_N9_B0Fmm00_PB0PCcZNC0909_B64mA1la0R0vxxxxxx_000A07fBIsc_xBCxxxXxxFgxxn_DQ02_0Sanity_VMX_550002EB,0,5,5,600,107.0,103.77,100.0,1,2
1,pat6,d1682686P0420889C_N9_B0Fmm00_PB0PCcZNC0909_B64mA1la0R0vxxxxxx_000A07fBIsc_xBCxxxXxxFgxxn_DQ02_0Sanity_VMX_550002EB,0,6,6,600,101.5,100.34,99.0,1,13
1,pat6,d1682686P0420889C_N9_B0Fmm00_PB0PCcZNC0909_B64mA1la0R0vxxxxxx_000A07fBIsc_xBCxxxXxxFgxxn_DQ02_0Sanity_VMX_550002EB,0,7,7,600,101.0,99.52,98.0,1,6
1,pat6,d1682686P0420889C_N9_B0Fmm00_PB0PCcZNC0909_B64mA1la0R0vxxxxxx_000A07fBIsc_xBCxxxXxxFgxxn_DQ02_0Sanity_VMX_550002EB,1,0,8,600,104.5,102.22,99.5,1,9
1,pat6,d1682686P0420889C_N9_B0Fmm00_PB0PCcZNC0909_B64mA1la0R0vxxxxxx_000A07fBIsc_xBCxxxXxxFgxxn_DQ02_0Sanity_VMX_550002EB,1,1,9,600,104.5,102.04,99.5,0,6
1,pat6,d1682686P0420889C_N9_B0Fmm00_PB0PCcZNC0909_B64mA1la0R0vxxxxxx_000A07fBIsc_xBCxxxXxxFgxxn_DQ02_0Sanity_VMX_550002EB,1,2,10,600,101.5,100.18,98.5,1,7
1,pat6,d1682686P0420889C_N9_B0Fmm00_PB0PCcZNC0909_B64mA1la0R0vxxxxxx_000A07fBIsc_xBCxxxXxxFgxxn_DQ02_0Sanity_VMX_550002EB,1,3,11,600,101.5,100.14,98.5,0,8
1,pat6,d1682686P0420889C_N9_B0Fmm00_PB0PCcZNC0909_B64mA1la0R0vxxxxxx_000A07fBIsc_xBCxxxXxxFgxxn_DQ02_0Sanity_VMX_550002EB,1,4,12,600,104.5,102.35,100.5,1,11
1,pat6,d1682686P0420889C_N9_B0Fmm00_PB0PCcZNC0909_B64mA1la0R0vxxxxxx_000A07fBIsc_xBCxxxXxxFgxxn_DQ02_0Sanity_VMX_550002EB,1,5,13,600,105.5,102.82,100.0,1,2
1,pat6,d1682686P0420889C_N9_B0Fmm00_PB0PCcZNC0909_B64mA1la0R0vxxxxxx_000A07fBIsc_xBCxxxXxxFgxxn_DQ02_0Sanity_VMX_550002EB,1,6,14,600,102.5,100.66,98.0,0,1
1,pat6,d1682686P0420889C_N9_B0Fmm00_PB0PCcZNC0909_B64mA1la0R0vxxxxxx_000A07fBIsc_xBCxxxXxxFgxxn_DQ02_0Sanity_VMX_550002EB,1,7,15,600,102.0,99.69,97.5,0,8
1,pat6,d1682686P0420889C_N9_B0Fmm00_PB0PCcZNC0909_B64mA1la0R0vxxxxxx_000A07fBIsc_xBCxxxXxxFgxxn_DQ02_0Sanity_VMX_550002EB,2,0,16,600,105.5,103.39,100.5,0,0
1,pat6,d1682686P0420889C_N9_B0Fmm00_PB0PCcZNC0909_B64mA1la0R0vxxxxxx_000A07fBIsc_xBCxxxXxxFgxxn_DQ02_0Sanity_VMX_550002EB,2,1,17,600,106.5,103.75,100.5,1,2
1,pat6,d1682686P0420889C_N9_B0Fmm00_PB0PCcZNC0909_B64mA1la0R0vxxxxxx_000A07fBIsc_xBCxxxXxxFgxxn_DQ02_0Sanity_VMX_550002EB,2,2,18,600,102.0,100.62,99.5,0,7
1,pat6,d1682686P0420889C_N9_B0Fmm00_PB0PCcZNC0909_B64mA1la0R0vxxxxxx_000A07fBIsc_xBCxxxXxxFgxxn_DQ02_0Sanity_VMX_550002EB,2,3,19,600,102.0,100.46,99.0,1,9
1,pat6,d1682686P0420889C_N9_B0Fmm00_PB0PCcZNC0909_B64mA1la0R0vxxxxxx_000A07fBIsc_xBCxxxXxxFgxxn_DQ02_0Sanity_VMX_550002EB,2,4,20,600,106.0,102.77,100.5,1,11
1,pat6,d1682686P0420889C_N9_B0Fmm00_PB0PCcZNC0909_B64mA1la0R0vxxxxxx_000A07fBIsc_xBCxxxXxxFgxxn_DQ02_0Sanity_VMX_550002EB,2,5,21,600,105.0,103.4,100.5,1,0
1,pat6,d1682686P0420889C_N9_B0Fmm00_PB0PCcZNC0909_B64mA1la0R0vxxxxxx_000A07fBIsc_xBCxxxXxxFgxxn_DQ02_0Sanity_VMX_550002EB,2,6,22,600,103.5,101.01,99.0,0,8
1,pat6,d1682686P0420889C_N9_B0Fmm00_PB0PCcZNC0909_B64mA1la0R0vxxxxxx_000A07fBIsc_xBCxxxXxxFgxxn_DQ02_0Sanity_VMX_550002EB,2,7,23,600,101.5,99.96,98.5,1,6
1,pat6,d1682686P0420889C_N9_B0Fmm00_PB0PCcZNC0909_B64mA1la0R0vxxxxxx_000A07fBIsc_xBCxxxXxxFgxxn_DQ02_0Sanity_VMX_550002EB,3,0,24,600,104.0,102.39,100.5,1,0
1,pat6,d1682686P0420889C_N9_B0Fmm00_PB0PCcZNC0909_B64mA1la0R0vxxxxxx_000A07fBIsc_xBCxxxXxxFgxxn_DQ02_0Sanity_VMX_550002EB,3,1,25,600,104.0,102.29,100.5,0,0
1,pat6,d1682686P0420889C_N9_B0Fmm00_PB0PCcZNC0909_B64mA1la0R0vxxxxxx_000A07fBIsc_xBCxxxXxxFgxxn_DQ02_0Sanity_VMX_550002EB,3,2,26,600,102.5,101.04,99.5,0,8
1,pat6,d1682686P0420889C_N9_B0Fmm00_PB0PCcZNC0909_B64mA1la0R0vxxxxxx_000A07fBIsc_xBCxxxXxxFgxxn_DQ02_0Sanity_VMX_550002EB,3,3,27,600,102.0,100.64,99.5,0,8
1,pat6,d1682686P0420889C_N9_B0Fmm00_PB0PCcZNC0909_B64mA1la0R0vxxxxxx_000A07fBIsc_xBCxxxXxxFgxxn_DQ02_0Sanity_VMX_550002EB,3,4,28,600,105.0,102.97,100.0,1,0
1,pat6,d1682686P0420889C_N9_B0Fmm00_PB0PCcZNC0909_B64mA1la0R0vxxxxxx_000A07fBIsc_xBCxxxXxxFgxxn_DQ02_0Sanity_VMX_550002EB,3,5,29,600,104.0,102.65,101.0,1,6
1,pat6,d1682686P0420889C_N9_B0Fmm00_PB0PCcZNC0909_B64mA1la0R0vxxxxxx_000A07fBIsc_xBCxxxXxxFgxxn_DQ02_0Sanity_VMX_550002EB,3,6,30,600,105.0,101.05,99.5,0,14
1,pat6,d1682686P0420889C_N9_B0Fmm00_PB0PCcZNC0909_B64mA1la0R0vxxxxxx_000A07fBIsc_xBCxxxXxxFgxxn_DQ02_0Sanity_VMX_550002EB,3,7,31,600,103.5,100.82,99.0,0,8
1,pat7,d1683114P0421110C_Mz_B0Fmm00_PB0PCcZNC0909_B64mA1la0R0vxxxxxx_000A07fBIsc_xBCxxxXxxFgxxn_DQ02_0SanityPR_V_550002EF,0,0,0,600,106.0,102.94,99.0,1,2
1,pat7,d1683114P0421110C_Mz_B0Fmm00_PB0PCcZNC0909_B64mA1la0R0vxxxxxx_000A07fBIsc_xBCxxxXxxFgxxn_DQ02_0SanityPR_V_550002EF,0,1,1,600,106.5,103.12,100.0,1,2
1,pat7,d1683114P0421110C_Mz_B0Fmm00_PB0PCcZNC0909_B64mA1la0R0vxxxxxx_000A07fBIsc_xBCxxxXxxFgxxn_DQ02_0SanityPR_V_550002EF,0,2,2,600,101.5,99.98,99.0,0,14
1,pat7,d1683114P0421110C_Mz_B0Fmm00_PB0PCcZNC0909_B64mA1la0R0vxxxxxx_000A07fBIsc_xBCxxxXxxFgxxn_DQ02_0SanityPR_V_550002EF,0,3,3,600,100.5,99.2,97.5,0,8
1,pat7,d1683114P0421110C_Mz_B0Fmm00_PB0PCcZNC0909_B64mA1la0R0vxxxxxx_000A07fBIsc_xBCxxxXxxFgxxn_DQ02_0SanityPR_V_550002EF,0,4,4,600,106.5,103.17,100.0,1,11
1,pat7,d1683114P0421110C_Mz_B0Fmm00_PB0PCcZNC0909_B64mA1la0R0vxxxxxx_000A07fBIsc_xBCxxxXxxFgxxn_DQ02_0SanityPR_V_550002EF,0,5,5,600,107.0,103.83,100.0,0,0
1,pat7,d1683114P0421110C_Mz_B0Fmm00_PB0PCcZNC0909_B64mA1la0R0vxxxxxx_000A07fBIsc_xBCxxxXxxFgxxn_DQ02_0SanityPR_V_550002EF,0,6,6,600,102.0,100.45,99.0,1,13
1,pat7,d1683114P0421110C_Mz_B0Fmm00_PB0PCcZNC0909_B64mA1la0R0vxxxxxx_000A07fBIsc_xBCxxxXxxFgxxn_DQ02_0SanityPR_V_550002EF,0,7,7,600,101.0,99.56,98.0,1,6
1,pat7,d1683114P0421110C_Mz_B0Fmm00_PB0PCcZNC0909_B64mA1la0R0vxxxxxx_000A07fBIsc_xBCxxxXxxFgxxn_DQ02_0SanityPR_V_550002EF,1,0,8,600,104.5,102.4,100.0,1,9
1,pat7,d1683114P0421110C_Mz_B0Fmm00_PB0PCcZNC0909_B64mA1la0R0vxxxxxx_000A07fBIsc_xBCxxxXxxFgxxn_DQ02_0SanityPR_V_550002EF,1,1,9,600,105.0,102.14,99.5,0,10
1,pat7,d1683114P0421110C_Mz_B0Fmm00_PB0PCcZNC0909_B64mA1la0R0vxxxxxx_000A07fBIsc_xBCxxxXxxFgxxn_DQ02_0SanityPR_V_550002EF,1,2,10,600,102.0,100.3,99.0,0,13
1,pat7,d1683114P0421110C_Mz_B0Fmm00_PB0PCcZNC0909_B64mA1la0R0vxxxxxx_000A07fBIsc_xBCxxxXxxFgxxn_DQ02_0SanityPR_V_550002EF,1,3,11,600,101.5,100.16,98.5,0,8
1,pat7,d1683114P0421110C_Mz_B0Fmm00_PB0PCcZNC0909_B64mA1la0R0vxxxxxx_000A07fBIsc_xBCxxxXxxFgxxn_DQ02_0SanityPR_V_550002EF,1,4,12,600,104.5,102.5,100.5,1,11
1,pat7,d1683114P0421110C_Mz_B0Fmm00_PB0PCcZNC0909_B64mA1la0R0vxxxxxx_000A07fBIsc_xBCxxxXxxFgxxn_DQ02_0SanityPR_V_550002EF,1,5,13,600,106.0,103.0,100.0,1,2
1,pat7,d1683114P0421110C_Mz_B0Fmm00_PB0PCcZNC0909_B64mA1la0R0vxxxxxx_000A07fBIsc_xBCxxxXxxFgxxn_DQ02_0SanityPR_V_550002EF,1,6,14,600,102.5,100.77,98.5,0,1
1,pat7,d1683114P0421110C_Mz_B0Fmm00_PB0PCcZNC0909_B64mA1la0R0vxxxxxx_000A07fBIsc_xBCxxxXxxFgxxn_DQ02_0SanityPR_V_550002EF,1,7,15,600,102.0,99.68,97.5,0,8
1,pat7,d1683114P0421110C_Mz_B0Fmm00_PB0PCcZNC0909_B64mA1la0R0vxxxxxx_000A07fBIsc_xBCxxxXxxFgxxn_DQ02_0SanityPR_V_550002EF,2,0,16,600,106.0,103.59,100.5,0,0
1,pat7,d1683114P0421110C_Mz_B0Fmm00_PB0PCcZNC0909_B64mA1la0R0vxxxxxx_000A07fBIsc_xBCxxxXxxFgxxn_DQ02_0SanityPR_V_550002EF,2,1,17,600,107.0,103.84,101.0,1,2
1,pat7,d1683114P0421110C_Mz_B0Fmm00_PB0PCcZNC0909_B64mA1la0R0vxxxxxx_000A07fBIsc_xBCxxxXxxFgxxn_DQ02_0SanityPR_V_550002EF,2,2,18,600,102.0,100.61,99.5,1,14
1,pat7,d1683114P0421110C_Mz_B0Fmm00_PB0PCcZNC0909_B64mA1la0R0vxxxxxx_000A07fBIsc_xBCxxxXxxFgxxn_DQ02_0SanityPR_V_550002EF,2,3,19,600,102.0,100.55,99.0,1,5
1,pat7,d1683114P0421110C_Mz_B0Fmm00_PB0PCcZNC0909_B64mA1la0R0vxxxxxx_000A07fBIsc_xBCxxxXxxFgxxn_DQ02_0SanityPR_V_550002EF,2,4,20,600,106.0,102.89,100.5,1,11
1,pat7,d1683114P0421110C_Mz_B0Fmm00_PB0PCcZNC0909_B64mA1la0R0vxxxxxx_000A07fBIsc_xBCxxxXxxFgxxn_DQ02_0SanityPR_V_550002EF,2,5,21,600,105.5,103.5,100.5,1,0
1,pat7,d1683114P0421110C_Mz_B0Fmm00_PB0PCcZNC0909_B64mA1la0R0vxxxxxx_000A07fBIsc_xBCxxxXxxFgxxn_DQ02_0SanityPR_V_550002EF,2,6,22,600,103.5,101.03,99.0,0,8
1,pat7,d1683114P0421110C_Mz_B0Fmm00_PB0PCcZNC0909_B64mA1la0R0vxxxxxx_000A07fBIsc_xBCxxxXxxFgxxn_DQ02_0SanityPR_V_550002EF,2,7,23,600,101.5,100.08,98.5,1,8
1,pat7,d1683114P0421110C_Mz_B0Fmm00_PB0PCcZNC0909_B64mA1la0R0vxxxxxx_000A07fBIsc_xBCxxxXxxFgxxn_DQ02_0SanityPR_V_550002EF,3,0,24,600,104.0,102.46,100.5,1,0
1,pat7,d1683114P0421110C_Mz_B0Fmm00_PB0PCcZNC0909_B64mA1la0R0vxxxxxx_000A07fBIsc_xBCxxxXxxFgxxn_DQ02_0SanityPR_V_550002EF,3,1,25,600,104.5,102.46,101.0,0,0
1,pat7,d1683114P0421110C_Mz_B0Fmm00_PB0PCcZNC0909_B64mA1la0R0vxxxxxx_000A07fBIsc_xBCxxxXxxFgxxn_DQ02_0SanityPR_V_550002EF,3,2,26,600,103.0,101.12,99.5,0,14
1,pat7,d1683114P0421110C_Mz_B0Fmm00_PB0PCcZNC0909_B64mA1la0R0vxxxxxx_000A07fBIsc_xBCxxxXxxFgxxn_DQ02_0SanityPR_V_550002EF,3,3,27,600,102.5,100.73,99.5,0,8
1,pat7,d1683114P0421110C_Mz_B0Fmm00_PB0PCcZNC0909_B64mA1la0R0vxxxxxx_000A07fBIsc_xBCxxxXxxFgxxn_DQ02_0SanityPR_V_550002EF,3,4,28,600,105.0,103.14,100.0,1,0
1,pat7,d1683114P0421110C_Mz_B0Fmm00_PB0PCcZNC0909_B64mA1la0R0vxxxxxx_000A07fBIsc_xBCxxxXxxFgxxn_DQ02_0SanityPR_V_550002EF,3,5,29,600,104.5,102.8,101.0,1,0
1,pat7,d1683114P0421110C_Mz_B0Fmm00_PB0PCcZNC0909_B64mA1la0R0vxxxxxx_000A07fBIsc_xBCxxxXxxFgxxn_DQ02_0SanityPR_V_550002EF,3,6,30,600,102.5,101.14,99.5,0,6
1,pat7,d1683114P0421110C_Mz_B0Fmm00_PB0PCcZNC0909_B64mA1la0R0vxxxxxx_000A07fBIsc_xBCxxxXxxFgxxn_DQ02_0SanityPR_V_550002EF,3,7,31,600,103.5,100.94,99.5,0,8
1,pat8,d1684149P0421443C_N2_B0Fmm00_PB0PCcZNC0909_B64mA1la0R0vxxxxxx_000A07fBIsc_xBCxxxXxxFgxxn_DQ02_0Sanity_MSR_550002EE,0,0,0,600,106.0,102.74,99.0,1,2
1,pat8,d1684149P0421443C_N2_B0Fmm00_PB0PCcZNC0909_B64mA1la0R0vxxxxxx_000A07fBIsc_xBCxxxXxxFgxxn_DQ02_0Sanity_MSR_550002EE,0,1,1,600,106.0,102.82,98.5,1,2
1,pat8,d1684149P0421443C_N2_B0Fmm00_PB0PCcZNC0909_B64mA1la0R0vxxxxxx_000A07fBIsc_xBCxxxXxxFgxxn_DQ02_0Sanity_MSR_550002EE,0,2,2,600,101.0,99.87,99.0,0,14
1,pat8,d1684149P0421443C_N2_B0Fmm00_PB0PCcZNC0909_B64mA1la0R0vxxxxxx_000A07fBIsc_xBCxxxXxxFgxxn_DQ02_0Sanity_MSR_550002EE,0,3,3,600,100.5,99.15,97.5,0,8
1,pat8,d1684149P0421443C_N2_B0Fmm00_PB0PCcZNC0909_B64mA1la0R0vxxxxxx_000A07fBIsc_xBCxxxXxxFgxxn_DQ02_0Sanity_MSR_550002EE,0,4,4,600,106.5,103.0,100.5,1,11
1,pat8,d1684149P0421443C_N2_B0Fmm00_PB0PCcZNC0909_B64mA1la0R0vxxxxxx_000A07fBIsc_xBCxxxXxxFgxxn_DQ02_0Sanity_MSR_550002EE,0,5,5,600,107.0,103.59,100.0,1,2
1,pat8,d1684149P0421443C_N2_B0Fmm00_PB0PCcZNC0909_B64mA1la0R0vxxxxxx_000A07fBIsc_xBCxxxXxxFgxxn_DQ02_0Sanity_MSR_550002EE,0,6,6,600,102.0,100.37,99.0,0,8
1,pat8,d1684149P0421443C_N2_B0Fmm00_PB0PCcZNC0909_B64mA1la0R0vxxxxxx_000A07fBIsc_xBCxxxXxxFgxxn_DQ02_0Sanity_MSR_550002EE,0,7,7,600,101.0,99.6,98.0,0,6
1,pat8,d1684149P0421443C_N2_B0Fmm00_PB0PCcZNC0909_B64mA1la0R0vxxxxxx_000A07fBIsc_xBCxxxXxxFgxxn_DQ02_0Sanity_MSR_550002EE,1,0,8,600,104.5,102.2,100.0,1,9
1,pat8,d1684149P0421443C_N2_B0Fmm00_PB0PCcZNC0909_B64mA1la0R0vxxxxxx_000A07fBIsc_xBCxxxXxxFgxxn_DQ02_0Sanity_MSR_550002EE,1,1,9,600,104.5,101.98,99.5,0,6
1,pat8,d1684149P0421443C_N2_B0Fmm00_PB0PCcZNC0909_B64mA1la0R0vxxxxxx_000A07fBIsc_xBCxxxXxxFgxxn_DQ02_0Sanity_MSR_550002EE,1,2,10,600,101.5,100.22,98.5,0,8
1,pat8,d1684149P0421443C_N2_B0Fmm00_PB0PCcZNC0909_B64mA1la0R0vxxxxxx_000A07fBIsc_xBCxxxXxxFgxxn_DQ02_0Sanity_MSR_550002EE,1,3,11,600,101.5,100.17,98.5,0,8
1,pat8,d1684149P0421443C_N2_B0Fmm00_PB0PCcZNC0909_B64mA1la0R0vxxxxxx_000A07fBIsc_xBCxxxXxxFgxxn_DQ02_0Sanity_MSR_550002EE,1,4,12,600,104.5,102.42,100.5,1,11
1,pat8,d1684149P0421443C_N2_B0Fmm00_PB0PCcZNC0909_B64mA1la0R0vxxxxxx_000A07fBIsc_xBCxxxXxxFgxxn_DQ02_0Sanity_MSR_550002EE,1,5,13,600,105.5,102.75,100.0,1,2
1,pat8,d1684149P0421443C_N2_B0Fmm00_PB0PCcZNC0909_B64mA1la0R0vxxxxxx_000A07fBIsc_xBCxxxXxxFgxxn_DQ02_0Sanity_MSR_550002EE,1,6,14,600,102.5,100.73,98.5,0,1
1,pat8,d1684149P0421443C_N2_B0Fmm00_PB0PCcZNC0909_B64mA1la0R0vxxxxxx_000A07fBIsc_xBCxxxXxxFgxxn_DQ02_0Sanity_MSR_550002EE,1,7,15,600,102.0,99.74,97.5,0,8
1,pat8,d1684149P0421443C_N2_B0Fmm00_PB0PCcZNC0909_B64mA1la0R0vxxxxxx_000A07fBIsc_xBCxxxXxxFgxxn_DQ02_0Sanity_MSR_550002EE,2,0,16,600,106.0,103.33,100.5,0,2
1,pat8,d1684149P0421443C_N2_B0Fmm00_PB0PCcZNC0909_B64mA1la0R0vxxxxxx_000A07fBIsc_xBCxxxXxxFgxxn_DQ02_0Sanity_MSR_550002EE,2,1,17,600,107.0,103.76,101.0,0,2
1,pat8,d1684149P0421443C_N2_B0Fmm00_PB0PCcZNC0909_B64mA1la0R0vxxxxxx_000A07fBIsc_xBCxxxXxxFgxxn_DQ02_0Sanity_MSR_550002EE,2,2,18,600,102.5,100.63,99.5,0,7
1,pat8,d1684149P0421443C_N2_B0Fmm00_PB0PCcZNC0909_B64mA1la0R0vxxxxxx_000A07fBIsc_xBCxxxXxxFgxxn_DQ02_0Sanity_MSR_550002EE,2,3,19,600,102.0,100.49,99.0,1,5
1,pat8,d1684149P0421443C_N2_B0Fmm00_PB0PCcZNC0909_B64mA1la0R0vxxxxxx_000A07fBIsc_xBCxxxXxxFgxxn_DQ02_0Sanity_MSR_550002EE,2,4,20,600,106.0,102.76,100.5,1,11
1,pat8,d1684149P0421443C_N2_B0Fmm00_PB0PCcZNC0909_B64mA1la0R0vxxxxxx_000A07fBIsc_xBCxxxXxxFgxxn_DQ02_0Sanity_MSR_550002EE,2,5,21,600,105.5,103.32,100.5,0,2
1,pat8,d1684149P0421443C_N2_B0Fmm00_PB0PCcZNC0909_B64mA1la0R0vxxxxxx_000A07fBIsc_xBCxxxXxxFgxxn_DQ02_0Sanity_MSR_550002EE,2,6,22,600,104.0,101.16,99.0,0,8
1,pat8,d1684149P0421443C_N2_B0Fmm00_PB0PCcZNC0909_B64mA1la0R0vxxxxxx_000A07fBIsc_xBCxxxXxxFgxxn_DQ02_0Sanity_MSR_550002EE,2,7,23,600,101.5,100.01,98.5,1,6
1,pat8,d1684149P0421443C_N2_B0Fmm00_PB0PCcZNC0909_B64mA1la0R0vxxxxxx_000A07fBIsc_xBCxxxXxxFgxxn_DQ02_0Sanity_MSR_550002EE,3,0,24,600,103.5,102.28,100.5,1,2
1,pat8,d1684149P0421443C_N2_B0Fmm00_PB0PCcZNC0909_B64mA1la0R0vxxxxxx_000A07fBIsc_xBCxxxXxxFgxxn_DQ02_0Sanity_MSR_550002EE,3,1,25,600,104.0,102.25,100.5,0,10
1,pat8,d1684149P0421443C_N2_B0Fmm00_PB0PCcZNC0909_B64mA1la0R0vxxxxxx_000A07fBIsc_xBCxxxXxxFgxxn_DQ02_0Sanity_MSR_550002EE,3,2,26,600,102.5,101.06,99.5,0,6
1,pat8,d1684149P0421443C_N2_B0Fmm00_PB0PCcZNC0909_B64mA1la0R0vxxxxxx_000A07fBIsc_xBCxxxXxxFgxxn_DQ02_0Sanity_MSR_550002EE,3,3,27,600,102.0,100.76,99.5,0,8
1,pat8,d1684149P0421443C_N2_B0Fmm00_PB0PCcZNC0909_B64mA1la0R0vxxxxxx_000A07fBIsc_xBCxxxXxxFgxxn_DQ02_0Sanity_MSR_550002EE,3,4,28,600,105.0,103.05,100.0,1,0
1,pat8,d1684149P0421443C_N2_B0Fmm00_PB0PCcZNC0909_B64mA1la0R0vxxxxxx_000A07fBIsc_xBCxxxXxxFgxxn_DQ02_0Sanity_MSR_550002EE,3,5,29,600,104.0,102.69,101.0,1,6
1,pat8,d1684149P0421443C_N2_B0Fmm00_PB0PCcZNC0909_B64mA1la0R0vxxxxxx_000A07fBIsc_xBCxxxXxxFgxxn_DQ02_0Sanity_MSR_550002EE,3,6,30,600,102.5,101.2,99.5,0,6
1,pat8,d1684149P0421443C_N2_B0Fmm00_PB0PCcZNC0909_B64mA1la0R0vxxxxxx_000A07fBIsc_xBCxxxXxxFgxxn_DQ02_0Sanity_MSR_550002EE,3,7,31,600,103.0,100.92,99.5,0,8
1,pat9,d1683471P0421221C_N2_B0Fmm00_PB0PCcZNC0909_B64mA1la0R0vxxxxxx_000A07fBIsc_xBCxxxXxxFgxxn_DQ02_0Sanity_ISA_550002EC,0,0,0,600,105.5,102.41,99.0,1,2
1,pat9,d1683471P0421221C_N2_B0Fmm00_PB0PCcZNC0909_B64mA1la0R0vxxxxxx_000A07fBIsc_xBCxxxXxxFgxxn_DQ02_0Sanity_ISA_550002EC,0,1,1,600,105.5,102.48,98.5,1,2
1,pat9,d1683471P0421221C_N2_B0Fmm00_PB0PCcZNC0909_B64mA1la0R0vxxxxxx_000A07fBIsc_xBCxxxXxxFgxxn_DQ02_0Sanity_ISA_550002EC,0,2,2,600,101.5,99.85,99.0,0,14
1,pat9,d1683471P0421221C_N2_B0Fmm00_PB0PCcZNC0909_B64mA1la0R0vxxxxxx_000A07fBIsc_xBCxxxXxxFgxxn_DQ02_0Sanity_ISA_550002EC,0,3,3,600,101.0,99.14,97.5,0,8
1,pat9,d1683471P0421221C_N2_B0Fmm00_PB0PCcZNC0909_B64mA1la0R0vxxxxxx_000A07fBIsc_xBCxxxXxxFgxxn_DQ02_0Sanity_ISA_550002EC,0,4,4,600,106.5,102.63,100.0,1,11
1,pat9,d1683471P0421221C_N2_B0Fmm00_PB0PCcZNC0909_B64mA1la0R0vxxxxxx_000A07fBIsc_xBCxxxXxxFgxxn_DQ02_0Sanity_ISA_550002EC,0,5,5,600,106.5,103.34,100.0,1,11
1,pat9,d1683471P0421221C_N2_B0Fmm00_PB0PCcZNC0909_B64mA1la0R0vxxxxxx_000A07fBIsc_xBCxxxXxxFgxxn_DQ02_0Sanity_ISA_550002EC,0,6,6,600,102.0,100.28,99.0,0,8
1,pat9,d1683471P0421221C_N2_B0Fmm00_PB0PCcZNC0909_B64mA1la0R0vxxxxxx_000A07fBIsc_xBCxxxXxxFgxxn_DQ02_0Sanity_ISA_550002EC,0,7,7,600,101.0,99.51,98.0,1,6
1,pat9,d1683471P0421221C_N2_B0Fmm00_PB0PCcZNC0909_B64mA1la0R0vxxxxxx_000A07fBIsc_xBCxxxXxxFgxxn_DQ02_0Sanity_ISA_550002EC,1,0,8,600,104.0,101.94,99.5,1,9
1,pat9,d1683471P0421221C_N2_B0Fmm00_PB0PCcZNC0909_B64mA1la0R0vxxxxxx_000A07fBIsc_xBCxxxXxxFgxxn_DQ02_0Sanity_ISA_550002EC,1,1,9,600,104.5,101.76,99.5,0,6
1,pat9,d1683471P0421221C_N2_B0Fmm00_PB0PCcZNC0909_B64mA1la0R0vxxxxxx_000A07fBIsc_xBCxxxXxxFgxxn_DQ02_0Sanity_ISA_550002EC,1,2,10,600,101.5,100.22,98.5,1,7
1,pat9,d1683471P0421221C_N2_B0Fmm00_PB0PCcZNC0909_B64mA1la0R0vxxxxxx_000A07fBIsc_xBCxxxXxxFgxxn_DQ02_0Sanity_ISA_550002EC,1,3,11,600,101.5,100.21,98.5,0,8
1,pat9,d1683471P0421221C_N2_B0Fmm00_PB0PCcZNC0909_B64mA1la0R0vxxxxxx_000A07fBIsc_xBCxxxXxxFgxxn_DQ02_0Sanity_ISA_550002EC,1,4,12,600,104.5,102.16,100.5,1,11
1,pat9,d1683471P0421221C_N2_B0Fmm00_PB0PCcZNC0909_B64mA1la0R0vxxxxxx_000A07fBIsc_xBCxxxXxxFgxxn_DQ02_0Sanity_ISA_550002EC,1,5,13,600,105.0,102.5,100.0,1,2
1,pat9,d1683471P0421221C_N2_B0Fmm00_PB0PCcZNC0909_B64mA1la0R0vxxxxxx_000A07fBIsc_xBCxxxXxxFgxxn_DQ02_0Sanity_ISA_550002EC,1,6,14,600,102.5,100.65,98.0,0,1
1,pat9,d1683471P0421221C_N2_B0Fmm00_PB0PCcZNC0909_B64mA1la0R0vxxxxxx_000A07fBIsc_xBCxxxXxxFgxxn_DQ02_0Sanity_ISA_550002EC,1,7,15,600,101.5,99.71,97.5,0,8
1,pat9,d1683471P0421221C_N2_B0Fmm00_PB0PCcZNC0909_B64mA1la0R0vxxxxxx_000A07fBIsc_xBCxxxXxxFgxxn_DQ02_0Sanity_ISA_550002EC,2,0,16,600,105.5,102.99,100.5,0,11
1,pat9,d1683471P0421221C_N2_B0Fmm00_PB0PCcZNC0909_B64mA1la0R0vxxxxxx_000A07fBIsc_xBCxxxXxxFgxxn_DQ02_0Sanity_ISA_550002EC,2,1,17,600,106.0,103.4,101.0,1,2
1,pat9,d1683471P0421221C_N2_B0Fmm00_PB0PCcZNC0909_B64mA1la0R0vxxxxxx_000A07fBIsc_xBCxxxXxxFgxxn_DQ02_0Sanity_ISA_550002EC,2,2,18,600,102.0,100.63,99.0,1,14
1,pat9,d1683471P0421221C_N2_B0Fmm00_PB0PCcZNC0909_B64mA1la0R0vxxxxxx_000A07fBIsc_xBCxxxXxxFgxxn_DQ02_0Sanity_ISA_550002EC,2,3,19,600,102.0,100.56,99.0,1,9
1,pat9,d1683471P0421221C_N2_B0Fmm00_PB0PCcZNC0909_B64mA1la0R0vxxxxxx_000A07fBIsc_xBCxxxXxxFgxxn_DQ02_0Sanity_ISA_550002EC,2,4,20,600,106.0,102.69,100.5,1,11
1,pat9,d1683471P0421221C_N2_B0Fmm00_PB0PCcZNC0909_B64mA1la0R0vxxxxxx_000A07fBIsc_xBCxxxXxxFgxxn_DQ02_0Sanity_ISA_550002EC,2,5,21,600,104.5,103.03,100.5,0,0
1,pat9,d1683471P0421221C_N2_B0Fmm00_PB0PCcZNC0909_B64mA1la0R0vxxxxxx_000A07fBIsc_xBCxxxXxxFgxxn_DQ02_0Sanity_ISA_550002EC,2,6,22,600,103.5,101.12,99.0,0,8
1,pat9,d1683471P0421221C_N2_B0Fmm00_PB0PCcZNC0909_B64mA1la0R0vxxxxxx_000A07fBIsc_xBCxxxXxxFgxxn_DQ02_0Sanity_ISA_550002EC,2,7,23,600,101.5,100.07,98.5,1,8
1,pat9,d1683471P0421221C_N2_B0Fmm00_PB0PCcZNC0909_B64mA1la0R0vxxxxxx_000A07fBIsc_xBCxxxXxxFgxxn_DQ02_0Sanity_ISA_550002EC,3,0,24,600,103.5,102.1,100.0,1,2
1,pat9,d1683471P0421221C_N2_B0Fmm00_PB0PCcZNC0909_B64mA1la0R0vxxxxxx_000A07fBIsc_xBCxxxXxxFgxxn_DQ02_0Sanity_ISA_550002EC,3,1,25,600,103.5,102.16,100.5,0,10
1,pat9,d1683471P0421221C_N2_B0Fmm00_PB0PCcZNC0909_B64mA1la0R0vxxxxxx_000A07fBIsc_xBCxxxXxxFgxxn_DQ02_0Sanity_ISA_550002EC,3,2,26,600,102.5,101.02,99.0,0,6
1,pat9,d1683471P0421221C_N2_B0Fmm00_PB0PCcZNC0909_B64mA1la0R0vxxxxxx_000A07fBIsc_xBCxxxXxxFgxxn_DQ02_0Sanity_ISA_550002EC,3,3,27,600,102.0,100.69,99.5,0,8
1,pat9,d1683471P0421221C_N2_B0Fmm00_PB0PCcZNC0909_B64mA1la0R0vxxxxxx_000A07fBIsc_xBCxxxXxxFgxxn_DQ02_0Sanity_ISA_550002EC,3,4,28,600,104.5,102.79,100.0,1,0
1,pat9,d1683471P0421221C_N2_B0Fmm00_PB0PCcZNC0909_B64mA1la0R0vxxxxxx_000A07fBIsc_xBCxxxXxxFgxxn_DQ02_0Sanity_ISA_550002EC,3,5,29,600,104.0,102.52,101.0,1,6
1,pat9,d1683471P0421221C_N2_B0Fmm00_PB0PCcZNC0909_B64mA1la0R0vxxxxxx_000A07fBIsc_xBCxxxXxxFgxxn_DQ02_0Sanity_ISA_550002EC,3,6,30,600,103.0,101.16,99.5,0,6
1,pat9,d1683471P0421221C_N2_B0Fmm00_PB0PCcZNC0909_B64mA1la0R0vxxxxxx_000A07fBIsc_xBCxxxXxxFgxxn_DQ02_0Sanity_ISA_550002EC,3,7,31,600,103.5,101.04,99.5,0,8
1,pat10,d1684394P0421554C_NZ_B0Fmm00_PB0PCcZNC0909_B64mA1la0R0vxxxxxx_000A07fBIsc_xBCxxxXxxFgxxn_DQ02_0Sanity_MUC_550002E8,0,0,0,600,105.5,102.47,99.0,1,2
1,pat10,d1684394P0421554C_NZ_B0Fmm00_PB0PCcZNC0909_B64mA1la0R0vxxxxxx_000A07fBIsc_xBCxxxXxxFgxxn_DQ02_0Sanity_MUC_550002E8,0,1,1,600,106.0,102.52,98.5,1,2
1,pat10,d1684394P0421554C_NZ_B0Fmm00_PB0PCcZNC0909_B64mA1la0R0vxxxxxx_000A07fBIsc_xBCxxxXxxFgxxn_DQ02_0Sanity_MUC_550002E8,0,2,2,600,101.0,99.86,99.0,1,7
1,pat10,d1684394P0421554C_NZ_B0Fmm00_PB0PCcZNC0909_B64mA1la0R0vxxxxxx_000A07fBIsc_xBCxxxXxxFgxxn_DQ02_0Sanity_MUC_550002E8,0,3,3,600,100.5,99.15,97.5,0,8
1,pat10,d1684394P0421554C_NZ_B0Fmm00_PB0PCcZNC0909_B64mA1la0R0vxxxxxx_000A07fBIsc_xBCxxxXxxFgxxn_DQ02_0Sanity_MUC_550002E8,0,4,4,600,106.0,102.71,100.0,1,11
1,pat10,d1684394P0421554C_NZ_B0Fmm00_PB0PCcZNC0909_B64mA1la0R0vxxxxxx_000A07fBIsc_xBCxxxXxxFgxxn_DQ02_0Sanity_MUC_550002E8,0,5,5,600,106.5,103.37,100.0,1,11
1,pat10,d1684394P0421554C_NZ_B0Fmm00_PB0PCcZNC0909_B64mA1la0R0vxxxxxx_000A07fBIsc_xBCxxxXxxFgxxn_DQ02_0Sanity_MUC_550002E8,0,6,6,600,102.0,100.37,99.0,1,2
1,pat10,d1684394P0421554C_NZ_B0Fmm00_PB0PCcZNC0909_B64mA1la0R0vxxxxxx_000A07fBIsc_xBCxxxXxxFgxxn_DQ02_0Sanity_MUC_550002E8,0,7,7,600,100.5,99.51,98.0,0,6
1,pat10,d1684394P0421554C_NZ_B0Fmm00_PB0PCcZNC0909_B64mA1la0R0vxxxxxx_000A07fBIsc_xBCxxxXxxFgxxn_DQ02_0Sanity_MUC_550002E8,1,0,8,600,104.0,101.88,99.5,1,9
1,pat10,d1684394P0421554C_NZ_B0Fmm00_PB0PCcZNC0909_B64mA1la0R0vxxxxxx_000A07fBIsc_xBCxxxXxxFgxxn_DQ02_0Sanity_MUC_550002E8,1,1,9,600,104.0,101.77,99.5,0,6
1,pat10,d1684394P0421554C_NZ_B0Fmm00_PB0PCcZNC0909_B64mA1la0R0vxxxxxx_000A07fBIsc_xBCxxxXxxFgxxn_DQ02_0Sanity_MUC_550002E8,1,2,10,600,101.5,100.27,98.5,0,8
1,pat10,d1684394P0421554C_NZ_B0Fmm00_PB0PCcZNC0909_B64mA1la0R0vxxxxxx_000A07fBIsc_xBCxxxXxxFgxxn_DQ02_0Sanity_MUC_550002E8,1,3,11,600,101.5,100.26,98.5,0,8
1,pat10,d1684394P0421554C_NZ_B0Fmm00_PB0PCcZNC0909_B64mA1la0R0vxxxxxx_000A07fBIsc_xBCxxxXxxFgxxn_DQ02_0Sanity_MUC_550002E8,1,4,12,600,104.5,102.13,100.5,1,11
1,pat10,d1684394P0421554C_NZ_B0Fmm00_PB0PCcZNC0909_B64mA1la0R0vxxxxxx_000A07fBIsc_xBCxxxXxxFgxxn_DQ02_0Sanity_MUC_550002E8,1,5,13,600,105.0,102.54,100.0,1,2
1,pat10,d1684394P0421554C_NZ_B0Fmm00_PB0PCcZNC0909_B64mA1la0R0vxxxxxx_000A07fBIsc_xBCxxxXxxFgxxn_DQ02_0Sanity_MUC_550002E8,1,6,14,600,102.5,100.65,98.5,0,5
1,pat10,d1684394P0421554C_NZ_B0Fmm00_PB0PCcZNC0909_B64mA1la0R0vxxxxxx_000A07fBIsc_xBCxxxXxxFgxxn_DQ02_0Sanity_MUC_550002E8,1,7,15,600,102.0,99.66,97.5,0,8
1,pat10,d1684394P0421554C_NZ_B0Fmm00_PB0PCcZNC0909_B64mA1la0R0vxxxxxx_000A07fBIsc_xBCxxxXxxFgxxn_DQ02_0Sanity_MUC_550002E8,2,0,16,600,105.5,103.04,100.5,0,0
1,pat10,d1684394P0421554C_NZ_B0Fmm00_PB0PCcZNC0909_B64mA1la0R0vxxxxxx_000A07fBIsc_xBCxxxXxxFgxxn_DQ02_0Sanity_MUC_550002E8,2,1,17,600,106.0,103.44,100.5,0,2
1,pat10,d1684394P0421554C_NZ_B0Fmm00_PB0PCcZNC0909_B64mA1la0R0vxxxxxx_000A07fBIsc_xBCxxxXxxFgxxn_DQ02_0Sanity_MUC_550002E8,2,2,18,600,102.0,100.6,99.5,1,14
1,pat10,d1684394P0421554C_NZ_B0Fmm00_PB0PCcZNC0909_B64mA1la0R0vxxxxxx_000A07fBIsc_xBCxxxXxxFgxxn_DQ02_0Sanity_MUC_550002E8,2,3,19,600,102.0,100.58,99.0,1,5
1,pat10,d1684394P0421554C_NZ_B0Fmm00_PB0PCcZNC0909_B64mA1la0R0vxxxxxx_000A07fBIsc_xBCxxxXxxFgxxn_DQ02_0Sanity_MUC_550002E8,2,4,20,600,105.5,102.62,100.0,1,11
1,pat10,d1684394P0421554C_NZ_B0Fmm00_PB0PCcZNC0909_B64mA1la0R0vxxxxxx_000A07fBIsc_xBCxxxXxxFgxxn_DQ02_0Sanity_MUC_550002E8,2,5,21,600,105.0,103.09,100.5,1,2
1,pat10,d1684394P0421554C_NZ_B0Fmm00_PB0PCcZNC0909_B64mA1la0R0vxxxxxx_000A07fBIsc_xBCxxxXxxFgxxn_DQ02_0Sanity_MUC_550002E8,2,6,22,600,103.5,101.05,99.0,0,8
1,pat10,d1684394P0421554C_NZ_B0Fmm00_PB0PCcZNC0909_B64mA1la0R0vxxxxxx_000A07fBIsc_xBCxxxXxxFgxxn_DQ02_0Sanity_MUC_550002E8,2,7,23,600,101.5,100.07,98.5,0,8
1,pat10,d1684394P0421554C_NZ_B0Fmm00_PB0PCcZNC0909_B64mA1la0R0vxxxxxx_000A07fBIsc_xBCxxxXxxFgxxn_DQ02_0Sanity_MUC_550002E8,3,0,24,600,103.5,102.13,100.5,1,2
1,pat10,d1684394P0421554C_NZ_B0Fmm00_PB0PCcZNC0909_B64mA1la0R0vxxxxxx_000A07fBIsc_xBCxxxXxxFgxxn_DQ02_0Sanity_MUC_550002E8,3,1,25,600,103.5,102.14,100.5,0,10
1,pat10,d1684394P0421554C_NZ_B0Fmm00_PB0PCcZNC0909_B64mA1la0R0vxxxxxx_000A07fBIsc_xBCxxxXxxFgxxn_DQ02_0Sanity_MUC_550002E8,3,2,26,600,103.0,101.05,99.0,0,8
1,pat10,d1684394P0421554C_NZ_B0Fmm00_PB0PCcZNC0909_B64mA1la0R0vxxxxxx_000A07fBIsc_xBCxxxXxxFgxxn_DQ02_0Sanity_MUC_550002E8,3,3,27,600,102.5,100.74,99.5,0,8
1,pat10,d1684394P0421554C_NZ_B0Fmm00_PB0PCcZNC0909_B64mA1la0R0vxxxxxx_000A07fBIsc_xBCxxxXxxFgxxn_DQ02_0Sanity_MUC_550002E8,3,4,28,600,104.5,102.84,100.0,1,0
1,pat10,d1684394P0421554C_NZ_B0Fmm00_PB0PCcZNC0909_B64mA1la0R0vxxxxxx_000A07fBIsc_xBCxxxXxxFgxxn_DQ02_0Sanity_MUC_550002E8,3,5,29,600,104.0,102.52,101.0,0,11
1,pat10,d1684394P0421554C_NZ_B0Fmm00_PB0PCcZNC0909_B64mA1la0R0vxxxxxx_000A07fBIsc_xBCxxxXxxFgxxn_DQ02_0Sanity_MUC_550002E8,3,6,30,600,102.5,101.14,99.5,0,5
1,pat10,d1684394P0421554C_NZ_B0Fmm00_PB0PCcZNC0909_B64mA1la0R0vxxxxxx_000A07fBIsc_xBCxxxXxxFgxxn_DQ02_0Sanity_MUC_550002E8,3,7,31,600,103.5,101.0,99.5,0,8
1,pat11,d1700360P0421919C_RJ_B0Fmm00_PB0PCcZNC0909_B64mA1la0R0vxxxxxx_000A07fBIsc_xBCxxxXxxFgxxn_DQ02_Blender_Z1J_55100063,0,0,0,600,109.0,104.02,99.5,1,11
1,pat11,d1700360P0421919C_RJ_B0Fmm00_PB0PCcZNC0909_B64mA1la0R0vxxxxxx_000A07fBIsc_xBCxxxXxxFgxxn_DQ02_Blender_Z1J_55100063,0,1,1,600,109.5,104.25,100.0,1,11
1,pat11,d1700360P0421919C_RJ_B0Fmm00_PB0PCcZNC0909_B64mA1la0R0vxxxxxx_000A07fBIsc_xBCxxxXxxFgxxn_DQ02_Blender_Z1J_55100063,0,2,2,600,101.5,100.22,99.5,0,14
1,pat11,d1700360P0421919C_RJ_B0Fmm00_PB0PCcZNC0909_B64mA1la0R0vxxxxxx_000A07fBIsc_xBCxxxXxxFgxxn_DQ02_Blender_Z1J_55100063,0,3,3,600,101.5,99.32,98.0,0,8
1,pat11,d1700360P0421919C_RJ_B0Fmm00_PB0PCcZNC0909_B64mA1la0R0vxxxxxx_000A07fBIsc_xBCxxxXxxFgxxn_DQ02_Blender_Z1J_55100063,0,4,4,600,109.5,104.18,100.5,1,11
1,pat11,d1700360P0421919C_RJ_B0Fmm00_PB0PCcZNC0909_B64mA1la0R0vxxxxxx_000A07fBIsc_xBCxxxXxxFgxxn_DQ02_Blender_Z1J_55100063,0,5,5,600,109.5,105.19,100.5,1,11
1,pat11,d1700360P0421919C_RJ_B0Fmm00_PB0PCcZNC0909_B64mA1la0R0vxxxxxx_000A07fBIsc_xBCxxxXxxFgxxn_DQ02_Blender_Z1J_55100063,0,6,6,600,102.0,100.61,99.0,0,8
1,pat11,d1700360P0421919C_RJ_B0Fmm00_PB0PCcZNC0909_B64mA1la0R0vxxxxxx_000A07fBIsc_xBCxxxXxxFgxxn_DQ02_Blender_Z1J_55100063,0,7,7,600,101.0,99.7,98.0,1,6
1,pat11,d1700360P0421919C_RJ_B0Fmm00_PB0PCcZNC0909_B64mA1la0R0vxxxxxx_000A07fBIsc_xBCxxxXxxFgxxn_DQ02_Blender_Z1J_55100063,1,0,8,600,106.5,103.47,100.5,1,9
1,pat11,d1700360P0421919C_RJ_B0Fmm00_PB0PCcZNC0909_B64mA1la0R0vxxxxxx_000A07fBIsc_xBCxxxXxxFgxxn_DQ02_Blender_Z1J_55100063,1,1,9,600,105.5,103.14,100.0,1,11
1,pat11,d1700360P0421919C_RJ_B0Fmm00_PB0PCcZNC0909_B64mA1la0R0vxxxxxx_000A07fBIsc_xBCxxxXxxFgxxn_DQ02_Blender_Z1J_55100063,1,2,10,600,102.5,100.68,99.0,0,8
1,pat11,d1700360P0421919C_RJ_B0Fmm00_PB0PCcZNC0909_B64mA1la0R0vxxxxxx_000A07fBIsc_xBCxxxXxxFgxxn_DQ02_Blender_Z1J_55100063,1,3,11,600,101.5,100.43,99.0,0,8
1,pat11,d1700360P0421919C_RJ_B0Fmm00_PB0PCcZNC0909_B64mA1la0R0vxxxxxx_000A07fBIsc_xBCxxxXxxFgxxn_DQ02_Blender_Z1J_55100063,1,4,12,600,107.0,103.65,101.0,1,11
1,pat11,d1700360P0421919C_RJ_B0Fmm00_PB0PCcZNC0909_B64mA1la0R0vxxxxxx_000A07fBIsc_xBCxxxXxxFgxxn_DQ02_Blender_Z1J_55100063,1,5,13,600,107.0,104.06,100.5,1,2
1,pat11,d1700360P0421919C_RJ_B0Fmm00_PB0PCcZNC0909_B64mA1la0R0vxxxxxx_000A07fBIsc_xBCxxxXxxFgxxn_DQ02_Blender_Z1J_55100063,1,6,14,600,103.0,101.03,98.5,0,1
1,pat11,d1700360P0421919C_RJ_B0Fmm00_PB0PCcZNC0909_B64mA1la0R0vxxxxxx_000A07fBIsc_xBCxxxXxxFgxxn_DQ02_Blender_Z1J_55100063,1,7,15,600,102.0,99.9,97.5,0,8
1,pat11,d1700360P0421919C_RJ_B0Fmm00_PB0PCcZNC0909_B64mA1la0R0vxxxxxx_000A07fBIsc_xBCxxxXxxFgxxn_DQ02_Blender_Z1J_55100063,2,0,16,600,107.5,104.7,101.0,1,11
1,pat11,d1700360P0421919C_RJ_B0Fmm00_PB0PCcZNC0909_B64mA1la0R0vxxxxxx_000A07fBIsc_xBCxxxXxxFgxxn_DQ02_Blender_Z1J_55100063,2,1,17,600,109.0,105.08,101.5,1,2
1,pat11,d1700360P0421919C_RJ_B0Fmm00_PB0PCcZNC0909_B64mA1la0R0vxxxxxx_000A07fBIsc_xBCxxxXxxFgxxn_DQ02_Blender_Z1J_55100063,2,2,18,600,103.0,100.98,99.5,1,14
1,pat11,d1700360P0421919C_RJ_B0Fmm00_PB0PCcZNC0909_B64mA1la0R0vxxxxxx_000A07fBIsc_xBCxxxXxxFgxxn_DQ02_Blender_Z1J_55100063,2,3,19,600,102.0,100.66,99.0,1,9
1,pat11,d1700360P0421919C_RJ_B0Fmm00_PB0PCcZNC0909_B64mA1la0R0vxxxxxx_000A07fBIsc_xBCxxxXxxFgxxn_DQ02_Blender_Z1J_55100063,2,4,20,600,109.0,103.87,101.0,1,11
1,pat11,d1700360P0421919C_RJ_B0Fmm00_PB0PCcZNC0909_B64mA1la0R0vxxxxxx_000A07fBIsc_xBCxxxXxxFgxxn_DQ02_Blender_Z1J_55100063,2,5,21,600,107.5,104.49,101.5,1,2
1,pat11,d1700360P0421919C_RJ_B0Fmm00_PB0PCcZNC0909_B64mA1la0R0vxxxxxx_000A07fBIsc_xBCxxxXxxFgxxn_DQ02_Blender_Z1J_55100063,2,6,22,600,103.5,101.35,99.0,0,8
1,pat11,d1700360P0421919C_RJ_B0Fmm00_PB0PCcZNC0909_B64mA1la0R0vxxxxxx_000A07fBIsc_xBCxxxXxxFgxxn_DQ02_Blender_Z1J_55100063,2,7,23,600,101.5,100.32,98.5,0,8
1,pat11,d1700360P0421919C_RJ_B0Fmm00_PB0PCcZNC0909_B64mA1la0R0vxxxxxx_000A07fBIsc_xBCxxxXxxFgxxn_DQ02_Blender_Z1J_55100063,3,0,24,600,105.5,103.32,101.0,0,9
1,pat11,d1700360P0421919C_RJ_B0Fmm00_PB0PCcZNC0909_B64mA1la0R0vxxxxxx_000A07fBIsc_xBCxxxXxxFgxxn_DQ02_Blender_Z1J_55100063,3,1,25,600,105.5,103.12,101.0,0,9
1,pat11,d1700360P0421919C_RJ_B0Fmm00_PB0PCcZNC0909_B64mA1la0R0vxxxxxx_000A07fBIsc_xBCxxxXxxFgxxn_DQ02_Blender_Z1J_55100063,3,2,26,600,103.5,101.33,99.5,0,6
1,pat11,d1700360P0421919C_RJ_B0Fmm00_PB0PCcZNC0909_B64mA1la0R0vxxxxxx_000A07fBIsc_xBCxxxXxxFgxxn_DQ02_Blender_Z1J_55100063,3,3,27,600,102.5,100.94,99.5,0,8
1,pat11,d1700360P0421919C_RJ_B0Fmm00_PB0PCcZNC0909_B64mA1la0R0vxxxxxx_000A07fBIsc_xBCxxxXxxFgxxn_DQ02_Blender_Z1J_55100063,3,4,28,600,107.5,104.16,100.0,1,9
1,pat11,d1700360P0421919C_RJ_B0Fmm00_PB0PCcZNC0909_B64mA1la0R0vxxxxxx_000A07fBIsc_xBCxxxXxxFgxxn_DQ02_Blender_Z1J_55100063,3,5,29,600,106.5,103.7,101.5,1,11
1,pat11,d1700360P0421919C_RJ_B0Fmm00_PB0PCcZNC0909_B64mA1la0R0vxxxxxx_000A07fBIsc_xBCxxxXxxFgxxn_DQ02_Blender_Z1J_55100063,3,6,30,600,104.0,101.35,100.0,0,14
1,pat11,d1700360P0421919C_RJ_B0Fmm00_PB0PCcZNC0909_B64mA1la0R0vxxxxxx_000A07fBIsc_xBCxxxXxxFgxxn_DQ02_Blender_Z1J_55100063,3,7,31,600,103.5,101.18,99.5,0,8
1,pat12,d1683148P0421047C_RL_B0Fmm00_PB0PCcZNC0909_B64mA1la0R0vxxxxxx_000A07fBIsc_xBCxxxXxxFgxxn_DQ02_Blender_Z1J_5500007B,0,0,0,600,109.0,103.77,99.5,1,11
1,pat12,d1683148P0421047C_RL_B0Fmm00_PB0PCcZNC0909_B64mA1la0R0vxxxxxx_000A07fBIsc_xBCxxxXxxFgxxn_DQ02_Blender_Z1J_5500007B,0,1,1,600,109.0,104.07,100.0,1,2
1,pat12,d1683148P0421047C_RL_B0Fmm00_PB0PCcZNC0909_B64mA1la0R0vxxxxxx_000A07fBIsc_xBCxxxXxxFgxxn_DQ02_Blender_Z1J_5500007B,0,2,2,600,101.5,100.16,99.5,0,5
1,pat12,d1683148P0421047C_RL_B0Fmm00_PB0PCcZNC0909_B64mA1la0R0vxxxxxx_000A07fBIsc_xBCxxxXxxFgxxn_DQ02_Blender_Z1J_5500007B,0,3,3,600,101.5,99.45,98.0,0,8
1,pat12,d1683148P0421047C_RL_B0Fmm00_PB0PCcZNC0909_B64mA1la0R0vxxxxxx_000A07fBIsc_xBCxxxXxxFgxxn_DQ02_Blender_Z1J_5500007B,0,4,4,600,109.0,104.03,100.5,1,11
1,pat12,d1683148P0421047C_RL_B0Fmm00_PB0PCcZNC0909_B64mA1la0R0vxxxxxx_000A07fBIsc_xBCxxxXxxFgxxn_DQ02_Blender_Z1J_5500007B,0,5,5,600,109.0,104.95,101.0,1,2
1,pat12,d1683148P0421047C_RL_B0Fmm00_PB0PCcZNC0909_B64mA1la0R0vxxxxxx_000A07fBIsc_xBCxxxXxxFgxxn_DQ02_Blender_Z1J_5500007B,0,6,6,600,102.5,100.61,99.0,0,8
1,pat12,d1683148P0421047C_RL_B0Fmm00_PB0PCcZNC0909_B64mA1la0R0vxxxxxx_000A07fBIsc_xBCxxxXxxFgxxn_DQ02_Blender_Z1J_5500007B,0,7,7,600,100.5,99.67,98.0,0,6
1,pat12,d1683148P0421047C_RL_B0Fmm00_PB0PCcZNC0909_B64mA1la0R0vxxxxxx_000A07fBIsc_xBCxxxXxxFgxxn_DQ02_Blender_Z1J_5500007B,1,0,8,600,106.0,103.29,100.5,1,9
1,pat12,d1683148P0421047C_RL_B0Fmm00_PB0PCcZNC0909_B64mA1la0R0vxxxxxx_000A07fBIsc_xBCxxxXxxFgxxn_DQ02_Blender_Z1J_5500007B,1,1,9,600,105.5,102.97,100.0,0,13
1,pat12,d1683148P0421047C_RL_B0Fmm00_PB0PCcZNC0909_B64mA1la0R0vxxxxxx_000A07fBIsc_xBCxxxXxxFgxxn_DQ02_Blender_Z1J_5500007B,1,2,10,600,101.5,100.57,99.5,0,8
1,pat12,d1683148P0421047C_RL_B0Fmm00_PB0PCcZNC0909_B64mA1la0R0vxxxxxx_000A07fBIsc_xBCxxxXxxFgxxn_DQ02_Blender_Z1J_5500007B,1,3,11,600,101.5,100.48,99.0,0,8
1,pat12,d1683148P0421047C_RL_B0Fmm00_PB0PCcZNC0909_B64mA1la0R0vxxxxxx_000A07fBIsc_xBCxxxXxxFgxxn_DQ02_Blender_Z1J_5500007B,1,4,12,600,106.5,103.47,101.0,0,11
1,pat12,d1683148P0421047C_RL_B0Fmm00_PB0PCcZNC0909_B64mA1la0R0vxxxxxx_000A07fBIsc_xBCxxxXxxFgxxn_DQ02_Blender_Z1J_5500007B,1,5,13,600,107.0,103.81,100.5,1,2
1,pat12,d1683148P0421047C_RL_B0Fmm00_PB0PCcZNC0909_B64mA1la0R0vxxxxxx_000A07fBIsc_xBCxxxXxxFgxxn_DQ02_Blender_Z1J_5500007B,1,6,14,600,103.0,100.99,98.5,0,1
1,pat12,d1683148P0421047C_RL_B0Fmm00_PB0PCcZNC0909_B64mA1la0R0vxxxxxx_000A07fBIsc_xBCxxxXxxFgxxn_DQ02_Blender_Z1J_5500007B,1,7,15,600,102.0,99.9,98.0,0,8
1,pat12,d1683148P0421047C_RL_B0Fmm00_PB0PCcZNC0909_B64mA1la0R0vxxxxxx_000A07fBIsc_xBCxxxXxxFgxxn_DQ02_Blender_Z1J_5500007B,2,0,16,600,107.0,104.52,101.5,1,11
1,pat12,d1683148P0421047C_RL_B0Fmm00_PB0PCcZNC0909_B64mA1la0R0vxxxxxx_000A07fBIsc_xBCxxxXxxFgxxn_DQ02_Blender_Z1J_5500007B,2,1,17,600,108.5,104.96,101.5,1,11
1,pat12,d1683148P0421047C_RL_B0Fmm00_PB0PCcZNC0909_B64mA1la0R0vxxxxxx_000A07fBIsc_xBCxxxXxxFgxxn_DQ02_Blender_Z1J_5500007B,2,2,18,600,103.0,100.93,99.5,1,14
1,pat12,d1683148P0421047C_RL_B0Fmm00_PB0PCcZNC0909_B64mA1la0R0vxxxxxx_000A07fBIsc_xBCxxxXxxFgxxn_DQ02_Blender_Z1J_5500007B,2,3,19,600,102.5,100.73,99.0,1,11
1,pat12,d1683148P0421047C_RL_B0Fmm00_PB0PCcZNC0909_B64mA1la0R0vxxxxxx_000A07fBIsc_xBCxxxXxxFgxxn_DQ02_Blender_Z1J_5500007B,2,4,20,600,108.5,103.82,101.5,1,11
1,pat12,d1683148P0421047C_RL_B0Fmm00_PB0PCcZNC0909_B64mA1la0R0vxxxxxx_000A07fBIsc_xBCxxxXxxFgxxn_DQ02_Blender_Z1J_5500007B,2,5,21,600,107.0,104.31,101.5,1,11
1,pat12,d1683148P0421047C_RL_B0Fmm00_PB0PCcZNC0909_B64mA1la0R0vxxxxxx_000A07fBIsc_xBCxxxXxxFgxxn_DQ02_Blender_Z1J_5500007B,2,6,22,600,103.5,101.45,99.0,0,4
1,pat12,d1683148P0421047C_RL_B0Fmm00_PB0PCcZNC0909_B64mA1la0R0vxxxxxx_000A07fBIsc_xBCxxxXxxFgxxn_DQ02_Blender_Z1J_5500007B,2,7,23,600,102.0,100.42,99.0,0,8
1,pat12,d1683148P0421047C_RL_B0Fmm00_PB0PCcZNC0909_B64mA1la0R0vxxxxxx_000A07fBIsc_xBCxxxXxxFgxxn_DQ02_Blender_Z1J_5500007B,3,0,24,600,104.5,103.13,101.0,1,2
1,pat12,d1683148P0421047C_RL_B0Fmm00_PB0PCcZNC0909_B64mA1la0R0vxxxxxx_000A07fBIsc_xBCxxxXxxFgxxn_DQ02_Blender_Z1J_5500007B,3,1,25,600,104.5,103.02,101.0,1,11
1,pat12,d1683148P0421047C_RL_B0Fmm00_PB0PCcZNC0909_B64mA1la0R0vxxxxxx_000A07fBIsc_xBCxxxXxxFgxxn_DQ02_Blender_Z1J_5500007B,3,2,26,600,103.0,101.47,99.5,0,8
1,pat12,d1683148P0421047C_RL_B0Fmm00_PB0PCcZNC0909_B64mA1la0R0vxxxxxx_000A07fBIsc_xBCxxxXxxFgxxn_DQ02_Blender_Z1J_5500007B,3,3,27,600,103.0,100.95,99.5,0,8
1,pat12,d1683148P0421047C_RL_B0Fmm00_PB0PCcZNC0909_B64mA1la0R0vxxxxxx_000A07fBIsc_xBCxxxXxxFgxxn_DQ02_Blender_Z1J_5500007B,3,4,28,600,107.5,104.03,100.5,1,11
1,pat12,d1683148P0421047C_RL_B0Fmm00_PB0PCcZNC0909_B64mA1la0R0vxxxxxx_000A07fBIsc_xBCxxxXxxFgxxn_DQ02_Blender_Z1J_5500007B,3,5,29,600,105.0,103.47,101.5,1,2
1,pat12,d1683148P0421047C_RL_B0Fmm00_PB0PCcZNC0909_B64mA1la0R0vxxxxxx_000A07fBIsc_xBCxxxXxxFgxxn_DQ02_Blender_Z1J_5500007B,3,6,30,600,103.0,101.4,100.0,0,6
1,pat12,d1683148P0421047C_RL_B0Fmm00_PB0PCcZNC0909_B64mA1la0R0vxxxxxx_000A07fBIsc_xBCxxxXxxFgxxn_DQ02_Blender_Z1J_5500007B,3,7,31,600,103.5,101.27,99.5,0,8
1,pat13,d1684185P0421417C_RI_B0Fmm00_PB0PCcZNC0909_B64mA1la0R0vxxxxxx_000A07fBIsc_xBCxxxXxxFgxxn_DQ02_Frenzy_X_550001E4,0,0,0,600,108.5,104.0,99.5,1,2
1,pat13,d1684185P0421417C_RI_B0Fmm00_PB0PCcZNC0909_B64mA1la0R0vxxxxxx_000A07fBIsc_xBCxxxXxxFgxxn_DQ02_Frenzy_X_550001E4,0,1,1,600,109.5,104.35,100.0,1,2
1,pat13,d1684185P0421417C_RI_B0Fmm00_PB0PCcZNC0909_B64mA1la0R0vxxxxxx_000A07fBIsc_xBCxxxXxxFgxxn_DQ02_Frenzy_X_550001E4,0,2,2,600,101.5,100.27,99.5,0,14
1,pat13,d1684185P0421417C_RI_B0Fmm00_PB0PCcZNC0909_B64mA1la0R0vxxxxxx_000A07fBIsc_xBCxxxXxxFgxxn_DQ02_Frenzy_X_550001E4,0,3,3,600,101.0,99.4,98.0,0,8
1,pat13,d1684185P0421417C_RI_B0Fmm00_PB0PCcZNC0909_B64mA1la0R0vxxxxxx_000A07fBIsc_xBCxxxXxxFgxxn_DQ02_Frenzy_X_550001E4,0,4,4,600,109.5,104.36,101.0,1,11
1,pat13,d1684185P0421417C_RI_B0Fmm00_PB0PCcZNC0909_B64mA1la0R0vxxxxxx_000A07fBIsc_xBCxxxXxxFgxxn_DQ02_Frenzy_X_550001E4,0,5,5,600,109.5,105.19,101.0,1,11
1,pat13,d1684185P0421417C_RI_B0Fmm00_PB0PCcZNC0909_B64mA1la0R0vxxxxxx_000A07fBIsc_xBCxxxXxxFgxxn_DQ02_Frenzy_X_550001E4,0,6,6,600,102.5,100.81,99.5,0,8
1,pat13,d1684185P0421417C_RI_B0Fmm00_PB0PCcZNC0909_B64mA1la0R0vxxxxxx_000A07fBIsc_xBCxxxXxxFgxxn_DQ02_Frenzy_X_550001E4,0,7,7,600,101.0,99.83,98.5,0,6
1,pat13,d1684185P0421417C_RI_B0Fmm00_PB0PCcZNC0909_B64mA1la0R0vxxxxxx_000A07fBIsc_xBCxxxXxxFgxxn_DQ02_Frenzy_X_550001E4,1,0,8,600,106.5,103.66,101.0,1,11
1,pat13,d1684185P0421417C_RI_B0Fmm00_PB0PCcZNC0909_B64mA1la0R0vxxxxxx_000A07fBIsc_xBCxxxXxxFgxxn_DQ02_Frenzy_X_550001E4,1,1,9,600,106.0,103.25,100.5,1,11
1,pat13,d1684185P0421417C_RI_B0Fmm00_PB0PCcZNC0909_B64mA1la0R0vxxxxxx_000A07fBIsc_xBCxxxXxxFgxxn_DQ02_Frenzy_X_550001E4,1,2,10,600,102.0,100.65,99.5,1,2
1,pat13,d1684185P0421417C_RI_B0Fmm00_PB0PCcZNC0909_B64mA1la0R0vxxxxxx_000A07fBIsc_xBCxxxXxxFgxxn_DQ02_Frenzy_X_550001E4,1,3,11,600,102.0,100.58,99.0,0,8
1,pat13,d1684185P0421417C_RI_B0Fmm00_PB0PCcZNC0909_B64mA1la0R0vxxxxxx_000A07fBIsc_xBCxxxXxxFgxxn_DQ02_Frenzy_X_550001E4,1,4,12,600,106.5,103.73,101.0,0,11
1,pat13,d1684185P0421417C_RI_B0Fmm00_PB0PCcZNC0909_B64mA1la0R0vxxxxxx_000A07fBIsc_xBCxxxXxxFgxxn_DQ02_Frenzy_X_550001E4,1,5,13,600,107.5,104.0,100.5,1,2
1,pat13,d1684185P0421417C_RI_B0Fmm00_PB0PCcZNC0909_B64mA1la0R0vxxxxxx_000A07fBIsc_xBCxxxXxxFgxxn_DQ02_Frenzy_X_550001E4,1,6,14,600,103.0,101.21,98.5,0,1
1,pat13,d1684185P0421417C_RI_B0Fmm00_PB0PCcZNC0909_B64mA1la0R0vxxxxxx_000A07fBIsc_xBCxxxXxxFgxxn_DQ02_Frenzy_X_550001E4,1,7,15,600,102.5,99.97,97.5,0,8
1,pat13,d1684185P0421417C_RI_B0Fmm00_PB0PCcZNC0909_B64mA1la0R0vxxxxxx_000A07fBIsc_xBCxxxXxxFgxxn_DQ02_Frenzy_X_550001E4,2,0,16,600,108.0,104.8,101.5,1,11
1,pat13,d1684185P0421417C_RI_B0Fmm00_PB0PCcZNC0909_B64mA1la0R0vxxxxxx_000A07fBIsc_xBCxxxXxxFgxxn_DQ02_Frenzy_X_550001E4,2,1,17,600,109.5,105.17,101.5,1,2
1,pat13,d1684185P0421417C_RI_B0Fmm00_PB0PCcZNC0909_B64mA1la0R0vxxxxxx_000A07fBIsc_xBCxxxXxxFgxxn_DQ02_Frenzy_X_550001E4,2,2,18,600,103.0,101.19,100.0,1,14
1,pat13,d1684185P0421417C_RI_B0Fmm00_PB0PCcZNC0909_B64mA1la0R0vxxxxxx_000A07fBIsc_xBCxxxXxxFgxxn_DQ02_Frenzy_X_550001E4,2,3,19,600,102.0,100.77,99.0,1,5
1,pat13,d1684185P0421417C_RI_B0Fmm00_PB0PCcZNC0909_B64mA1la0R0vxxxxxx_000A07fBIsc_xBCxxxXxxFgxxn_DQ02_Frenzy_X_550001E4,2,4,20,600,109.0,104.04,101.5,1,11
1,pat13,d1684185P0421417C_RI_B0Fmm00_PB0PCcZNC0909_B64mA1la0R0vxxxxxx_000A07fBIsc_xBCxxxXxxFgxxn_DQ02_Frenzy_X_550001E4,2,5,21,600,107.5,104.62,101.5,1,2
1,pat13,d1684185P0421417C_RI_B0Fmm00_PB0PCcZNC0909_B64mA1la0R0vxxxxxx_000A07fBIsc_xBCxxxXxxFgxxn_DQ02_Frenzy_X_550001E4,2,6,22,600,103.5,101.56,99.5,0,8
1,pat13,d1684185P0421417C_RI_B0Fmm00_PB0PCcZNC0909_B64mA1la0R0vxxxxxx_000A07fBIsc_xBCxxxXxxFgxxn_DQ02_Frenzy_X_550001E4,2,7,23,600,102.0,100.53,99.0,0,8
1,pat13,d1684185P0421417C_RI_B0Fmm00_PB0PCcZNC0909_B64mA1la0R0vxxxxxx_000A07fBIsc_xBCxxxXxxFgxxn_DQ02_Frenzy_X_550001E4,3,0,24,600,105.0,103.28,101.0,1,2
1,pat13,d1684185P0421417C_RI_B0Fmm00_PB0PCcZNC0909_B64mA1la0R0vxxxxxx_000A07fBIsc_xBCxxxXxxFgxxn_DQ02_Frenzy_X_550001E4,3,1,25,600,104.5,103.16,101.0,0,11
1,pat13,d1684185P0421417C_RI_B0Fmm00_PB0PCcZNC0909_B64mA1la0R0vxxxxxx_000A07fBIsc_xBCxxxXxxFgxxn_DQ02_Frenzy_X_550001E4,3,2,26,600,103.0,101.6,100.0,0,8
1,pat13,d1684185P0421417C_RI_B0Fmm00_PB0PCcZNC0909_B64mA1la0R0vxxxxxx_000A07fBIsc_xBCxxxXxxFgxxn_DQ02_Frenzy_X_550001E4,3,3,27,600,102.5,101.0,99.5,0,8
1,pat13,d1684185P0421417C_RI_B0Fmm00_PB0PCcZNC0909_B64mA1la0R0vxxxxxx_000A07fBIsc_xBCxxxXxxFgxxn_DQ02_Frenzy_X_550001E4,3,4,28,600,107.5,104.23,100.5,1,11
1,pat13,d1684185P0421417C_RI_B0Fmm00_PB0PCcZNC0909_B64mA1la0R0vxxxxxx_000A07fBIsc_xBCxxxXxxFgxxn_DQ02_Frenzy_X_550001E4,3,5,29,600,105.5,103.66,101.5,1,11
1,pat13,d1684185P0421417C_RI_B0Fmm00_PB0PCcZNC0909_B64mA1la0R0vxxxxxx_000A07fBIsc_xBCxxxXxxFgxxn_DQ02_Frenzy_X_550001E4,3,6,30,600,103.0,101.5,100.0,0,6
1,pat13,d1684185P0421417C_RI_B0Fmm00_PB0PCcZNC0909_B64mA1la0R0vxxxxxx_000A07fBIsc_xBCxxxXxxFgxxn_DQ02_Frenzy_X_550001E4,3,7,31,600,103.5,101.28,99.5,0,8
1,pat14,d1684474P0421551C_RL_B0Fmm00_PB0PCcZNC0909_B64mA1la0R0vxxxxxx_000A07fBIsc_xBCxxxXxxFgxxn_DQ02_LeekSpin_Y_550002A6,0,0,0,600,109.5,104.1,99.5,1,2
1,pat14,d1684474P0421551C_RL_B0Fmm00_PB0PCcZNC0909_B64mA1la0R0vxxxxxx_000A07fBIsc_xBCxxxXxxFgxxn_DQ02_LeekSpin_Y_550002A6,0,1,1,600,110.0,104.43,100.0,1,2
1,pat14,d1684474P0421551C_RL_B0Fmm00_PB0PCcZNC0909_B64mA1la0R0vxxxxxx_000A07fBIsc_xBCxxxXxxFgxxn_DQ02_LeekSpin_Y_550002A6,0,2,2,600,101.5,100.3,99.5,0,14
1,pat14,d1684474P0421551C_RL_B0Fmm00_PB0PCcZNC0909_B64mA1la0R0vxxxxxx_000A07fBIsc_xBCxxxXxxFgxxn_DQ02_LeekSpin_Y_550002A6,0,3,3,600,101.5,99.54,97.5,0,8
1,pat14,d1684474P0421551C_RL_B0Fmm00_PB0PCcZNC0909_B64mA1la0R0vxxxxxx_000A07fBIsc_xBCxxxXxxFgxxn_DQ02_LeekSpin_Y_550002A6,0,4,4,600,110.0,104.41,100.5,1,11
1,pat14,d1684474P0421551C_RL_B0Fmm00_PB0PCcZNC0909_B64mA1la0R0vxxxxxx_000A07fBIsc_xBCxxxXxxFgxxn_DQ02_LeekSpin_Y_550002A6,0,5,5,600,110.0,105.22,101.0,1,11
1,pat14,d1684474P0421551C_RL_B0Fmm00_PB0PCcZNC0909_B64mA1la0R0vxxxxxx_000A07fBIsc_xBCxxxXxxFgxxn_DQ02_LeekSpin_Y_550002A6,0,6,6,600,102.5,100.73,99.5,0,8
1,pat14,d1684474P0421551C_RL_B0Fmm00_PB0PCcZNC0909_B64mA1la0R0vxxxxxx_000A07fBIsc_xBCxxxXxxFgxxn_DQ02_LeekSpin_Y_550002A6,0,7,7,600,101.0,99.76,98.5,1,6
1,pat14,d1684474P0421551C_RL_B0Fmm00_PB0PCcZNC0909_B64mA1la0R0vxxxxxx_000A07fBIsc_xBCxxxXxxFgxxn_DQ02_LeekSpin_Y_550002A6,1,0,8,600,107.0,103.75,101.0,1,11
1,pat14,d1684474P0421551C_RL_B0Fmm00_PB0PCcZNC0909_B64mA1la0R0vxxxxxx_000A07fBIsc_xBCxxxXxxFgxxn_DQ02_LeekSpin_Y_550002A6,1,1,9,600,106.5,103.3,100.0,0,2
1,pat14,d1684474P0421551C_RL_B0Fmm00_PB0PCcZNC0909_B64mA1la0R0vxxxxxx_000A07fBIsc_xBCxxxXxxFgxxn_DQ02_LeekSpin_Y_550002A6,1,2,10,600,102.0,100.75,99.0,1,2
1,pat14,d1684474P0421551C_RL_B0Fmm00_PB0PCcZNC0909_B64mA1la0R0vxxxxxx_000A07fBIsc_xBCxxxXxxFgxxn_DQ02_LeekSpin_Y_550002A6,1,3,11,600,102.0,100.62,99.0,1,7
1,pat14,d1684474P0421551C_RL_B0Fmm00_PB0PCcZNC0909_B64mA1la0R0vxxxxxx_000A07fBIsc_xBCxxxXxxFgxxn_DQ02_LeekSpin_Y_550002A6,1,4,12,600,107.5,103.72,101.0,1,11
1,pat14,d1684474P0421551C_RL_B0Fmm00_PB0PCcZNC0909_B64mA1la0R0vxxxxxx_000A07fBIsc_xBCxxxXxxFgxxn_DQ02_LeekSpin_Y_550002A6,1,5,13,600,108.0,104.22,100.5,1,2
1,pat14,d1684474P0421551C_RL_B0Fmm00_PB0PCcZNC0909_B64mA1la0R0vxxxxxx_000A07fBIsc_xBCxxxXxxFgxxn_DQ02_LeekSpin_Y_550002A6,1,6,14,600,103.0,101.15,99.0,0,1
1,pat14,d1684474P0421551C_RL_B0Fmm00_PB0PCcZNC0909_B64mA1la0R0vxxxxxx_000A07fBIsc_xBCxxxXxxFgxxn_DQ02_LeekSpin_Y_550002A6,1,7,15,600,102.0,100.0,98.0,0,8
1,pat14,d1684474P0421551C_RL_B0Fmm00_PB0PCcZNC0909_B64mA1la0R0vxxxxxx_000A07fBIsc_xBCxxxXxxFgxxn_DQ02_LeekSpin_Y_550002A6,2,0,16,600,108.0,104.86,101.5,1,2
1,pat14,d1684474P0421551C_RL_B0Fmm00_PB0PCcZNC0909_B64mA1la0R0vxxxxxx_000A07fBIsc_xBCxxxXxxFgxxn_DQ02_LeekSpin_Y_550002A6,2,1,17,600,109.5,105.39,101.5,1,2
1,pat14,d1684474P0421551C_RL_B0Fmm00_PB0PCcZNC0909_B64mA1la0R0vxxxxxx_000A07fBIsc_xBCxxxXxxFgxxn_DQ02_LeekSpin_Y_550002A6,2,2,18,600,103.0,101.08,100.0,1,14
1,pat14,d1684474P0421551C_RL_B0Fmm00_PB0PCcZNC0909_B64mA1la0R0vxxxxxx_000A07fBIsc_xBCxxxXxxFgxxn_DQ02_LeekSpin_Y_550002A6,2,3,19,600,102.5,100.85,99.5,1,9
1,pat14,d1684474P0421551C_RL_B0Fmm00_PB0PCcZNC0909_B64mA1la0R0vxxxxxx_000A07fBIsc_xBCxxxXxxFgxxn_DQ02_LeekSpin_Y_550002A6,2,4,20,600,110.0,104.19,101.0,1,11
1,pat14,d1684474P0421551C_RL_B0Fmm00_PB0PCcZNC0909_B64mA1la0R0vxxxxxx_000A07fBIsc_xBCxxxXxxFgxxn_DQ02_LeekSpin_Y_550002A6,2,5,21,600,108.0,104.73,101.5,1,2
1,pat14,d1684474P0421551C_RL_B0Fmm00_PB0PCcZNC0909_B64mA1la0R0vxxxxxx_000A07fBIsc_xBCxxxXxxFgxxn_DQ02_LeekSpin_Y_550002A6,2,6,22,600,104.0,101.51,99.5,0,8
1,pat14,d1684474P0421551C_RL_B0Fmm00_PB0PCcZNC0909_B64mA1la0R0vxxxxxx_000A07fBIsc_xBCxxxXxxFgxxn_DQ02_LeekSpin_Y_550002A6,2,7,23,600,102.0,100.45,98.5,0,8
1,pat14,d1684474P0421551C_RL_B0Fmm00_PB0PCcZNC0909_B64mA1la0R0vxxxxxx_000A07fBIsc_xBCxxxXxxFgxxn_DQ02_LeekSpin_Y_550002A6,3,0,24,600,105.5,103.43,101.0,1,2
1,pat14,d1684474P0421551C_RL_B0Fmm00_PB0PCcZNC0909_B64mA1la0R0vxxxxxx_000A07fBIsc_xBCxxxXxxFgxxn_DQ02_LeekSpin_Y_550002A6,3,1,25,600,105.5,103.27,101.0,0,11
1,pat14,d1684474P0421551C_RL_B0Fmm00_PB0PCcZNC0909_B64mA1la0R0vxxxxxx_000A07fBIsc_xBCxxxXxxFgxxn_DQ02_LeekSpin_Y_550002A6,3,2,26,600,103.0,101.56,100.0,0,8
1,pat14,d1684474P0421551C_RL_B0Fmm00_PB0PCcZNC0909_B64mA1la0R0vxxxxxx_000A07fBIsc_xBCxxxXxxFgxxn_DQ02_LeekSpin_Y_550002A6,3,3,27,600,102.5,100.98,99.5,0,8
1,pat14,d1684474P0421551C_RL_B0Fmm00_PB0PCcZNC0909_B64mA1la0R0vxxxxxx_000A07fBIsc_xBCxxxXxxFgxxn_DQ02_LeekSpin_Y_550002A6,3,4,28,600,108.0,104.31,100.5,1,2
1,pat14,d1684474P0421551C_RL_B0Fmm00_PB0PCcZNC0909_B64mA1la0R0vxxxxxx_000A07fBIsc_xBCxxxXxxFgxxn_DQ02_LeekSpin_Y_550002A6,3,5,29,600,106.5,103.76,101.5,1,11
1,pat14,d1684474P0421551C_RL_B0Fmm00_PB0PCcZNC0909_B64mA1la0R0vxxxxxx_000A07fBIsc_xBCxxxXxxFgxxn_DQ02_LeekSpin_Y_550002A6,3,6,30,600,103.5,101.54,100.0,0,8
1,pat14,d1684474P0421551C_RL_B0Fmm00_PB0PCcZNC0909_B64mA1la0R0vxxxxxx_000A07fBIsc_xBCxxxXxxFgxxn_DQ02_LeekSpin_Y_550002A6,3,7,31,600,104.0,101.37,99.5,0,8
1,pat15,d1700809P0422454C_RL_B0Fmm00_PB0PCcZNC0909_B64mA1la0R0vxxxxxx_000A07fBIsc_xBCxxxXxxFgxxn_DQ02_LeekSpin_Y_551002A8,0,0,0,600,108.5,104.16,99.5,1,2
1,pat15,d1700809P0422454C_RL_B0Fmm00_PB0PCcZNC0909_B64mA1la0R0vxxxxxx_000A07fBIsc_xBCxxxXxxFgxxn_DQ02_LeekSpin_Y_551002A8,0,1,1,600,109.5,104.42,100.5,1,11
1,pat15,d1700809P0422454C_RL_B0Fmm00_PB0PCcZNC0909_B64mA1la0R0vxxxxxx_000A07fBIsc_xBCxxxXxxFgxxn_DQ02_LeekSpin_Y_551002A8,0,2,2,600,101.5,100.38,99.5,1,4
1,pat15,d1700809P0422454C_RL_B0Fmm00_PB0PCcZNC0909_B64mA1la0R0vxxxxxx_000A07fBIsc_xBCxxxXxxFgxxn_DQ02_LeekSpin_Y_551002A8,0,3,3,600,101.5,99.63,98.0,0,14
1,pat15,d1700809P0422454C_RL_B0Fmm00_PB0PCcZNC0909_B64mA1la0R0vxxxxxx_000A07fBIsc_xBCxxxXxxFgxxn_DQ02_LeekSpin_Y_551002A8,0,4,4,600,109.0,104.51,101.0,1,11
1,pat15,d1700809P0422454C_RL_B0Fmm00_PB0PCcZNC0909_B64mA1la0R0vxxxxxx_000A07fBIsc_xBCxxxXxxFgxxn_DQ02_LeekSpin_Y_551002A8,0,5,5,600,109.0,105.33,101.5,1,2
1,pat15,d1700809P0422454C_RL_B0Fmm00_PB0PCcZNC0909_B64mA1la0R0vxxxxxx_000A07fBIsc_xBCxxxXxxFgxxn_DQ02_LeekSpin_Y_551002A8,0,6,6,600,102.5,100.87,99.5,0,8
1,pat15,d1700809P0422454C_RL_B0Fmm00_PB0PCcZNC0909_B64mA1la0R0vxxxxxx_000A07fBIsc_xBCxxxXxxFgxxn_DQ02_LeekSpin_Y_551002A8,0,7,7,600,101.0,99.88,98.5,1,6
1,pat15,d1700809P0422454C_RL_B0Fmm00_PB0PCcZNC0909_B64mA1la0R0vxxxxxx_000A07fBIsc_xBCxxxXxxFgxxn_DQ02_LeekSpin_Y_551002A8,1,0,8,600,106.0,103.89,101.0,1,9
1,pat15,d1700809P0422454C_RL_B0Fmm00_PB0PCcZNC0909_B64mA1la0R0vxxxxxx_000A07fBIsc_xBCxxxXxxFgxxn_DQ02_LeekSpin_Y_551002A8,1,1,9,600,105.5,103.28,100.0,0,2
1,pat15,d1700809P0422454C_RL_B0Fmm00_PB0PCcZNC0909_B64mA1la0R0vxxxxxx_000A07fBIsc_xBCxxxXxxFgxxn_DQ02_LeekSpin_Y_551002A8,1,2,10,600,102.0,100.84,99.5,0,8
1,pat15,d1700809P0422454C_RL_B0Fmm00_PB0PCcZNC0909_B64mA1la0R0vxxxxxx_000A07fBIsc_xBCxxxXxxFgxxn_DQ02_LeekSpin_Y_551002A8,1,3,11,600,102.0,100.75,99.0,1,9
1,pat15,d1700809P0422454C_RL_B0Fmm00_PB0PCcZNC0909_B64mA1la0R0vxxxxxx_000A07fBIsc_xBCxxxXxxFgxxn_DQ02_LeekSpin_Y_551002A8,1,4,12,600,106.5,103.78,101.0,0,11
1,pat15,d1700809P0422454C_RL_B0Fmm00_PB0PCcZNC0909_B64mA1la0R0vxxxxxx_000A07fBIsc_xBCxxxXxxFgxxn_DQ02_LeekSpin_Y_551002A8,1,5,13,600,107.0,104.22,100.5,0,0
1,pat15,d1700809P0422454C_RL_B0Fmm00_PB0PCcZNC0909_B64mA1la0R0vxxxxxx_000A07fBIsc_xBCxxxXxxFgxxn_DQ02_LeekSpin_Y_551002A8,1,6,14,600,103.0,101.27,99.0,0,1
1,pat15,d1700809P0422454C_RL_B0Fmm00_PB0PCcZNC0909_B64mA1la0R0vxxxxxx_000A07fBIsc_xBCxxxXxxFgxxn_DQ02_LeekSpin_Y_551002A8,1,7,15,600,102.5,100.18,98.0,0,8
1,pat15,d1700809P0422454C_RL_B0Fmm00_PB0PCcZNC0909_B64mA1la0R0vxxxxxx_000A07fBIsc_xBCxxxXxxFgxxn_DQ02_LeekSpin_Y_551002A8,2,0,16,600,107.5,104.95,102.0,1,11
1,pat15,d1700809P0422454C_RL_B0Fmm00_PB0PCcZNC0909_B64mA1la0R0vxxxxxx_000A07fBIsc_xBCxxxXxxFgxxn_DQ02_LeekSpin_Y_551002A8,2,1,17,600,109.0,105.48,102.5,1,11
1,pat15,d1700809P0422454C_RL_B0Fmm00_PB0PCcZNC0909_B64mA1la0R0vxxxxxx_000A07fBIsc_xBCxxxXxxFgxxn_DQ02_LeekSpin_Y_551002A8,2,2,18,600,103.5,101.37,100.0,1,14
1,pat15,d1700809P0422454C_RL_B0Fmm00_PB0PCcZNC0909_B64mA1la0R0vxxxxxx_000A07fBIsc_xBCxxxXxxFgxxn_DQ02_LeekSpin_Y_551002A8,2,3,19,600,102.5,100.89,99.5,1,11
1,pat15,d1700809P0422454C_RL_B0Fmm00_PB0PCcZNC0909_B64mA1la0R0vxxxxxx_000A07fBIsc_xBCxxxXxxFgxxn_DQ02_LeekSpin_Y_551002A8,2,4,20,600,109.0,104.16,101.5,1,11
1,pat15,d1700809P0422454C_RL_B0Fmm00_PB0PCcZNC0909_B64mA1la0R0vxxxxxx_000A07fBIsc_xBCxxxXxxFgxxn_DQ02_LeekSpin_Y_551002A8,2,5,21,600,107.0,104.68,102.0,1,2
1,pat15,d1700809P0422454C_RL_B0Fmm00_PB0PCcZNC0909_B64mA1la0R0vxxxxxx_000A07fBIsc_xBCxxxXxxFgxxn_DQ02_LeekSpin_Y_551002A8,2,6,22,600,104.5,101.7,99.5,0,8
1,pat15,d1700809P0422454C_RL_B0Fmm00_PB0PCcZNC0909_B64mA1la0R0vxxxxxx_000A07fBIsc_xBCxxxXxxFgxxn_DQ02_LeekSpin_Y_551002A8,2,7,23,600,102.0,100.53,98.5,0,8
1,pat15,d1700809P0422454C_RL_B0Fmm00_PB0PCcZNC0909_B64mA1la0R0vxxxxxx_000A07fBIsc_xBCxxxXxxFgxxn_DQ02_LeekSpin_Y_551002A8,3,0,24,600,105.0,103.39,101.5,0,1
1,pat15,d1700809P0422454C_RL_B0Fmm00_PB0PCcZNC0909_B64mA1la0R0vxxxxxx_000A07fBIsc_xBCxxxXxxFgxxn_DQ02_LeekSpin_Y_551002A8,3,1,25,600,105.5,103.28,101.0,0,0
1,pat15,d1700809P0422454C_RL_B0Fmm00_PB0PCcZNC0909_B64mA1la0R0vxxxxxx_000A07fBIsc_xBCxxxXxxFgxxn_DQ02_LeekSpin_Y_551002A8,3,2,26,600,103.5,101.65,100.0,0,6
1,pat15,d1700809P0422454C_RL_B0Fmm00_PB0PCcZNC0909_B64mA1la0R0vxxxxxx_000A07fBIsc_xBCxxxXxxFgxxn_DQ02_LeekSpin_Y_551002A8,3,3,27,600,103.0,101.11,99.5,0,8
1,pat15,d1700809P0422454C_RL_B0Fmm00_PB0PCcZNC0909_B64mA1la0R0vxxxxxx_000A07fBIsc_xBCxxxXxxFgxxn_DQ02_LeekSpin_Y_551002A8,3,4,28,600,107.5,104.41,100.5,1,11
1,pat15,d1700809P0422454C_RL_B0Fmm00_PB0PCcZNC0909_B64mA1la0R0vxxxxxx_000A07fBIsc_xBCxxxXxxFgxxn_DQ02_LeekSpin_Y_551002A8,3,5,29,600,106.0,103.78,102.0,1,0
1,pat15,d1700809P0422454C_RL_B0Fmm00_PB0PCcZNC0909_B64mA1la0R0vxxxxxx_000A07fBIsc_xBCxxxXxxFgxxn_DQ02_LeekSpin_Y_551002A8,3,6,30,600,103.5,101.65,100.5,0,12
1,pat15,d1700809P0422454C_RL_B0Fmm00_PB0PCcZNC0909_B64mA1la0R0vxxxxxx_000A07fBIsc_xBCxxxXxxFgxxn_DQ02_LeekSpin_Y_551002A8,3,7,31,600,104.0,101.47,100.0,0,8
1,pat16,d1700351P0421886C_Qs_B0Fmm00_PB0PCcZNC0909_B64mA1la0R0vxxxxxx_000A07fBIsc_xBCxxxXxxFgxxn_DQ02_Blender_Z1J_55100029,0,0,0,600,108.5,103.93,99.0,1,2
1,pat16,d1700351P0421886C_Qs_B0Fmm00_PB0PCcZNC0909_B64mA1la0R0vxxxxxx_000A07fBIsc_xBCxxxXxxFgxxn_DQ02_Blender_Z1J_55100029,0,1,1,600,109.5,104.24,100.0,1,2
1,pat16,d1700351P0421886C_Qs_B0Fmm00_PB0PCcZNC0909_B64mA1la0R0vxxxxxx_000A07fBIsc_xBCxxxXxxFgxxn_DQ02_Blender_Z1J_55100029,0,2,2,600,101.5,100.24,99.0,0,14
1,pat16,d1700351P0421886C_Qs_B0Fmm00_PB0PCcZNC0909_B64mA1la0R0vxxxxxx_000A07fBIsc_xBCxxxXxxFgxxn_DQ02_Blender_Z1J_55100029,0,3,3,600,101.0,99.52,98.0,0,8
1,pat16,d1700351P0421886C_Qs_B0Fmm00_PB0PCcZNC0909_B64mA1la0R0vxxxxxx_000A07fBIsc_xBCxxxXxxFgxxn_DQ02_Blender_Z1J_55100029,0,4,4,600,109.5,104.26,100.5,1,11
1,pat16,d1700351P0421886C_Qs_B0Fmm00_PB0PCcZNC0909_B64mA1la0R0vxxxxxx_000A07fBIsc_xBCxxxXxxFgxxn_DQ02_Blender_Z1J_55100029,0,5,5,600,109.0,105.01,100.5,1,11
1,pat16,d1700351P0421886C_Qs_B0Fmm00_PB0PCcZNC0909_B64mA1la0R0vxxxxxx_000A07fBIsc_xBCxxxXxxFgxxn_DQ02_Blender_Z1J_55100029,0,6,6,600,103.0,100.67,99.0,0,8
1,pat16,d1700351P0421886C_Qs_B0Fmm00_PB0PCcZNC0909_B64mA1la0R0vxxxxxx_000A07fBIsc_xBCxxxXxxFgxxn_DQ02_Blender_Z1J_55100029,0,7,7,600,101.0,99.76,98.0,1,6
1,pat16,d1700351P0421886C_Qs_B0Fmm00_PB0PCcZNC0909_B64mA1la0R0vxxxxxx_000A07fBIsc_xBCxxxXxxFgxxn_DQ02_Blender_Z1J_55100029,1,0,8,600,106.5,103.59,100.0,1,0
1,pat16,d1700351P0421886C_Qs_B0Fmm00_PB0PCcZNC0909_B64mA1la0R0vxxxxxx_000A07fBIsc_xBCxxxXxxFgxxn_DQ02_Blender_Z1J_55100029,1,1,9,600,106.0,103.11,99.5,1,11
1,pat16,d1700351P0421886C_Qs_B0Fmm00_PB0PCcZNC0909_B64mA1la0R0vxxxxxx_000A07fBIsc_xBCxxxXxxFgxxn_DQ02_Blender_Z1J_55100029,1,2,10,600,102.0,100.58,98.5,1,2
1,pat16,d1700351P0421886C_Qs_B0Fmm00_PB0PCcZNC0909_B64mA1la0R0vxxxxxx_000A07fBIsc_xBCxxxXxxFgxxn_DQ02_Blender_Z1J_55100029,1,3,11,600,101.5,100.48,99.0,0,8
1,pat16,d1700351P0421886C_Qs_B0Fmm00_PB0PCcZNC0909_B64mA1la0R0vxxxxxx_000A07fBIsc_xBCxxxXxxFgxxn_DQ02_Blender_Z1J_55100029,1,4,12,600,107.5,103.52,100.5,1,11
1,pat16,d1700351P0421886C_Qs_B0Fmm00_PB0PCcZNC0909_B64mA1la0R0vxxxxxx_000A07fBIsc_xBCxxxXxxFgxxn_DQ02_Blender_Z1J_55100029,1,5,13,600,107.0,103.91,100.0,1,11
1,pat16,d1700351P0421886C_Qs_B0Fmm00_PB0PCcZNC0909_B64mA1la0R0vxxxxxx_000A07fBIsc_xBCxxxXxxFgxxn_DQ02_Blender_Z1J_55100029,1,6,14,600,103.0,101.14,98.5,0,1
1,pat16,d1700351P0421886C_Qs_B0Fmm00_PB0PCcZNC0909_B64mA1la0R0vxxxxxx_000A07fBIsc_xBCxxxXxxFgxxn_DQ02_Blender_Z1J_55100029,1,7,15,600,102.0,100.06,98.0,0,8
1,pat16,d1700351P0421886C_Qs_B0Fmm00_PB0PCcZNC0909_B64mA1la0R0vxxxxxx_000A07fBIsc_xBCxxxXxxFgxxn_DQ02_Blender_Z1J_55100029,2,0,16,600,107.5,104.72,101.0,1,11
1,pat16,d1700351P0421886C_Qs_B0Fmm00_PB0PCcZNC0909_B64mA1la0R0vxxxxxx_000A07fBIsc_xBCxxxXxxFgxxn_DQ02_Blender_Z1J_55100029,2,1,17,600,109.0,105.17,101.0,1,2
1,pat16,d1700351P0421886C_Qs_B0Fmm00_PB0PCcZNC0909_B64mA1la0R0vxxxxxx_000A07fBIsc_xBCxxxXxxFgxxn_DQ02_Blender_Z1J_55100029,2,2,18,600,103.5,101.1,99.5,1,14
1,pat16,d1700351P0421886C_Qs_B0Fmm00_PB0PCcZNC0909_B64mA1la0R0vxxxxxx_000A07fBIsc_xBCxxxXxxFgxxn_DQ02_Blender_Z1J_55100029,2,3,19,600,103.0,100.8,99.0,1,4
1,pat16,d1700351P0421886C_Qs_B0Fmm00_PB0PCcZNC0909_B64mA1la0R0vxxxxxx_000A07fBIsc_xBCxxxXxxFgxxn_DQ02_Blender_Z1J_55100029,2,4,20,600,109.0,103.98,101.0,1,11
1,pat16,d1700351P0421886C_Qs_B0Fmm00_PB0PCcZNC0909_B64mA1la0R0vxxxxxx_000A07fBIsc_xBCxxxXxxFgxxn_DQ02_Blender_Z1J_55100029,2,5,21,600,107.0,104.43,101.0,1,2
1,pat16,d1700351P0421886C_Qs_B0Fmm00_PB0PCcZNC0909_B64mA1la0R0vxxxxxx_000A07fBIsc_xBCxxxXxxFgxxn_DQ02_Blender_Z1J_55100029,2,6,22,600,104.0,101.55,99.0,0,8
1,pat16,d1700351P0421886C_Qs_B0Fmm00_PB0PCcZNC0909_B64mA1la0R0vxxxxxx_000A07fBIsc_xBCxxxXxxFgxxn_DQ02_Blender_Z1J_55100029,2,7,23,600,102.0,100.4,98.5,0,8
1,pat16,d1700351P0421886C_Qs_B0Fmm00_PB0PCcZNC0909_B64mA1la0R0vxxxxxx_000A07fBIsc_xBCxxxXxxFgxxn_DQ02_Blender_Z1J_55100029,3,0,24,600,105.0,103.24,100.5,0,0
1,pat16,d1700351P0421886C_Qs_B0Fmm00_PB0PCcZNC0909_B64mA1la0R0vxxxxxx_000A07fBIsc_xBCxxxXxxFgxxn_DQ02_Blender_Z1J_55100029,3,1,25,600,105.0,103.19,101.0,0,0
1,pat16,d1700351P0421886C_Qs_B0Fmm00_PB0PCcZNC0909_B64mA1la0R0vxxxxxx_000A07fBIsc_xBCxxxXxxFgxxn_DQ02_Blender_Z1J_55100029,3,2,26,600,103.0,101.53,99.0,0,6
1,pat16,d1700351P0421886C_Qs_B0Fmm00_PB0PCcZNC0909_B64mA1la0R0vxxxxxx_000A07fBIsc_xBCxxxXxxFgxxn_DQ02_Blender_Z1J_55100029,3,3,27,600,103.0,101.05,99.5,0,8
1,pat16,d1700351P0421886C_Qs_B0Fmm00_PB0PCcZNC0909_B64mA1la0R0vxxxxxx_000A07fBIsc_xBCxxxXxxFgxxn_DQ02_Blender_Z1J_55100029,3,4,28,600,107.5,104.23,100.0,1,11
1,pat16,d1700351P0421886C_Qs_B0Fmm00_PB0PCcZNC0909_B64mA1la0R0vxxxxxx_000A07fBIsc_xBCxxxXxxFgxxn_DQ02_Blender_Z1J_55100029,3,5,29,600,106.5,103.75,101.5,1,0
1,pat16,d1700351P0421886C_Qs_B0Fmm00_PB0PCcZNC0909_B64mA1la0R0vxxxxxx_000A07fBIsc_xBCxxxXxxFgxxn_DQ02_Blender_Z1J_55100029,3,6,30,600,103.0,101.51,100.0,0,6
1,pat16,d1700351P0421886C_Qs_B0Fmm00_PB0PCcZNC0909_B64mA1la0R0vxxxxxx_000A07fBIsc_xBCxxxXxxFgxxn_DQ02_Blender_Z1J_55100029,3,7,31,600,104.0,101.36,99.5,0,8
1,pat17,d1684510P0421637C_No_B0Fmm00_PB0PCcZNC0909_B64mA1la0R0vxxxxxx_000A07fBIsc_xBCxxxXxxFgxxn_DQ02_Scylla_NDX_55000320,0,0,0,600,108.5,104.64,99.5,1,2
1,pat17,d1684510P0421637C_No_B0Fmm00_PB0PCcZNC0909_B64mA1la0R0vxxxxxx_000A07fBIsc_xBCxxxXxxFgxxn_DQ02_Scylla_NDX_55000320,0,1,1,600,110.0,105.07,100.5,1,2
1,pat17,d1684510P0421637C_No_B0Fmm00_PB0PCcZNC0909_B64mA1la0R0vxxxxxx_000A07fBIsc_xBCxxxXxxFgxxn_DQ02_Scylla_NDX_55000320,0,2,2,600,102.0,100.65,99.5,1,4
1,pat17,d1684510P0421637C_No_B0Fmm00_PB0PCcZNC0909_B64mA1la0R0vxxxxxx_000A07fBIsc_xBCxxxXxxFgxxn_DQ02_Scylla_NDX_55000320,0,3,3,600,102.0,99.76,98.0,0,8
1,pat17,d1684510P0421637C_No_B0Fmm00_PB0PCcZNC0909_B64mA1la0R0vxxxxxx_000A07fBIsc_xBCxxxXxxFgxxn_DQ02_Scylla_NDX_55000320,0,4,4,600,109.5,104.98,101.5,1,11
1,pat17,d1684510P0421637C_No_B0Fmm00_PB0PCcZNC0909_B64mA1la0R0vxxxxxx_000A07fBIsc_xBCxxxXxxFgxxn_DQ02_Scylla_NDX_55000320,0,5,5,600,109.0,105.8,101.5,1,2
1,pat17,d1684510P0421637C_No_B0Fmm00_PB0PCcZNC0909_B64mA1la0R0vxxxxxx_000A07fBIsc_xBCxxxXxxFgxxn_DQ02_Scylla_NDX_55000320,0,6,6,600,102.5,100.93,99.0,0,8
1,pat17,d1684510P0421637C_No_B0Fmm00_PB0PCcZNC0909_B64mA1la0R0vxxxxxx_000A07fBIsc_xBCxxxXxxFgxxn_DQ02_Scylla_NDX_55000320,0,7,7,600,101.0,99.97,98.5,1,8
1,pat17,d1684510P0421637C_No_B0Fmm00_PB0PCcZNC0909_B64mA1la0R0vxxxxxx_000A07fBIsc_xBCxxxXxxFgxxn_DQ02_Scylla_NDX_55000320,1,0,8,600,106.5,104.34,101.0,1,9
1,pat17,d1684510P0421637C_No_B0Fmm00_PB0PCcZNC0909_B64mA1la0R0vxxxxxx_000A07fBIsc_xBCxxxXxxFgxxn_DQ02_Scylla_NDX_55000320,1,1,9,600,106.0,103.77,101.0,0,2
1,pat17,d1684510P0421637C_No_B0Fmm00_PB0PCcZNC0909_B64mA1la0R0vxxxxxx_000A07fBIsc_xBCxxxXxxFgxxn_DQ02_Scylla_NDX_55000320,1,2,10,600,102.5,100.92,99.5,0,8
1,pat17,d1684510P0421637C_No_B0Fmm00_PB0PCcZNC0909_B64mA1la0R0vxxxxxx_000A07fBIsc_xBCxxxXxxFgxxn_DQ02_Scylla_NDX_55000320,1,3,11,600,102.0,100.64,99.0,1,7
1,pat17,d1684510P0421637C_No_B0Fmm00_PB0PCcZNC0909_B64mA1la0R0vxxxxxx_000A07fBIsc_xBCxxxXxxFgxxn_DQ02_Scylla_NDX_55000320,1,4,12,600,107.0,104.14,101.0,0,11
1,pat17,d1684510P0421637C_No_B0Fmm00_PB0PCcZNC0909_B64mA1la0R0vxxxxxx_000A07fBIsc_xBCxxxXxxFgxxn_DQ02_Scylla_NDX_55000320,1,5,13,600,107.5,104.55,100.5,1,2
1,pat17,d1684510P0421637C_No_B0Fmm00_PB0PCcZNC0909_B64mA1la0R0vxxxxxx_000A07fBIsc_xBCxxxXxxFgxxn_DQ02_Scylla_NDX_55000320,1,6,14,600,103.5,101.6,99.0,0,8
1,pat17,d1684510P0421637C_No_B0Fmm00_PB0PCcZNC0909_B64mA1la0R0vxxxxxx_000A07fBIsc_xBCxxxXxxFgxxn_DQ02_Scylla_NDX_55000320,1,7,15,600,102.5,100.3,98.0,0,8
1,pat17,d1684510P0421637C_No_B0Fmm00_PB0PCcZNC0909_B64mA1la0R0vxxxxxx_000A07fBIsc_xBCxxxXxxFgxxn_DQ02_Scylla_NDX_55000320,2,0,16,600,108.0,105.39,102.0,1,11
1,pat17,d1684510P0421637C_No_B0Fmm00_PB0PCcZNC0909_B64mA1la0R0vxxxxxx_000A07fBIsc_xBCxxxXxxFgxxn_DQ02_Scylla_NDX_55000320,2,1,17,600,109.5,105.88,103.0,1,2
1,pat17,d1684510P0421637C_No_B0Fmm00_PB0PCcZNC0909_B64mA1la0R0vxxxxxx_000A07fBIsc_xBCxxxXxxFgxxn_DQ02_Scylla_NDX_55000320,2,2,18,600,103.5,101.45,100.0,1,14
1,pat17,d1684510P0421637C_No_B0Fmm00_PB0PCcZNC0909_B64mA1la0R0vxxxxxx_000A07fBIsc_xBCxxxXxxFgxxn_DQ02_Scylla_NDX_55000320,2,3,19,600,103.0,101.01,99.0,1,4
1,pat17,d1684510P0421637C_No_B0Fmm00_PB0PCcZNC0909_B64mA1la0R0vxxxxxx_000A07fBIsc_xBCxxxXxxFgxxn_DQ02_Scylla_NDX_55000320,2,4,20,600,108.5,104.35,101.5,1,11
1,pat17,d1684510P0421637C_No_B0Fmm00_PB0PCcZNC0909_B64mA1la0R0vxxxxxx_000A07fBIsc_xBCxxxXxxFgxxn_DQ02_Scylla_NDX_55000320,2,5,21,600,107.5,104.81,102.0,1,2
1,pat17,d1684510P0421637C_No_B0Fmm00_PB0PCcZNC0909_B64mA1la0R0vxxxxxx_000A07fBIsc_xBCxxxXxxFgxxn_DQ02_Scylla_NDX_55000320,2,6,22,600,105.0,101.85,99.5,0,8
1,pat17,d1684510P0421637C_No_B0Fmm00_PB0PCcZNC0909_B64mA1la0R0vxxxxxx_000A07fBIsc_xBCxxxXxxFgxxn_DQ02_Scylla_NDX_55000320,2,7,23,600,102.5,100.69,99.0,1,8
1,pat17,d1684510P0421637C_No_B0Fmm00_PB0PCcZNC0909_B64mA1la0R0vxxxxxx_000A07fBIsc_xBCxxxXxxFgxxn_DQ02_Scylla_NDX_55000320,3,0,24,600,105.5,103.59,101.5,1,2
1,pat17,d1684510P0421637C_No_B0Fmm00_PB0PCcZNC0909_B64mA1la0R0vxxxxxx_000A07fBIsc_xBCxxxXxxFgxxn_DQ02_Scylla_NDX_55000320,3,1,25,600,105.0,103.42,101.0,0,0
1,pat17,d1684510P0421637C_No_B0Fmm00_PB0PCcZNC0909_B64mA1la0R0vxxxxxx_000A07fBIsc_xBCxxxXxxFgxxn_DQ02_Scylla_NDX_55000320,3,2,26,600,103.5,101.86,100.0,0,6
1,pat17,d1684510P0421637C_No_B0Fmm00_PB0PCcZNC0909_B64mA1la0R0vxxxxxx_000A07fBIsc_xBCxxxXxxFgxxn_DQ02_Scylla_NDX_55000320,3,3,27,600,103.0,101.14,99.5,0,8
1,pat17,d1684510P0421637C_No_B0Fmm00_PB0PCcZNC0909_B64mA1la0R0vxxxxxx_000A07fBIsc_xBCxxxXxxFgxxn_DQ02_Scylla_NDX_55000320,3,4,28,600,109.0,104.89,100.5,1,2
1,pat17,d1684510P0421637C_No_B0Fmm00_PB0PCcZNC0909_B64mA1la0R0vxxxxxx_000A07fBIsc_xBCxxxXxxFgxxn_DQ02_Scylla_NDX_55000320,3,5,29,600,106.0,104.05,102.0,1,0
1,pat17,d1684510P0421637C_No_B0Fmm00_PB0PCcZNC0909_B64mA1la0R0vxxxxxx_000A07fBIsc_xBCxxxXxxFgxxn_DQ02_Scylla_NDX_55000320,3,6,30,600,103.5,101.75,100.5,0,6
1,pat17,d1684510P0421637C_No_B0Fmm00_PB0PCcZNC0909_B64mA1la0R0vxxxxxx_000A07fBIsc_xBCxxxXxxFgxxn_DQ02_Scylla_NDX_55000320,3,7,31,600,104.0,101.58,99.5,0,8
1,pat18,d1700577P0422258C_RL_B0Fmm00_PB0PCcZNC0909_B64mA1la0R0vxxxxxx_000A07fBIsc_xBCxxxXxxFgxxn_DQ02_Aes_DZ_5510000C,0,0,0,600,108.5,104.24,99.5,1,2
1,pat18,d1700577P0422258C_RL_B0Fmm00_PB0PCcZNC0909_B64mA1la0R0vxxxxxx_000A07fBIsc_xBCxxxXxxFgxxn_DQ02_Aes_DZ_5510000C,0,1,1,600,109.5,104.62,100.5,1,2
1,pat18,d1700577P0422258C_RL_B0Fmm00_PB0PCcZNC0909_B64mA1la0R0vxxxxxx_000A07fBIsc_xBCxxxXxxFgxxn_DQ02_Aes_DZ_5510000C,0,2,2,600,102.0,100.43,99.5,0,8
1,pat18,d1700577P0422258C_RL_B0Fmm00_PB0PCcZNC0909_B64mA1la0R0vxxxxxx_000A07fBIsc_xBCxxxXxxFgxxn_DQ02_Aes_DZ_5510000C,0,3,3,600,101.0,99.51,98.0,0,7
1,pat18,d1700577P0422258C_RL_B0Fmm00_PB0PCcZNC0909_B64mA1la0R0vxxxxxx_000A07fBIsc_xBCxxxXxxFgxxn_DQ02_Aes_DZ_5510000C,0,4,4,600,109.5,104.55,101.0,1,11
1,pat18,d1700577P0422258C_RL_B0Fmm00_PB0PCcZNC0909_B64mA1la0R0vxxxxxx_000A07fBIsc_xBCxxxXxxFgxxn_DQ02_Aes_DZ_5510000C,0,5,5,600,110.0,105.4,101.0,1,11
1,pat18,d1700577P0422258C_RL_B0Fmm00_PB0PCcZNC0909_B64mA1la0R0vxxxxxx_000A07fBIsc_xBCxxxXxxFgxxn_DQ02_Aes_DZ_5510000C,0,6,6,600,102.5,100.74,99.5,0,8
1,pat18,d1700577P0422258C_RL_B0Fmm00_PB0PCcZNC0909_B64mA1la0R0vxxxxxx_000A07fBIsc_xBCxxxXxxFgxxn_DQ02_Aes_DZ_5510000C,0,7,7,600,101.0,99.83,98.5,1,6
1,pat18,d1700577P0422258C_RL_B0Fmm00_PB0PCcZNC0909_B64mA1la0R0vxxxxxx_000A07fBIsc_xBCxxxXxxFgxxn_DQ02_Aes_DZ_5510000C,1,0,8,600,106.5,103.88,100.5,1,2
1,pat18,d1700577P0422258C_RL_B0Fmm00_PB0PCcZNC0909_B64mA1la0R0vxxxxxx_000A07fBIsc_xBCxxxXxxFgxxn_DQ02_Aes_DZ_5510000C,1,1,9,600,106.0,103.53,100.5,0,13
1,pat18,d1700577P0422258C_RL_B0Fmm00_PB0PCcZNC0909_B64mA1la0R0vxxxxxx_000A07fBIsc_xBCxxxXxxFgxxn_DQ02_Aes_DZ_5510000C,1,2,10,600,102.0,100.72,99.5,0,8
1,pat18,d1700577P0422258C_RL_B0Fmm00_PB0PCcZNC0909_B64mA1la0R0vxxxxxx_000A07fBIsc_xBCxxxXxxFgxxn_DQ02_Aes_DZ_5510000C,1,3,11,600,101.5,100.57,99.0,0,8
1,pat18,d1700577P0422258C_RL_B0Fmm00_PB0PCcZNC0909_B64mA1la0R0vxxxxxx_000A07fBIsc_xBCxxxXxxFgxxn_DQ02_Aes_DZ_5510000C,1,4,12,600,107.0,103.87,101.0,1,11
1,pat18,d1700577P0422258C_RL_B0Fmm00_PB0PCcZNC0909_B64mA1la0R0vxxxxxx_000A07fBIsc_xBCxxxXxxFgxxn_DQ02_Aes_DZ_5510000C,1,5,13,600,107.5,104.43,100.5,1,2
1,pat18,d1700577P0422258C_RL_B0Fmm00_PB0PCcZNC0909_B64mA1la0R0vxxxxxx_000A07fBIsc_xBCxxxXxxFgxxn_DQ02_Aes_DZ_5510000C,1,6,14,600,103.0,101.35,99.0,0,1
1,pat18,d1700577P0422258C_RL_B0Fmm00_PB0PCcZNC0909_B64mA1la0R0vxxxxxx_000A07fBIsc_xBCxxxXxxFgxxn_DQ02_Aes_DZ_5510000C,1,7,15,600,102.5,100.21,98.0,0,8
1,pat18,d1700577P0422258C_RL_B0Fmm00_PB0PCcZNC0909_B64mA1la0R0vxxxxxx_000A07fBIsc_xBCxxxXxxFgxxn_DQ02_Aes_DZ_5510000C,2,0,16,600,108.0,105.11,102.0,1,13
1,pat18,d1700577P0422258C_RL_B0Fmm00_PB0PCcZNC0909_B64mA1la0R0vxxxxxx_000A07fBIsc_xBCxxxXxxFgxxn_DQ02_Aes_DZ_5510000C,2,1,17,600,109.5,105.63,102.5,1,2
1,pat18,d1700577P0422258C_RL_B0Fmm00_PB0PCcZNC0909_B64mA1la0R0vxxxxxx_000A07fBIsc_xBCxxxXxxFgxxn_DQ02_Aes_DZ_5510000C,2,2,18,600,103.0,101.28,100.0,1,14
1,pat18,d1700577P0422258C_RL_B0Fmm00_PB0PCcZNC0909_B64mA1la0R0vxxxxxx_000A07fBIsc_xBCxxxXxxFgxxn_DQ02_Aes_DZ_5510000C,2,3,19,600,102.5,101.02,99.5,1,11
1,pat18,d1700577P0422258C_RL_B0Fmm00_PB0PCcZNC0909_B64mA1la0R0vxxxxxx_000A07fBIsc_xBCxxxXxxFgxxn_DQ02_Aes_DZ_5510000C,2,4,20,600,109.5,104.29,101.5,1,11
1,pat18,d1700577P0422258C_RL_B0Fmm00_PB0PCcZNC0909_B64mA1la0R0vxxxxxx_000A07fBIsc_xBCxxxXxxFgxxn_DQ02_Aes_DZ_5510000C,2,5,21,600,107.5,104.72,101.5,1,13
1,pat18,d1700577P0422258C_RL_B0Fmm00_PB0PCcZNC0909_B64mA1la0R0vxxxxxx_000A07fBIsc_xBCxxxXxxFgxxn_DQ02_Aes_DZ_5510000C,2,6,22,600,104.5,101.67,99.5,0,8
1,pat18,d1700577P0422258C_RL_B0Fmm00_PB0PCcZNC0909_B64mA1la0R0vxxxxxx_000A07fBIsc_xBCxxxXxxFgxxn_DQ02_Aes_DZ_5510000C,2,7,23,600,102.0,100.6,99.0,0,8
1,pat18,d1700577P0422258C_RL_B0Fmm00_PB0PCcZNC0909_B64mA1la0R0vxxxxxx_000A07fBIsc_xBCxxxXxxFgxxn_DQ02_Aes_DZ_5510000C,3,0,24,600,105.5,103.59,101.0,0,13
1,pat18,d1700577P0422258C_RL_B0Fmm00_PB0PCcZNC0909_B64mA1la0R0vxxxxxx_000A07fBIsc_xBCxxxXxxFgxxn_DQ02_Aes_DZ_5510000C,3,1,25,600,105.5,103.4,101.0,1,13
1,pat18,d1700577P0422258C_RL_B0Fmm00_PB0PCcZNC0909_B64mA1la0R0vxxxxxx_000A07fBIsc_xBCxxxXxxFgxxn_DQ02_Aes_DZ_5510000C,3,2,26,600,103.5,101.76,99.5,0,6
1,pat18,d1700577P0422258C_RL_B0Fmm00_PB0PCcZNC0909_B64mA1la0R0vxxxxxx_000A07fBIsc_xBCxxxXxxFgxxn_DQ02_Aes_DZ_5510000C,3,3,27,600,102.5,101.08,99.5,0,8
1,pat18,d1700577P0422258C_RL_B0Fmm00_PB0PCcZNC0909_B64mA1la0R0vxxxxxx_000A07fBIsc_xBCxxxXxxFgxxn_DQ02_Aes_DZ_5510000C,3,4,28,600,109.0,104.69,101.0,1,2
1,pat18,d1700577P0422258C_RL_B0Fmm00_PB0PCcZNC0909_B64mA1la0R0vxxxxxx_000A07fBIsc_xBCxxxXxxFgxxn_DQ02_Aes_DZ_5510000C,3,5,29,600,106.0,103.98,102.0,1,13
1,pat18,d1700577P0422258C_RL_B0Fmm00_PB0PCcZNC0909_B64mA1la0R0vxxxxxx_000A07fBIsc_xBCxxxXxxFgxxn_DQ02_Aes_DZ_5510000C,3,6,30,600,103.5,101.63,100.0,0,5
1,pat18,d1700577P0422258C_RL_B0Fmm00_PB0PCcZNC0909_B64mA1la0R0vxxxxxx_000A07fBIsc_xBCxxxXxxFgxxn_DQ02_Aes_DZ_5510000C,3,7,31,600,104.0,101.5,100.0,0,8
1,pat19,d1700322P0421946C_RL_B0Fmm00_PB0PCcZNC0909_B64mA1la0R0vxxxxxx_000A07fBIsc_xBCxxxXxxFgxxn_DQ02_Blender_Z1J_5510008B,0,0,0,600,109.0,103.89,99.5,1,11
1,pat19,d1700322P0421946C_RL_B0Fmm00_PB0PCcZNC0909_B64mA1la0R0vxxxxxx_000A07fBIsc_xBCxxxXxxFgxxn_DQ02_Blender_Z1J_5510008B,0,1,1,600,109.5,104.06,100.0,1,11
1,pat19,d1700322P0421946C_RL_B0Fmm00_PB0PCcZNC0909_B64mA1la0R0vxxxxxx_000A07fBIsc_xBCxxxXxxFgxxn_DQ02_Blender_Z1J_5510008B,0,2,2,600,101.5,100.24,99.5,0,7
1,pat19,d1700322P0421946C_RL_B0Fmm00_PB0PCcZNC0909_B64mA1la0R0vxxxxxx_000A07fBIsc_xBCxxxXxxFgxxn_DQ02_Blender_Z1J_5510008B,0,3,3,600,101.0,99.29,98.0,0,8
1,pat19,d1700322P0421946C_RL_B0Fmm00_PB0PCcZNC0909_B64mA1la0R0vxxxxxx_000A07fBIsc_xBCxxxXxxFgxxn_DQ02_Blender_Z1J_5510008B,0,4,4,600,109.5,104.19,101.0,1,11
1,pat19,d1700322P0421946C_RL_B0Fmm00_PB0PCcZNC0909_B64mA1la0R0vxxxxxx_000A07fBIsc_xBCxxxXxxFgxxn_DQ02_Blender_Z1J_5510008B,0,5,5,600,109.5,104.88,100.5,1,11
1,pat19,d1700322P0421946C_RL_B0Fmm00_PB0PCcZNC0909_B64mA1la0R0vxxxxxx_000A07fBIsc_xBCxxxXxxFgxxn_DQ02_Blender_Z1J_5510008B,0,6,6,600,102.5,100.55,99.0,0,8
1,pat19,d1700322P0421946C_RL_B0Fmm00_PB0PCcZNC0909_B64mA1la0R0vxxxxxx_000A07fBIsc_xBCxxxXxxFgxxn_DQ02_Blender_Z1J_5510008B,0,7,7,600,101.0,99.7,98.0,1,14
1,pat19,d1700322P0421946C_RL_B0Fmm00_PB0PCcZNC0909_B64mA1la0R0vxxxxxx_000A07fBIsc_xBCxxxXxxFgxxn_DQ02_Blender_Z1J_5510008B,1,0,8,600,106.5,103.39,100.5,1,11
1,pat19,d1700322P0421946C_RL_B0Fmm00_PB0PCcZNC0909_B64mA1la0R0vxxxxxx_000A07fBIsc_xBCxxxXxxFgxxn_DQ02_Blender_Z1J_5510008B,1,1,9,600,106.5,103.08,100.5,1,11
1,pat19,d1700322P0421946C_RL_B0Fmm00_PB0PCcZNC0909_B64mA1la0R0vxxxxxx_000A07fBIsc_xBCxxxXxxFgxxn_DQ02_Blender_Z1J_5510008B,1,2,10,600,102.0,100.65,99.5,0,8
1,pat19,d1700322P0421946C_RL_B0Fmm00_PB0PCcZNC0909_B64mA1la0R0vxxxxxx_000A07fBIsc_xBCxxxXxxFgxxn_DQ02_Blender_Z1J_5510008B,1,3,11,600,102.0,100.55,99.0,0,8
1,pat19,d1700322P0421946C_RL_B0Fmm00_PB0PCcZNC0909_B64mA1la0R0vxxxxxx_000A07fBIsc_xBCxxxXxxFgxxn_DQ02_Blender_Z1J_5510008B,1,4,12,600,107.5,103.49,101.0,1,11
1,pat19,d1700322P0421946C_RL_B0Fmm00_PB0PCcZNC0909_B64mA1la0R0vxxxxxx_000A07fBIsc_xBCxxxXxxFgxxn_DQ02_Blender_Z1J_5510008B,1,5,13,600,107.5,103.86,100.5,1,2
1,pat19,d1700322P0421946C_RL_B0Fmm00_PB0PCcZNC0909_B64mA1la0R0vxxxxxx_000A07fBIsc_xBCxxxXxxFgxxn_DQ02_Blender_Z1J_5510008B,1,6,14,600,103.0,101.18,98.5,0,8
1,pat19,d1700322P0421946C_RL_B0Fmm00_PB0PCcZNC0909_B64mA1la0R0vxxxxxx_000A07fBIsc_xBCxxxXxxFgxxn_DQ02_Blender_Z1J_5510008B,1,7,15,600,103.0,100.19,98.0,0,8
1,pat19,d1700322P0421946C_RL_B0Fmm00_PB0PCcZNC0909_B64mA1la0R0vxxxxxx_000A07fBIsc_xBCxxxXxxFgxxn_DQ02_Blender_Z1J_5510008B,2,0,16,600,108.0,104.68,101.5,1,11
1,pat19,d1700322P0421946C_RL_B0Fmm00_PB0PCcZNC0909_B64mA1la0R0vxxxxxx_000A07fBIsc_xBCxxxXxxFgxxn_DQ02_Blender_Z1J_5510008B,2,1,17,600,109.5,105.11,101.5,1,2
1,pat19,d1700322P0421946C_RL_B0Fmm00_PB0PCcZNC0909_B64mA1la0R0vxxxxxx_000A07fBIsc_xBCxxxXxxFgxxn_DQ02_Blender_Z1J_5510008B,2,2,18,600,103.0,101.09,100.0,1,14
1,pat19,d1700322P0421946C_RL_B0Fmm00_PB0PCcZNC0909_B64mA1la0R0vxxxxxx_000A07fBIsc_xBCxxxXxxFgxxn_DQ02_Blender_Z1J_5510008B,2,3,19,600,102.5,100.93,99.5,1,11
1,pat19,d1700322P0421946C_RL_B0Fmm00_PB0PCcZNC0909_B64mA1la0R0vxxxxxx_000A07fBIsc_xBCxxxXxxFgxxn_DQ02_Blender_Z1J_5510008B,2,4,20,600,109.5,103.89,101.5,1,11
1,pat19,d1700322P0421946C_RL_B0Fmm00_PB0PCcZNC0909_B64mA1la0R0vxxxxxx_000A07fBIsc_xBCxxxXxxFgxxn_DQ02_Blender_Z1J_5510008B,2,5,21,600,107.5,104.39,101.5,1,11
1,pat19,d1700322P0421946C_RL_B0Fmm00_PB0PCcZNC0909_B64mA1la0R0vxxxxxx_000A07fBIsc_xBCxxxXxxFgxxn_DQ02_Blender_Z1J_5510008B,2,6,22,600,104.0,101.49,99.5,0,8
1,pat19,d1700322P0421946C_RL_B0Fmm00_PB0PCcZNC0909_B64mA1la0R0vxxxxxx_000A07fBIsc_xBCxxxXxxFgxxn_DQ02_Blender_Z1J_5510008B,2,7,23,600,101.5,100.36,98.5,1,6
1,pat19,d1700322P0421946C_RL_B0Fmm00_PB0PCcZNC0909_B64mA1la0R0vxxxxxx_000A07fBIsc_xBCxxxXxxFgxxn_DQ02_Blender_Z1J_5510008B,3,0,24,600,106.0,103.26,101.0,1,11
1,pat19,d1700322P0421946C_RL_B0Fmm00_PB0PCcZNC0909_B64mA1la0R0vxxxxxx_000A07fBIsc_xBCxxxXxxFgxxn_DQ02_Blender_Z1J_5510008B,3,1,25,600,105.0,103.12,101.0,0,11
1,pat19,d1700322P0421946C_RL_B0Fmm00_PB0PCcZNC0909_B64mA1la0R0vxxxxxx_000A07fBIsc_xBCxxxXxxFgxxn_DQ02_Blender_Z1J_5510008B,3,2,26,600,103.5,101.57,99.5,0,6
1,pat19,d1700322P0421946C_RL_B0Fmm00_PB0PCcZNC0909_B64mA1la0R0vxxxxxx_000A07fBIsc_xBCxxxXxxFgxxn_DQ02_Blender_Z1J_5510008B,3,3,27,600,102.5,100.99,99.5,0,8
1,pat19,d1700322P0421946C_RL_B0Fmm00_PB0PCcZNC0909_B64mA1la0R0vxxxxxx_000A07fBIsc_xBCxxxXxxFgxxn_DQ02_Blender_Z1J_5510008B,3,4,28,600,107.5,104.17,100.5,1,11
1,pat19,d1700322P0421946C_RL_B0Fmm00_PB0PCcZNC0909_B64mA1la0R0vxxxxxx_000A07fBIsc_xBCxxxXxxFgxxn_DQ02_Blender_Z1J_5510008B,3,5,29,600,106.5,103.61,101.5,0,11
1,pat19,d1700322P0421946C_RL_B0Fmm00_PB0PCcZNC0909_B64mA1la0R0vxxxxxx_000A07fBIsc_xBCxxxXxxFgxxn_DQ02_Blender_Z1J_5510008B,3,6,30,600,103.0,101.47,100.0,0,5
1,pat19,d1700322P0421946C_RL_B0Fmm00_PB0PCcZNC0909_B64mA1la0R0vxxxxxx_000A07fBIsc_xBCxxxXxxFgxxn_DQ02_Blender_Z1J_5510008B,3,7,31,600,103.5,101.32,100.0,0,8
1,pat20,d1684770P0421691C_RL_B0Fmm00_PB0PCcZNC0909_B64mA1la0R0vxxxxxx_000A07fBIsc_xBCxxxXxxFgxxn_DQ02_Skipper_Y_5500033D,0,0,0,600,108.5,104.14,99.5,1,2
1,pat20,d1684770P0421691C_RL_B0Fmm00_PB0PCcZNC0909_B64mA1la0R0vxxxxxx_000A07fBIsc_xBCxxxXxxFgxxn_DQ02_Skipper_Y_5500033D,0,1,1,600,109.5,104.69,100.5,1,2
1,pat20,d1684770P0421691C_RL_B0Fmm00_PB0PCcZNC0909_B64mA1la0R0vxxxxxx_000A07fBIsc_xBCxxxXxxFgxxn_DQ02_Skipper_Y_5500033D,0,2,2,600,101.5,100.29,99.5,0,14
1,pat20,d1684770P0421691C_RL_B0Fmm00_PB0PCcZNC0909_B64mA1la0R0vxxxxxx_000A07fBIsc_xBCxxxXxxFgxxn_DQ02_Skipper_Y_5500033D,0,3,3,600,101.0,99.46,98.0,0,8
1,pat20,d1684770P0421691C_RL_B0Fmm00_PB0PCcZNC0909_B64mA1la0R0vxxxxxx_000A07fBIsc_xBCxxxXxxFgxxn_DQ02_Skipper_Y_5500033D,0,4,4,600,109.5,104.54,101.0,1,11
1,pat20,d1684770P0421691C_RL_B0Fmm00_PB0PCcZNC0909_B64mA1la0R0vxxxxxx_000A07fBIsc_xBCxxxXxxFgxxn_DQ02_Skipper_Y_5500033D,0,5,5,600,110.0,105.29,100.5,1,11
1,pat20,d1684770P0421691C_RL_B0Fmm00_PB0PCcZNC0909_B64mA1la0R0vxxxxxx_000A07fBIsc_xBCxxxXxxFgxxn_DQ02_Skipper_Y_5500033D,0,6,6,600,102.5,100.72,99.5,0,8
1,pat20,d1684770P0421691C_RL_B0Fmm00_PB0PCcZNC0909_B64mA1la0R0vxxxxxx_000A07fBIsc_xBCxxxXxxFgxxn_DQ02_Skipper_Y_5500033D,0,7,7,600,101.0,99.8,98.5,1,6
1,pat20,d1684770P0421691C_RL_B0Fmm00_PB0PCcZNC0909_B64mA1la0R0vxxxxxx_000A07fBIsc_xBCxxxXxxFgxxn_DQ02_Skipper_Y_5500033D,1,0,8,600,106.5,103.86,100.5,1,0
1,pat20,d1684770P0421691C_RL_B0Fmm00_PB0PCcZNC0909_B64mA1la0R0vxxxxxx_000A07fBIsc_xBCxxxXxxFgxxn_DQ02_Skipper_Y_5500033D,1,1,9,600,106.0,103.35,100.0,0,0
1,pat20,d1684770P0421691C_RL_B0Fmm00_PB0PCcZNC0909_B64mA1la0R0vxxxxxx_000A07fBIsc_xBCxxxXxxFgxxn_DQ02_Skipper_Y_5500033D,1,2,10,600,102.0,100.67,99.5,0,8
1,pat20,d1684770P0421691C_RL_B0Fmm00_PB0PCcZNC0909_B64mA1la0R0vxxxxxx_000A07fBIsc_xBCxxxXxxFgxxn_DQ02_Skipper_Y_5500033D,1,3,11,600,102.0,100.53,99.0,1,7
1,pat20,d1684770P0421691C_RL_B0Fmm00_PB0PCcZNC0909_B64mA1la0R0vxxxxxx_000A07fBIsc_xBCxxxXxxFgxxn_DQ02_Skipper_Y_5500033D,1,4,12,600,106.5,103.83,101.0,0,11
1,pat20,d1684770P0421691C_RL_B0Fmm00_PB0PCcZNC0909_B64mA1la0R0vxxxxxx_000A07fBIsc_xBCxxxXxxFgxxn_DQ02_Skipper_Y_5500033D,1,5,13,600,107.5,104.18,100.5,0,0
1,pat20,d1684770P0421691C_RL_B0Fmm00_PB0PCcZNC0909_B64mA1la0R0vxxxxxx_000A07fBIsc_xBCxxxXxxFgxxn_DQ02_Skipper_Y_5500033D,1,6,14,600,102.5,101.09,98.5,0,1
1,pat20,d1684770P0421691C_RL_B0Fmm00_PB0PCcZNC0909_B64mA1la0R0vxxxxxx_000A07fBIsc_xBCxxxXxxFgxxn_DQ02_Skipper_Y_5500033D,1,7,15,600,102.5,100.2,98.0,0,8
1,pat20,d1684770P0421691C_RL_B0Fmm00_PB0PCcZNC0909_B64mA1la0R0vxxxxxx_000A07fBIsc_xBCxxxXxxFgxxn_DQ02_Skipper_Y_5500033D,2,0,16,600,108.0,105.07,101.5,0,0
1,pat20,d1684770P0421691C_RL_B0Fmm00_PB0PCcZNC0909_B64mA1la0R0vxxxxxx_000A07fBIsc_xBCxxxXxxFgxxn_DQ02_Skipper_Y_5500033D,2,1,17,600,109.0,105.41,101.5,1,11
1,pat20,d1684770P0421691C_RL_B0Fmm00_PB0PCcZNC0909_B64mA1la0R0vxxxxxx_000A07fBIsc_xBCxxxXxxFgxxn_DQ02_Skipper_Y_5500033D,2,2,18,600,103.0,101.19,100.0,1,14
1,pat20,d1684770P0421691C_RL_B0Fmm00_PB0PCcZNC0909_B64mA1la0R0vxxxxxx_000A07fBIsc_xBCxxxXxxFgxxn_DQ02_Skipper_Y_5500033D,2,3,19,600,102.5,100.94,99.5,1,9
1,pat20,d1684770P0421691C_RL_B0Fmm00_PB0PCcZNC0909_B64mA1la0R0vxxxxxx_000A07fBIsc_xBCxxxXxxFgxxn_DQ02_Skipper_Y_5500033D,2,4,20,600,109.0,104.12,101.5,1,11
1,pat20,d1684770P0421691C_RL_B0Fmm00_PB0PCcZNC0909_B64mA1la0R0vxxxxxx_000A07fBIsc_xBCxxxXxxFgxxn_DQ02_Skipper_Y_5500033D,2,5,21,600,107.5,104.73,101.5,1,11
1,pat20,d1684770P0421691C_RL_B0Fmm00_PB0PCcZNC0909_B64mA1la0R0vxxxxxx_000A07fBIsc_xBCxxxXxxFgxxn_DQ02_Skipper_Y_5500033D,2,6,22,600,104.0,101.51,99.5,0,8
1,pat20,d1684770P0421691C_RL_B0Fmm00_PB0PCcZNC0909_B64mA1la0R0vxxxxxx_000A07fBIsc_xBCxxxXxxFgxxn_DQ02_Skipper_Y_5500033D,2,7,23,600,101.5,100.46,98.5,0,8
1,pat20,d1684770P0421691C_RL_B0Fmm00_PB0PCcZNC0909_B64mA1la0R0vxxxxxx_000A07fBIsc_xBCxxxXxxFgxxn_DQ02_Skipper_Y_5500033D,3,0,24,600,105.5,103.47,101.0,1,0
1,pat20,d1684770P0421691C_RL_B0Fmm00_PB0PCcZNC0909_B64mA1la0R0vxxxxxx_000A07fBIsc_xBCxxxXxxFgxxn_DQ02_Skipper_Y_5500033D,3,1,25,600,105.5,103.36,101.0,0,0
1,pat20,d1684770P0421691C_RL_B0Fmm00_PB0PCcZNC0909_B64mA1la0R0vxxxxxx_000A07fBIsc_xBCxxxXxxFgxxn_DQ02_Skipper_Y_5500033D,3,2,26,600,103.0,101.6,100.0,0,8
1,pat20,d1684770P0421691C_RL_B0Fmm00_PB0PCcZNC0909_B64mA1la0R0vxxxxxx_000A07fBIsc_xBCxxxXxxFgxxn_DQ02_Skipper_Y_5500033D,3,3,27,600,102.5,100.98,99.5,0,8
1,pat20,d1684770P0421691C_RL_B0Fmm00_PB0PCcZNC0909_B64mA1la0R0vxxxxxx_000A07fBIsc_xBCxxxXxxFgxxn_DQ02_Skipper_Y_5500033D,3,4,28,600,107.5,104.43,100.5,1,9
1,pat20,d1684770P0421691C_RL_B0Fmm00_PB0PCcZNC0909_B64mA1la0R0vxxxxxx_000A07fBIsc_xBCxxxXxxFgxxn_DQ02_Skipper_Y_5500033D,3,5,29,600,106.5,103.87,102.0,1,0
1,pat20,d1684770P0421691C_RL_B0Fmm00_PB0PCcZNC0909_B64mA1la0R0vxxxxxx_000A07fBIsc_xBCxxxXxxFgxxn_DQ02_Skipper_Y_5500033D,3,6,30,600,103.0,101.51,100.0,0,6
1,pat20,d1684770P0421691C_RL_B0Fmm00_PB0PCcZNC0909_B64mA1la0R0vxxxxxx_000A07fBIsc_xBCxxxXxxFgxxn_DQ02_Skipper_Y_5500033D,3,7,31,600,104.0,101.33,99.5,0,8
1,pat21,d1700290P0421951C_RL_B0Fmm00_PB0PCcZNC0909_B64mA1la0R0vxxxxxx_000A07fBIsc_xBCxxxXxxFgxxn_DQ02_Blender_Z1J_55100093,0,0,0,600,109.5,104.22,99.5,1,11
1,pat21,d1700290P0421951C_RL_B0Fmm00_PB0PCcZNC0909_B64mA1la0R0vxxxxxx_000A07fBIsc_xBCxxxXxxFgxxn_DQ02_Blender_Z1J_55100093,0,1,1,600,110.0,104.71,100.0,1,11
1,pat21,d1700290P0421951C_RL_B0Fmm00_PB0PCcZNC0909_B64mA1la0R0vxxxxxx_000A07fBIsc_xBCxxxXxxFgxxn_DQ02_Blender_Z1J_55100093,0,2,2,600,101.5,100.35,99.0,0,14
1,pat21,d1700290P0421951C_RL_B0Fmm00_PB0PCcZNC0909_B64mA1la0R0vxxxxxx_000A07fBIsc_xBCxxxXxxFgxxn_DQ02_Blender_Z1J_55100093,0,3,3,600,101.5,99.56,98.0,0,14
1,pat21,d1700290P0421951C_RL_B0Fmm00_PB0PCcZNC0909_B64mA1la0R0vxxxxxx_000A07fBIsc_xBCxxxXxxFgxxn_DQ02_Blender_Z1J_55100093,0,4,4,600,110.0,104.64,100.5,1,11
1,pat21,d1700290P0421951C_RL_B0Fmm00_PB0PCcZNC0909_B64mA1la0R0vxxxxxx_000A07fBIsc_xBCxxxXxxFgxxn_DQ02_Blender_Z1J_55100093,0,5,5,600,110.5,105.52,100.5,1,11
1,pat21,d1700290P0421951C_RL_B0Fmm00_PB0PCcZNC0909_B64mA1la0R0vxxxxxx_000A07fBIsc_xBCxxxXxxFgxxn_DQ02_Blender_Z1J_55100093,0,6,6,600,102.5,100.78,99.0,0,8
1,pat21,d1700290P0421951C_RL_B0Fmm00_PB0PCcZNC0909_B64mA1la0R0vxxxxxx_000A07fBIsc_xBCxxxXxxFgxxn_DQ02_Blender_Z1J_55100093,0,7,7,600,101.5,99.95,98.0,0,6
1,pat21,d1700290P0421951C_RL_B0Fmm00_PB0PCcZNC0909_B64mA1la0R0vxxxxxx_000A07fBIsc_xBCxxxXxxFgxxn_DQ02_Blender_Z1J_55100093,1,0,8,600,107.0,103.93,100.5,1,11
1,pat21,d1700290P0421951C_RL_B0Fmm00_PB0PCcZNC0909_B64mA1la0R0vxxxxxx_000A07fBIsc_xBCxxxXxxFgxxn_DQ02_Blender_Z1J_55100093,1,1,9,600,107.0,103.38,99.5,1,11
1,pat21,d1700290P0421951C_RL_B0Fmm00_PB0PCcZNC0909_B64mA1la0R0vxxxxxx_000A07fBIsc_xBCxxxXxxFgxxn_DQ02_Blender_Z1J_55100093,1,2,10,600,102.0,100.76,99.0,1,2
1,pat21,d1700290P0421951C_RL_B0Fmm00_PB0PCcZNC0909_B64mA1la0R0vxxxxxx_000A07fBIsc_xBCxxxXxxFgxxn_DQ02_Blender_Z1J_55100093,1,3,11,600,101.5,100.59,99.0,0,8
1,pat21,d1700290P0421951C_RL_B0Fmm00_PB0PCcZNC0909_B64mA1la0R0vxxxxxx_000A07fBIsc_xBCxxxXxxFgxxn_DQ02_Blender_Z1J_55100093,1,4,12,600,107.5,104.01,100.5,1,11
1,pat21,d1700290P0421951C_RL_B0Fmm00_PB0PCcZNC0909_B64mA1la0R0vxxxxxx_000A07fBIsc_xBCxxxXxxFgxxn_DQ02_Blender_Z1J_55100093,1,5,13,600,108.0,104.29,100.5,1,2
1,pat21,d1700290P0421951C_RL_B0Fmm00_PB0PCcZNC0909_B64mA1la0R0vxxxxxx_000A07fBIsc_xBCxxxXxxFgxxn_DQ02_Blender_Z1J_55100093,1,6,14,600,103.0,101.19,98.5,0,1
1,pat21,d1700290P0421951C_RL_B0Fmm00_PB0PCcZNC0909_B64mA1la0R0vxxxxxx_000A07fBIsc_xBCxxxXxxFgxxn_DQ02_Blender_Z1J_55100093,1,7,15,600,102.5,100.28,98.5,0,8
1,pat21,d1700290P0421951C_RL_B0Fmm00_PB0PCcZNC0909_B64mA1la0R0vxxxxxx_000A07fBIsc_xBCxxxXxxFgxxn_DQ02_Blender_Z1J_55100093,2,0,16,600,108.0,105.15,101.0,1,11
1,pat21,d1700290P0421951C_RL_B0Fmm00_PB0PCcZNC0909_B64mA1la0R0vxxxxxx_000A07fBIsc_xBCxxxXxxFgxxn_DQ02_Blender_Z1J_55100093,2,1,17,600,109.5,105.43,101.5,1,2
1,pat21,d1700290P0421951C_RL_B0Fmm00_PB0PCcZNC0909_B64mA1la0R0vxxxxxx_000A07fBIsc_xBCxxxXxxFgxxn_DQ02_Blender_Z1J_55100093,2,2,18,600,103.0,101.22,99.5,0,7
1,pat21,d1700290P0421951C_RL_B0Fmm00_PB0PCcZNC0909_B64mA1la0R0vxxxxxx_000A07fBIsc_xBCxxxXxxFgxxn_DQ02_Blender_Z1J_55100093,2,3,19,600,102.0,100.98,99.5,1,5
1,pat21,d1700290P0421951C_RL_B0Fmm00_PB0PCcZNC0909_B64mA1la0R0vxxxxxx_000A07fBIsc_xBCxxxXxxFgxxn_DQ02_Blender_Z1J_55100093,2,4,20,600,110.0,104.3,101.5,1,11
1,pat21,d1700290P0421951C_RL_B0Fmm00_PB0PCcZNC0909_B64mA1la0R0vxxxxxx_000A07fBIsc_xBCxxxXxxFgxxn_DQ02_Blender_Z1J_55100093,2,5,21,600,108.0,104.69,101.5,1,2
1,pat21,d1700290P0421951C_RL_B0Fmm00_PB0PCcZNC0909_B64mA1la0R0vxxxxxx_000A07fBIsc_xBCxxxXxxFgxxn_DQ02_Blender_Z1J_55100093,2,6,22,600,104.0,101.59,99.5,0,8
1,pat21,d1700290P0421951C_RL_B0Fmm00_PB0PCcZNC0909_B64mA1la0R0vxxxxxx_000A07fBIsc_xBCxxxXxxFgxxn_DQ02_Blender_Z1J_55100093,2,7,23,600,102.0,100.52,98.5,0,8
1,pat21,d1700290P0421951C_RL_B0Fmm00_PB0PCcZNC0909_B64mA1la0R0vxxxxxx_000A07fBIsc_xBCxxxXxxFgxxn_DQ02_Blender_Z1J_55100093,3,0,24,600,106.0,103.55,101.0,1,11
1,pat21,d1700290P0421951C_RL_B0Fmm00_PB0PCcZNC0909_B64mA1la0R0vxxxxxx_000A07fBIsc_xBCxxxXxxFgxxn_DQ02_Blender_Z1J_55100093,3,1,25,600,105.5,103.31,101.0,0,0
1,pat21,d1700290P0421951C_RL_B0Fmm00_PB0PCcZNC0909_B64mA1la0R0vxxxxxx_000A07fBIsc_xBCxxxXxxFgxxn_DQ02_Blender_Z1J_55100093,3,2,26,600,103.5,101.71,100.0,0,6
1,pat21,d1700290P0421951C_RL_B0Fmm00_PB0PCcZNC0909_B64mA1la0R0vxxxxxx_000A07fBIsc_xBCxxxXxxFgxxn_DQ02_Blender_Z1J_55100093,3,3,27,600,103.0,101.08,99.5,0,8
1,pat21,d1700290P0421951C_RL_B0Fmm00_PB0PCcZNC0909_B64mA1la0R0vxxxxxx_000A07fBIsc_xBCxxxXxxFgxxn_DQ02_Blender_Z1J_55100093,3,4,28,600,107.5,104.56,100.5,1,9
1,pat21,d1700290P0421951C_RL_B0Fmm00_PB0PCcZNC0909_B64mA1la0R0vxxxxxx_000A07fBIsc_xBCxxxXxxFgxxn_DQ02_Blender_Z1J_55100093,3,5,29,600,106.0,103.9,102.0,1,0
1,pat21,d1700290P0421951C_RL_B0Fmm00_PB0PCcZNC0909_B64mA1la0R0vxxxxxx_000A07fBIsc_xBCxxxXxxFgxxn_DQ02_Blender_Z1J_55100093,3,6,30,600,103.0,101.57,100.0,0,6
1,pat21,d1700290P0421951C_RL_B0Fmm00_PB0PCcZNC0909_B64mA1la0R0vxxxxxx_000A07fBIsc_xBCxxxXxxFgxxn_DQ02_Blender_Z1J_55100093,3,7,31,600,104.0,101.46,100.0,0,8
1,pat22,d1684319P0421655C_O2_B0Fmm00_PB0PCcZNC0909_B64mA1la0R0vxxxxxx_000A07fBIsc_xBCxxxXxxFgxxn_DQ02_Scylla_NDY_55000327,0,0,0,600,108.5,103.5,99.0,1,11
1,pat22,d1684319P0421655C_O2_B0Fmm00_PB0PCcZNC0909_B64mA1la0R0vxxxxxx_000A07fBIsc_xBCxxxXxxFgxxn_DQ02_Scylla_NDY_55000327,0,1,1,600,109.0,103.73,100.0,1,11
1,pat22,d1684319P0421655C_O2_B0Fmm00_PB0PCcZNC0909_B64mA1la0R0vxxxxxx_000A07fBIsc_xBCxxxXxxFgxxn_DQ02_Scylla_NDY_55000327,0,2,2,600,101.5,100.19,99.0,0,8
1,pat22,d1684319P0421655C_O2_B0Fmm00_PB0PCcZNC0909_B64mA1la0R0vxxxxxx_000A07fBIsc_xBCxxxXxxFgxxn_DQ02_Scylla_NDY_55000327,0,3,3,600,101.0,99.28,97.5,0,8
1,pat22,d1684319P0421655C_O2_B0Fmm00_PB0PCcZNC0909_B64mA1la0R0vxxxxxx_000A07fBIsc_xBCxxxXxxFgxxn_DQ02_Scylla_NDY_55000327,0,4,4,600,109.0,103.85,100.5,1,11
1,pat22,d1684319P0421655C_O2_B0Fmm00_PB0PCcZNC0909_B64mA1la0R0vxxxxxx_000A07fBIsc_xBCxxxXxxFgxxn_DQ02_Scylla_NDY_55000327,0,5,5,600,109.0,104.45,100.5,1,2
1,pat22,d1684319P0421655C_O2_B0Fmm00_PB0PCcZNC0909_B64mA1la0R0vxxxxxx_000A07fBIsc_xBCxxxXxxFgxxn_DQ02_Scylla_NDY_55000327,0,6,6,600,102.0,100.43,99.0,0,8
1,pat22,d1684319P0421655C_O2_B0Fmm00_PB0PCcZNC0909_B64mA1la0R0vxxxxxx_000A07fBIsc_xBCxxxXxxFgxxn_DQ02_Scylla_NDY_55000327,0,7,7,600,101.0,99.68,98.0,1,6
1,pat22,d1684319P0421655C_O2_B0Fmm00_PB0PCcZNC0909_B64mA1la0R0vxxxxxx_000A07fBIsc_xBCxxxXxxFgxxn_DQ02_Scylla_NDY_55000327,1,0,8,600,106.0,103.15,100.5,1,11
1,pat22,d1684319P0421655C_O2_B0Fmm00_PB0PCcZNC0909_B64mA1la0R0vxxxxxx_000A07fBIsc_xBCxxxXxxFgxxn_DQ02_Scylla_NDY_55000327,1,1,9,600,105.5,102.8,99.5,0,2
1,pat22,d1684319P0421655C_O2_B0Fmm00_PB0PCcZNC0909_B64mA1la0R0vxxxxxx_000A07fBIsc_xBCxxxXxxFgxxn_DQ02_Scylla_NDY_55000327,1,2,10,600,101.5,100.42,99.0,0,8
1,pat22,d1684319P0421655C_O2_B0Fmm00_PB0PCcZNC0909_B64mA1la0R0vxxxxxx_000A07fBIsc_xBCxxxXxxFgxxn_DQ02_Scylla_NDY_55000327,1,3,11,600,101.5,100.41,99.0,0,8
1,pat22,d1684319P0421655C_O2_B0Fmm00_PB0PCcZNC0909_B64mA1la0R0vxxxxxx_000A07fBIsc_xBCxxxXxxFgxxn_DQ02_Scylla_NDY_55000327,1,4,12,600,106.5,103.08,100.5,0,11
1,pat22,d1684319P0421655C_O2_B0Fmm00_PB0PCcZNC0909_B64mA1la0R0vxxxxxx_000A07fBIsc_xBCxxxXxxFgxxn_DQ02_Scylla_NDY_55000327,1,5,13,600,107.0,103.59,100.0,1,2
1,pat22,d1684319P0421655C_O2_B0Fmm00_PB0PCcZNC0909_B64mA1la0R0vxxxxxx_000A07fBIsc_xBCxxxXxxFgxxn_DQ02_Scylla_NDY_55000327,1,6,14,600,102.5,100.91,98.5,0,1
1,pat22,d1684319P0421655C_O2_B0Fmm00_PB0PCcZNC0909_B64mA1la0R0vxxxxxx_000A07fBIsc_xBCxxxXxxFgxxn_DQ02_Scylla_NDY_55000327,1,7,15,600,102.5,100.02,98.0,0,8
1,pat22,d1684319P0421655C_O2_B0Fmm00_PB0PCcZNC0909_B64mA1la0R0vxxxxxx_000A07fBIsc_xBCxxxXxxFgxxn_DQ02_Scylla_NDY_55000327,2,0,16,600,107.5,104.39,101.0,1,11
1,pat22,d1684319P0421655C_O2_B0Fmm00_PB0PCcZNC0909_B64mA1la0R0vxxxxxx_000A07fBIsc_xBCxxxXxxFgxxn_DQ02_Scylla_NDY_55000327,2,1,17,600,108.5,104.69,101.0,1,11
1,pat22,d1684319P0421655C_O2_B0Fmm00_PB0PCcZNC0909_B64mA1la0R0vxxxxxx_000A07fBIsc_xBCxxxXxxFgxxn_DQ02_Scylla_NDY_55000327,2,2,18,600,103.0,100.89,99.5,1,14
1,pat22,d1684319P0421655C_O2_B0Fmm00_PB0PCcZNC0909_B64mA1la0R0vxxxxxx_000A07fBIsc_xBCxxxXxxFgxxn_DQ02_Scylla_NDY_55000327,2,3,19,600,102.5,100.81,99.0,1,11
1,pat22,d1684319P0421655C_O2_B0Fmm00_PB0PCcZNC0909_B64mA1la0R0vxxxxxx_000A07fBIsc_xBCxxxXxxFgxxn_DQ02_Scylla_NDY_55000327,2,4,20,600,109.0,103.67,101.0,1,11
1,pat22,d1684319P0421655C_O2_B0Fmm00_PB0PCcZNC0909_B64mA1la0R0vxxxxxx_000A07fBIsc_xBCxxxXxxFgxxn_DQ02_Scylla_NDY_55000327,2,5,21,600,107.0,104.09,101.0,1,11
1,pat22,d1684319P0421655C_O2_B0Fmm00_PB0PCcZNC0909_B64mA1la0R0vxxxxxx_000A07fBIsc_xBCxxxXxxFgxxn_DQ02_Scylla_NDY_55000327,2,6,22,600,104.0,101.34,99.5,0,8
1,pat22,d1684319P0421655C_O2_B0Fmm00_PB0PCcZNC0909_B64mA1la0R0vxxxxxx_000A07fBIsc_xBCxxxXxxFgxxn_DQ02_Scylla_NDY_55000327,2,7,23,600,101.5,100.33,98.5,1,8
1,pat22,d1684319P0421655C_O2_B0Fmm00_PB0PCcZNC0909_B64mA1la0R0vxxxxxx_000A07fBIsc_xBCxxxXxxFgxxn_DQ02_Scylla_NDY_55000327,3,0,24,600,105.5,103.07,101.0,1,11
1,pat22,d1684319P0421655C_O2_B0Fmm00_PB0PCcZNC0909_B64mA1la0R0vxxxxxx_000A07fBIsc_xBCxxxXxxFgxxn_DQ02_Scylla_NDY_55000327,3,1,25,600,105.0,102.86,101.0,0,11
1,pat22,d1684319P0421655C_O2_B0Fmm00_PB0PCcZNC0909_B64mA1la0R0vxxxxxx_000A07fBIsc_xBCxxxXxxFgxxn_DQ02_Scylla_NDY_55000327,3,2,26,600,103.0,101.44,99.5,0,8
1,pat22,d1684319P0421655C_O2_B0Fmm00_PB0PCcZNC0909_B64mA1la0R0vxxxxxx_000A07fBIsc_xBCxxxXxxFgxxn_DQ02_Scylla_NDY_55000327,3,3,27,600,102.5,100.83,99.5,0,8
1,pat22,d1684319P0421655C_O2_B0Fmm00_PB0PCcZNC0909_B64mA1la0R0vxxxxxx_000A07fBIsc_xBCxxxXxxFgxxn_DQ02_Scylla_NDY_55000327,3,4,28,600,107.5,103.92,100.5,1,11
1,pat22,d1684319P0421655C_O2_B0Fmm00_PB0PCcZNC0909_B64mA1la0R0vxxxxxx_000A07fBIsc_xBCxxxXxxFgxxn_DQ02_Scylla_NDY_55000327,3,5,29,600,106.0,103.45,101.5,1,11
1,pat22,d1684319P0421655C_O2_B0Fmm00_PB0PCcZNC0909_B64mA1la0R0vxxxxxx_000A07fBIsc_xBCxxxXxxFgxxn_DQ02_Scylla_NDY_55000327,3,6,30,600,105.0,101.37,100.0,0,14
1,pat22,d1684319P0421655C_O2_B0Fmm00_PB0PCcZNC0909_B64mA1la0R0vxxxxxx_000A07fBIsc_xBCxxxXxxFgxxn_DQ02_Scylla_NDY_55000327,3,7,31,600,103.5,101.27,99.5,0,8
1,pat23,d1682933P0420925C_RL_B0Fmm00_PB0PCcZNC0909_B64mA1la0R0vxxxxxx_000A07fBIsc_xBCxxxXxxFgxxn_DQ02_Blender_A1J_5500010D,0,0,0,600,109.0,104.41,99.5,1,11
1,pat23,d1682933P0420925C_RL_B0Fmm00_PB0PCcZNC0909_B64mA1la0R0vxxxxxx_000A07fBIsc_xBCxxxXxxFgxxn_DQ02_Blender_A1J_5500010D,0,1,1,600,109.5,104.89,100.5,1,2
1,pat23,d1682933P0420925C_RL_B0Fmm00_PB0PCcZNC0909_B64mA1la0R0vxxxxxx_000A07fBIsc_xBCxxxXxxFgxxn_DQ02_Blender_A1J_5500010D,0,2,2,600,101.5,100.37,99.5,0,14
1,pat23,d1682933P0420925C_RL_B0Fmm00_PB0PCcZNC0909_B64mA1la0R0vxxxxxx_000A07fBIsc_xBCxxxXxxFgxxn_DQ02_Blender_A1J_5500010D,0,3,3,600,101.0,99.43,98.0,0,8
1,pat23,d1682933P0420925C_RL_B0Fmm00_PB0PCcZNC0909_B64mA1la0R0vxxxxxx_000A07fBIsc_xBCxxxXxxFgxxn_DQ02_Blender_A1J_5500010D,0,4,4,600,109.5,104.79,101.0,1,11
1,pat23,d1682933P0420925C_RL_B0Fmm00_PB0PCcZNC0909_B64mA1la0R0vxxxxxx_000A07fBIsc_xBCxxxXxxFgxxn_DQ02_Blender_A1J_5500010D,0,5,5,600,110.0,105.56,101.0,0,3
1,pat23,d1682933P0420925C_RL_B0Fmm00_PB0PCcZNC0909_B64mA1la0R0vxxxxxx_000A07fBIsc_xBCxxxXxxFgxxn_DQ02_Blender_A1J_5500010D,0,6,6,600,102.5,100.71,99.5,0,8
1,pat23,d1682933P0420925C_RL_B0Fmm00_PB0PCcZNC0909_B64mA1la0R0vxxxxxx_000A07fBIsc_xBCxxxXxxFgxxn_DQ02_Blender_A1J_5500010D,0,7,7,600,101.0,99.89,98.5,1,8
1,pat23,d1682933P0420925C_RL_B0Fmm00_PB0PCcZNC0909_B64mA1la0R0vxxxxxx_000A07fBIsc_xBCxxxXxxFgxxn_DQ02_Blender_A1J_5500010D,1,0,8,600,107.0,104.19,101.0,1,0
1,pat23,d1682933P0420925C_RL_B0Fmm00_PB0PCcZNC0909_B64mA1la0R0vxxxxxx_000A07fBIsc_xBCxxxXxxFgxxn_DQ02_Blender_A1J_5500010D,1,1,9,600,106.5,103.65,100.0,0,3
1,pat23,d1682933P0420925C_RL_B0Fmm00_PB0PCcZNC0909_B64mA1la0R0vxxxxxx_000A07fBIsc_xBCxxxXxxFgxxn_DQ02_Blender_A1J_5500010D,1,2,10,600,102.0,100.68,99.5,0,8
1,pat23,d1682933P0420925C_RL_B0Fmm00_PB0PCcZNC0909_B64mA1la0R0vxxxxxx_000A07fBIsc_xBCxxxXxxFgxxn_DQ02_Blender_A1J_5500010D,1,3,11,600,102.0,100.58,99.0,0,8
1,pat23,d1682933P0420925C_RL_B0Fmm00_PB0PCcZNC0909_B64mA1la0R0vxxxxxx_000A07fBIsc_xBCxxxXxxFgxxn_DQ02_Blender_A1J_5500010D,1,4,12,600,106.5,104.08,101.0,0,11
1,pat23,d1682933P0420925C_RL_B0Fmm00_PB0PCcZNC0909_B64mA1la0R0vxxxxxx_000A07fBIsc_xBCxxxXxxFgxxn_DQ02_Blender_A1J_5500010D,1,5,13,600,107.5,104.48,100.5,0,3
1,pat23,d1682933P0420925C_RL_B0Fmm00_PB0PCcZNC0909_B64mA1la0R0vxxxxxx_000A07fBIsc_xBCxxxXxxFgxxn_DQ02_Blender_A1J_5500010D,1,6,14,600,103.0,101.2,99.0,0,1
1,pat23,d1682933P0420925C_RL_B0Fmm00_PB0PCcZNC0909_B64mA1la0R0vxxxxxx_000A07fBIsc_xBCxxxXxxFgxxn_DQ02_Blender_A1J_5500010D,1,7,15,600,102.5,100.18,98.0,0,8
1,pat23,d1682933P0420925C_RL_B0Fmm00_PB0PCcZNC0909_B64mA1la0R0vxxxxxx_000A07fBIsc_xBCxxxXxxFgxxn_DQ02_Blender_A1J_5500010D,2,0,16,600,108.0,105.31,101.5,0,0
1,pat23,d1682933P0420925C_RL_B0Fmm00_PB0PCcZNC0909_B64mA1la0R0vxxxxxx_000A07fBIsc_xBCxxxXxxFgxxn_DQ02_Blender_A1J_5500010D,2,1,17,600,109.0,105.62,102.0,1,2
1,pat23,d1682933P0420925C_RL_B0Fmm00_PB0PCcZNC0909_B64mA1la0R0vxxxxxx_000A07fBIsc_xBCxxxXxxFgxxn_DQ02_Blender_A1J_5500010D,2,2,18,600,103.0,101.18,99.5,1,14
1,pat23,d1682933P0420925C_RL_B0Fmm00_PB0PCcZNC0909_B64mA1la0R0vxxxxxx_000A07fBIsc_xBCxxxXxxFgxxn_DQ02_Blender_A1J_5500010D,2,3,19,600,102.5,100.95,99.5,1,4
1,pat23,d1682933P0420925C_RL_B0Fmm00_PB0PCcZNC0909_B64mA1la0R0vxxxxxx_000A07fBIsc_xBCxxxXxxFgxxn_DQ02_Blender_A1J_5500010D,2,4,20,600,109.5,104.43,101.5,1,11
1,pat23,d1682933P0420925C_RL_B0Fmm00_PB0PCcZNC0909_B64mA1la0R0vxxxxxx_000A07fBIsc_xBCxxxXxxFgxxn_DQ02_Blender_A1J_5500010D,2,5,21,600,108.0,104.87,101.5,1,3
1,pat23,d1682933P0420925C_RL_B0Fmm00_PB0PCcZNC0909_B64mA1la0R0vxxxxxx_000A07fBIsc_xBCxxxXxxFgxxn_DQ02_Blender_A1J_5500010D,2,6,22,600,103.5,101.55,99.5,0,8
1,pat23,d1682933P0420925C_RL_B0Fmm00_PB0PCcZNC0909_B64mA1la0R0vxxxxxx_000A07fBIsc_xBCxxxXxxFgxxn_DQ02_Blender_A1J_5500010D,2,7,23,600,102.0,100.51,98.5,0,8
1,pat23,d1682933P0420925C_RL_B0Fmm00_PB0PCcZNC0909_B64mA1la0R0vxxxxxx_000A07fBIsc_xBCxxxXxxFgxxn_DQ02_Blender_A1J_5500010D,3,0,24,600,106.5,103.76,101.0,0,3
1,pat23,d1682933P0420925C_RL_B0Fmm00_PB0PCcZNC0909_B64mA1la0R0vxxxxxx_000A07fBIsc_xBCxxxXxxFgxxn_DQ02_Blender_A1J_5500010D,3,1,25,600,106.0,103.45,101.0,0,0
1,pat23,d1682933P0420925C_RL_B0Fmm00_PB0PCcZNC0909_B64mA1la0R0vxxxxxx_000A07fBIsc_xBCxxxXxxFgxxn_DQ02_Blender_A1J_5500010D,3,2,26,600,103.5,101.67,100.0,0,6
1,pat23,d1682933P0420925C_RL_B0Fmm00_PB0PCcZNC0909_B64mA1la0R0vxxxxxx_000A07fBIsc_xBCxxxXxxFgxxn_DQ02_Blender_A1J_5500010D,3,3,27,600,102.5,101.04,99.5,0,8
1,pat23,d1682933P0420925C_RL_B0Fmm00_PB0PCcZNC0909_B64mA1la0R0vxxxxxx_000A07fBIsc_xBCxxxXxxFgxxn_DQ02_Blender_A1J_5500010D,3,4,28,600,108.5,104.7,100.5,1,3
1,pat23,d1682933P0420925C_RL_B0Fmm00_PB0PCcZNC0909_B64mA1la0R0vxxxxxx_000A07fBIsc_xBCxxxXxxFgxxn_DQ02_Blender_A1J_5500010D,3,5,29,600,107.0,104.08,101.5,1,0
1,pat23,d1682933P0420925C_RL_B0Fmm00_PB0PCcZNC0909_B64mA1la0R0vxxxxxx_000A07fBIsc_xBCxxxXxxFgxxn_DQ02_Blender_A1J_5500010D,3,6,30,600,103.0,101.53,100.0,0,6
1,pat23,d1682933P0420925C_RL_B0Fmm00_PB0PCcZNC0909_B64mA1la0R0vxxxxxx_000A07fBIsc_xBCxxxXxxFgxxn_DQ02_Blender_A1J_5500010D,3,7,31,600,104.0,101.39,100.0,0,8
1,pat24,d1683992P0421356C_RL_B0Fmm00_PB0PCcZNC0909_B64mA1la0R0vxxxxxx_000A07fBIsc_xBCxxxXxxFgxxn_DQ02_FRM_SqrtSZ_55000273,0,0,0,600,109.0,103.99,99.5,1,11
1,pat24,d1683992P0421356C_RL_B0Fmm00_PB0PCcZNC0909_B64mA1la0R0vxxxxxx_000A07fBIsc_xBCxxxXxxFgxxn_DQ02_FRM_SqrtSZ_55000273,0,1,1,600,110.0,104.44,100.0,1,11
1,pat24,d1683992P0421356C_RL_B0Fmm00_PB0PCcZNC0909_B64mA1la0R0vxxxxxx_000A07fBIsc_xBCxxxXxxFgxxn_DQ02_FRM_SqrtSZ_55000273,0,2,2,600,101.5,100.37,99.5,0,14
1,pat24,d1683992P0421356C_RL_B0Fmm00_PB0PCcZNC0909_B64mA1la0R0vxxxxxx_000A07fBIsc_xBCxxxXxxFgxxn_DQ02_FRM_SqrtSZ_55000273,0,3,3,600,101.5,99.42,98.0,0,8
1,pat24,d1683992P0421356C_RL_B0Fmm00_PB0PCcZNC0909_B64mA1la0R0vxxxxxx_000A07fBIsc_xBCxxxXxxFgxxn_DQ02_FRM_SqrtSZ_55000273,0,4,4,600,109.5,104.38,101.0,1,11
1,pat24,d1683992P0421356C_RL_B0Fmm00_PB0PCcZNC0909_B64mA1la0R0vxxxxxx_000A07fBIsc_xBCxxxXxxFgxxn_DQ02_FRM_SqrtSZ_55000273,0,5,5,600,110.5,105.09,101.0,1,11
1,pat24,d1683992P0421356C_RL_B0Fmm00_PB0PCcZNC0909_B64mA1la0R0vxxxxxx_000A07fBIsc_xBCxxxXxxFgxxn_DQ02_FRM_SqrtSZ_55000273,0,6,6,600,102.5,100.73,99.5,0,8
1,pat24,d1683992P0421356C_RL_B0Fmm00_PB0PCcZNC0909_B64mA1la0R0vxxxxxx_000A07fBIsc_xBCxxxXxxFgxxn_DQ02_FRM_SqrtSZ_55000273,0,7,7,600,101.0,99.83,98.5,1,7
1,pat24,d1683992P0421356C_RL_B0Fmm00_PB0PCcZNC0909_B64mA1la0R0vxxxxxx_000A07fBIsc_xBCxxxXxxFgxxn_DQ02_FRM_SqrtSZ_55000273,1,0,8,600,107.0,103.67,101.0,1,11
1,pat24,d1683992P0421356C_RL_B0Fmm00_PB0PCcZNC0909_B64mA1la0R0vxxxxxx_000A07fBIsc_xBCxxxXxxFgxxn_DQ02_FRM_SqrtSZ_55000273,1,1,9,600,106.5,103.21,100.0,0,11
1,pat24,d1683992P0421356C_RL_B0Fmm00_PB0PCcZNC0909_B64mA1la0R0vxxxxxx_000A07fBIsc_xBCxxxXxxFgxxn_DQ02_FRM_SqrtSZ_55000273,1,2,10,600,102.0,100.7,99.0,1,2
1,pat24,d1683992P0421356C_RL_B0Fmm00_PB0PCcZNC0909_B64mA1la0R0vxxxxxx_000A07fBIsc_xBCxxxXxxFgxxn_DQ02_FRM_SqrtSZ_55000273,1,3,11,600,102.0,100.58,99.0,0,4
1,pat24,d1683992P0421356C_RL_B0Fmm00_PB0PCcZNC0909_B64mA1la0R0vxxxxxx_000A07fBIsc_xBCxxxXxxFgxxn_DQ02_FRM_SqrtSZ_55000273,1,4,12,600,107.5,103.67,101.0,1,11
1,pat24,d1683992P0421356C_RL_B0Fmm00_PB0PCcZNC0909_B64mA1la0R0vxxxxxx_000A07fBIsc_xBCxxxXxxFgxxn_DQ02_FRM_SqrtSZ_55000273,1,5,13,600,108.0,104.13,100.5,1,11
1,pat24,d1683992P0421356C_RL_B0Fmm00_PB0PCcZNC0909_B64mA1la0R0vxxxxxx_000A07fBIsc_xBCxxxXxxFgxxn_DQ02_FRM_SqrtSZ_55000273,1,6,14,600,103.0,101.19,98.5,0,8
1,pat24,d1683992P0421356C_RL_B0Fmm00_PB0PCcZNC0909_B64mA1la0R0vxxxxxx_000A07fBIsc_xBCxxxXxxFgxxn_DQ02_FRM_SqrtSZ_55000273,1,7,15,600,102.5,100.2,98.0,0,8
1,pat24,d1683992P0421356C_RL_B0Fmm00_PB0PCcZNC0909_B64mA1la0R0vxxxxxx_000A07fBIsc_xBCxxxXxxFgxxn_DQ02_FRM_SqrtSZ_55000273,2,0,16,600,108.0,104.8,101.5,1,11
1,pat24,d1683992P0421356C_RL_B0Fmm00_PB0PCcZNC0909_B64mA1la0R0vxxxxxx_000A07fBIsc_xBCxxxXxxFgxxn_DQ02_FRM_SqrtSZ_55000273,2,1,17,600,109.5,105.31,101.5,1,2
1,pat24,d1683992P0421356C_RL_B0Fmm00_PB0PCcZNC0909_B64mA1la0R0vxxxxxx_000A07fBIsc_xBCxxxXxxFgxxn_DQ02_FRM_SqrtSZ_55000273,2,2,18,600,103.0,101.13,100.0,1,14
1,pat24,d1683992P0421356C_RL_B0Fmm00_PB0PCcZNC0909_B64mA1la0R0vxxxxxx_000A07fBIsc_xBCxxxXxxFgxxn_DQ02_FRM_SqrtSZ_55000273,2,3,19,600,102.5,100.96,99.5,1,9
1,pat24,d1683992P0421356C_RL_B0Fmm00_PB0PCcZNC0909_B64mA1la0R0vxxxxxx_000A07fBIsc_xBCxxxXxxFgxxn_DQ02_FRM_SqrtSZ_55000273,2,4,20,600,109.5,104.07,101.5,1,11
1,pat24,d1683992P0421356C_RL_B0Fmm00_PB0PCcZNC0909_B64mA1la0R0vxxxxxx_000A07fBIsc_xBCxxxXxxFgxxn_DQ02_FRM_SqrtSZ_55000273,2,5,21,600,107.5,104.49,101.5,1,11
1,pat24,d1683992P0421356C_RL_B0Fmm00_PB0PCcZNC0909_B64mA1la0R0vxxxxxx_000A07fBIsc_xBCxxxXxxFgxxn_DQ02_FRM_SqrtSZ_55000273,2,6,22,600,104.0,101.62,99.5,0,8
1,pat24,d1683992P0421356C_RL_B0Fmm00_PB0PCcZNC0909_B64mA1la0R0vxxxxxx_000A07fBIsc_xBCxxxXxxFgxxn_DQ02_FRM_SqrtSZ_55000273,2,7,23,600,102.0,100.44,98.5,0,8
1,pat24,d1683992P0421356C_RL_B0Fmm00_PB0PCcZNC0909_B64mA1la0R0vxxxxxx_000A07fBIsc_xBCxxxXxxFgxxn_DQ02_FRM_SqrtSZ_55000273,3,0,24,600,105.5,103.42,101.5,1,11
1,pat24,d1683992P0421356C_RL_B0Fmm00_PB0PCcZNC0909_B64mA1la0R0vxxxxxx_000A07fBIsc_xBCxxxXxxFgxxn_DQ02_FRM_SqrtSZ_55000273,3,1,25,600,105.5,103.19,101.0,0,11
1,pat24,d1683992P0421356C_RL_B0Fmm00_PB0PCcZNC0909_B64mA1la0R0vxxxxxx_000A07fBIsc_xBCxxxXxxFgxxn_DQ02_FRM_SqrtSZ_55000273,3,2,26,600,103.5,101.73,100.0,0,6
1,pat24,d1683992P0421356C_RL_B0Fmm00_PB0PCcZNC0909_B64mA1la0R0vxxxxxx_000A07fBIsc_xBCxxxXxxFgxxn_DQ02_FRM_SqrtSZ_55000273,3,3,27,600,102.5,101.07,99.5,0,8
1,pat24,d1683992P0421356C_RL_B0Fmm00_PB0PCcZNC0909_B64mA1la0R0vxxxxxx_000A07fBIsc_xBCxxxXxxFgxxn_DQ02_FRM_SqrtSZ_55000273,3,4,28,600,107.5,104.39,100.5,1,11
1,pat24,d1683992P0421356C_RL_B0Fmm00_PB0PCcZNC0909_B64mA1la0R0vxxxxxx_000A07fBIsc_xBCxxxXxxFgxxn_DQ02_FRM_SqrtSZ_55000273,3,5,29,600,106.5,103.79,102.0,1,11
1,pat24,d1683992P0421356C_RL_B0Fmm00_PB0PCcZNC0909_B64mA1la0R0vxxxxxx_000A07fBIsc_xBCxxxXxxFgxxn_DQ02_FRM_SqrtSZ_55000273,3,6,30,600,103.5,101.59,100.0,0,8
1,pat24,d1683992P0421356C_RL_B0Fmm00_PB0PCcZNC0909_B64mA1la0R0vxxxxxx_000A07fBIsc_xBCxxxXxxFgxxn_DQ02_FRM_SqrtSZ_55000273,3,7,31,600,104.0,101.48,100.0,0,8
1,pat25,d1684969P0421790C_RL_B0Fmm00_PB0PCcZNC0909_B64mA1la0R0vxxxxxx_000A07fBIsc_xBCxxxXxxFgxxn_DQ02_Blender_A1J_55000099,0,0,0,600,109.5,104.06,99.5,1,11
1,pat25,d1684969P0421790C_RL_B0Fmm00_PB0PCcZNC0909_B64mA1la0R0vxxxxxx_000A07fBIsc_xBCxxxXxxFgxxn_DQ02_Blender_A1J_55000099,0,1,1,600,110.5,104.54,100.5,1,2
1,pat25,d1684969P0421790C_RL_B0Fmm00_PB0PCcZNC0909_B64mA1la0R0vxxxxxx_000A07fBIsc_xBCxxxXxxFgxxn_DQ02_Blender_A1J_55000099,0,2,2,600,101.5,100.32,99.5,0,14
1,pat25,d1684969P0421790C_RL_B0Fmm00_PB0PCcZNC0909_B64mA1la0R0vxxxxxx_000A07fBIsc_xBCxxxXxxFgxxn_DQ02_Blender_A1J_55000099,0,3,3,600,101.0,99.29,97.5,0,8
1,pat25,d1684969P0421790C_RL_B0Fmm00_PB0PCcZNC0909_B64mA1la0R0vxxxxxx_000A07fBIsc_xBCxxxXxxFgxxn_DQ02_Blender_A1J_55000099,0,4,4,600,110.0,104.41,101.0,1,11
1,pat25,d1684969P0421790C_RL_B0Fmm00_PB0PCcZNC0909_B64mA1la0R0vxxxxxx_000A07fBIsc_xBCxxxXxxFgxxn_DQ02_Blender_A1J_55000099,0,5,5,600,110.0,105.18,101.0,1,11
1,pat25,d1684969P0421790C_RL_B0Fmm00_PB0PCcZNC0909_B64mA1la0R0vxxxxxx_000A07fBIsc_xBCxxxXxxFgxxn_DQ02_Blender_A1J_55000099,0,6,6,600,102.5,100.71,99.0,0,8
1,pat25,d1684969P0421790C_RL_B0Fmm00_PB0PCcZNC0909_B64mA1la0R0vxxxxxx_000A07fBIsc_xBCxxxXxxFgxxn_DQ02_Blender_A1J_55000099,0,7,7,600,101.0,99.72,98.5,1,6
1,pat25,d1684969P0421790C_RL_B0Fmm00_PB0PCcZNC0909_B64mA1la0R0vxxxxxx_000A07fBIsc_xBCxxxXxxFgxxn_DQ02_Blender_A1J_55000099,1,0,8,600,107.5,103.6,100.5,1,11
1,pat25,d1684969P0421790C_RL_B0Fmm00_PB0PCcZNC0909_B64mA1la0R0vxxxxxx_000A07fBIsc_xBCxxxXxxFgxxn_DQ02_Blender_A1J_55000099,1,1,9,600,106.5,103.32,100.0,1,2
1,pat25,d1684969P0421790C_RL_B0Fmm00_PB0PCcZNC0909_B64mA1la0R0vxxxxxx_000A07fBIsc_xBCxxxXxxFgxxn_DQ02_Blender_A1J_55000099,1,2,10,600,102.0,100.7,99.5,0,8
1,pat25,d1684969P0421790C_RL_B0Fmm00_PB0PCcZNC0909_B64mA1la0R0vxxxxxx_000A07fBIsc_xBCxxxXxxFgxxn_DQ02_Blender_A1J_55000099,1,3,11,600,102.0,100.48,99.0,0,8
1,pat25,d1684969P0421790C_RL_B0Fmm00_PB0PCcZNC0909_B64mA1la0R0vxxxxxx_000A07fBIsc_xBCxxxXxxFgxxn_DQ02_Blender_A1J_55000099,1,4,12,600,107.5,103.7,101.0,1,11
1,pat25,d1684969P0421790C_RL_B0Fmm00_PB0PCcZNC0909_B64mA1la0R0vxxxxxx_000A07fBIsc_xBCxxxXxxFgxxn_DQ02_Blender_A1J_55000099,1,5,13,600,108.0,104.39,100.5,0,11
1,pat25,d1684969P0421790C_RL_B0Fmm00_PB0PCcZNC0909_B64mA1la0R0vxxxxxx_000A07fBIsc_xBCxxxXxxFgxxn_DQ02_Blender_A1J_55000099,1,6,14,600,103.0,101.14,99.0,0,1
1,pat25,d1684969P0421790C_RL_B0Fmm00_PB0PCcZNC0909_B64mA1la0R0vxxxxxx_000A07fBIsc_xBCxxxXxxFgxxn_DQ02_Blender_A1J_55000099,1,7,15,600,102.5,100.22,98.0,0,8
1,pat25,d1684969P0421790C_RL_B0Fmm00_PB0PCcZNC0909_B64mA1la0R0vxxxxxx_000A07fBIsc_xBCxxxXxxFgxxn_DQ02_Blender_A1J_55000099,2,0,16,600,108.0,104.99,102.0,1,2
1,pat25,d1684969P0421790C_RL_B0Fmm00_PB0PCcZNC0909_B64mA1la0R0vxxxxxx_000A07fBIsc_xBCxxxXxxFgxxn_DQ02_Blender_A1J_55000099,2,1,17,600,109.5,105.39,101.5,1,2
1,pat25,d1684969P0421790C_RL_B0Fmm00_PB0PCcZNC0909_B64mA1la0R0vxxxxxx_000A07fBIsc_xBCxxxXxxFgxxn_DQ02_Blender_A1J_55000099,2,2,18,600,103.0,101.13,99.5,1,14
1,pat25,d1684969P0421790C_RL_B0Fmm00_PB0PCcZNC0909_B64mA1la0R0vxxxxxx_000A07fBIsc_xBCxxxXxxFgxxn_DQ02_Blender_A1J_55000099,2,3,19,600,102.0,100.92,99.0,1,5
1,pat25,d1684969P0421790C_RL_B0Fmm00_PB0PCcZNC0909_B64mA1la0R0vxxxxxx_000A07fBIsc_xBCxxxXxxFgxxn_DQ02_Blender_A1J_55000099,2,4,20,600,109.5,104.14,101.5,1,11
1,pat25,d1684969P0421790C_RL_B0Fmm00_PB0PCcZNC0909_B64mA1la0R0vxxxxxx_000A07fBIsc_xBCxxxXxxFgxxn_DQ02_Blender_A1J_55000099,2,5,21,600,108.0,104.64,101.5,1,2
1,pat25,d1684969P0421790C_RL_B0Fmm00_PB0PCcZNC0909_B64mA1la0R0vxxxxxx_000A07fBIsc_xBCxxxXxxFgxxn_DQ02_Blender_A1J_55000099,2,6,22,600,103.5,101.47,99.5,0,8
1,pat25,d1684969P0421790C_RL_B0Fmm00_PB0PCcZNC0909_B64mA1la0R0vxxxxxx_000A07fBIsc_xBCxxxXxxFgxxn_DQ02_Blender_A1J_55000099,2,7,23,600,102.0,100.43,98.5,0,8
1,pat25,d1684969P0421790C_RL_B0Fmm00_PB0PCcZNC0909_B64mA1la0R0vxxxxxx_000A07fBIsc_xBCxxxXxxFgxxn_DQ02_Blender_A1J_55000099,3,0,24,600,105.5,103.42,101.0,1,9
1,pat25,d1684969P0421790C_RL_B0Fmm00_PB0PCcZNC0909_B64mA1la0R0vxxxxxx_000A07fBIsc_xBCxxxXxxFgxxn_DQ02_Blender_A1J_55000099,3,1,25,600,105.5,103.32,101.0,0,9
1,pat25,d1684969P0421790C_RL_B0Fmm00_PB0PCcZNC0909_B64mA1la0R0vxxxxxx_000A07fBIsc_xBCxxxXxxFgxxn_DQ02_Blender_A1J_55000099,3,2,26,600,103.0,101.58,99.5,0,8
1,pat25,d1684969P0421790C_RL_B0Fmm00_PB0PCcZNC0909_B64mA1la0R0vxxxxxx_000A07fBIsc_xBCxxxXxxFgxxn_DQ02_Blender_A1J_55000099,3,3,27,600,103.0,101.12,99.5,0,8
1,pat25,d1684969P0421790C_RL_B0Fmm00_PB0PCcZNC0909_B64mA1la0R0vxxxxxx_000A07fBIsc_xBCxxxXxxFgxxn_DQ02_Blender_A1J_55000099,3,4,28,600,109.5,104.43,100.5,1,2
1,pat25,d1684969P0421790C_RL_B0Fmm00_PB0PCcZNC0909_B64mA1la0R0vxxxxxx_000A07fBIsc_xBCxxxXxxFgxxn_DQ02_Blender_A1J_55000099,3,5,29,600,106.5,103.88,102.0,1,11
1,pat25,d1684969P0421790C_RL_B0Fmm00_PB0PCcZNC0909_B64mA1la0R0vxxxxxx_000A07fBIsc_xBCxxxXxxFgxxn_DQ02_Blender_A1J_55000099,3,6,30,600,103.0,101.52,100.0,0,6
1,pat25,d1684969P0421790C_RL_B0Fmm00_PB0PCcZNC0909_B64mA1la0R0vxxxxxx_000A07fBIsc_xBCxxxXxxFgxxn_DQ02_Blender_A1J_55000099,3,7,31,600,103.5,101.47,100.0,0,8
1,pat26,d1701070P0422519C_RL_B0Fmm00_PB0PCcZNC0909_B64mA1la0R0vxxxxxx_000A07fBIsc_xBCxxxXxxFgxxn_DQ02_Satsuma_Z_551002F2,0,0,0,600,109.5,104.06,99.5,1,11
1,pat26,d1701070P0422519C_RL_B0Fmm00_PB0PCcZNC0909_B64mA1la0R0vxxxxxx_000A07fBIsc_xBCxxxXxxFgxxn_DQ02_Satsuma_Z_551002F2,0,1,1,600,110.0,104.5,100.5,1,11
1,pat26,d1701070P0422519C_RL_B0Fmm00_PB0PCcZNC0909_B64mA1la0R0vxxxxxx_000A07fBIsc_xBCxxxXxxFgxxn_DQ02_Satsuma_Z_551002F2,0,2,2,600,101.5,100.4,99.5,0,14
1,pat26,d1701070P0422519C_RL_B0Fmm00_PB0PCcZNC0909_B64mA1la0R0vxxxxxx_000A07fBIsc_xBCxxxXxxFgxxn_DQ02_Satsuma_Z_551002F2,0,3,3,600,100.5,99.34,98.0,0,8
1,pat26,d1701070P0422519C_RL_B0Fmm00_PB0PCcZNC0909_B64mA1la0R0vxxxxxx_000A07fBIsc_xBCxxxXxxFgxxn_DQ02_Satsuma_Z_551002F2,0,4,4,600,110.0,104.41,101.0,1,11
1,pat26,d1701070P0422519C_RL_B0Fmm00_PB0PCcZNC0909_B64mA1la0R0vxxxxxx_000A07fBIsc_xBCxxxXxxFgxxn_DQ02_Satsuma_Z_551002F2,0,5,5,600,110.0,105.22,101.0,1,11
1,pat26,d1701070P0422519C_RL_B0Fmm00_PB0PCcZNC0909_B64mA1la0R0vxxxxxx_000A07fBIsc_xBCxxxXxxFgxxn_DQ02_Satsuma_Z_551002F2,0,6,6,600,102.5,100.86,99.5,0,8
1,pat26,d1701070P0422519C_RL_B0Fmm00_PB0PCcZNC0909_B64mA1la0R0vxxxxxx_000A07fBIsc_xBCxxxXxxFgxxn_DQ02_Satsuma_Z_551002F2,0,7,7,600,101.0,99.94,98.5,1,6
1,pat26,d1701070P0422519C_RL_B0Fmm00_PB0PCcZNC0909_B64mA1la0R0vxxxxxx_000A07fBIsc_xBCxxxXxxFgxxn_DQ02_Satsuma_Z_551002F2,1,0,8,600,106.5,103.75,101.0,1,11
1,pat26,d1701070P0422519C_RL_B0Fmm00_PB0PCcZNC0909_B64mA1la0R0vxxxxxx_000A07fBIsc_xBCxxxXxxFgxxn_DQ02_Satsuma_Z_551002F2,1,1,9,600,106.5,103.37,100.5,1,11
1,pat26,d1701070P0422519C_RL_B0Fmm00_PB0PCcZNC0909_B64mA1la0R0vxxxxxx_000A07fBIsc_xBCxxxXxxFgxxn_DQ02_Satsuma_Z_551002F2,1,2,10,600,102.0,100.75,99.5,0,8
1,pat26,d1701070P0422519C_RL_B0Fmm00_PB0PCcZNC0909_B64mA1la0R0vxxxxxx_000A07fBIsc_xBCxxxXxxFgxxn_DQ02_Satsuma_Z_551002F2,1,3,11,600,102.0,100.61,99.0,0,8
1,pat26,d1701070P0422519C_RL_B0Fmm00_PB0PCcZNC0909_B64mA1la0R0vxxxxxx_000A07fBIsc_xBCxxxXxxFgxxn_DQ02_Satsuma_Z_551002F2,1,4,12,600,107.0,103.74,101.0,0,11
1,pat26,d1701070P0422519C_RL_B0Fmm00_PB0PCcZNC0909_B64mA1la0R0vxxxxxx_000A07fBIsc_xBCxxxXxxFgxxn_DQ02_Satsuma_Z_551002F2,1,5,13,600,108.0,104.38,100.5,1,11
1,pat26,d1701070P0422519C_RL_B0Fmm00_PB0PCcZNC0909_B64mA1la0R0vxxxxxx_000A07fBIsc_xBCxxxXxxFgxxn_DQ02_Satsuma_Z_551002F2,1,6,14,600,103.0,101.19,99.0,0,8
1,pat26,d1701070P0422519C_RL_B0Fmm00_PB0PCcZNC0909_B64mA1la0R0vxxxxxx_000A07fBIsc_xBCxxxXxxFgxxn_DQ02_Satsuma_Z_551002F2,1,7,15,600,102.5,100.3,98.0,0,8
1,pat26,d1701070P0422519C_RL_B0Fmm00_PB0PCcZNC0909_B64mA1la0R0vxxxxxx_000A07fBIsc_xBCxxxXxxFgxxn_DQ02_Satsuma_Z_551002F2,2,0,16,600,108.5,104.98,101.5,1,11
1,pat26,d1701070P0422519C_RL_B0Fmm00_PB0PCcZNC0909_B64mA1la0R0vxxxxxx_000A07fBIsc_xBCxxxXxxFgxxn_DQ02_Satsuma_Z_551002F2,2,1,17,600,109.5,105.42,102.5,1,11
1,pat26,d1701070P0422519C_RL_B0Fmm00_PB0PCcZNC0909_B64mA1la0R0vxxxxxx_000A07fBIsc_xBCxxxXxxFgxxn_DQ02_Satsuma_Z_551002F2,2,2,18,600,103.0,101.22,100.0,1,14
1,pat26,d1701070P0422519C_RL_B0Fmm00_PB0PCcZNC0909_B64mA1la0R0vxxxxxx_000A07fBIsc_xBCxxxXxxFgxxn_DQ02_Satsuma_Z_551002F2,2,3,19,600,102.5,100.98,99.5,1,9
1,pat26,d1701070P0422519C_RL_B0Fmm00_PB0PCcZNC0909_B64mA1la0R0vxxxxxx_000A07fBIsc_xBCxxxXxxFgxxn_DQ02_Satsuma_Z_551002F2,2,4,20,600,109.5,104.15,101.5,1,11
1,pat26,d1701070P0422519C_RL_B0Fmm00_PB0PCcZNC0909_B64mA1la0R0vxxxxxx_000A07fBIsc_xBCxxxXxxFgxxn_DQ02_Satsuma_Z_551002F2,2,5,21,600,107.5,104.63,102.0,1,2
1,pat26,d1701070P0422519C_RL_B0Fmm00_PB0PCcZNC0909_B64mA1la0R0vxxxxxx_000A07fBIsc_xBCxxxXxxFgxxn_DQ02_Satsuma_Z_551002F2,2,6,22,600,104.0,101.52,99.5,0,8
1,pat26,d1701070P0422519C_RL_B0Fmm00_PB0PCcZNC0909_B64mA1la0R0vxxxxxx_000A07fBIsc_xBCxxxXxxFgxxn_DQ02_Satsuma_Z_551002F2,2,7,23,600,102.0,100.47,99.0,1,8
1,pat26,d1701070P0422519C_RL_B0Fmm00_PB0PCcZNC0909_B64mA1la0R0vxxxxxx_000A07fBIsc_xBCxxxXxxFgxxn_DQ02_Satsuma_Z_551002F2,3,0,24,600,106.0,103.52,101.5,1,11
1,pat26,d1701070P0422519C_RL_B0Fmm00_PB0PCcZNC0909_B64mA1la0R0vxxxxxx_000A07fBIsc_xBCxxxXxxFgxxn_DQ02_Satsuma_Z_551002F2,3,1,25,600,105.5,103.36,101.0,0,11
1,pat26,d1701070P0422519C_RL_B0Fmm00_PB0PCcZNC0909_B64mA1la0R0vxxxxxx_000A07fBIsc_xBCxxxXxxFgxxn_DQ02_Satsuma_Z_551002F2,3,2,26,600,103.5,101.78,99.5,0,6
1,pat26,d1701070P0422519C_RL_B0Fmm00_PB0PCcZNC0909_B64mA1la0R0vxxxxxx_000A07fBIsc_xBCxxxXxxFgxxn_DQ02_Satsuma_Z_551002F2,3,3,27,600,103.0,101.1,99.5,0,8
1,pat26,d1701070P0422519C_RL_B0Fmm00_PB0PCcZNC0909_B64mA1la0R0vxxxxxx_000A07fBIsc_xBCxxxXxxFgxxn_DQ02_Satsuma_Z_551002F2,3,4,28,600,107.5,104.48,100.5,1,9
1,pat26,d1701070P0422519C_RL_B0Fmm00_PB0PCcZNC0909_B64mA1la0R0vxxxxxx_000A07fBIsc_xBCxxxXxxFgxxn_DQ02_Satsuma_Z_551002F2,3,5,29,600,106.5,103.86,102.0,0,11
1,pat26,d1701070P0422519C_RL_B0Fmm00_PB0PCcZNC0909_B64mA1la0R0vxxxxxx_000A07fBIsc_xBCxxxXxxFgxxn_DQ02_Satsuma_Z_551002F2,3,6,30,600,103.0,101.64,100.0,0,6
1,pat26,d1701070P0422519C_RL_B0Fmm00_PB0PCcZNC0909_B64mA1la0R0vxxxxxx_000A07fBIsc_xBCxxxXxxFgxxn_DQ02_Satsuma_Z_551002F2,3,7,31,600,104.0,101.47,100.0,0,8
1,pat27,d1700801P0422468C_RL_B0Fmm00_PB0PCcZNC0909_B64mA1la0R0vxxxxxx_000A07fBIsc_xBCxxxXxxFgxxn_DQ02_LeekSpin_Z_5510029E,0,0,0,600,109.0,104.05,99.5,1,11
1,pat27,d1700801P0422468C_RL_B0Fmm00_PB0PCcZNC0909_B64mA1la0R0vxxxxxx_000A07fBIsc_xBCxxxXxxFgxxn_DQ02_LeekSpin_Z_5510029E,0,1,1,600,110.0,104.41,100.0,1,2
1,pat27,d1700801P0422468C_RL_B0Fmm00_PB0PCcZNC0909_B64mA1la0R0vxxxxxx_000A07fBIsc_xBCxxxXxxFgxxn_DQ02_LeekSpin_Z_5510029E,0,2,2,600,102.0,100.39,99.0,1,4
1,pat27,d1700801P0422468C_RL_B0Fmm00_PB0PCcZNC0909_B64mA1la0R0vxxxxxx_000A07fBIsc_xBCxxxXxxFgxxn_DQ02_LeekSpin_Z_5510029E,0,3,3,600,101.0,99.32,97.5,0,8
1,pat27,d1700801P0422468C_RL_B0Fmm00_PB0PCcZNC0909_B64mA1la0R0vxxxxxx_000A07fBIsc_xBCxxxXxxFgxxn_DQ02_LeekSpin_Z_5510029E,0,4,4,600,109.5,104.42,101.0,1,11
1,pat27,d1700801P0422468C_RL_B0Fmm00_PB0PCcZNC0909_B64mA1la0R0vxxxxxx_000A07fBIsc_xBCxxxXxxFgxxn_DQ02_LeekSpin_Z_5510029E,0,5,5,600,110.0,105.15,100.5,1,11
1,pat27,d1700801P0422468C_RL_B0Fmm00_PB0PCcZNC0909_B64mA1la0R0vxxxxxx_000A07fBIsc_xBCxxxXxxFgxxn_DQ02_LeekSpin_Z_5510029E,0,6,6,600,102.5,100.73,99.0,0,8
1,pat27,d1700801P0422468C_RL_B0Fmm00_PB0PCcZNC0909_B64mA1la0R0vxxxxxx_000A07fBIsc_xBCxxxXxxFgxxn_DQ02_LeekSpin_Z_5510029E,0,7,7,600,101.0,99.89,98.0,0,0
1,pat27,d1700801P0422468C_RL_B0Fmm00_PB0PCcZNC0909_B64mA1la0R0vxxxxxx_000A07fBIsc_xBCxxxXxxFgxxn_DQ02_LeekSpin_Z_5510029E,1,0,8,600,107.0,103.7,100.0,1,11
1,pat27,d1700801P0422468C_RL_B0Fmm00_PB0PCcZNC0909_B64mA1la0R0vxxxxxx_000A07fBIsc_xBCxxxXxxFgxxn_DQ02_LeekSpin_Z_5510029E,1,1,9,600,106.5,103.29,100.0,1,11
1,pat27,d1700801P0422468C_RL_B0Fmm00_PB0PCcZNC0909_B64mA1la0R0vxxxxxx_000A07fBIsc_xBCxxxXxxFgxxn_DQ02_LeekSpin_Z_5510029E,1,2,10,600,102.0,100.67,99.0,0,8
1,pat27,d1700801P0422468C_RL_B0Fmm00_PB0PCcZNC0909_B64mA1la0R0vxxxxxx_000A07fBIsc_xBCxxxXxxFgxxn_DQ02_LeekSpin_Z_5510029E,1,3,11,600,102.0,100.63,99.0,0,5
1,pat27,d1700801P0422468C_RL_B0Fmm00_PB0PCcZNC0909_B64mA1la0R0vxxxxxx_000A07fBIsc_xBCxxxXxxFgxxn_DQ02_LeekSpin_Z_5510029E,1,4,12,600,107.0,103.68,100.5,1,11
1,pat27,d1700801P0422468C_RL_B0Fmm00_PB0PCcZNC0909_B64mA1la0R0vxxxxxx_000A07fBIsc_xBCxxxXxxFgxxn_DQ02_LeekSpin_Z_5510029E,1,5,13,600,107.5,104.24,100.5,1,2
1,pat27,d1700801P0422468C_RL_B0Fmm00_PB0PCcZNC0909_B64mA1la0R0vxxxxxx_000A07fBIsc_xBCxxxXxxFgxxn_DQ02_LeekSpin_Z_5510029E,1,6,14,600,103.0,101.1,98.5,0,1
1,pat27,d1700801P0422468C_RL_B0Fmm00_PB0PCcZNC0909_B64mA1la0R0vxxxxxx_000A07fBIsc_xBCxxxXxxFgxxn_DQ02_LeekSpin_Z_5510029E,1,7,15,600,102.5,100.18,98.0,0,8
1,pat27,d1700801P0422468C_RL_B0Fmm00_PB0PCcZNC0909_B64mA1la0R0vxxxxxx_000A07fBIsc_xBCxxxXxxFgxxn_DQ02_LeekSpin_Z_5510029E,2,0,16,600,108.0,105.0,101.5,1,2
1,pat27,d1700801P0422468C_RL_B0Fmm00_PB0PCcZNC0909_B64mA1la0R0vxxxxxx_000A07fBIsc_xBCxxxXxxFgxxn_DQ02_LeekSpin_Z_5510029E,2,1,17,600,109.5,105.36,101.0,1,2
1,pat27,d1700801P0422468C_RL_B0Fmm00_PB0PCcZNC0909_B64mA1la0R0vxxxxxx_000A07fBIsc_xBCxxxXxxFgxxn_DQ02_LeekSpin_Z_5510029E,2,2,18,600,103.0,101.12,99.5,1,14
1,pat27,d1700801P0422468C_RL_B0Fmm00_PB0PCcZNC0909_B64mA1la0R0vxxxxxx_000A07fBIsc_xBCxxxXxxFgxxn_DQ02_LeekSpin_Z_5510029E,2,3,19,600,102.5,100.88,99.0,1,9
1,pat27,d1700801P0422468C_RL_B0Fmm00_PB0PCcZNC0909_B64mA1la0R0vxxxxxx_000A07fBIsc_xBCxxxXxxFgxxn_DQ02_LeekSpin_Z_5510029E,2,4,20,600,109.5,104.17,101.0,1,11
1,pat27,d1700801P0422468C_RL_B0Fmm00_PB0PCcZNC0909_B64mA1la0R0vxxxxxx_000A07fBIsc_xBCxxxXxxFgxxn_DQ02_LeekSpin_Z_5510029E,2,5,21,600,107.5,104.63,101.5,1,11
1,pat27,d1700801P0422468C_RL_B0Fmm00_PB0PCcZNC0909_B64mA1la0R0vxxxxxx_000A07fBIsc_xBCxxxXxxFgxxn_DQ02_LeekSpin_Z_5510029E,2,6,22,600,104.0,101.54,99.0,0,8
1,pat27,d1700801P0422468C_RL_B0Fmm00_PB0PCcZNC0909_B64mA1la0R0vxxxxxx_000A07fBIsc_xBCxxxXxxFgxxn_DQ02_LeekSpin_Z_5510029E,2,7,23,600,102.0,100.48,99.0,0,8
1,pat27,d1700801P0422468C_RL_B0Fmm00_PB0PCcZNC0909_B64mA1la0R0vxxxxxx_000A07fBIsc_xBCxxxXxxFgxxn_DQ02_LeekSpin_Z_5510029E,3,0,24,600,105.5,103.43,101.0,1,9
1,pat27,d1700801P0422468C_RL_B0Fmm00_PB0PCcZNC0909_B64mA1la0R0vxxxxxx_000A07fBIsc_xBCxxxXxxFgxxn_DQ02_LeekSpin_Z_5510029E,3,1,25,600,106.0,103.34,101.0,0,0
1,pat27,d1700801P0422468C_RL_B0Fmm00_PB0PCcZNC0909_B64mA1la0R0vxxxxxx_000A07fBIsc_xBCxxxXxxFgxxn_DQ02_LeekSpin_Z_5510029E,3,2,26,600,104.0,101.73,100.0,0,6
1,pat27,d1700801P0422468C_RL_B0Fmm00_PB0PCcZNC0909_B64mA1la0R0vxxxxxx_000A07fBIsc_xBCxxxXxxFgxxn_DQ02_LeekSpin_Z_5510029E,3,3,27,600,103.0,101.08,99.5,0,8
1,pat27,d1700801P0422468C_RL_B0Fmm00_PB0PCcZNC0909_B64mA1la0R0vxxxxxx_000A07fBIsc_xBCxxxXxxFgxxn_DQ02_LeekSpin_Z_5510029E,3,4,28,600,109.0,104.54,100.5,1,2
1,pat27,d1700801P0422468C_RL_B0Fmm00_PB0PCcZNC0909_B64mA1la0R0vxxxxxx_000A07fBIsc_xBCxxxXxxFgxxn_DQ02_LeekSpin_Z_5510029E,3,5,29,600,106.5,103.92,101.5,1,11
1,pat27,d1700801P0422468C_RL_B0Fmm00_PB0PCcZNC0909_B64mA1la0R0vxxxxxx_000A07fBIsc_xBCxxxXxxFgxxn_DQ02_LeekSpin_Z_5510029E,3,6,30,600,103.0,101.56,100.0,0,6
1,pat27,d1700801P0422468C_RL_B0Fmm00_PB0PCcZNC0909_B64mA1la0R0vxxxxxx_000A07fBIsc_xBCxxxXxxFgxxn_DQ02_LeekSpin_Z_5510029E,3,7,31,600,104.0,101.5,99.5,0,8
1,pat28,d1683139P0421038C_RL_B0Fmm00_PB0PCcZNC0909_B64mA1la0R0vxxxxxx_000A07fBIsc_xBCxxxXxxFgxxn_DQ02_Blender_Z1J_55000071,0,0,0,600,109.0,104.3,99.5,1,11
1,pat28,d1683139P0421038C_RL_B0Fmm00_PB0PCcZNC0909_B64mA1la0R0vxxxxxx_000A07fBIsc_xBCxxxXxxFgxxn_DQ02_Blender_Z1J_55000071,0,1,1,600,110.0,104.59,100.0,1,11
1,pat28,d1683139P0421038C_RL_B0Fmm00_PB0PCcZNC0909_B64mA1la0R0vxxxxxx_000A07fBIsc_xBCxxxXxxFgxxn_DQ02_Blender_Z1J_55000071,0,2,2,600,101.5,100.41,99.5,0,5
1,pat28,d1683139P0421038C_RL_B0Fmm00_PB0PCcZNC0909_B64mA1la0R0vxxxxxx_000A07fBIsc_xBCxxxXxxFgxxn_DQ02_Blender_Z1J_55000071,0,3,3,600,100.5,99.34,97.5,0,8
1,pat28,d1683139P0421038C_RL_B0Fmm00_PB0PCcZNC0909_B64mA1la0R0vxxxxxx_000A07fBIsc_xBCxxxXxxFgxxn_DQ02_Blender_Z1J_55000071,0,4,4,600,109.5,104.63,101.0,1,11
1,pat28,d1683139P0421038C_RL_B0Fmm00_PB0PCcZNC0909_B64mA1la0R0vxxxxxx_000A07fBIsc_xBCxxxXxxFgxxn_DQ02_Blender_Z1J_55000071,0,5,5,600,110.5,105.44,101.0,1,11
1,pat28,d1683139P0421038C_RL_B0Fmm00_PB0PCcZNC0909_B64mA1la0R0vxxxxxx_000A07fBIsc_xBCxxxXxxFgxxn_DQ02_Blender_Z1J_55000071,0,6,6,600,102.0,100.71,99.5,1,2
1,pat28,d1683139P0421038C_RL_B0Fmm00_PB0PCcZNC0909_B64mA1la0R0vxxxxxx_000A07fBIsc_xBCxxxXxxFgxxn_DQ02_Blender_Z1J_55000071,0,7,7,600,101.0,99.81,98.0,1,8
1,pat28,d1683139P0421038C_RL_B0Fmm00_PB0PCcZNC0909_B64mA1la0R0vxxxxxx_000A07fBIsc_xBCxxxXxxFgxxn_DQ02_Blender_Z1J_55000071,1,0,8,600,107.0,103.92,100.5,1,9
1,pat28,d1683139P0421038C_RL_B0Fmm00_PB0PCcZNC0909_B64mA1la0R0vxxxxxx_000A07fBIsc_xBCxxxXxxFgxxn_DQ02_Blender_Z1J_55000071,1,1,9,600,106.0,103.6,100.0,1,11
1,pat28,d1683139P0421038C_RL_B0Fmm00_PB0PCcZNC0909_B64mA1la0R0vxxxxxx_000A07fBIsc_xBCxxxXxxFgxxn_DQ02_Blender_Z1J_55000071,1,2,10,600,102.0,100.67,99.5,0,8
1,pat28,d1683139P0421038C_RL_B0Fmm00_PB0PCcZNC0909_B64mA1la0R0vxxxxxx_000A07fBIsc_xBCxxxXxxFgxxn_DQ02_Blender_Z1J_55000071,1,3,11,600,101.5,100.61,99.0,1,7
1,pat28,d1683139P0421038C_RL_B0Fmm00_PB0PCcZNC0909_B64mA1la0R0vxxxxxx_000A07fBIsc_xBCxxxXxxFgxxn_DQ02_Blender_Z1J_55000071,1,4,12,600,107.0,103.87,101.0,1,11
1,pat28,d1683139P0421038C_RL_B0Fmm00_PB0PCcZNC0909_B64mA1la0R0vxxxxxx_000A07fBIsc_xBCxxxXxxFgxxn_DQ02_Blender_Z1J_55000071,1,5,13,600,107.5,104.44,100.5,1,2
1,pat28,d1683139P0421038C_RL_B0Fmm00_PB0PCcZNC0909_B64mA1la0R0vxxxxxx_000A07fBIsc_xBCxxxXxxFgxxn_DQ02_Blender_Z1J_55000071,1,6,14,600,103.0,101.18,99.0,0,8
1,pat28,d1683139P0421038C_RL_B0Fmm00_PB0PCcZNC0909_B64mA1la0R0vxxxxxx_000A07fBIsc_xBCxxxXxxFgxxn_DQ02_Blender_Z1J_55000071,1,7,15,600,102.5,100.2,98.5,0,8
1,pat28,d1683139P0421038C_RL_B0Fmm00_PB0PCcZNC0909_B64mA1la0R0vxxxxxx_000A07fBIsc_xBCxxxXxxFgxxn_DQ02_Blender_Z1J_55000071,2,0,16,600,108.5,105.21,101.5,1,11
1,pat28,d1683139P0421038C_RL_B0Fmm00_PB0PCcZNC0909_B64mA1la0R0vxxxxxx_000A07fBIsc_xBCxxxXxxFgxxn_DQ02_Blender_Z1J_55000071,2,1,17,600,109.5,105.64,102.0,1,2
1,pat28,d1683139P0421038C_RL_B0Fmm00_PB0PCcZNC0909_B64mA1la0R0vxxxxxx_000A07fBIsc_xBCxxxXxxFgxxn_DQ02_Blender_Z1J_55000071,2,2,18,600,103.0,101.2,99.5,1,14
1,pat28,d1683139P0421038C_RL_B0Fmm00_PB0PCcZNC0909_B64mA1la0R0vxxxxxx_000A07fBIsc_xBCxxxXxxFgxxn_DQ02_Blender_Z1J_55000071,2,3,19,600,102.5,100.83,99.0,1,11
1,pat28,d1683139P0421038C_RL_B0Fmm00_PB0PCcZNC0909_B64mA1la0R0vxxxxxx_000A07fBIsc_xBCxxxXxxFgxxn_DQ02_Blender_Z1J_55000071,2,4,20,600,109.5,104.29,101.5,1,11
1,pat28,d1683139P0421038C_RL_B0Fmm00_PB0PCcZNC0909_B64mA1la0R0vxxxxxx_000A07fBIsc_xBCxxxXxxFgxxn_DQ02_Blender_Z1J_55000071,2,5,21,600,107.5,104.78,101.5,1,2
1,pat28,d1683139P0421038C_RL_B0Fmm00_PB0PCcZNC0909_B64mA1la0R0vxxxxxx_000A07fBIsc_xBCxxxXxxFgxxn_DQ02_Blender_Z1J_55000071,2,6,22,600,104.0,101.53,99.5,0,8
1,pat28,d1683139P0421038C_RL_B0Fmm00_PB0PCcZNC0909_B64mA1la0R0vxxxxxx_000A07fBIsc_xBCxxxXxxFgxxn_DQ02_Blender_Z1J_55000071,2,7,23,600,102.0,100.46,99.0,0,8
1,pat28,d1683139P0421038C_RL_B0Fmm00_PB0PCcZNC0909_B64mA1la0R0vxxxxxx_000A07fBIsc_xBCxxxXxxFgxxn_DQ02_Blender_Z1J_55000071,3,0,24,600,105.5,103.62,101.0,1,0
1,pat28,d1683139P0421038C_RL_B0Fmm00_PB0PCcZNC0909_B64mA1la0R0vxxxxxx_000A07fBIsc_xBCxxxXxxFgxxn_DQ02_Blender_Z1J_55000071,3,1,25,600,105.5,103.47,101.0,0,0
1,pat28,d1683139P0421038C_RL_B0Fmm00_PB0PCcZNC0909_B64mA1la0R0vxxxxxx_000A07fBIsc_xBCxxxXxxFgxxn_DQ02_Blender_Z1J_55000071,3,2,26,600,104.0,101.79,100.0,0,6
1,pat28,d1683139P0421038C_RL_B0Fmm00_PB0PCcZNC0909_B64mA1la0R0vxxxxxx_000A07fBIsc_xBCxxxXxxFgxxn_DQ02_Blender_Z1J_55000071,3,3,27,600,102.5,100.96,99.5,0,8
1,pat28,d1683139P0421038C_RL_B0Fmm00_PB0PCcZNC0909_B64mA1la0R0vxxxxxx_000A07fBIsc_xBCxxxXxxFgxxn_DQ02_Blender_Z1J_55000071,3,4,28,600,107.5,104.65,100.5,1,9
1,pat28,d1683139P0421038C_RL_B0Fmm00_PB0PCcZNC0909_B64mA1la0R0vxxxxxx_000A07fBIsc_xBCxxxXxxFgxxn_DQ02_Blender_Z1J_55000071,3,5,29,600,107.0,104.03,101.5,1,0
1,pat28,d1683139P0421038C_RL_B0Fmm00_PB0PCcZNC0909_B64mA1la0R0vxxxxxx_000A07fBIsc_xBCxxxXxxFgxxn_DQ02_Blender_Z1J_55000071,3,6,30,600,104.0,101.54,100.0,0,14
1,pat28,d1683139P0421038C_RL_B0Fmm00_PB0PCcZNC0909_B64mA1la0R0vxxxxxx_000A07fBIsc_xBCxxxXxxFgxxn_DQ02_Blender_Z1J_55000071,3,7,31,600,103.5,101.46,100.0,0,8
1,pat29,d1682942P0420998C_RJ_B0Fmm00_PB0PCcZNC0909_B64mA1la0R0vxxxxxx_000A07fBIsc_xBCxxxXxxFgxxn_DQ02_Blender_Z1J_55000035,0,0,0,600,109.0,104.51,99.5,1,11
1,pat29,d1682942P0420998C_RJ_B0Fmm00_PB0PCcZNC0909_B64mA1la0R0vxxxxxx_000A07fBIsc_xBCxxxXxxFgxxn_DQ02_Blender_Z1J_55000035,0,1,1,600,110.0,104.81,100.5,1,2
1,pat29,d1682942P0420998C_RJ_B0Fmm00_PB0PCcZNC0909_B64mA1la0R0vxxxxxx_000A07fBIsc_xBCxxxXxxFgxxn_DQ02_Blender_Z1J_55000035,0,2,2,600,102.0,100.61,100.0,1,4
1,pat29,d1682942P0420998C_RJ_B0Fmm00_PB0PCcZNC0909_B64mA1la0R0vxxxxxx_000A07fBIsc_xBCxxxXxxFgxxn_DQ02_Blender_Z1J_55000035,0,3,3,600,101.0,99.38,98.0,0,14
1,pat29,d1682942P0420998C_RJ_B0Fmm00_PB0PCcZNC0909_B64mA1la0R0vxxxxxx_000A07fBIsc_xBCxxxXxxFgxxn_DQ02_Blender_Z1J_55000035,0,4,4,600,109.5,104.88,101.0,1,11
1,pat29,d1682942P0420998C_RJ_B0Fmm00_PB0PCcZNC0909_B64mA1la0R0vxxxxxx_000A07fBIsc_xBCxxxXxxFgxxn_DQ02_Blender_Z1J_55000035,0,5,5,600,110.0,105.61,101.5,1,11
1,pat29,d1682942P0420998C_RJ_B0Fmm00_PB0PCcZNC0909_B64mA1la0R0vxxxxxx_000A07fBIsc_xBCxxxXxxFgxxn_DQ02_Blender_Z1J_55000035,0,6,6,600,102.5,100.88,99.5,0,8
1,pat29,d1682942P0420998C_RJ_B0Fmm00_PB0PCcZNC0909_B64mA1la0R0vxxxxxx_000A07fBIsc_xBCxxxXxxFgxxn_DQ02_Blender_Z1J_55000035,0,7,7,600,101.5,99.86,98.5,0,6
1,pat29,d1682942P0420998C_RJ_B0Fmm00_PB0PCcZNC0909_B64mA1la0R0vxxxxxx_000A07fBIsc_xBCxxxXxxFgxxn_DQ02_Blender_Z1J_55000035,1,0,8,600,107.0,104.27,101.0,1,9
1,pat29,d1682942P0420998C_RJ_B0Fmm00_PB0PCcZNC0909_B64mA1la0R0vxxxxxx_000A07fBIsc_xBCxxxXxxFgxxn_DQ02_Blender_Z1J_55000035,1,1,9,600,106.0,103.8,100.5,0,13
1,pat29,d1682942P0420998C_RJ_B0Fmm00_PB0PCcZNC0909_B64mA1la0R0vxxxxxx_000A07fBIsc_xBCxxxXxxFgxxn_DQ02_Blender_Z1J_55000035,1,2,10,600,102.0,100.83,99.5,1,2
1,pat29,d1682942P0420998C_RJ_B0Fmm00_PB0PCcZNC0909_B64mA1la0R0vxxxxxx_000A07fBIsc_xBCxxxXxxFgxxn_DQ02_Blender_Z1J_55000035,1,3,11,600,102.0,100.66,99.0,0,8
1,pat29,d1682942P0420998C_RJ_B0Fmm00_PB0PCcZNC0909_B64mA1la0R0vxxxxxx_000A07fBIsc_xBCxxxXxxFgxxn_DQ02_Blender_Z1J_55000035,1,4,12,600,108.0,104.17,101.0,1,11
1,pat29,d1682942P0420998C_RJ_B0Fmm00_PB0PCcZNC0909_B64mA1la0R0vxxxxxx_000A07fBIsc_xBCxxxXxxFgxxn_DQ02_Blender_Z1J_55000035,1,5,13,600,108.0,104.68,100.5,1,2
1,pat29,d1682942P0420998C_RJ_B0Fmm00_PB0PCcZNC0909_B64mA1la0R0vxxxxxx_000A07fBIsc_xBCxxxXxxFgxxn_DQ02_Blender_Z1J_55000035,1,6,14,600,103.5,101.43,99.0,0,8
1,pat29,d1682942P0420998C_RJ_B0Fmm00_PB0PCcZNC0909_B64mA1la0R0vxxxxxx_000A07fBIsc_xBCxxxXxxFgxxn_DQ02_Blender_Z1J_55000035,1,7,15,600,102.5,100.23,98.5,0,14
1,pat29,d1682942P0420998C_RJ_B0Fmm00_PB0PCcZNC0909_B64mA1la0R0vxxxxxx_000A07fBIsc_xBCxxxXxxFgxxn_DQ02_Blender_Z1J_55000035,2,0,16,600,108.0,105.35,101.5,1,11
1,pat29,d1682942P0420998C_RJ_B0Fmm00_PB0PCcZNC0909_B64mA1la0R0vxxxxxx_000A07fBIsc_xBCxxxXxxFgxxn_DQ02_Blender_Z1J_55000035,2,1,17,600,109.5,105.71,102.5,1,2
1,pat29,d1682942P0420998C_RJ_B0Fmm00_PB0PCcZNC0909_B64mA1la0R0vxxxxxx_000A07fBIsc_xBCxxxXxxFgxxn_DQ02_Blender_Z1J_55000035,2,2,18,600,103.0,101.38,100.0,1,14
1,pat29,d1682942P0420998C_RJ_B0Fmm00_PB0PCcZNC0909_B64mA1la0R0vxxxxxx_000A07fBIsc_xBCxxxXxxFgxxn_DQ02_Blender_Z1J_55000035,2,3,19,600,102.5,100.93,99.5,1,4
1,pat29,d1682942P0420998C_RJ_B0Fmm00_PB0PCcZNC0909_B64mA1la0R0vxxxxxx_000A07fBIsc_xBCxxxXxxFgxxn_DQ02_Blender_Z1J_55000035,2,4,20,600,109.5,104.55,101.5,1,11
1,pat29,d1682942P0420998C_RJ_B0Fmm00_PB0PCcZNC0909_B64mA1la0R0vxxxxxx_000A07fBIsc_xBCxxxXxxFgxxn_DQ02_Blender_Z1J_55000035,2,5,21,600,107.5,104.88,102.0,1,11
1,pat29,d1682942P0420998C_RJ_B0Fmm00_PB0PCcZNC0909_B64mA1la0R0vxxxxxx_000A07fBIsc_xBCxxxXxxFgxxn_DQ02_Blender_Z1J_55000035,2,6,22,600,104.5,101.65,99.5,0,8
1,pat29,d1682942P0420998C_RJ_B0Fmm00_PB0PCcZNC0909_B64mA1la0R0vxxxxxx_000A07fBIsc_xBCxxxXxxFgxxn_DQ02_Blender_Z1J_55000035,2,7,23,600,102.0,100.56,98.5,0,8
1,pat29,d1682942P0420998C_RJ_B0Fmm00_PB0PCcZNC0909_B64mA1la0R0vxxxxxx_000A07fBIsc_xBCxxxXxxFgxxn_DQ02_Blender_Z1J_55000035,3,0,24,600,105.5,103.83,101.5,1,0
1,pat29,d1682942P0420998C_RJ_B0Fmm00_PB0PCcZNC0909_B64mA1la0R0vxxxxxx_000A07fBIsc_xBCxxxXxxFgxxn_DQ02_Blender_Z1J_55000035,3,1,25,600,106.0,103.59,101.0,0,10
1,pat29,d1682942P0420998C_RJ_B0Fmm00_PB0PCcZNC0909_B64mA1la0R0vxxxxxx_000A07fBIsc_xBCxxxXxxFgxxn_DQ02_Blender_Z1J_55000035,3,2,26,600,103.5,101.9,100.5,0,6
1,pat29,d1682942P0420998C_RJ_B0Fmm00_PB0PCcZNC0909_B64mA1la0R0vxxxxxx_000A07fBIsc_xBCxxxXxxFgxxn_DQ02_Blender_Z1J_55000035,3,3,27,600,103.0,101.11,99.5,0,8
1,pat29,d1682942P0420998C_RJ_B0Fmm00_PB0PCcZNC0909_B64mA1la0R0vxxxxxx_000A07fBIsc_xBCxxxXxxFgxxn_DQ02_Blender_Z1J_55000035,3,4,28,600,109.0,104.81,101.0,1,2
1,pat29,d1682942P0420998C_RJ_B0Fmm00_PB0PCcZNC0909_B64mA1la0R0vxxxxxx_000A07fBIsc_xBCxxxXxxFgxxn_DQ02_Blender_Z1J_55000035,3,5,29,600,106.5,104.17,102.0,1,0
1,pat29,d1682942P0420998C_RJ_B0Fmm00_PB0PCcZNC0909_B64mA1la0R0vxxxxxx_000A07fBIsc_xBCxxxXxxFgxxn_DQ02_Blender_Z1J_55000035,3,6,30,600,103.5,101.7,100.5,0,8
1,pat29,d1682942P0420998C_RJ_B0Fmm00_PB0PCcZNC0909_B64mA1la0R0vxxxxxx_000A07fBIsc_xBCxxxXxxFgxxn_DQ02_Blender_Z1J_55000035,3,7,31,600,104.0,101.54,100.0,0,8
1,pat30,d1684369P0421610C_RL_B0Fmm00_PB0PCcZNC0909_B64mA1la0R0vxxxxxx_000A07fBIsc_xBCxxxXxxFgxxn_DQ02_Blender_A1J_55000048,0,0,0,600,108.5,103.76,98.5,1,11
1,pat30,d1684369P0421610C_RL_B0Fmm00_PB0PCcZNC0909_B64mA1la0R0vxxxxxx_000A07fBIsc_xBCxxxXxxFgxxn_DQ02_Blender_A1J_55000048,0,1,1,600,109.5,104.03,100.0,1,11
1,pat30,d1684369P0421610C_RL_B0Fmm00_PB0PCcZNC0909_B64mA1la0R0vxxxxxx_000A07fBIsc_xBCxxxXxxFgxxn_DQ02_Blender_A1J_55000048,0,2,2,600,101.5,100.33,99.0,0,5
1,pat30,d1684369P0421610C_RL_B0Fmm00_PB0PCcZNC0909_B64mA1la0R0vxxxxxx_000A07fBIsc_xBCxxxXxxFgxxn_DQ02_Blender_A1J_55000048,0,3,3,600,101.0,99.3,97.5,0,8
1,pat30,d1684369P0421610C_RL_B0Fmm00_PB0PCcZNC0909_B64mA1la0R0vxxxxxx_000A07fBIsc_xBCxxxXxxFgxxn_DQ02_Blender_A1J_55000048,0,4,4,600,109.0,104.16,100.5,1,11
1,pat30,d1684369P0421610C_RL_B0Fmm00_PB0PCcZNC0909_B64mA1la0R0vxxxxxx_000A07fBIsc_xBCxxxXxxFgxxn_DQ02_Blender_A1J_55000048,0,5,5,600,110.0,104.81,100.5,1,11
1,pat30,d1684369P0421610C_RL_B0Fmm00_PB0PCcZNC0909_B64mA1la0R0vxxxxxx_000A07fBIsc_xBCxxxXxxFgxxn_DQ02_Blender_A1J_55000048,0,6,6,600,102.5,100.65,99.0,0,8
1,pat30,d1684369P0421610C_RL_B0Fmm00_PB0PCcZNC0909_B64mA1la0R0vxxxxxx_000A07fBIsc_xBCxxxXxxFgxxn_DQ02_Blender_A1J_55000048,0,7,7,600,101.0,99.69,98.0,1,6
1,pat30,d1684369P0421610C_RL_B0Fmm00_PB0PCcZNC0909_B64mA1la0R0vxxxxxx_000A07fBIsc_xBCxxxXxxFgxxn_DQ02_Blender_A1J_55000048,1,0,8,600,106.5,103.43,99.5,1,11
1,pat30,d1684369P0421610C_RL_B0Fmm00_PB0PCcZNC0909_B64mA1la0R0vxxxxxx_000A07fBIsc_xBCxxxXxxFgxxn_DQ02_Blender_A1J_55000048,1,1,9,600,106.0,103.16,99.5,1,11
1,pat30,d1684369P0421610C_RL_B0Fmm00_PB0PCcZNC0909_B64mA1la0R0vxxxxxx_000A07fBIsc_xBCxxxXxxFgxxn_DQ02_Blender_A1J_55000048,1,2,10,600,102.0,100.53,99.0,1,2
1,pat30,d1684369P0421610C_RL_B0Fmm00_PB0PCcZNC0909_B64mA1la0R0vxxxxxx_000A07fBIsc_xBCxxxXxxFgxxn_DQ02_Blender_A1J_55000048,1,3,11,600,101.5,100.54,98.5,1,7
1,pat30,d1684369P0421610C_RL_B0Fmm00_PB0PCcZNC0909_B64mA1la0R0vxxxxxx_000A07fBIsc_xBCxxxXxxFgxxn_DQ02_Blender_A1J_55000048,1,4,12,600,107.0,103.49,100.5,0,11
1,pat30,d1684369P0421610C_RL_B0Fmm00_PB0PCcZNC0909_B64mA1la0R0vxxxxxx_000A07fBIsc_xBCxxxXxxFgxxn_DQ02_Blender_A1J_55000048,1,5,13,600,107.5,104.01,100.5,1,11
1,pat30,d1684369P0421610C_RL_B0Fmm00_PB0PCcZNC0909_B64mA1la0R0vxxxxxx_000A07fBIsc_xBCxxxXxxFgxxn_DQ02_Blender_A1J_55000048,1,6,14,600,103.5,101.14,98.5,0,8
1,pat30,d1684369P0421610C_RL_B0Fmm00_PB0PCcZNC0909_B64mA1la0R0vxxxxxx_000A07fBIsc_xBCxxxXxxFgxxn_DQ02_Blender_A1J_55000048,1,7,15,600,102.5,100.16,98.0,0,8
1,pat30,d1684369P0421610C_RL_B0Fmm00_PB0PCcZNC0909_B64mA1la0R0vxxxxxx_000A07fBIsc_xBCxxxXxxFgxxn_DQ02_Blender_A1J_55000048,2,0,16,600,108.0,104.72,101.5,1,11
1,pat30,d1684369P0421610C_RL_B0Fmm00_PB0PCcZNC0909_B64mA1la0R0vxxxxxx_000A07fBIsc_xBCxxxXxxFgxxn_DQ02_Blender_A1J_55000048,2,1,17,600,109.0,105.1,101.0,1,2
1,pat30,d1684369P0421610C_RL_B0Fmm00_PB0PCcZNC0909_B64mA1la0R0vxxxxxx_000A07fBIsc_xBCxxxXxxFgxxn_DQ02_Blender_A1J_55000048,2,2,18,600,103.0,101.15,99.5,1,14
1,pat30,d1684369P0421610C_RL_B0Fmm00_PB0PCcZNC0909_B64mA1la0R0vxxxxxx_000A07fBIsc_xBCxxxXxxFgxxn_DQ02_Blender_A1J_55000048,2,3,19,600,102.5,100.92,99.0,1,11
1,pat30,d1684369P0421610C_RL_B0Fmm00_PB0PCcZNC0909_B64mA1la0R0vxxxxxx_000A07fBIsc_xBCxxxXxxFgxxn_DQ02_Blender_A1J_55000048,2,4,20,600,109.5,104.0,101.0,1,11
1,pat30,d1684369P0421610C_RL_B0Fmm00_PB0PCcZNC0909_B64mA1la0R0vxxxxxx_000A07fBIsc_xBCxxxXxxFgxxn_DQ02_Blender_A1J_55000048,2,5,21,600,107.5,104.32,101.5,1,11
1,pat30,d1684369P0421610C_RL_B0Fmm00_PB0PCcZNC0909_B64mA1la0R0vxxxxxx_000A07fBIsc_xBCxxxXxxFgxxn_DQ02_Blender_A1J_55000048,2,6,22,600,104.0,101.53,99.5,0,8
1,pat30,d1684369P0421610C_RL_B0Fmm00_PB0PCcZNC0909_B64mA1la0R0vxxxxxx_000A07fBIsc_xBCxxxXxxFgxxn_DQ02_Blender_A1J_55000048,2,7,23,600,102.0,100.41,98.5,0,8
1,pat30,d1684369P0421610C_RL_B0Fmm00_PB0PCcZNC0909_B64mA1la0R0vxxxxxx_000A07fBIsc_xBCxxxXxxFgxxn_DQ02_Blender_A1J_55000048,3,0,24,600,106.0,103.34,101.0,1,11
1,pat30,d1684369P0421610C_RL_B0Fmm00_PB0PCcZNC0909_B64mA1la0R0vxxxxxx_000A07fBIsc_xBCxxxXxxFgxxn_DQ02_Blender_A1J_55000048,3,1,25,600,105.0,103.17,101.0,0,11
1,pat30,d1684369P0421610C_RL_B0Fmm00_PB0PCcZNC0909_B64mA1la0R0vxxxxxx_000A07fBIsc_xBCxxxXxxFgxxn_DQ02_Blender_A1J_55000048,3,2,26,600,103.5,101.67,99.5,0,6
1,pat30,d1684369P0421610C_RL_B0Fmm00_PB0PCcZNC0909_B64mA1la0R0vxxxxxx_000A07fBIsc_xBCxxxXxxFgxxn_DQ02_Blender_A1J_55000048,3,3,27,600,103.0,101.07,99.5,0,8
1,pat30,d1684369P0421610C_RL_B0Fmm00_PB0PCcZNC0909_B64mA1la0R0vxxxxxx_000A07fBIsc_xBCxxxXxxFgxxn_DQ02_Blender_A1J_55000048,3,4,28,600,107.5,104.25,100.5,1,11
1,pat30,d1684369P0421610C_RL_B0Fmm00_PB0PCcZNC0909_B64mA1la0R0vxxxxxx_000A07fBIsc_xBCxxxXxxFgxxn_DQ02_Blender_A1J_55000048,3,5,29,600,106.0,103.74,101.5,0,11
1,pat30,d1684369P0421610C_RL_B0Fmm00_PB0PCcZNC0909_B64mA1la0R0vxxxxxx_000A07fBIsc_xBCxxxXxxFgxxn_DQ02_Blender_A1J_55000048,3,6,30,600,103.0,101.56,100.0,0,5
1,pat30,d1684369P0421610C_RL_B0Fmm00_PB0PCcZNC0909_B64mA1la0R0vxxxxxx_000A07fBIsc_xBCxxxXxxFgxxn_DQ02_Blender_A1J_55000048,3,7,31,600,103.5,101.44,99.5,0,8
1,pat31,d1700648P0422247C_RL_B0Fmm00_PB0PCcZNC0909_B64mA1la0R0vxxxxxx_000A07fBIsc_xBCxxxXxxFgxxn_DQ02_Aes_DZ_55100008,0,0,0,600,108.5,103.77,99.5,1,2
1,pat31,d1700648P0422247C_RL_B0Fmm00_PB0PCcZNC0909_B64mA1la0R0vxxxxxx_000A07fBIsc_xBCxxxXxxFgxxn_DQ02_Aes_DZ_55100008,0,1,1,600,109.0,104.25,100.0,1,11
1,pat31,d1700648P0422247C_RL_B0Fmm00_PB0PCcZNC0909_B64mA1la0R0vxxxxxx_000A07fBIsc_xBCxxxXxxFgxxn_DQ02_Aes_DZ_55100008,0,2,2,600,102.0,100.36,99.0,0,14
1,pat31,d1700648P0422247C_RL_B0Fmm00_PB0PCcZNC0909_B64mA1la0R0vxxxxxx_000A07fBIsc_xBCxxxXxxFgxxn_DQ02_Aes_DZ_55100008,0,3,3,600,101.0,99.27,98.0,0,8
1,pat31,d1700648P0422247C_RL_B0Fmm00_PB0PCcZNC0909_B64mA1la0R0vxxxxxx_000A07fBIsc_xBCxxxXxxFgxxn_DQ02_Aes_DZ_55100008,0,4,4,600,109.0,104.19,101.0,1,11
1,pat31,d1700648P0422247C_RL_B0Fmm00_PB0PCcZNC0909_B64mA1la0R0vxxxxxx_000A07fBIsc_xBCxxxXxxFgxxn_DQ02_Aes_DZ_55100008,0,5,5,600,109.0,105.05,100.5,1,2
1,pat31,d1700648P0422247C_RL_B0Fmm00_PB0PCcZNC0909_B64mA1la0R0vxxxxxx_000A07fBIsc_xBCxxxXxxFgxxn_DQ02_Aes_DZ_55100008,0,6,6,600,102.0,100.58,99.0,1,2
1,pat31,d1700648P0422247C_RL_B0Fmm00_PB0PCcZNC0909_B64mA1la0R0vxxxxxx_000A07fBIsc_xBCxxxXxxFgxxn_DQ02_Aes_DZ_55100008,0,7,7,600,101.0,99.63,98.0,1,6
1,pat31,d1700648P0422247C_RL_B0Fmm00_PB0PCcZNC0909_B64mA1la0R0vxxxxxx_000A07fBIsc_xBCxxxXxxFgxxn_DQ02_Aes_DZ_55100008,1,0,8,600,106.0,103.41,100.5,1,9
1,pat31,d1700648P0422247C_RL_B0Fmm00_PB0PCcZNC0909_B64mA1la0R0vxxxxxx_000A07fBIsc_xBCxxxXxxFgxxn_DQ02_Aes_DZ_55100008,1,1,9,600,106.0,103.21,100.0,0,13
1,pat31,d1700648P0422247C_RL_B0Fmm00_PB0PCcZNC0909_B64mA1la0R0vxxxxxx_000A07fBIsc_xBCxxxXxxFgxxn_DQ02_Aes_DZ_55100008,1,2,10,600,102.0,100.48,99.0,1,2
1,pat31,d1700648P0422247C_RL_B0Fmm00_PB0PCcZNC0909_B64mA1la0R0vxxxxxx_000A07fBIsc_xBCxxxXxxFgxxn_DQ02_Aes_DZ_55100008,1,3,11,600,101.5,100.47,99.0,0,8
1,pat31,d1700648P0422247C_RL_B0Fmm00_PB0PCcZNC0909_B64mA1la0R0vxxxxxx_000A07fBIsc_xBCxxxXxxFgxxn_DQ02_Aes_DZ_55100008,1,4,12,600,106.5,103.44,100.5,0,11
1,pat31,d1700648P0422247C_RL_B0Fmm00_PB0PCcZNC0909_B64mA1la0R0vxxxxxx_000A07fBIsc_xBCxxxXxxFgxxn_DQ02_Aes_DZ_55100008,1,5,13,600,107.0,104.07,100.5,1,2
1,pat31,d1700648P0422247C_RL_B0Fmm00_PB0PCcZNC0909_B64mA1la0R0vxxxxxx_000A07fBIsc_xBCxxxXxxFgxxn_DQ02_Aes_DZ_55100008,1,6,14,600,103.0,101.01,98.5,0,8
1,pat31,d1700648P0422247C_RL_B0Fmm00_PB0PCcZNC0909_B64mA1la0R0vxxxxxx_000A07fBIsc_xBCxxxXxxFgxxn_DQ02_Aes_DZ_55100008,1,7,15,600,102.5,100.1,98.0,0,8
1,pat31,d1700648P0422247C_RL_B0Fmm00_PB0PCcZNC0909_B64mA1la0R0vxxxxxx_000A07fBIsc_xBCxxxXxxFgxxn_DQ02_Aes_DZ_55100008,2,0,16,600,107.5,104.78,101.5,1,11
1,pat31,d1700648P0422247C_RL_B0Fmm00_PB0PCcZNC0909_B64mA1la0R0vxxxxxx_000A07fBIsc_xBCxxxXxxFgxxn_DQ02_Aes_DZ_55100008,2,1,17,600,108.5,104.96,101.5,1,2
1,pat31,d1700648P0422247C_RL_B0Fmm00_PB0PCcZNC0909_B64mA1la0R0vxxxxxx_000A07fBIsc_xBCxxxXxxFgxxn_DQ02_Aes_DZ_55100008,2,2,18,600,103.0,101.14,99.5,1,14
1,pat31,d1700648P0422247C_RL_B0Fmm00_PB0PCcZNC0909_B64mA1la0R0vxxxxxx_000A07fBIsc_xBCxxxXxxFgxxn_DQ02_Aes_DZ_55100008,2,3,19,600,102.5,100.77,99.0,1,4
1,pat31,d1700648P0422247C_RL_B0Fmm00_PB0PCcZNC0909_B64mA1la0R0vxxxxxx_000A07fBIsc_xBCxxxXxxFgxxn_DQ02_Aes_DZ_55100008,2,4,20,600,109.0,103.91,101.0,1,11
1,pat31,d1700648P0422247C_RL_B0Fmm00_PB0PCcZNC0909_B64mA1la0R0vxxxxxx_000A07fBIsc_xBCxxxXxxFgxxn_DQ02_Aes_DZ_55100008,2,5,21,600,107.0,104.3,101.5,1,11
1,pat31,d1700648P0422247C_RL_B0Fmm00_PB0PCcZNC0909_B64mA1la0R0vxxxxxx_000A07fBIsc_xBCxxxXxxFgxxn_DQ02_Aes_DZ_55100008,2,6,22,600,103.5,101.32,99.0,0,8
1,pat31,d1700648P0422247C_RL_B0Fmm00_PB0PCcZNC0909_B64mA1la0R0vxxxxxx_000A07fBIsc_xBCxxxXxxFgxxn_DQ02_Aes_DZ_55100008,2,7,23,600,102.0,100.35,98.5,0,8
1,pat31,d1700648P0422247C_RL_B0Fmm00_PB0PCcZNC0909_B64mA1la0R0vxxxxxx_000A07fBIsc_xBCxxxXxxFgxxn_DQ02_Aes_DZ_55100008,3,0,24,600,105.0,103.31,101.0,1,9
1,pat31,d1700648P0422247C_RL_B0Fmm00_PB0PCcZNC0909_B64mA1la0R0vxxxxxx_000A07fBIsc_xBCxxxXxxFgxxn_DQ02_Aes_DZ_55100008,3,1,25,600,105.0,103.08,101.0,1,13
1,pat31,d1700648P0422247C_RL_B0Fmm00_PB0PCcZNC0909_B64mA1la0R0vxxxxxx_000A07fBIsc_xBCxxxXxxFgxxn_DQ02_Aes_DZ_55100008,3,2,26,600,103.0,101.57,100.0,0,8
1,pat31,d1700648P0422247C_RL_B0Fmm00_PB0PCcZNC0909_B64mA1la0R0vxxxxxx_000A07fBIsc_xBCxxxXxxFgxxn_DQ02_Aes_DZ_55100008,3,3,27,600,103.5,101.05,99.5,0,8
1,pat31,d1700648P0422247C_RL_B0Fmm00_PB0PCcZNC0909_B64mA1la0R0vxxxxxx_000A07fBIsc_xBCxxxXxxFgxxn_DQ02_Aes_DZ_55100008,3,4,28,600,107.5,104.18,100.5,1,11
1,pat31,d1700648P0422247C_RL_B0Fmm00_PB0PCcZNC0909_B64mA1la0R0vxxxxxx_000A07fBIsc_xBCxxxXxxFgxxn_DQ02_Aes_DZ_55100008,3,5,29,600,105.5,103.62,101.5,1,0
1,pat31,d1700648P0422247C_RL_B0Fmm00_PB0PCcZNC0909_B64mA1la0R0vxxxxxx_000A07fBIsc_xBCxxxXxxFgxxn_DQ02_Aes_DZ_55100008,3,6,30,600,105.5,101.49,100.0,0,14
1,pat31,d1700648P0422247C_RL_B0Fmm00_PB0PCcZNC0909_B64mA1la0R0vxxxxxx_000A07fBIsc_xBCxxxXxxFgxxn_DQ02_Aes_DZ_55100008,3,7,31,600,104.0,101.25,99.5,0,8
1,pat32,d1682976P0421009C_RJ_B0Fmm00_PB0PCcZNC0909_B64mA1la0R0vxxxxxx_000A07fBIsc_xBCxxxXxxFgxxn_DQ02_Blender_Z1J_55000047,0,0,0,600,109.0,103.93,99.5,1,11
1,pat32,d1682976P0421009C_RJ_B0Fmm00_PB0PCcZNC0909_B64mA1la0R0vxxxxxx_000A07fBIsc_xBCxxxXxxFgxxn_DQ02_Blender_Z1J_55000047,0,1,1,600,110.0,104.4,100.0,1,2
1,pat32,d1682976P0421009C_RJ_B0Fmm00_PB0PCcZNC0909_B64mA1la0R0vxxxxxx_000A07fBIsc_xBCxxxXxxFgxxn_DQ02_Blender_Z1J_55000047,0,2,2,600,101.5,100.44,99.5,0,14
1,pat32,d1682976P0421009C_RJ_B0Fmm00_PB0PCcZNC0909_B64mA1la0R0vxxxxxx_000A07fBIsc_xBCxxxXxxFgxxn_DQ02_Blender_Z1J_55000047,0,3,3,600,101.0,99.39,98.0,0,8
1,pat32,d1682976P0421009C_RJ_B0Fmm00_PB0PCcZNC0909_B64mA1la0R0vxxxxxx_000A07fBIsc_xBCxxxXxxFgxxn_DQ02_Blender_Z1J_55000047,0,4,4,600,109.5,104.36,101.0,1,11
1,pat32,d1682976P0421009C_RJ_B0Fmm00_PB0PCcZNC0909_B64mA1la0R0vxxxxxx_000A07fBIsc_xBCxxxXxxFgxxn_DQ02_Blender_Z1J_55000047,0,5,5,600,110.5,105.28,101.5,1,11
1,pat32,d1682976P0421009C_RJ_B0Fmm00_PB0PCcZNC0909_B64mA1la0R0vxxxxxx_000A07fBIsc_xBCxxxXxxFgxxn_DQ02_Blender_Z1J_55000047,0,6,6,600,102.5,100.69,99.0,0,8
1,pat32,d1682976P0421009C_RJ_B0Fmm00_PB0PCcZNC0909_B64mA1la0R0vxxxxxx_000A07fBIsc_xBCxxxXxxFgxxn_DQ02_Blender_Z1J_55000047,0,7,7,600,101.0,99.81,98.0,1,6
1,pat32,d1682976P0421009C_RJ_B0Fmm00_PB0PCcZNC0909_B64mA1la0R0vxxxxxx_000A07fBIsc_xBCxxxXxxFgxxn_DQ02_Blender_Z1J_55000047,1,0,8,600,106.5,103.55,100.5,1,11
1,pat32,d1682976P0421009C_RJ_B0Fmm00_PB0PCcZNC0909_B64mA1la0R0vxxxxxx_000A07fBIsc_xBCxxxXxxFgxxn_DQ02_Blender_Z1J_55000047,1,1,9,600,106.5,103.27,100.5,1,11
1,pat32,d1682976P0421009C_RJ_B0Fmm00_PB0PCcZNC0909_B64mA1la0R0vxxxxxx_000A07fBIsc_xBCxxxXxxFgxxn_DQ02_Blender_Z1J_55000047,1,2,10,600,102.0,100.66,99.5,1,2
1,pat32,d1682976P0421009C_RJ_B0Fmm00_PB0PCcZNC0909_B64mA1la0R0vxxxxxx_000A07fBIsc_xBCxxxXxxFgxxn_DQ02_Blender_Z1J_55000047,1,3,11,600,101.5,100.55,99.0,0,8
1,pat32,d1682976P0421009C_RJ_B0Fmm00_PB0PCcZNC0909_B64mA1la0R0vxxxxxx_000A07fBIsc_xBCxxxXxxFgxxn_DQ02_Blender_Z1J_55000047,1,4,12,600,107.0,103.64,101.0,1,11
1,pat32,d1682976P0421009C_RJ_B0Fmm00_PB0PCcZNC0909_B64mA1la0R0vxxxxxx_000A07fBIsc_xBCxxxXxxFgxxn_DQ02_Blender_Z1J_55000047,1,5,13,600,108.0,104.29,100.5,1,2
1,pat32,d1682976P0421009C_RJ_B0Fmm00_PB0PCcZNC0909_B64mA1la0R0vxxxxxx_000A07fBIsc_xBCxxxXxxFgxxn_DQ02_Blender_Z1J_55000047,1,6,14,600,103.0,101.19,99.0,0,1
1,pat32,d1682976P0421009C_RJ_B0Fmm00_PB0PCcZNC0909_B64mA1la0R0vxxxxxx_000A07fBIsc_xBCxxxXxxFgxxn_DQ02_Blender_Z1J_55000047,1,7,15,600,102.5,100.23,98.5,0,8
1,pat32,d1682976P0421009C_RJ_B0Fmm00_PB0PCcZNC0909_B64mA1la0R0vxxxxxx_000A07fBIsc_xBCxxxXxxFgxxn_DQ02_Blender_Z1J_55000047,2,0,16,600,108.0,104.99,102.0,1,11
1,pat32,d1682976P0421009C_RJ_B0Fmm00_PB0PCcZNC0909_B64mA1la0R0vxxxxxx_000A07fBIsc_xBCxxxXxxFgxxn_DQ02_Blender_Z1J_55000047,2,1,17,600,109.5,105.2,101.5,1,11
1,pat32,d1682976P0421009C_RJ_B0Fmm00_PB0PCcZNC0909_B64mA1la0R0vxxxxxx_000A07fBIsc_xBCxxxXxxFgxxn_DQ02_Blender_Z1J_55000047,2,2,18,600,103.0,101.33,100.0,1,14
1,pat32,d1682976P0421009C_RJ_B0Fmm00_PB0PCcZNC0909_B64mA1la0R0vxxxxxx_000A07fBIsc_xBCxxxXxxFgxxn_DQ02_Blender_Z1J_55000047,2,3,19,600,102.5,100.89,99.5,1,11
1,pat32,d1682976P0421009C_RJ_B0Fmm00_PB0PCcZNC0909_B64mA1la0R0vxxxxxx_000A07fBIsc_xBCxxxXxxFgxxn_DQ02_Blender_Z1J_55000047,2,4,20,600,109.5,104.07,101.5,1,11
1,pat32,d1682976P0421009C_RJ_B0Fmm00_PB0PCcZNC0909_B64mA1la0R0vxxxxxx_000A07fBIsc_xBCxxxXxxFgxxn_DQ02_Blender_Z1J_55000047,2,5,21,600,107.5,104.53,102.0,1,2
1,pat32,d1682976P0421009C_RJ_B0Fmm00_PB0PCcZNC0909_B64mA1la0R0vxxxxxx_000A07fBIsc_xBCxxxXxxFgxxn_DQ02_Blender_Z1J_55000047,2,6,22,600,104.0,101.46,99.5,0,8
1,pat32,d1682976P0421009C_RJ_B0Fmm00_PB0PCcZNC0909_B64mA1la0R0vxxxxxx_000A07fBIsc_xBCxxxXxxFgxxn_DQ02_Blender_Z1J_55000047,2,7,23,600,102.0,100.52,98.5,0,8
1,pat32,d1682976P0421009C_RJ_B0Fmm00_PB0PCcZNC0909_B64mA1la0R0vxxxxxx_000A07fBIsc_xBCxxxXxxFgxxn_DQ02_Blender_Z1J_55000047,3,0,24,600,106.0,103.55,101.5,1,11
1,pat32,d1682976P0421009C_RJ_B0Fmm00_PB0PCcZNC0909_B64mA1la0R0vxxxxxx_000A07fBIsc_xBCxxxXxxFgxxn_DQ02_Blender_Z1J_55000047,3,1,25,600,105.5,103.28,101.0,0,11
1,pat32,d1682976P0421009C_RJ_B0Fmm00_PB0PCcZNC0909_B64mA1la0R0vxxxxxx_000A07fBIsc_xBCxxxXxxFgxxn_DQ02_Blender_Z1J_55000047,3,2,26,600,103.5,101.79,100.0,0,6
1,pat32,d1682976P0421009C_RJ_B0Fmm00_PB0PCcZNC0909_B64mA1la0R0vxxxxxx_000A07fBIsc_xBCxxxXxxFgxxn_DQ02_Blender_Z1J_55000047,3,3,27,600,103.0,101.1,99.5,0,8
1,pat32,d1682976P0421009C_RJ_B0Fmm00_PB0PCcZNC0909_B64mA1la0R0vxxxxxx_000A07fBIsc_xBCxxxXxxFgxxn_DQ02_Blender_Z1J_55000047,3,4,28,600,107.5,104.37,100.5,1,11
1,pat32,d1682976P0421009C_RJ_B0Fmm00_PB0PCcZNC0909_B64mA1la0R0vxxxxxx_000A07fBIsc_xBCxxxXxxFgxxn_DQ02_Blender_Z1J_55000047,3,5,29,600,106.0,103.69,101.5,1,11
1,pat32,d1682976P0421009C_RJ_B0Fmm00_PB0PCcZNC0909_B64mA1la0R0vxxxxxx_000A07fBIsc_xBCxxxXxxFgxxn_DQ02_Blender_Z1J_55000047,3,6,30,600,103.0,101.63,100.5,0,8
1,pat32,d1682976P0421009C_RJ_B0Fmm00_PB0PCcZNC0909_B64mA1la0R0vxxxxxx_000A07fBIsc_xBCxxxXxxFgxxn_DQ02_Blender_Z1J_55000047,3,7,31,600,104.0,101.45,100.0,0,8
1,pat33,d1683985P0421352C_RL_B0Fmm00_PB0PCcZNC0909_B64mA1la0R0vxxxxxx_000A07fBIsc_xBCxxxXxxFgxxn_DQ02_FRM_SqrtSZ_5500022B,0,0,0,600,109.0,103.77,99.5,1,11
1,pat33,d1683985P0421352C_RL_B0Fmm00_PB0PCcZNC0909_B64mA1la0R0vxxxxxx_000A07fBIsc_xBCxxxXxxFgxxn_DQ02_FRM_SqrtSZ_5500022B,0,1,1,600,109.5,104.16,100.0,1,11
1,pat33,d1683985P0421352C_RL_B0Fmm00_PB0PCcZNC0909_B64mA1la0R0vxxxxxx_000A07fBIsc_xBCxxxXxxFgxxn_DQ02_FRM_SqrtSZ_5500022B,0,2,2,600,101.5,100.3,99.5,0,14
1,pat33,d1683985P0421352C_RL_B0Fmm00_PB0PCcZNC0909_B64mA1la0R0vxxxxxx_000A07fBIsc_xBCxxxXxxFgxxn_DQ02_FRM_SqrtSZ_5500022B,0,3,3,600,101.0,99.45,98.0,0,8
1,pat33,d1683985P0421352C_RL_B0Fmm00_PB0PCcZNC0909_B64mA1la0R0vxxxxxx_000A07fBIsc_xBCxxxXxxFgxxn_DQ02_FRM_SqrtSZ_5500022B,0,4,4,600,109.0,104.27,100.5,1,11
1,pat33,d1683985P0421352C_RL_B0Fmm00_PB0PCcZNC0909_B64mA1la0R0vxxxxxx_000A07fBIsc_xBCxxxXxxFgxxn_DQ02_FRM_SqrtSZ_5500022B,0,5,5,600,110.0,105.05,101.0,1,11
1,pat33,d1683985P0421352C_RL_B0Fmm00_PB0PCcZNC0909_B64mA1la0R0vxxxxxx_000A07fBIsc_xBCxxxXxxFgxxn_DQ02_FRM_SqrtSZ_5500022B,0,6,6,600,102.0,100.55,99.0,1,2
1,pat33,d1683985P0421352C_RL_B0Fmm00_PB0PCcZNC0909_B64mA1la0R0vxxxxxx_000A07fBIsc_xBCxxxXxxFgxxn_DQ02_FRM_SqrtSZ_5500022B,0,7,7,600,101.0,99.78,98.5,1,8
1,pat33,d1683985P0421352C_RL_B0Fmm00_PB0PCcZNC0909_B64mA1la0R0vxxxxxx_000A07fBIsc_xBCxxxXxxFgxxn_DQ02_FRM_SqrtSZ_5500022B,1,0,8,600,106.0,103.5,101.0,1,2
1,pat33,d1683985P0421352C_RL_B0Fmm00_PB0PCcZNC0909_B64mA1la0R0vxxxxxx_000A07fBIsc_xBCxxxXxxFgxxn_DQ02_FRM_SqrtSZ_5500022B,1,1,9,600,106.0,103.16,100.0,0,13
1,pat33,d1683985P0421352C_RL_B0Fmm00_PB0PCcZNC0909_B64mA1la0R0vxxxxxx_000A07fBIsc_xBCxxxXxxFgxxn_DQ02_FRM_SqrtSZ_5500022B,1,2,10,600,102.0,100.66,99.0,1,2
1,pat33,d1683985P0421352C_RL_B0Fmm00_PB0PCcZNC0909_B64mA1la0R0vxxxxxx_000A07fBIsc_xBCxxxXxxFgxxn_DQ02_FRM_SqrtSZ_5500022B,1,3,11,600,101.5,100.49,98.5,0,8
1,pat33,d1683985P0421352C_RL_B0Fmm00_PB0PCcZNC0909_B64mA1la0R0vxxxxxx_000A07fBIsc_xBCxxxXxxFgxxn_DQ02_FRM_SqrtSZ_5500022B,1,4,12,600,106.5,103.55,101.0,0,11
1,pat33,d1683985P0421352C_RL_B0Fmm00_PB0PCcZNC0909_B64mA1la0R0vxxxxxx_000A07fBIsc_xBCxxxXxxFgxxn_DQ02_FRM_SqrtSZ_5500022B,1,5,13,600,107.5,104.07,100.5,1,2
1,pat33,d1683985P0421352C_RL_B0Fmm00_PB0PCcZNC0909_B64mA1la0R0vxxxxxx_000A07fBIsc_xBCxxxXxxFgxxn_DQ02_FRM_SqrtSZ_5500022B,1,6,14,600,103.0,101.17,99.0,0,1
1,pat33,d1683985P0421352C_RL_B0Fmm00_PB0PCcZNC0909_B64mA1la0R0vxxxxxx_000A07fBIsc_xBCxxxXxxFgxxn_DQ02_FRM_SqrtSZ_5500022B,1,7,15,600,102.5,100.19,98.5,0,8
1,pat33,d1683985P0421352C_RL_B0Fmm00_PB0PCcZNC0909_B64mA1la0R0vxxxxxx_000A07fBIsc_xBCxxxXxxFgxxn_DQ02_FRM_SqrtSZ_5500022B,2,0,16,600,107.5,104.81,101.5,1,11
1,pat33,d1683985P0421352C_RL_B0Fmm00_PB0PCcZNC0909_B64mA1la0R0vxxxxxx_000A07fBIsc_xBCxxxXxxFgxxn_DQ02_FRM_SqrtSZ_5500022B,2,1,17,600,109.0,105.13,101.5,1,2
1,pat33,d1683985P0421352C_RL_B0Fmm00_PB0PCcZNC0909_B64mA1la0R0vxxxxxx_000A07fBIsc_xBCxxxXxxFgxxn_DQ02_FRM_SqrtSZ_5500022B,2,2,18,600,103.0,101.18,100.0,0,7
1,pat33,d1683985P0421352C_RL_B0Fmm00_PB0PCcZNC0909_B64mA1la0R0vxxxxxx_000A07fBIsc_xBCxxxXxxFgxxn_DQ02_FRM_SqrtSZ_5500022B,2,3,19,600,103.0,100.88,99.0,1,4
1,pat33,d1683985P0421352C_RL_B0Fmm00_PB0PCcZNC0909_B64mA1la0R0vxxxxxx_000A07fBIsc_xBCxxxXxxFgxxn_DQ02_FRM_SqrtSZ_5500022B,2,4,20,600,109.5,104.06,101.5,1,11
1,pat33,d1683985P0421352C_RL_B0Fmm00_PB0PCcZNC0909_B64mA1la0R0vxxxxxx_000A07fBIsc_xBCxxxXxxFgxxn_DQ02_FRM_SqrtSZ_5500022B,2,5,21,600,107.5,104.45,101.5,1,11
1,pat33,d1683985P0421352C_RL_B0Fmm00_PB0PCcZNC0909_B64mA1la0R0vxxxxxx_000A07fBIsc_xBCxxxXxxFgxxn_DQ02_FRM_SqrtSZ_5500022B,2,6,22,600,104.0,101.43,99.5,0,8
1,pat33,d1683985P0421352C_RL_B0Fmm00_PB0PCcZNC0909_B64mA1la0R0vxxxxxx_000A07fBIsc_xBCxxxXxxFgxxn_DQ02_FRM_SqrtSZ_5500022B,2,7,23,600,101.5,100.38,98.5,0,8
1,pat33,d1683985P0421352C_RL_B0Fmm00_PB0PCcZNC0909_B64mA1la0R0vxxxxxx_000A07fBIsc_xBCxxxXxxFgxxn_DQ02_FRM_SqrtSZ_5500022B,3,0,24,600,105.5,103.44,101.5,1,11
1,pat33,d1683985P0421352C_RL_B0Fmm00_PB0PCcZNC0909_B64mA1la0R0vxxxxxx_000A07fBIsc_xBCxxxXxxFgxxn_DQ02_FRM_SqrtSZ_5500022B,3,1,25,600,105.0,103.22,101.0,1,11
1,pat33,d1683985P0421352C_RL_B0Fmm00_PB0PCcZNC0909_B64mA1la0R0vxxxxxx_000A07fBIsc_xBCxxxXxxFgxxn_DQ02_FRM_SqrtSZ_5500022B,3,2,26,600,103.5,101.76,100.0,0,6
1,pat33,d1683985P0421352C_RL_B0Fmm00_PB0PCcZNC0909_B64mA1la0R0vxxxxxx_000A07fBIsc_xBCxxxXxxFgxxn_DQ02_FRM_SqrtSZ_5500022B,3,3,27,600,102.5,101.05,99.5,0,8
1,pat33,d1683985P0421352C_RL_B0Fmm00_PB0PCcZNC0909_B64mA1la0R0vxxxxxx_000A07fBIsc_xBCxxxXxxFgxxn_DQ02_FRM_SqrtSZ_5500022B,3,4,28,600,107.5,104.29,100.5,1,11
1,pat33,d1683985P0421352C_RL_B0Fmm00_PB0PCcZNC0909_B64mA1la0R0vxxxxxx_000A07fBIsc_xBCxxxXxxFgxxn_DQ02_FRM_SqrtSZ_5500022B,3,5,29,600,106.0,103.67,101.5,1,11
1,pat33,d1683985P0421352C_RL_B0Fmm00_PB0PCcZNC0909_B64mA1la0R0vxxxxxx_000A07fBIsc_xBCxxxXxxFgxxn_DQ02_FRM_SqrtSZ_5500022B,3,6,30,600,103.5,101.64,100.0,0,8
1,pat33,d1683985P0421352C_RL_B0Fmm00_PB0PCcZNC0909_B64mA1la0R0vxxxxxx_000A07fBIsc_xBCxxxXxxFgxxn_DQ02_FRM_SqrtSZ_5500022B,3,7,31,600,104.0,101.33,100.0,0,8
1,pat34,d1684458P0421539C_RL_B0Fmm00_PB0PCcZNC0909_B64mA1la0R0vxxxxxx_000A07fBIsc_xBCxxxXxxFgxxn_DQ02_LeekSpin_X_550002B3,0,0,0,600,108.5,103.98,99.5,1,2
1,pat34,d1684458P0421539C_RL_B0Fmm00_PB0PCcZNC0909_B64mA1la0R0vxxxxxx_000A07fBIsc_xBCxxxXxxFgxxn_DQ02_LeekSpin_X_550002B3,0,1,1,600,109.5,104.26,100.0,1,2
1,pat34,d1684458P0421539C_RL_B0Fmm00_PB0PCcZNC0909_B64mA1la0R0vxxxxxx_000A07fBIsc_xBCxxxXxxFgxxn_DQ02_LeekSpin_X_550002B3,0,2,2,600,101.5,100.35,99.5,0,14
1,pat34,d1684458P0421539C_RL_B0Fmm00_PB0PCcZNC0909_B64mA1la0R0vxxxxxx_000A07fBIsc_xBCxxxXxxFgxxn_DQ02_LeekSpin_X_550002B3,0,3,3,600,101.0,99.45,98.0,0,8
1,pat34,d1684458P0421539C_RL_B0Fmm00_PB0PCcZNC0909_B64mA1la0R0vxxxxxx_000A07fBIsc_xBCxxxXxxFgxxn_DQ02_LeekSpin_X_550002B3,0,4,4,600,109.5,104.41,101.0,1,11
1,pat34,d1684458P0421539C_RL_B0Fmm00_PB0PCcZNC0909_B64mA1la0R0vxxxxxx_000A07fBIsc_xBCxxxXxxFgxxn_DQ02_LeekSpin_X_550002B3,0,5,5,600,109.5,105.31,101.0,1,11
1,pat34,d1684458P0421539C_RL_B0Fmm00_PB0PCcZNC0909_B64mA1la0R0vxxxxxx_000A07fBIsc_xBCxxxXxxFgxxn_DQ02_LeekSpin_X_550002B3,0,6,6,600,102.0,100.54,99.0,1,2
1,pat34,d1684458P0421539C_RL_B0Fmm00_PB0PCcZNC0909_B64mA1la0R0vxxxxxx_000A07fBIsc_xBCxxxXxxFgxxn_DQ02_LeekSpin_X_550002B3,0,7,7,600,101.0,99.83,98.0,1,8
1,pat34,d1684458P0421539C_RL_B0Fmm00_PB0PCcZNC0909_B64mA1la0R0vxxxxxx_000A07fBIsc_xBCxxxXxxFgxxn_DQ02_LeekSpin_X_550002B3,1,0,8,600,106.5,103.72,100.5,1,0
1,pat34,d1684458P0421539C_RL_B0Fmm00_PB0PCcZNC0909_B64mA1la0R0vxxxxxx_000A07fBIsc_xBCxxxXxxFgxxn_DQ02_LeekSpin_X_550002B3,1,1,9,600,106.0,103.33,100.5,1,2
1,pat34,d1684458P0421539C_RL_B0Fmm00_PB0PCcZNC0909_B64mA1la0R0vxxxxxx_000A07fBIsc_xBCxxxXxxFgxxn_DQ02_LeekSpin_X_550002B3,1,2,10,600,102.0,100.67,99.0,0,8
1,pat34,d1684458P0421539C_RL_B0Fmm00_PB0PCcZNC0909_B64mA1la0R0vxxxxxx_000A07fBIsc_xBCxxxXxxFgxxn_DQ02_LeekSpin_X_550002B3,1,3,11,600,101.5,100.54,99.0,1,5
1,pat34,d1684458P0421539C_RL_B0Fmm00_PB0PCcZNC0909_B64mA1la0R0vxxxxxx_000A07fBIsc_xBCxxxXxxFgxxn_DQ02_LeekSpin_X_550002B3,1,4,12,600,106.5,103.63,101.0,0,11
1,pat34,d1684458P0421539C_RL_B0Fmm00_PB0PCcZNC0909_B64mA1la0R0vxxxxxx_000A07fBIsc_xBCxxxXxxFgxxn_DQ02_LeekSpin_X_550002B3,1,5,13,600,107.5,104.2,100.5,1,2
1,pat34,d1684458P0421539C_RL_B0Fmm00_PB0PCcZNC0909_B64mA1la0R0vxxxxxx_000A07fBIsc_xBCxxxXxxFgxxn_DQ02_LeekSpin_X_550002B3,1,6,14,600,103.5,101.22,98.5,0,8
1,pat34,d1684458P0421539C_RL_B0Fmm00_PB0PCcZNC0909_B64mA1la0R0vxxxxxx_000A07fBIsc_xBCxxxXxxFgxxn_DQ02_LeekSpin_X_550002B3,1,7,15,600,102.5,100.17,98.0,0,8
1,pat34,d1684458P0421539C_RL_B0Fmm00_PB0PCcZNC0909_B64mA1la0R0vxxxxxx_000A07fBIsc_xBCxxxXxxFgxxn_DQ02_LeekSpin_X_550002B3,2,0,16,600,108.0,105.01,102.0,1,11
1,pat34,d1684458P0421539C_RL_B0Fmm00_PB0PCcZNC0909_B64mA1la0R0vxxxxxx_000A07fBIsc_xBCxxxXxxFgxxn_DQ02_LeekSpin_X_550002B3,2,1,17,600,109.0,105.23,101.5,1,2
1,pat34,d1684458P0421539C_RL_B0Fmm00_PB0PCcZNC0909_B64mA1la0R0vxxxxxx_000A07fBIsc_xBCxxxXxxFgxxn_DQ02_LeekSpin_X_550002B3,2,2,18,600,103.5,101.2,99.5,1,14
1,pat34,d1684458P0421539C_RL_B0Fmm00_PB0PCcZNC0909_B64mA1la0R0vxxxxxx_000A07fBIsc_xBCxxxXxxFgxxn_DQ02_LeekSpin_X_550002B3,2,3,19,600,102.5,100.89,99.5,1,9
1,pat34,d1684458P0421539C_RL_B0Fmm00_PB0PCcZNC0909_B64mA1la0R0vxxxxxx_000A07fBIsc_xBCxxxXxxFgxxn_DQ02_LeekSpin_X_550002B3,2,4,20,600,109.5,104.23,101.5,1,11
1,pat34,d1684458P0421539C_RL_B0Fmm00_PB0PCcZNC0909_B64mA1la0R0vxxxxxx_000A07fBIsc_xBCxxxXxxFgxxn_DQ02_LeekSpin_X_550002B3,2,5,21,600,107.0,104.5,101.5,1,2
1,pat34,d1684458P0421539C_RL_B0Fmm00_PB0PCcZNC0909_B64mA1la0R0vxxxxxx_000A07fBIsc_xBCxxxXxxFgxxn_DQ02_LeekSpin_X_550002B3,2,6,22,600,104.0,101.39,99.5,0,8
1,pat34,d1684458P0421539C_RL_B0Fmm00_PB0PCcZNC0909_B64mA1la0R0vxxxxxx_000A07fBIsc_xBCxxxXxxFgxxn_DQ02_LeekSpin_X_550002B3,2,7,23,600,102.0,100.5,98.5,1,6
1,pat34,d1684458P0421539C_RL_B0Fmm00_PB0PCcZNC0909_B64mA1la0R0vxxxxxx_000A07fBIsc_xBCxxxXxxFgxxn_DQ02_LeekSpin_X_550002B3,3,0,24,600,105.5,103.41,101.0,1,0
1,pat34,d1684458P0421539C_RL_B0Fmm00_PB0PCcZNC0909_B64mA1la0R0vxxxxxx_000A07fBIsc_xBCxxxXxxFgxxn_DQ02_LeekSpin_X_550002B3,3,1,25,600,105.5,103.28,101.0,0,0
1,pat34,d1684458P0421539C_RL_B0Fmm00_PB0PCcZNC0909_B64mA1la0R0vxxxxxx_000A07fBIsc_xBCxxxXxxFgxxn_DQ02_LeekSpin_X_550002B3,3,2,26,600,103.0,101.75,100.0,0,8
1,pat34,d1684458P0421539C_RL_B0Fmm00_PB0PCcZNC0909_B64mA1la0R0vxxxxxx_000A07fBIsc_xBCxxxXxxFgxxn_DQ02_LeekSpin_X_550002B3,3,3,27,600,103.0,101.1,99.5,0,8
1,pat34,d1684458P0421539C_RL_B0Fmm00_PB0PCcZNC0909_B64mA1la0R0vxxxxxx_000A07fBIsc_xBCxxxXxxFgxxn_DQ02_LeekSpin_X_550002B3,3,4,28,600,107.5,104.39,100.5,1,11
1,pat34,d1684458P0421539C_RL_B0Fmm00_PB0PCcZNC0909_B64mA1la0R0vxxxxxx_000A07fBIsc_xBCxxxXxxFgxxn_DQ02_LeekSpin_X_550002B3,3,5,29,600,106.5,103.86,102.0,1,0
1,pat34,d1684458P0421539C_RL_B0Fmm00_PB0PCcZNC0909_B64mA1la0R0vxxxxxx_000A07fBIsc_xBCxxxXxxFgxxn_DQ02_LeekSpin_X_550002B3,3,6,30,600,103.0,101.61,100.0,0,8
1,pat34,d1684458P0421539C_RL_B0Fmm00_PB0PCcZNC0909_B64mA1la0R0vxxxxxx_000A07fBIsc_xBCxxxXxxFgxxn_DQ02_LeekSpin_X_550002B3,3,7,31,600,103.5,101.5,100.0,0,8
1,pat35,d1700669P0422260C_RL_B0Fmm00_PB0PCcZNC0909_B64mA1la0R0vxxxxxx_000A07fBIsc_xBCxxxXxxFgxxn_DQ02_FRM_SqrtSZ_55100263,0,0,0,600,108.5,104.03,99.5,1,11
1,pat35,d1700669P0422260C_RL_B0Fmm00_PB0PCcZNC0909_B64mA1la0R0vxxxxxx_000A07fBIsc_xBCxxxXxxFgxxn_DQ02_FRM_SqrtSZ_55100263,0,1,1,600,109.5,104.52,100.0,1,2
1,pat35,d1700669P0422260C_RL_B0Fmm00_PB0PCcZNC0909_B64mA1la0R0vxxxxxx_000A07fBIsc_xBCxxxXxxFgxxn_DQ02_FRM_SqrtSZ_55100263,0,2,2,600,102.0,100.38,99.5,0,14
1,pat35,d1700669P0422260C_RL_B0Fmm00_PB0PCcZNC0909_B64mA1la0R0vxxxxxx_000A07fBIsc_xBCxxxXxxFgxxn_DQ02_FRM_SqrtSZ_55100263,0,3,3,600,101.0,99.39,98.0,0,8
1,pat35,d1700669P0422260C_RL_B0Fmm00_PB0PCcZNC0909_B64mA1la0R0vxxxxxx_000A07fBIsc_xBCxxxXxxFgxxn_DQ02_FRM_SqrtSZ_55100263,0,4,4,600,109.0,104.51,101.0,1,11
1,pat35,d1700669P0422260C_RL_B0Fmm00_PB0PCcZNC0909_B64mA1la0R0vxxxxxx_000A07fBIsc_xBCxxxXxxFgxxn_DQ02_FRM_SqrtSZ_55100263,0,5,5,600,109.5,105.33,101.5,1,11
1,pat35,d1700669P0422260C_RL_B0Fmm00_PB0PCcZNC0909_B64mA1la0R0vxxxxxx_000A07fBIsc_xBCxxxXxxFgxxn_DQ02_FRM_SqrtSZ_55100263,0,6,6,600,102.0,100.69,99.0,1,13
1,pat35,d1700669P0422260C_RL_B0Fmm00_PB0PCcZNC0909_B64mA1la0R0vxxxxxx_000A07fBIsc_xBCxxxXxxFgxxn_DQ02_FRM_SqrtSZ_55100263,0,7,7,600,101.0,99.8,98.5,0,6
1,pat35,d1700669P0422260C_RL_B0Fmm00_PB0PCcZNC0909_B64mA1la0R0vxxxxxx_000A07fBIsc_xBCxxxXxxFgxxn_DQ02_FRM_SqrtSZ_55100263,1,0,8,600,106.5,103.73,100.5,1,0
1,pat35,d1700669P0422260C_RL_B0Fmm00_PB0PCcZNC0909_B64mA1la0R0vxxxxxx_000A07fBIsc_xBCxxxXxxFgxxn_DQ02_FRM_SqrtSZ_55100263,1,1,9,600,106.0,103.37,100.5,0,0
1,pat35,d1700669P0422260C_RL_B0Fmm00_PB0PCcZNC0909_B64mA1la0R0vxxxxxx_000A07fBIsc_xBCxxxXxxFgxxn_DQ02_FRM_SqrtSZ_55100263,1,2,10,600,102.5,100.74,99.5,0,8
1,pat35,d1700669P0422260C_RL_B0Fmm00_PB0PCcZNC0909_B64mA1la0R0vxxxxxx_000A07fBIsc_xBCxxxXxxFgxxn_DQ02_FRM_SqrtSZ_55100263,1,3,11,600,102.0,100.55,99.0,1,7
1,pat35,d1700669P0422260C_RL_B0Fmm00_PB0PCcZNC0909_B64mA1la0R0vxxxxxx_000A07fBIsc_xBCxxxXxxFgxxn_DQ02_FRM_SqrtSZ_55100263,1,4,12,600,106.5,103.7,101.0,0,11
1,pat35,d1700669P0422260C_RL_B0Fmm00_PB0PCcZNC0909_B64mA1la0R0vxxxxxx_000A07fBIsc_xBCxxxXxxFgxxn_DQ02_FRM_SqrtSZ_55100263,1,5,13,600,107.0,104.2,100.5,1,2
1,pat35,d1700669P0422260C_RL_B0Fmm00_PB0PCcZNC0909_B64mA1la0R0vxxxxxx_000A07fBIsc_xBCxxxXxxFgxxn_DQ02_FRM_SqrtSZ_55100263,1,6,14,600,103.0,101.34,99.0,0,8
1,pat35,d1700669P0422260C_RL_B0Fmm00_PB0PCcZNC0909_B64mA1la0R0vxxxxxx_000A07fBIsc_xBCxxxXxxFgxxn_DQ02_FRM_SqrtSZ_55100263,1,7,15,600,102.5,100.2,98.5,0,8
1,pat35,d1700669P0422260C_RL_B0Fmm00_PB0PCcZNC0909_B64mA1la0R0vxxxxxx_000A07fBIsc_xBCxxxXxxFgxxn_DQ02_FRM_SqrtSZ_55100263,2,0,16,600,107.5,105.03,102.0,1,11
1,pat35,d1700669P0422260C_RL_B0Fmm00_PB0PCcZNC0909_B64mA1la0R0vxxxxxx_000A07fBIsc_xBCxxxXxxFgxxn_DQ02_FRM_SqrtSZ_55100263,2,1,17,600,109.0,105.28,102.0,1,2
1,pat35,d1700669P0422260C_RL_B0Fmm00_PB0PCcZNC0909_B64mA1la0R0vxxxxxx_000A07fBIsc_xBCxxxXxxFgxxn_DQ02_FRM_SqrtSZ_55100263,2,2,18,600,103.0,101.28,99.5,1,14
1,pat35,d1700669P0422260C_RL_B0Fmm00_PB0PCcZNC0909_B64mA1la0R0vxxxxxx_000A07fBIsc_xBCxxxXxxFgxxn_DQ02_FRM_SqrtSZ_55100263,2,3,19,600,102.5,100.96,99.0,1,9
1,pat35,d1700669P0422260C_RL_B0Fmm00_PB0PCcZNC0909_B64mA1la0R0vxxxxxx_000A07fBIsc_xBCxxxXxxFgxxn_DQ02_FRM_SqrtSZ_55100263,2,4,20,600,109.0,104.27,101.5,1,11
1,pat35,d1700669P0422260C_RL_B0Fmm00_PB0PCcZNC0909_B64mA1la0R0vxxxxxx_000A07fBIsc_xBCxxxXxxFgxxn_DQ02_FRM_SqrtSZ_55100263,2,5,21,600,107.0,104.55,101.5,1,11
1,pat35,d1700669P0422260C_RL_B0Fmm00_PB0PCcZNC0909_B64mA1la0R0vxxxxxx_000A07fBIsc_xBCxxxXxxFgxxn_DQ02_FRM_SqrtSZ_55100263,2,6,22,600,104.5,101.52,99.5,0,8
1,pat35,d1700669P0422260C_RL_B0Fmm00_PB0PCcZNC0909_B64mA1la0R0vxxxxxx_000A07fBIsc_xBCxxxXxxFgxxn_DQ02_FRM_SqrtSZ_55100263,2,7,23,600,102.5,100.57,98.5,1,4
1,pat35,d1700669P0422260C_RL_B0Fmm00_PB0PCcZNC0909_B64mA1la0R0vxxxxxx_000A07fBIsc_xBCxxxXxxFgxxn_DQ02_FRM_SqrtSZ_55100263,3,0,24,600,105.5,103.51,101.0,1,0
1,pat35,d1700669P0422260C_RL_B0Fmm00_PB0PCcZNC0909_B64mA1la0R0vxxxxxx_000A07fBIsc_xBCxxxXxxFgxxn_DQ02_FRM_SqrtSZ_55100263,3,1,25,600,105.5,103.35,101.0,0,0
1,pat35,d1700669P0422260C_RL_B0Fmm00_PB0PCcZNC0909_B64mA1la0R0vxxxxxx_000A07fBIsc_xBCxxxXxxFgxxn_DQ02_FRM_SqrtSZ_55100263,3,2,26,600,103.5,101.69,100.0,0,6
1,pat35,d1700669P0422260C_RL_B0Fmm00_PB0PCcZNC0909_B64mA1la0R0vxxxxxx_000A07fBIsc_xBCxxxXxxFgxxn_DQ02_FRM_SqrtSZ_55100263,3,3,27,600,103.5,101.15,99.5,0,8
1,pat35,d1700669P0422260C_RL_B0Fmm00_PB0PCcZNC0909_B64mA1la0R0vxxxxxx_000A07fBIsc_xBCxxxXxxFgxxn_DQ02_FRM_SqrtSZ_55100263,3,4,28,600,107.5,104.41,101.0,1,11
1,pat35,d1700669P0422260C_RL_B0Fmm00_PB0PCcZNC0909_B64mA1la0R0vxxxxxx_000A07fBIsc_xBCxxxXxxFgxxn_DQ02_FRM_SqrtSZ_55100263,3,5,29,600,107.0,103.77,101.5,1,0
1,pat35,d1700669P0422260C_RL_B0Fmm00_PB0PCcZNC0909_B64mA1la0R0vxxxxxx_000A07fBIsc_xBCxxxXxxFgxxn_DQ02_FRM_SqrtSZ_55100263,3,6,30,600,103.5,101.73,100.5,0,6
1,pat35,d1700669P0422260C_RL_B0Fmm00_PB0PCcZNC0909_B64mA1la0R0vxxxxxx_000A07fBIsc_xBCxxxXxxFgxxn_DQ02_FRM_SqrtSZ_55100263,3,7,31,600,104.0,101.55,100.0,0,8
1,pat36,d1684485P0421631C_Nt_B0Fmm00_PB0PCcZNC0909_B64mA1la0R0vxxxxxx_000A07fBIsc_xBCxxxXxxFgxxn_DQ02_Scylla_NDX_55000302,0,0,0,600,107.5,103.41,99.5,1,2
1,pat36,d1684485P0421631C_Nt_B0Fmm00_PB0PCcZNC0909_B64mA1la0R0vxxxxxx_000A07fBIsc_xBCxxxXxxFgxxn_DQ02_Scylla_NDX_55000302,0,1,1,600,108.5,103.73,100.0,1,2
1,pat36,d1684485P0421631C_Nt_B0Fmm00_PB0PCcZNC0909_B64mA1la0R0vxxxxxx_000A07fBIsc_xBCxxxXxxFgxxn_DQ02_Scylla_NDX_55000302,0,2,2,600,101.5,100.31,99.5,0,14
1,pat36,d1684485P0421631C_Nt_B0Fmm00_PB0PCcZNC0909_B64mA1la0R0vxxxxxx_000A07fBIsc_xBCxxxXxxFgxxn_DQ02_Scylla_NDX_55000302,0,3,3,600,101.0,99.34,98.0,0,8
1,pat36,d1684485P0421631C_Nt_B0Fmm00_PB0PCcZNC0909_B64mA1la0R0vxxxxxx_000A07fBIsc_xBCxxxXxxFgxxn_DQ02_Scylla_NDX_55000302,0,4,4,600,108.0,103.8,101.0,1,11
1,pat36,d1684485P0421631C_Nt_B0Fmm00_PB0PCcZNC0909_B64mA1la0R0vxxxxxx_000A07fBIsc_xBCxxxXxxFgxxn_DQ02_Scylla_NDX_55000302,0,5,5,600,109.0,104.68,100.5,1,2
1,pat36,d1684485P0421631C_Nt_B0Fmm00_PB0PCcZNC0909_B64mA1la0R0vxxxxxx_000A07fBIsc_xBCxxxXxxFgxxn_DQ02_Scylla_NDX_55000302,0,6,6,600,102.0,100.57,99.0,0,8
1,pat36,d1684485P0421631C_Nt_B0Fmm00_PB0PCcZNC0909_B64mA1la0R0vxxxxxx_000A07fBIsc_xBCxxxXxxFgxxn_DQ02_Scylla_NDX_55000302,0,7,7,600,101.0,99.81,98.5,1,6
1,pat36,d1684485P0421631C_Nt_B0Fmm00_PB0PCcZNC0909_B64mA1la0R0vxxxxxx_000A07fBIsc_xBCxxxXxxFgxxn_DQ02_Scylla_NDX_55000302,1,0,8,600,105.5,103.06,100.5,1,2
1,pat36,d1684485P0421631C_Nt_B0Fmm00_PB0PCcZNC0909_B64mA1la0R0vxxxxxx_000A07fBIsc_xBCxxxXxxFgxxn_DQ02_Scylla_NDX_55000302,1,1,9,600,105.5,102.8,100.0,0,2
1,pat36,d1684485P0421631C_Nt_B0Fmm00_PB0PCcZNC0909_B64mA1la0R0vxxxxxx_000A07fBIsc_xBCxxxXxxFgxxn_DQ02_Scylla_NDX_55000302,1,2,10,600,102.0,100.57,99.0,1,2
1,pat36,d1684485P0421631C_Nt_B0Fmm00_PB0PCcZNC0909_B64mA1la0R0vxxxxxx_000A07fBIsc_xBCxxxXxxFgxxn_DQ02_Scylla_NDX_55000302,1,3,11,600,102.0,100.64,99.0,1,7
1,pat36,d1684485P0421631C_Nt_B0Fmm00_PB0PCcZNC0909_B64mA1la0R0vxxxxxx_000A07fBIsc_xBCxxxXxxFgxxn_DQ02_Scylla_NDX_55000302,1,4,12,600,106.0,103.14,101.0,1,2
1,pat36,d1684485P0421631C_Nt_B0Fmm00_PB0PCcZNC0909_B64mA1la0R0vxxxxxx_000A07fBIsc_xBCxxxXxxFgxxn_DQ02_Scylla_NDX_55000302,1,5,13,600,107.0,103.58,100.0,1,2
1,pat36,d1684485P0421631C_Nt_B0Fmm00_PB0PCcZNC0909_B64mA1la0R0vxxxxxx_000A07fBIsc_xBCxxxXxxFgxxn_DQ02_Scylla_NDX_55000302,1,6,14,600,103.0,101.13,98.5,0,1
1,pat36,d1684485P0421631C_Nt_B0Fmm00_PB0PCcZNC0909_B64mA1la0R0vxxxxxx_000A07fBIsc_xBCxxxXxxFgxxn_DQ02_Scylla_NDX_55000302,1,7,15,600,102.5,100.21,98.5,0,8
1,pat36,d1684485P0421631C_Nt_B0Fmm00_PB0PCcZNC0909_B64mA1la0R0vxxxxxx_000A07fBIsc_xBCxxxXxxFgxxn_DQ02_Scylla_NDX_55000302,2,0,16,600,106.5,104.48,101.5,0,2
1,pat36,d1684485P0421631C_Nt_B0Fmm00_PB0PCcZNC0909_B64mA1la0R0vxxxxxx_000A07fBIsc_xBCxxxXxxFgxxn_DQ02_Scylla_NDX_55000302,2,1,17,600,109.0,104.64,101.5,1,2
1,pat36,d1684485P0421631C_Nt_B0Fmm00_PB0PCcZNC0909_B64mA1la0R0vxxxxxx_000A07fBIsc_xBCxxxXxxFgxxn_DQ02_Scylla_NDX_55000302,2,2,18,600,103.0,101.18,100.0,1,14
1,pat36,d1684485P0421631C_Nt_B0Fmm00_PB0PCcZNC0909_B64mA1la0R0vxxxxxx_000A07fBIsc_xBCxxxXxxFgxxn_DQ02_Scylla_NDX_55000302,2,3,19,600,102.0,100.85,99.0,0,8
1,pat36,d1684485P0421631C_Nt_B0Fmm00_PB0PCcZNC0909_B64mA1la0R0vxxxxxx_000A07fBIsc_xBCxxxXxxFgxxn_DQ02_Scylla_NDX_55000302,2,4,20,600,108.5,103.69,101.5,1,11
1,pat36,d1684485P0421631C_Nt_B0Fmm00_PB0PCcZNC0909_B64mA1la0R0vxxxxxx_000A07fBIsc_xBCxxxXxxFgxxn_DQ02_Scylla_NDX_55000302,2,5,21,600,107.0,104.2,101.5,1,2
1,pat36,d1684485P0421631C_Nt_B0Fmm00_PB0PCcZNC0909_B64mA1la0R0vxxxxxx_000A07fBIsc_xBCxxxXxxFgxxn_DQ02_Scylla_NDX_55000302,2,6,22,600,104.0,101.44,99.5,0,8
1,pat36,d1684485P0421631C_Nt_B0Fmm00_PB0PCcZNC0909_B64mA1la0R0vxxxxxx_000A07fBIsc_xBCxxxXxxFgxxn_DQ02_Scylla_NDX_55000302,2,7,23,600,102.0,100.42,98.5,0,8
1,pat36,d1684485P0421631C_Nt_B0Fmm00_PB0PCcZNC0909_B64mA1la0R0vxxxxxx_000A07fBIsc_xBCxxxXxxFgxxn_DQ02_Scylla_NDX_55000302,3,0,24,600,105.0,103.12,101.0,1,2
1,pat36,d1684485P0421631C_Nt_B0Fmm00_PB0PCcZNC0909_B64mA1la0R0vxxxxxx_000A07fBIsc_xBCxxxXxxFgxxn_DQ02_Scylla_NDX_55000302,3,1,25,600,104.5,102.99,101.0,0,0
1,pat36,d1684485P0421631C_Nt_B0Fmm00_PB0PCcZNC0909_B64mA1la0R0vxxxxxx_000A07fBIsc_xBCxxxXxxFgxxn_DQ02_Scylla_NDX_55000302,3,2,26,600,103.0,101.73,100.0,0,8
1,pat36,d1684485P0421631C_Nt_B0Fmm00_PB0PCcZNC0909_B64mA1la0R0vxxxxxx_000A07fBIsc_xBCxxxXxxFgxxn_DQ02_Scylla_NDX_55000302,3,3,27,600,103.0,101.12,99.5,0,8
1,pat36,d1684485P0421631C_Nt_B0Fmm00_PB0PCcZNC0909_B64mA1la0R0vxxxxxx_000A07fBIsc_xBCxxxXxxFgxxn_DQ02_Scylla_NDX_55000302,3,4,28,600,107.5,103.96,100.5,1,11
1,pat36,d1684485P0421631C_Nt_B0Fmm00_PB0PCcZNC0909_B64mA1la0R0vxxxxxx_000A07fBIsc_xBCxxxXxxFgxxn_DQ02_Scylla_NDX_55000302,3,5,29,600,105.0,103.34,101.5,1,0
1,pat36,d1684485P0421631C_Nt_B0Fmm00_PB0PCcZNC0909_B64mA1la0R0vxxxxxx_000A07fBIsc_xBCxxxXxxFgxxn_DQ02_Scylla_NDX_55000302,3,6,30,600,103.0,101.64,100.5,0,6
1,pat36,d1684485P0421631C_Nt_B0Fmm00_PB0PCcZNC0909_B64mA1la0R0vxxxxxx_000A07fBIsc_xBCxxxXxxFgxxn_DQ02_Scylla_NDX_55000302,3,7,31,600,104.0,101.53,100.0,0,8
1,pat37,d1683272P0421101C_RK_B0Fmm00_PB0PCcZNC0909_B64mA1la0R0vxxxxxx_000A07fBIsc_xBCxxxXxxFgxxn_DQ02_Blender_Z1J_550000E2,0,0,0,600,109.0,104.15,99.5,1,11
1,pat37,d1683272P0421101C_RK_B0Fmm00_PB0PCcZNC0909_B64mA1la0R0vxxxxxx_000A07fBIsc_xBCxxxXxxFgxxn_DQ02_Blender_Z1J_550000E2,0,1,1,600,110.0,104.64,100.0,1,2
1,pat37,d1683272P0421101C_RK_B0Fmm00_PB0PCcZNC0909_B64mA1la0R0vxxxxxx_000A07fBIsc_xBCxxxXxxFgxxn_DQ02_Blender_Z1J_550000E2,0,2,2,600,101.5,100.35,99.5,0,5
1,pat37,d1683272P0421101C_RK_B0Fmm00_PB0PCcZNC0909_B64mA1la0R0vxxxxxx_000A07fBIsc_xBCxxxXxxFgxxn_DQ02_Blender_Z1J_550000E2,0,3,3,600,101.0,99.39,98.0,0,8
1,pat37,d1683272P0421101C_RK_B0Fmm00_PB0PCcZNC0909_B64mA1la0R0vxxxxxx_000A07fBIsc_xBCxxxXxxFgxxn_DQ02_Blender_Z1J_550000E2,0,4,4,600,110.0,104.52,101.0,1,11
1,pat37,d1683272P0421101C_RK_B0Fmm00_PB0PCcZNC0909_B64mA1la0R0vxxxxxx_000A07fBIsc_xBCxxxXxxFgxxn_DQ02_Blender_Z1J_550000E2,0,5,5,600,110.5,105.5,101.5,1,11
1,pat37,d1683272P0421101C_RK_B0Fmm00_PB0PCcZNC0909_B64mA1la0R0vxxxxxx_000A07fBIsc_xBCxxxXxxFgxxn_DQ02_Blender_Z1J_550000E2,0,6,6,600,102.5,100.64,99.0,0,8
1,pat37,d1683272P0421101C_RK_B0Fmm00_PB0PCcZNC0909_B64mA1la0R0vxxxxxx_000A07fBIsc_xBCxxxXxxFgxxn_DQ02_Blender_Z1J_550000E2,0,7,7,600,101.0,99.91,98.5,1,8
1,pat37,d1683272P0421101C_RK_B0Fmm00_PB0PCcZNC0909_B64mA1la0R0vxxxxxx_000A07fBIsc_xBCxxxXxxFgxxn_DQ02_Blender_Z1J_550000E2,1,0,8,600,107.0,103.76,100.5,1,9
1,pat37,d1683272P0421101C_RK_B0Fmm00_PB0PCcZNC0909_B64mA1la0R0vxxxxxx_000A07fBIsc_xBCxxxXxxFgxxn_DQ02_Blender_Z1J_550000E2,1,1,9,600,106.5,103.48,100.5,1,11
1,pat37,d1683272P0421101C_RK_B0Fmm00_PB0PCcZNC0909_B64mA1la0R0vxxxxxx_000A07fBIsc_xBCxxxXxxFgxxn_DQ02_Blender_Z1J_550000E2,1,2,10,600,102.0,100.7,99.0,0,8
1,pat37,d1683272P0421101C_RK_B0Fmm00_PB0PCcZNC0909_B64mA1la0R0vxxxxxx_000A07fBIsc_xBCxxxXxxFgxxn_DQ02_Blender_Z1J_550000E2,1,3,11,600,101.5,100.62,99.0,0,8
1,pat37,d1683272P0421101C_RK_B0Fmm00_PB0PCcZNC0909_B64mA1la0R0vxxxxxx_000A07fBIsc_xBCxxxXxxFgxxn_DQ02_Blender_Z1J_550000E2,1,4,12,600,107.5,103.75,101.0,1,11
1,pat37,d1683272P0421101C_RK_B0Fmm00_PB0PCcZNC0909_B64mA1la0R0vxxxxxx_000A07fBIsc_xBCxxxXxxFgxxn_DQ02_Blender_Z1J_550000E2,1,5,13,600,108.0,104.47,100.5,1,2
1,pat37,d1683272P0421101C_RK_B0Fmm00_PB0PCcZNC0909_B64mA1la0R0vxxxxxx_000A07fBIsc_xBCxxxXxxFgxxn_DQ02_Blender_Z1J_550000E2,1,6,14,600,103.0,101.26,99.0,0,1
1,pat37,d1683272P0421101C_RK_B0Fmm00_PB0PCcZNC0909_B64mA1la0R0vxxxxxx_000A07fBIsc_xBCxxxXxxFgxxn_DQ02_Blender_Z1J_550000E2,1,7,15,600,103.0,100.24,98.5,0,8
1,pat37,d1683272P0421101C_RK_B0Fmm00_PB0PCcZNC0909_B64mA1la0R0vxxxxxx_000A07fBIsc_xBCxxxXxxFgxxn_DQ02_Blender_Z1J_550000E2,2,0,16,600,108.0,105.09,102.0,1,11
1,pat37,d1683272P0421101C_RK_B0Fmm00_PB0PCcZNC0909_B64mA1la0R0vxxxxxx_000A07fBIsc_xBCxxxXxxFgxxn_DQ02_Blender_Z1J_550000E2,2,1,17,600,109.5,105.34,101.5,1,2
1,pat37,d1683272P0421101C_RK_B0Fmm00_PB0PCcZNC0909_B64mA1la0R0vxxxxxx_000A07fBIsc_xBCxxxXxxFgxxn_DQ02_Blender_Z1J_550000E2,2,2,18,600,103.0,101.35,100.0,1,14
1,pat37,d1683272P0421101C_RK_B0Fmm00_PB0PCcZNC0909_B64mA1la0R0vxxxxxx_000A07fBIsc_xBCxxxXxxFgxxn_DQ02_Blender_Z1J_550000E2,2,3,19,600,102.5,100.92,99.0,1,11
1,pat37,d1683272P0421101C_RK_B0Fmm00_PB0PCcZNC0909_B64mA1la0R0vxxxxxx_000A07fBIsc_xBCxxxXxxFgxxn_DQ02_Blender_Z1J_550000E2,2,4,20,600,109.5,104.3,101.5,1,11
1,pat37,d1683272P0421101C_RK_B0Fmm00_PB0PCcZNC0909_B64mA1la0R0vxxxxxx_000A07fBIsc_xBCxxxXxxFgxxn_DQ02_Blender_Z1J_550000E2,2,5,21,600,107.5,104.77,102.0,1,11
1,pat37,d1683272P0421101C_RK_B0Fmm00_PB0PCcZNC0909_B64mA1la0R0vxxxxxx_000A07fBIsc_xBCxxxXxxFgxxn_DQ02_Blender_Z1J_550000E2,2,6,22,600,104.5,101.55,99.0,0,8
1,pat37,d1683272P0421101C_RK_B0Fmm00_PB0PCcZNC0909_B64mA1la0R0vxxxxxx_000A07fBIsc_xBCxxxXxxFgxxn_DQ02_Blender_Z1J_550000E2,2,7,23,600,101.5,100.42,98.5,0,8
1,pat37,d1683272P0421101C_RK_B0Fmm00_PB0PCcZNC0909_B64mA1la0R0vxxxxxx_000A07fBIsc_xBCxxxXxxFgxxn_DQ02_Blender_Z1J_550000E2,3,0,24,600,105.5,103.6,101.5,0,9
1,pat37,d1683272P0421101C_RK_B0Fmm00_PB0PCcZNC0909_B64mA1la0R0vxxxxxx_000A07fBIsc_xBCxxxXxxFgxxn_DQ02_Blender_Z1J_550000E2,3,1,25,600,105.0,103.39,101.0,0,9
1,pat37,d1683272P0421101C_RK_B0Fmm00_PB0PCcZNC0909_B64mA1la0R0vxxxxxx_000A07fBIsc_xBCxxxXxxFgxxn_DQ02_Blender_Z1J_550000E2,3,2,26,600,103.0,101.79,100.0,0,8
1,pat37,d1683272P0421101C_RK_B0Fmm00_PB0PCcZNC0909_B64mA1la0R0vxxxxxx_000A07fBIsc_xBCxxxXxxFgxxn_DQ02_Blender_Z1J_550000E2,3,3,27,600,103.0,101.17,99.5,0,8
1,pat37,d1683272P0421101C_RK_B0Fmm00_PB0PCcZNC0909_B64mA1la0R0vxxxxxx_000A07fBIsc_xBCxxxXxxFgxxn_DQ02_Blender_Z1J_550000E2,3,4,28,600,109.0,104.62,101.0,1,2
1,pat37,d1683272P0421101C_RK_B0Fmm00_PB0PCcZNC0909_B64mA1la0R0vxxxxxx_000A07fBIsc_xBCxxxXxxFgxxn_DQ02_Blender_Z1J_550000E2,3,5,29,600,106.5,103.93,101.5,1,11
1,pat37,d1683272P0421101C_RK_B0Fmm00_PB0PCcZNC0909_B64mA1la0R0vxxxxxx_000A07fBIsc_xBCxxxXxxFgxxn_DQ02_Blender_Z1J_550000E2,3,6,30,600,103.0,101.6,100.0,0,8
1,pat37,d1683272P0421101C_RK_B0Fmm00_PB0PCcZNC0909_B64mA1la0R0vxxxxxx_000A07fBIsc_xBCxxxXxxFgxxn_DQ02_Blender_Z1J_550000E2,3,7,31,600,104.0,101.47,100.0,0,8
1,pat38,d1682887P0420905C_RL_B0Fmm00_PB0PCcZNC0909_B64mA1la0R0vxxxxxx_000A07fBIsc_xBCxxxXxxFgxxn_DQ02_Blender_A1J_550000E3,0,0,0,600,108.5,103.96,99.5,1,11
1,pat38,d1682887P0420905C_RL_B0Fmm00_PB0PCcZNC0909_B64mA1la0R0vxxxxxx_000A07fBIsc_xBCxxxXxxFgxxn_DQ02_Blender_A1J_550000E3,0,1,1,600,109.5,104.49,100.5,1,2
1,pat38,d1682887P0420905C_RL_B0Fmm00_PB0PCcZNC0909_B64mA1la0R0vxxxxxx_000A07fBIsc_xBCxxxXxxFgxxn_DQ02_Blender_A1J_550000E3,0,2,2,600,102.0,100.39,99.5,1,4
1,pat38,d1682887P0420905C_RL_B0Fmm00_PB0PCcZNC0909_B64mA1la0R0vxxxxxx_000A07fBIsc_xBCxxxXxxFgxxn_DQ02_Blender_A1J_550000E3,0,3,3,600,101.0,99.47,98.0,0,8
1,pat38,d1682887P0420905C_RL_B0Fmm00_PB0PCcZNC0909_B64mA1la0R0vxxxxxx_000A07fBIsc_xBCxxxXxxFgxxn_DQ02_Blender_A1J_550000E3,0,4,4,600,109.0,104.44,101.0,1,11
1,pat38,d1682887P0420905C_RL_B0Fmm00_PB0PCcZNC0909_B64mA1la0R0vxxxxxx_000A07fBIsc_xBCxxxXxxFgxxn_DQ02_Blender_A1J_550000E3,0,5,5,600,109.0,105.3,101.5,1,11
1,pat38,d1682887P0420905C_RL_B0Fmm00_PB0PCcZNC0909_B64mA1la0R0vxxxxxx_000A07fBIsc_xBCxxxXxxFgxxn_DQ02_Blender_A1J_550000E3,0,6,6,600,102.0,100.67,99.0,0,8
1,pat38,d1682887P0420905C_RL_B0Fmm00_PB0PCcZNC0909_B64mA1la0R0vxxxxxx_000A07fBIsc_xBCxxxXxxFgxxn_DQ02_Blender_A1J_550000E3,0,7,7,600,101.0,99.85,98.5,1,6
1,pat38,d1682887P0420905C_RL_B0Fmm00_PB0PCcZNC0909_B64mA1la0R0vxxxxxx_000A07fBIsc_xBCxxxXxxFgxxn_DQ02_Blender_A1J_550000E3,1,0,8,600,106.0,103.79,101.0,1,2
1,pat38,d1682887P0420905C_RL_B0Fmm00_PB0PCcZNC0909_B64mA1la0R0vxxxxxx_000A07fBIsc_xBCxxxXxxFgxxn_DQ02_Blender_A1J_550000E3,1,1,9,600,106.0,103.41,100.5,1,2
1,pat38,d1682887P0420905C_RL_B0Fmm00_PB0PCcZNC0909_B64mA1la0R0vxxxxxx_000A07fBIsc_xBCxxxXxxFgxxn_DQ02_Blender_A1J_550000E3,1,2,10,600,102.0,100.81,99.5,0,8
1,pat38,d1682887P0420905C_RL_B0Fmm00_PB0PCcZNC0909_B64mA1la0R0vxxxxxx_000A07fBIsc_xBCxxxXxxFgxxn_DQ02_Blender_A1J_550000E3,1,3,11,600,101.5,100.55,99.0,0,8
1,pat38,d1682887P0420905C_RL_B0Fmm00_PB0PCcZNC0909_B64mA1la0R0vxxxxxx_000A07fBIsc_xBCxxxXxxFgxxn_DQ02_Blender_A1J_550000E3,1,4,12,600,106.5,103.75,101.0,0,11
1,pat38,d1682887P0420905C_RL_B0Fmm00_PB0PCcZNC0909_B64mA1la0R0vxxxxxx_000A07fBIsc_xBCxxxXxxFgxxn_DQ02_Blender_A1J_550000E3,1,5,13,600,107.0,104.38,100.5,1,2
1,pat38,d1682887P0420905C_RL_B0Fmm00_PB0PCcZNC0909_B64mA1la0R0vxxxxxx_000A07fBIsc_xBCxxxXxxFgxxn_DQ02_Blender_A1J_550000E3,1,6,14,600,103.0,101.25,99.0,0,1
1,pat38,d1682887P0420905C_RL_B0Fmm00_PB0PCcZNC0909_B64mA1la0R0vxxxxxx_000A07fBIsc_xBCxxxXxxFgxxn_DQ02_Blender_A1J_550000E3,1,7,15,600,102.5,100.23,98.5,0,8
1,pat38,d1682887P0420905C_RL_B0Fmm00_PB0PCcZNC0909_B64mA1la0R0vxxxxxx_000A07fBIsc_xBCxxxXxxFgxxn_DQ02_Blender_A1J_550000E3,2,0,16,600,107.5,104.98,102.0,1,11
1,pat38,d1682887P0420905C_RL_B0Fmm00_PB0PCcZNC0909_B64mA1la0R0vxxxxxx_000A07fBIsc_xBCxxxXxxFgxxn_DQ02_Blender_A1J_550000E3,2,1,17,600,109.0,105.32,102.0,1,2
1,pat38,d1682887P0420905C_RL_B0Fmm00_PB0PCcZNC0909_B64mA1la0R0vxxxxxx_000A07fBIsc_xBCxxxXxxFgxxn_DQ02_Blender_A1J_550000E3,2,2,18,600,103.0,101.27,100.0,1,14
1,pat38,d1682887P0420905C_RL_B0Fmm00_PB0PCcZNC0909_B64mA1la0R0vxxxxxx_000A07fBIsc_xBCxxxXxxFgxxn_DQ02_Blender_A1J_550000E3,2,3,19,600,102.5,100.98,99.0,0,8
1,pat38,d1682887P0420905C_RL_B0Fmm00_PB0PCcZNC0909_B64mA1la0R0vxxxxxx_000A07fBIsc_xBCxxxXxxFgxxn_DQ02_Blender_A1J_550000E3,2,4,20,600,109.0,104.22,101.5,1,11
1,pat38,d1682887P0420905C_RL_B0Fmm00_PB0PCcZNC0909_B64mA1la0R0vxxxxxx_000A07fBIsc_xBCxxxXxxFgxxn_DQ02_Blender_A1J_550000E3,2,5,21,600,107.0,104.65,102.0,1,11
1,pat38,d1682887P0420905C_RL_B0Fmm00_PB0PCcZNC0909_B64mA1la0R0vxxxxxx_000A07fBIsc_xBCxxxXxxFgxxn_DQ02_Blender_A1J_550000E3,2,6,22,600,104.0,101.59,99.5,0,8
1,pat38,d1682887P0420905C_RL_B0Fmm00_PB0PCcZNC0909_B64mA1la0R0vxxxxxx_000A07fBIsc_xBCxxxXxxFgxxn_DQ02_Blender_A1J_550000E3,2,7,23,600,102.0,100.46,99.0,0,8
1,pat38,d1682887P0420905C_RL_B0Fmm00_PB0PCcZNC0909_B64mA1la0R0vxxxxxx_000A07fBIsc_xBCxxxXxxFgxxn_DQ02_Blender_A1J_550000E3,3,0,24,600,105.0,103.54,101.5,0,9
1,pat38,d1682887P0420905C_RL_B0Fmm00_PB0PCcZNC0909_B64mA1la0R0vxxxxxx_000A07fBIsc_xBCxxxXxxFgxxn_DQ02_Blender_A1J_550000E3,3,1,25,600,105.0,103.31,101.0,1,13
1,pat38,d1682887P0420905C_RL_B0Fmm00_PB0PCcZNC0909_B64mA1la0R0vxxxxxx_000A07fBIsc_xBCxxxXxxFgxxn_DQ02_Blender_A1J_550000E3,3,2,26,600,103.0,101.86,100.0,0,8
1,pat38,d1682887P0420905C_RL_B0Fmm00_PB0PCcZNC0909_B64mA1la0R0vxxxxxx_000A07fBIsc_xBCxxxXxxFgxxn_DQ02_Blender_A1J_550000E3,3,3,27,600,103.0,101.12,99.5,0,8
1,pat38,d1682887P0420905C_RL_B0Fmm00_PB0PCcZNC0909_B64mA1la0R0vxxxxxx_000A07fBIsc_xBCxxxXxxFgxxn_DQ02_Blender_A1J_550000E3,3,4,28,600,107.5,104.55,100.5,1,11
1,pat38,d1682887P0420905C_RL_B0Fmm00_PB0PCcZNC0909_B64mA1la0R0vxxxxxx_000A07fBIsc_xBCxxxXxxFgxxn_DQ02_Blender_A1J_550000E3,3,5,29,600,106.0,103.8,101.5,1,6
1,pat38,d1682887P0420905C_RL_B0Fmm00_PB0PCcZNC0909_B64mA1la0R0vxxxxxx_000A07fBIsc_xBCxxxXxxFgxxn_DQ02_Blender_A1J_550000E3,3,6,30,600,103.0,101.62,100.0,0,14
1,pat38,d1682887P0420905C_RL_B0Fmm00_PB0PCcZNC0909_B64mA1la0R0vxxxxxx_000A07fBIsc_xBCxxxXxxFgxxn_DQ02_Blender_A1J_550000E3,3,7,31,600,104.0,101.52,100.0,0,8
1,pat39,d1683232P0421076C_RL_B0Fmm00_PB0PCcZNC0909_B64mA1la0R0vxxxxxx_000A07fBIsc_xBCxxxXxxFgxxn_DQ02_Blender_Z1J_550000B5,0,0,0,600,109.5,104.35,99.5,1,11
1,pat39,d1683232P0421076C_RL_B0Fmm00_PB0PCcZNC0909_B64mA1la0R0vxxxxxx_000A07fBIsc_xBCxxxXxxFgxxn_DQ02_Blender_Z1J_550000B5,0,1,1,600,110.5,104.93,100.0,1,2
1,pat39,d1683232P0421076C_RL_B0Fmm00_PB0PCcZNC0909_B64mA1la0R0vxxxxxx_000A07fBIsc_xBCxxxXxxFgxxn_DQ02_Blender_Z1J_550000B5,0,2,2,600,101.5,100.36,99.5,1,2
1,pat39,d1683232P0421076C_RL_B0Fmm00_PB0PCcZNC0909_B64mA1la0R0vxxxxxx_000A07fBIsc_xBCxxxXxxFgxxn_DQ02_Blender_Z1J_550000B5,0,3,3,600,101.0,99.44,98.0,0,8
1,pat39,d1683232P0421076C_RL_B0Fmm00_PB0PCcZNC0909_B64mA1la0R0vxxxxxx_000A07fBIsc_xBCxxxXxxFgxxn_DQ02_Blender_Z1J_550000B5,0,4,4,600,110.0,104.78,101.0,1,11
1,pat39,d1683232P0421076C_RL_B0Fmm00_PB0PCcZNC0909_B64mA1la0R0vxxxxxx_000A07fBIsc_xBCxxxXxxFgxxn_DQ02_Blender_Z1J_550000B5,0,5,5,600,110.5,105.65,101.0,1,11
1,pat39,d1683232P0421076C_RL_B0Fmm00_PB0PCcZNC0909_B64mA1la0R0vxxxxxx_000A07fBIsc_xBCxxxXxxFgxxn_DQ02_Blender_Z1J_550000B5,0,6,6,600,102.5,100.73,99.0,0,8
1,pat39,d1683232P0421076C_RL_B0Fmm00_PB0PCcZNC0909_B64mA1la0R0vxxxxxx_000A07fBIsc_xBCxxxXxxFgxxn_DQ02_Blender_Z1J_550000B5,0,7,7,600,101.0,99.8,98.0,1,6
1,pat39,d1683232P0421076C_RL_B0Fmm00_PB0PCcZNC0909_B64mA1la0R0vxxxxxx_000A07fBIsc_xBCxxxXxxFgxxn_DQ02_Blender_Z1J_550000B5,1,0,8,600,107.0,104.09,100.5,1,9
1,pat39,d1683232P0421076C_RL_B0Fmm00_PB0PCcZNC0909_B64mA1la0R0vxxxxxx_000A07fBIsc_xBCxxxXxxFgxxn_DQ02_Blender_Z1J_550000B5,1,1,9,600,106.5,103.73,100.5,1,11
1,pat39,d1683232P0421076C_RL_B0Fmm00_PB0PCcZNC0909_B64mA1la0R0vxxxxxx_000A07fBIsc_xBCxxxXxxFgxxn_DQ02_Blender_Z1J_550000B5,1,2,10,600,102.0,100.72,99.0,0,8
1,pat39,d1683232P0421076C_RL_B0Fmm00_PB0PCcZNC0909_B64mA1la0R0vxxxxxx_000A07fBIsc_xBCxxxXxxFgxxn_DQ02_Blender_Z1J_550000B5,1,3,11,600,101.5,100.57,99.0,0,8
1,pat39,d1683232P0421076C_RL_B0Fmm00_PB0PCcZNC0909_B64mA1la0R0vxxxxxx_000A07fBIsc_xBCxxxXxxFgxxn_DQ02_Blender_Z1J_550000B5,1,4,12,600,107.5,104.03,101.0,1,11
1,pat39,d1683232P0421076C_RL_B0Fmm00_PB0PCcZNC0909_B64mA1la0R0vxxxxxx_000A07fBIsc_xBCxxxXxxFgxxn_DQ02_Blender_Z1J_550000B5,1,5,13,600,108.0,104.76,100.5,1,2
1,pat39,d1683232P0421076C_RL_B0Fmm00_PB0PCcZNC0909_B64mA1la0R0vxxxxxx_000A07fBIsc_xBCxxxXxxFgxxn_DQ02_Blender_Z1J_550000B5,1,6,14,600,103.0,101.26,99.0,0,1
1,pat39,d1683232P0421076C_RL_B0Fmm00_PB0PCcZNC0909_B64mA1la0R0vxxxxxx_000A07fBIsc_xBCxxxXxxFgxxn_DQ02_Blender_Z1J_550000B5,1,7,15,600,102.5,100.22,98.5,0,8
1,pat39,d1683232P0421076C_RL_B0Fmm00_PB0PCcZNC0909_B64mA1la0R0vxxxxxx_000A07fBIsc_xBCxxxXxxFgxxn_DQ02_Blender_Z1J_550000B5,2,0,16,600,108.0,105.31,101.5,1,11
1,pat39,d1683232P0421076C_RL_B0Fmm00_PB0PCcZNC0909_B64mA1la0R0vxxxxxx_000A07fBIsc_xBCxxxXxxFgxxn_DQ02_Blender_Z1J_550000B5,2,1,17,600,109.5,105.68,101.5,1,2
1,pat39,d1683232P0421076C_RL_B0Fmm00_PB0PCcZNC0909_B64mA1la0R0vxxxxxx_000A07fBIsc_xBCxxxXxxFgxxn_DQ02_Blender_Z1J_550000B5,2,2,18,600,103.0,101.23,100.0,0,7
1,pat39,d1683232P0421076C_RL_B0Fmm00_PB0PCcZNC0909_B64mA1la0R0vxxxxxx_000A07fBIsc_xBCxxxXxxFgxxn_DQ02_Blender_Z1J_550000B5,2,3,19,600,102.5,100.94,99.5,1,9
1,pat39,d1683232P0421076C_RL_B0Fmm00_PB0PCcZNC0909_B64mA1la0R0vxxxxxx_000A07fBIsc_xBCxxxXxxFgxxn_DQ02_Blender_Z1J_550000B5,2,4,20,600,109.5,104.52,101.5,1,11
1,pat39,d1683232P0421076C_RL_B0Fmm00_PB0PCcZNC0909_B64mA1la0R0vxxxxxx_000A07fBIsc_xBCxxxXxxFgxxn_DQ02_Blender_Z1J_550000B5,2,5,21,600,108.0,104.96,102.0,1,2
1,pat39,d1683232P0421076C_RL_B0Fmm00_PB0PCcZNC0909_B64mA1la0R0vxxxxxx_000A07fBIsc_xBCxxxXxxFgxxn_DQ02_Blender_Z1J_550000B5,2,6,22,600,104.5,101.49,99.5,0,8
1,pat39,d1683232P0421076C_RL_B0Fmm00_PB0PCcZNC0909_B64mA1la0R0vxxxxxx_000A07fBIsc_xBCxxxXxxFgxxn_DQ02_Blender_Z1J_550000B5,2,7,23,600,102.0,100.5,99.0,1,4
1,pat39,d1683232P0421076C_RL_B0Fmm00_PB0PCcZNC0909_B64mA1la0R0vxxxxxx_000A07fBIsc_xBCxxxXxxFgxxn_DQ02_Blender_Z1J_550000B5,3,0,24,600,106.0,103.92,101.5,1,11
1,pat39,d1683232P0421076C_RL_B0Fmm00_PB0PCcZNC0909_B64mA1la0R0vxxxxxx_000A07fBIsc_xBCxxxXxxFgxxn_DQ02_Blender_Z1J_550000B5,3,1,25,600,106.0,103.6,101.0,0,0
1,pat39,d1683232P0421076C_RL_B0Fmm00_PB0PCcZNC0909_B64mA1la0R0vxxxxxx_000A07fBIsc_xBCxxxXxxFgxxn_DQ02_Blender_Z1J_550000B5,3,2,26,600,103.5,101.84,100.0,0,6
1,pat39,d1683232P0421076C_RL_B0Fmm00_PB0PCcZNC0909_B64mA1la0R0vxxxxxx_000A07fBIsc_xBCxxxXxxFgxxn_DQ02_Blender_Z1J_550000B5,3,3,27,600,102.5,101.09,99.5,0,8
1,pat39,d1683232P0421076C_RL_B0Fmm00_PB0PCcZNC0909_B64mA1la0R0vxxxxxx_000A07fBIsc_xBCxxxXxxFgxxn_DQ02_Blender_Z1J_550000B5,3,4,28,600,109.0,104.87,100.5,1,2
1,pat39,d1683232P0421076C_RL_B0Fmm00_PB0PCcZNC0909_B64mA1la0R0vxxxxxx_000A07fBIsc_xBCxxxXxxFgxxn_DQ02_Blender_Z1J_550000B5,3,5,29,600,107.0,104.13,101.5,1,0
1,pat39,d1683232P0421076C_RL_B0Fmm00_PB0PCcZNC0909_B64mA1la0R0vxxxxxx_000A07fBIsc_xBCxxxXxxFgxxn_DQ02_Blender_Z1J_550000B5,3,6,30,600,103.0,101.68,100.0,0,6
1,pat39,d1683232P0421076C_RL_B0Fmm00_PB0PCcZNC0909_B64mA1la0R0vxxxxxx_000A07fBIsc_xBCxxxXxxFgxxn_DQ02_Blender_Z1J_550000B5,3,7,31,600,103.5,101.46,100.0,0,8
1,pat40,d1701139P0422605C_RL_B0Fmm00_PB0PCcZNC0909_B64mA1la0R0vxxxxxx_000A07fBIsc_xBCxxxXxxFgxxn_DQ02_Skipper_Z_55100334,0,0,0,600,109.5,104.52,99.5,1,11
1,pat40,d1701139P0422605C_RL_B0Fmm00_PB0PCcZNC0909_B64mA1la0R0vxxxxxx_000A07fBIsc_xBCxxxXxxFgxxn_DQ02_Skipper_Z_55100334,0,1,1,600,110.5,105.03,100.0,1,2
1,pat40,d1701139P0422605C_RL_B0Fmm00_PB0PCcZNC0909_B64mA1la0R0vxxxxxx_000A07fBIsc_xBCxxxXxxFgxxn_DQ02_Skipper_Z_55100334,0,2,2,600,102.0,100.4,99.0,0,8
1,pat40,d1701139P0422605C_RL_B0Fmm00_PB0PCcZNC0909_B64mA1la0R0vxxxxxx_000A07fBIsc_xBCxxxXxxFgxxn_DQ02_Skipper_Z_55100334,0,3,3,600,101.0,99.41,98.0,0,8
1,pat40,d1701139P0422605C_RL_B0Fmm00_PB0PCcZNC0909_B64mA1la0R0vxxxxxx_000A07fBIsc_xBCxxxXxxFgxxn_DQ02_Skipper_Z_55100334,0,4,4,600,110.5,104.92,101.0,1,11
1,pat40,d1701139P0422605C_RL_B0Fmm00_PB0PCcZNC0909_B64mA1la0R0vxxxxxx_000A07fBIsc_xBCxxxXxxFgxxn_DQ02_Skipper_Z_55100334,0,5,5,600,111.0,105.89,100.5,1,11
1,pat40,d1701139P0422605C_RL_B0Fmm00_PB0PCcZNC0909_B64mA1la0R0vxxxxxx_000A07fBIsc_xBCxxxXxxFgxxn_DQ02_Skipper_Z_55100334,0,6,6,600,102.0,100.72,99.0,0,8
1,pat40,d1701139P0422605C_RL_B0Fmm00_PB0PCcZNC0909_B64mA1la0R0vxxxxxx_000A07fBIsc_xBCxxxXxxFgxxn_DQ02_Skipper_Z_55100334,0,7,7,600,101.0,99.75,98.0,0,6
1,pat40,d1701139P0422605C_RL_B0Fmm00_PB0PCcZNC0909_B64mA1la0R0vxxxxxx_000A07fBIsc_xBCxxxXxxFgxxn_DQ02_Skipper_Z_55100334,1,0,8,600,107.0,104.19,100.5,1,0
1,pat40,d1701139P0422605C_RL_B0Fmm00_PB0PCcZNC0909_B64mA1la0R0vxxxxxx_000A07fBIsc_xBCxxxXxxFgxxn_DQ02_Skipper_Z_55100334,1,1,9,600,106.5,103.8,100.0,0,0
1,pat40,d1701139P0422605C_RL_B0Fmm00_PB0PCcZNC0909_B64mA1la0R0vxxxxxx_000A07fBIsc_xBCxxxXxxFgxxn_DQ02_Skipper_Z_55100334,1,2,10,600,102.0,100.7,99.0,0,8
1,pat40,d1701139P0422605C_RL_B0Fmm00_PB0PCcZNC0909_B64mA1la0R0vxxxxxx_000A07fBIsc_xBCxxxXxxFgxxn_DQ02_Skipper_Z_55100334,1,3,11,600,101.5,100.55,99.0,0,8
1,pat40,d1701139P0422605C_RL_B0Fmm00_PB0PCcZNC0909_B64mA1la0R0vxxxxxx_000A07fBIsc_xBCxxxXxxFgxxn_DQ02_Skipper_Z_55100334,1,4,12,600,107.5,104.09,100.5,1,11
1,pat40,d1701139P0422605C_RL_B0Fmm00_PB0PCcZNC0909_B64mA1la0R0vxxxxxx_000A07fBIsc_xBCxxxXxxFgxxn_DQ02_Skipper_Z_55100334,1,5,13,600,108.0,104.88,100.5,1,2
1,pat40,d1701139P0422605C_RL_B0Fmm00_PB0PCcZNC0909_B64mA1la0R0vxxxxxx_000A07fBIsc_xBCxxxXxxFgxxn_DQ02_Skipper_Z_55100334,1,6,14,600,103.0,101.27,98.5,0,1
1,pat40,d1701139P0422605C_RL_B0Fmm00_PB0PCcZNC0909_B64mA1la0R0vxxxxxx_000A07fBIsc_xBCxxxXxxFgxxn_DQ02_Skipper_Z_55100334,1,7,15,600,102.5,100.2,97.5,0,8
1,pat40,d1701139P0422605C_RL_B0Fmm00_PB0PCcZNC0909_B64mA1la0R0vxxxxxx_000A07fBIsc_xBCxxxXxxFgxxn_DQ02_Skipper_Z_55100334,2,0,16,600,108.0,105.42,101.5,1,11
1,pat40,d1701139P0422605C_RL_B0Fmm00_PB0PCcZNC0909_B64mA1la0R0vxxxxxx_000A07fBIsc_xBCxxxXxxFgxxn_DQ02_Skipper_Z_55100334,2,1,17,600,109.5,105.77,101.5,1,2
1,pat40,d1701139P0422605C_RL_B0Fmm00_PB0PCcZNC0909_B64mA1la0R0vxxxxxx_000A07fBIsc_xBCxxxXxxFgxxn_DQ02_Skipper_Z_55100334,2,2,18,600,103.0,101.19,99.5,0,7
1,pat40,d1701139P0422605C_RL_B0Fmm00_PB0PCcZNC0909_B64mA1la0R0vxxxxxx_000A07fBIsc_xBCxxxXxxFgxxn_DQ02_Skipper_Z_55100334,2,3,19,600,102.5,100.82,99.0,1,9
1,pat40,d1701139P0422605C_RL_B0Fmm00_PB0PCcZNC0909_B64mA1la0R0vxxxxxx_000A07fBIsc_xBCxxxXxxFgxxn_DQ02_Skipper_Z_55100334,2,4,20,600,110.0,104.62,101.5,1,11
1,pat40,d1701139P0422605C_RL_B0Fmm00_PB0PCcZNC0909_B64mA1la0R0vxxxxxx_000A07fBIsc_xBCxxxXxxFgxxn_DQ02_Skipper_Z_55100334,2,5,21,600,108.0,104.96,102.0,1,2
1,pat40,d1701139P0422605C_RL_B0Fmm00_PB0PCcZNC0909_B64mA1la0R0vxxxxxx_000A07fBIsc_xBCxxxXxxFgxxn_DQ02_Skipper_Z_55100334,2,6,22,600,104.0,101.54,99.0,0,8
1,pat40,d1701139P0422605C_RL_B0Fmm00_PB0PCcZNC0909_B64mA1la0R0vxxxxxx_000A07fBIsc_xBCxxxXxxFgxxn_DQ02_Skipper_Z_55100334,2,7,23,600,102.0,100.45,98.5,1,8
1,pat40,d1701139P0422605C_RL_B0Fmm00_PB0PCcZNC0909_B64mA1la0R0vxxxxxx_000A07fBIsc_xBCxxxXxxFgxxn_DQ02_Skipper_Z_55100334,3,0,24,600,106.0,103.92,101.0,0,0
1,pat40,d1701139P0422605C_RL_B0Fmm00_PB0PCcZNC0909_B64mA1la0R0vxxxxxx_000A07fBIsc_xBCxxxXxxFgxxn_DQ02_Skipper_Z_55100334,3,1,25,600,106.5,103.59,101.0,0,0
1,pat40,d1701139P0422605C_RL_B0Fmm00_PB0PCcZNC0909_B64mA1la0R0vxxxxxx_000A07fBIsc_xBCxxxXxxFgxxn_DQ02_Skipper_Z_55100334,3,2,26,600,103.5,101.79,99.5,0,5
1,pat40,d1701139P0422605C_RL_B0Fmm00_PB0PCcZNC0909_B64mA1la0R0vxxxxxx_000A07fBIsc_xBCxxxXxxFgxxn_DQ02_Skipper_Z_55100334,3,3,27,600,103.0,100.98,99.5,0,8
1,pat40,d1701139P0422605C_RL_B0Fmm00_PB0PCcZNC0909_B64mA1la0R0vxxxxxx_000A07fBIsc_xBCxxxXxxFgxxn_DQ02_Skipper_Z_55100334,3,4,28,600,109.0,104.91,100.5,1,2
1,pat40,d1701139P0422605C_RL_B0Fmm00_PB0PCcZNC0909_B64mA1la0R0vxxxxxx_000A07fBIsc_xBCxxxXxxFgxxn_DQ02_Skipper_Z_55100334,3,5,29,600,107.0,104.12,101.5,1,0
1,pat40,d1701139P0422605C_RL_B0Fmm00_PB0PCcZNC0909_B64mA1la0R0vxxxxxx_000A07fBIsc_xBCxxxXxxFgxxn_DQ02_Skipper_Z_55100334,3,6,30,600,105.0,101.65,100.0,0,14
1,pat40,d1701139P0422605C_RL_B0Fmm00_PB0PCcZNC0909_B64mA1la0R0vxxxxxx_000A07fBIsc_xBCxxxXxxFgxxn_DQ02_Skipper_Z_55100334,3,7,31,600,104.0,101.43,99.5,0,8
1,pat41,d1700291P0421800C_RL_B0Fmm00_PB0PCcZNC0909_B64mA1la0R0vxxxxxx_000A07fBIsc_xBCxxxXxxFgxxn_DQ02_Blender_A1J_551000BF,0,0,0,600,108.5,104.01,99.5,1,2
1,pat41,d1700291P0421800C_RL_B0Fmm00_PB0PCcZNC0909_B64mA1la0R0vxxxxxx_000A07fBIsc_xBCxxxXxxFgxxn_DQ02_Blender_A1J_551000BF,0,1,1,600,109.5,104.4,100.5,1,2
1,pat41,d1700291P0421800C_RL_B0Fmm00_PB0PCcZNC0909_B64mA1la0R0vxxxxxx_000A07fBIsc_xBCxxxXxxFgxxn_DQ02_Blender_A1J_551000BF,0,2,2,600,101.5,100.47,99.5,0,5
1,pat41,d1700291P0421800C_RL_B0Fmm00_PB0PCcZNC0909_B64mA1la0R0vxxxxxx_000A07fBIsc_xBCxxxXxxFgxxn_DQ02_Blender_A1J_551000BF,0,3,3,600,101.0,99.49,98.0,0,8
1,pat41,d1700291P0421800C_RL_B0Fmm00_PB0PCcZNC0909_B64mA1la0R0vxxxxxx_000A07fBIsc_xBCxxxXxxFgxxn_DQ02_Blender_A1J_551000BF,0,4,4,600,109.5,104.39,101.0,1,11
1,pat41,d1700291P0421800C_RL_B0Fmm00_PB0PCcZNC0909_B64mA1la0R0vxxxxxx_000A07fBIsc_xBCxxxXxxFgxxn_DQ02_Blender_A1J_551000BF,0,5,5,600,110.0,105.39,101.5,1,11
1,pat41,d1700291P0421800C_RL_B0Fmm00_PB0PCcZNC0909_B64mA1la0R0vxxxxxx_000A07fBIsc_xBCxxxXxxFgxxn_DQ02_Blender_A1J_551000BF,0,6,6,600,102.5,100.72,99.5,0,8
1,pat41,d1700291P0421800C_RL_B0Fmm00_PB0PCcZNC0909_B64mA1la0R0vxxxxxx_000A07fBIsc_xBCxxxXxxFgxxn_DQ02_Blender_A1J_551000BF,0,7,7,600,101.0,99.86,98.5,1,6
1,pat41,d1700291P0421800C_RL_B0Fmm00_PB0PCcZNC0909_B64mA1la0R0vxxxxxx_000A07fBIsc_xBCxxxXxxFgxxn_DQ02_Blender_A1J_551000BF,1,0,8,600,106.5,103.67,101.0,1,9
1,pat41,d1700291P0421800C_RL_B0Fmm00_PB0PCcZNC0909_B64mA1la0R0vxxxxxx_000A07fBIsc_xBCxxxXxxFgxxn_DQ02_Blender_A1J_551000BF,1,1,9,600,106.0,103.31,100.5,1,11
1,pat41,d1700291P0421800C_RL_B0Fmm00_PB0PCcZNC0909_B64mA1la0R0vxxxxxx_000A07fBIsc_xBCxxxXxxFgxxn_DQ02_Blender_A1J_551000BF,1,2,10,600,102.0,100.7,99.5,1,2
1,pat41,d1700291P0421800C_RL_B0Fmm00_PB0PCcZNC0909_B64mA1la0R0vxxxxxx_000A07fBIsc_xBCxxxXxxFgxxn_DQ02_Blender_A1J_551000BF,1,3,11,600,102.0,100.67,99.0,1,7
1,pat41,d1700291P0421800C_RL_B0Fmm00_PB0PCcZNC0909_B64mA1la0R0vxxxxxx_000A07fBIsc_xBCxxxXxxFgxxn_DQ02_Blender_A1J_551000BF,1,4,12,600,106.5,103.55,101.0,0,11
1,pat41,d1700291P0421800C_RL_B0Fmm00_PB0PCcZNC0909_B64mA1la0R0vxxxxxx_000A07fBIsc_xBCxxxXxxFgxxn_DQ02_Blender_A1J_551000BF,1,5,13,600,107.5,104.44,101.0,1,2
1,pat41,d1700291P0421800C_RL_B0Fmm00_PB0PCcZNC0909_B64mA1la0R0vxxxxxx_000A07fBIsc_xBCxxxXxxFgxxn_DQ02_Blender_A1J_551000BF,1,6,14,600,103.0,101.32,98.5,0,1
1,pat41,d1700291P0421800C_RL_B0Fmm00_PB0PCcZNC0909_B64mA1la0R0vxxxxxx_000A07fBIsc_xBCxxxXxxFgxxn_DQ02_Blender_A1J_551000BF,1,7,15,600,102.5,100.38,98.5,0,8
1,pat41,d1700291P0421800C_RL_B0Fmm00_PB0PCcZNC0909_B64mA1la0R0vxxxxxx_000A07fBIsc_xBCxxxXxxFgxxn_DQ02_Blender_A1J_551000BF,2,0,16,600,108.0,104.93,101.5,1,11
1,pat41,d1700291P0421800C_RL_B0Fmm00_PB0PCcZNC0909_B64mA1la0R0vxxxxxx_000A07fBIsc_xBCxxxXxxFgxxn_DQ02_Blender_A1J_551000BF,2,1,17,600,109.0,105.29,102.0,1,2
1,pat41,d1700291P0421800C_RL_B0Fmm00_PB0PCcZNC0909_B64mA1la0R0vxxxxxx_000A07fBIsc_xBCxxxXxxFgxxn_DQ02_Blender_A1J_551000BF,2,2,18,600,103.5,101.32,100.0,1,14
1,pat41,d1700291P0421800C_RL_B0Fmm00_PB0PCcZNC0909_B64mA1la0R0vxxxxxx_000A07fBIsc_xBCxxxXxxFgxxn_DQ02_Blender_A1J_551000BF,2,3,19,600,102.5,100.96,99.0,1,11
1,pat41,d1700291P0421800C_RL_B0Fmm00_PB0PCcZNC0909_B64mA1la0R0vxxxxxx_000A07fBIsc_xBCxxxXxxFgxxn_DQ02_Blender_A1J_551000BF,2,4,20,600,109.5,104.22,101.5,1,11
1,pat41,d1700291P0421800C_RL_B0Fmm00_PB0PCcZNC0909_B64mA1la0R0vxxxxxx_000A07fBIsc_xBCxxxXxxFgxxn_DQ02_Blender_A1J_551000BF,2,5,21,600,107.5,104.66,101.5,1,11
1,pat41,d1700291P0421800C_RL_B0Fmm00_PB0PCcZNC0909_B64mA1la0R0vxxxxxx_000A07fBIsc_xBCxxxXxxFgxxn_DQ02_Blender_A1J_551000BF,2,6,22,600,104.0,101.59,99.5,0,8
1,pat41,d1700291P0421800C_RL_B0Fmm00_PB0PCcZNC0909_B64mA1la0R0vxxxxxx_000A07fBIsc_xBCxxxXxxFgxxn_DQ02_Blender_A1J_551000BF,2,7,23,600,102.0,100.57,99.0,1,4
1,pat41,d1700291P0421800C_RL_B0Fmm00_PB0PCcZNC0909_B64mA1la0R0vxxxxxx_000A07fBIsc_xBCxxxXxxFgxxn_DQ02_Blender_A1J_551000BF,3,0,24,600,105.5,103.49,101.5,0,9
1,pat41,d1700291P0421800C_RL_B0Fmm00_PB0PCcZNC0909_B64mA1la0R0vxxxxxx_000A07fBIsc_xBCxxxXxxFgxxn_DQ02_Blender_A1J_551000BF,3,1,25,600,105.5,103.27,101.0,0,9
1,pat41,d1700291P0421800C_RL_B0Fmm00_PB0PCcZNC0909_B64mA1la0R0vxxxxxx_000A07fBIsc_xBCxxxXxxFgxxn_DQ02_Blender_A1J_551000BF,3,2,26,600,103.5,101.88,100.0,0,6
1,pat41,d1700291P0421800C_RL_B0Fmm00_PB0PCcZNC0909_B64mA1la0R0vxxxxxx_000A07fBIsc_xBCxxxXxxFgxxn_DQ02_Blender_A1J_551000BF,3,3,27,600,102.5,101.02,99.5,0,8
1,pat41,d1700291P0421800C_RL_B0Fmm00_PB0PCcZNC0909_B64mA1la0R0vxxxxxx_000A07fBIsc_xBCxxxXxxFgxxn_DQ02_Blender_A1J_551000BF,3,4,28,600,107.5,104.49,100.5,1,9
1,pat41,d1700291P0421800C_RL_B0Fmm00_PB0PCcZNC0909_B64mA1la0R0vxxxxxx_000A07fBIsc_xBCxxxXxxFgxxn_DQ02_Blender_A1J_551000BF,3,5,29,600,106.0,103.74,101.5,1,11
1,pat41,d1700291P0421800C_RL_B0Fmm00_PB0PCcZNC0909_B64mA1la0R0vxxxxxx_000A07fBIsc_xBCxxxXxxFgxxn_DQ02_Blender_A1J_551000BF,3,6,30,600,103.0,101.64,100.5,0,8
1,pat41,d1700291P0421800C_RL_B0Fmm00_PB0PCcZNC0909_B64mA1la0R0vxxxxxx_000A07fBIsc_xBCxxxXxxFgxxn_DQ02_Blender_A1J_551000BF,3,7,31,600,104.0,101.51,100.0,0,8
1,pat42,d1684234P0421444C_RL_B0Fmm00_PB0PCcZNC0909_B64mA1la0R0vxxxxxx_000A07fBIsc_xBCxxxXxxFgxxn_DQ02_Aes_SDZ_5500000E,0,0,0,600,109.5,104.78,100.0,1,11
1,pat42,d1684234P0421444C_RL_B0Fmm00_PB0PCcZNC0909_B64mA1la0R0vxxxxxx_000A07fBIsc_xBCxxxXxxFgxxn_DQ02_Aes_SDZ_5500000E,0,1,1,600,110.0,105.34,100.5,1,2
1,pat42,d1684234P0421444C_RL_B0Fmm00_PB0PCcZNC0909_B64mA1la0R0vxxxxxx_000A07fBIsc_xBCxxxXxxFgxxn_DQ02_Aes_SDZ_5500000E,0,2,2,600,102.0,100.58,99.5,0,14
1,pat42,d1684234P0421444C_RL_B0Fmm00_PB0PCcZNC0909_B64mA1la0R0vxxxxxx_000A07fBIsc_xBCxxxXxxFgxxn_DQ02_Aes_SDZ_5500000E,0,3,3,600,101.5,99.5,98.0,0,14
1,pat42,d1684234P0421444C_RL_B0Fmm00_PB0PCcZNC0909_B64mA1la0R0vxxxxxx_000A07fBIsc_xBCxxxXxxFgxxn_DQ02_Aes_SDZ_5500000E,0,4,4,600,110.0,105.17,101.5,1,11
1,pat42,d1684234P0421444C_RL_B0Fmm00_PB0PCcZNC0909_B64mA1la0R0vxxxxxx_000A07fBIsc_xBCxxxXxxFgxxn_DQ02_Aes_SDZ_5500000E,0,5,5,600,110.5,106.15,102.0,1,11
1,pat42,d1684234P0421444C_RL_B0Fmm00_PB0PCcZNC0909_B64mA1la0R0vxxxxxx_000A07fBIsc_xBCxxxXxxFgxxn_DQ02_Aes_SDZ_5500000E,0,6,6,600,102.5,100.9,99.5,1,13
1,pat42,d1684234P0421444C_RL_B0Fmm00_PB0PCcZNC0909_B64mA1la0R0vxxxxxx_000A07fBIsc_xBCxxxXxxFgxxn_DQ02_Aes_SDZ_5500000E,0,7,7,600,101.5,99.97,98.5,1,8
1,pat42,d1684234P0421444C_RL_B0Fmm00_PB0PCcZNC0909_B64mA1la0R0vxxxxxx_000A07fBIsc_xBCxxxXxxFgxxn_DQ02_Aes_SDZ_5500000E,1,0,8,600,107.0,104.58,101.0,1,9
1,pat42,d1684234P0421444C_RL_B0Fmm00_PB0PCcZNC0909_B64mA1la0R0vxxxxxx_000A07fBIsc_xBCxxxXxxFgxxn_DQ02_Aes_SDZ_5500000E,1,1,9,600,106.5,104.04,101.0,1,11
1,pat42,d1684234P0421444C_RL_B0Fmm00_PB0PCcZNC0909_B64mA1la0R0vxxxxxx_000A07fBIsc_xBCxxxXxxFgxxn_DQ02_Aes_SDZ_5500000E,1,2,10,600,102.5,100.95,99.5,0,8
1,pat42,d1684234P0421444C_RL_B0Fmm00_PB0PCcZNC0909_B64mA1la0R0vxxxxxx_000A07fBIsc_xBCxxxXxxFgxxn_DQ02_Aes_SDZ_5500000E,1,3,11,600,102.0,100.8,99.5,1,7
1,pat42,d1684234P0421444C_RL_B0Fmm00_PB0PCcZNC0909_B64mA1la0R0vxxxxxx_000A07fBIsc_xBCxxxXxxFgxxn_DQ02_Aes_SDZ_5500000E,1,4,12,600,108.0,104.48,101.0,1,11
1,pat42,d1684234P0421444C_RL_B0Fmm00_PB0PCcZNC0909_B64mA1la0R0vxxxxxx_000A07fBIsc_xBCxxxXxxFgxxn_DQ02_Aes_SDZ_5500000E,1,5,13,600,108.0,105.04,101.5,1,2
1,pat42,d1684234P0421444C_RL_B0Fmm00_PB0PCcZNC0909_B64mA1la0R0vxxxxxx_000A07fBIsc_xBCxxxXxxFgxxn_DQ02_Aes_SDZ_5500000E,1,6,14,600,104.0,101.59,99.0,0,8
1,pat42,d1684234P0421444C_RL_B0Fmm00_PB0PCcZNC0909_B64mA1la0R0vxxxxxx_000A07fBIsc_xBCxxxXxxFgxxn_DQ02_Aes_SDZ_5500000E,1,7,15,600,102.5,100.47,98.5,0,8
1,pat42,d1684234P0421444C_RL_B0Fmm00_PB0PCcZNC0909_B64mA1la0R0vxxxxxx_000A07fBIsc_xBCxxxXxxFgxxn_DQ02_Aes_SDZ_5500000E,2,0,16,600,108.5,105.65,102.0,1,11
1,pat42,d1684234P0421444C_RL_B0Fmm00_PB0PCcZNC0909_B64mA1la0R0vxxxxxx_000A07fBIsc_xBCxxxXxxFgxxn_DQ02_Aes_SDZ_5500000E,2,1,17,600,109.5,106.08,102.5,1,2
1,pat42,d1684234P0421444C_RL_B0Fmm00_PB0PCcZNC0909_B64mA1la0R0vxxxxxx_000A07fBIsc_xBCxxxXxxFgxxn_DQ02_Aes_SDZ_5500000E,2,2,18,600,103.5,101.69,100.5,1,14
1,pat42,d1684234P0421444C_RL_B0Fmm00_PB0PCcZNC0909_B64mA1la0R0vxxxxxx_000A07fBIsc_xBCxxxXxxFgxxn_DQ02_Aes_SDZ_5500000E,2,3,19,600,102.5,101.14,99.5,1,4
1,pat42,d1684234P0421444C_RL_B0Fmm00_PB0PCcZNC0909_B64mA1la0R0vxxxxxx_000A07fBIsc_xBCxxxXxxFgxxn_DQ02_Aes_SDZ_5500000E,2,4,20,600,110.0,104.78,101.5,1,11
1,pat42,d1684234P0421444C_RL_B0Fmm00_PB0PCcZNC0909_B64mA1la0R0vxxxxxx_000A07fBIsc_xBCxxxXxxFgxxn_DQ02_Aes_SDZ_5500000E,2,5,21,600,108.0,105.19,102.0,1,2
1,pat42,d1684234P0421444C_RL_B0Fmm00_PB0PCcZNC0909_B64mA1la0R0vxxxxxx_000A07fBIsc_xBCxxxXxxFgxxn_DQ02_Aes_SDZ_5500000E,2,6,22,600,104.0,101.73,99.5,0,8
1,pat42,d1684234P0421444C_RL_B0Fmm00_PB0PCcZNC0909_B64mA1la0R0vxxxxxx_000A07fBIsc_xBCxxxXxxFgxxn_DQ02_Aes_SDZ_5500000E,2,7,23,600,102.0,100.59,98.5,0,8
1,pat42,d1684234P0421444C_RL_B0Fmm00_PB0PCcZNC0909_B64mA1la0R0vxxxxxx_000A07fBIsc_xBCxxxXxxFgxxn_DQ02_Aes_SDZ_5500000E,3,0,24,600,106.0,104.08,101.5,1,11
1,pat42,d1684234P0421444C_RL_B0Fmm00_PB0PCcZNC0909_B64mA1la0R0vxxxxxx_000A07fBIsc_xBCxxxXxxFgxxn_DQ02_Aes_SDZ_5500000E,3,1,25,600,106.0,103.78,101.0,0,0
1,pat42,d1684234P0421444C_RL_B0Fmm00_PB0PCcZNC0909_B64mA1la0R0vxxxxxx_000A07fBIsc_xBCxxxXxxFgxxn_DQ02_Aes_SDZ_5500000E,3,2,26,600,104.0,102.04,100.0,0,6
1,pat42,d1684234P0421444C_RL_B0Fmm00_PB0PCcZNC0909_B64mA1la0R0vxxxxxx_000A07fBIsc_xBCxxxXxxFgxxn_DQ02_Aes_SDZ_5500000E,3,3,27,600,103.0,101.23,100.0,0,8
1,pat42,d1684234P0421444C_RL_B0Fmm00_PB0PCcZNC0909_B64mA1la0R0vxxxxxx_000A07fBIsc_xBCxxxXxxFgxxn_DQ02_Aes_SDZ_5500000E,3,4,28,600,109.5,105.38,101.0,1,2
1,pat42,d1684234P0421444C_RL_B0Fmm00_PB0PCcZNC0909_B64mA1la0R0vxxxxxx_000A07fBIsc_xBCxxxXxxFgxxn_DQ02_Aes_SDZ_5500000E,3,5,29,600,106.5,104.38,102.0,1,0
1,pat42,d1684234P0421444C_RL_B0Fmm00_PB0PCcZNC0909_B64mA1la0R0vxxxxxx_000A07fBIsc_xBCxxxXxxFgxxn_DQ02_Aes_SDZ_5500000E,3,6,30,600,103.5,101.83,100.5,0,6
1,pat42,d1684234P0421444C_RL_B0Fmm00_PB0PCcZNC0909_B64mA1la0R0vxxxxxx_000A07fBIsc_xBCxxxXxxFgxxn_DQ02_Aes_SDZ_5500000E,3,7,31,600,104.0,101.58,100.0,0,8
1,pat43,d1700759P0422194C_RL_B0Fmm00_PB0PCcZNC0909_B64mA1la0R0vxxxxxx_000A07fBIsc_xBCxxxXxxFgxxn_DQ02_FRM_CMultSZ_55100232,0,0,0,600,109.5,104.05,99.5,1,11
1,pat43,d1700759P0422194C_RL_B0Fmm00_PB0PCcZNC0909_B64mA1la0R0vxxxxxx_000A07fBIsc_xBCxxxXxxFgxxn_DQ02_FRM_CMultSZ_55100232,0,1,1,600,110.0,104.58,100.5,1,2
1,pat43,d1700759P0422194C_RL_B0Fmm00_PB0PCcZNC0909_B64mA1la0R0vxxxxxx_000A07fBIsc_xBCxxxXxxFgxxn_DQ02_FRM_CMultSZ_55100232,0,2,2,600,101.5,100.32,99.5,0,5
1,pat43,d1700759P0422194C_RL_B0Fmm00_PB0PCcZNC0909_B64mA1la0R0vxxxxxx_000A07fBIsc_xBCxxxXxxFgxxn_DQ02_FRM_CMultSZ_55100232,0,3,3,600,100.5,99.25,98.0,0,8
1,pat43,d1700759P0422194C_RL_B0Fmm00_PB0PCcZNC0909_B64mA1la0R0vxxxxxx_000A07fBIsc_xBCxxxXxxFgxxn_DQ02_FRM_CMultSZ_55100232,0,4,4,600,110.0,104.37,101.0,1,11
1,pat43,d1700759P0422194C_RL_B0Fmm00_PB0PCcZNC0909_B64mA1la0R0vxxxxxx_000A07fBIsc_xBCxxxXxxFgxxn_DQ02_FRM_CMultSZ_55100232,0,5,5,600,110.5,105.37,101.0,1,11
1,pat43,d1700759P0422194C_RL_B0Fmm00_PB0PCcZNC0909_B64mA1la0R0vxxxxxx_000A07fBIsc_xBCxxxXxxFgxxn_DQ02_FRM_CMultSZ_55100232,0,6,6,600,102.0,100.59,99.0,1,2
1,pat43,d1700759P0422194C_RL_B0Fmm00_PB0PCcZNC0909_B64mA1la0R0vxxxxxx_000A07fBIsc_xBCxxxXxxFgxxn_DQ02_FRM_CMultSZ_55100232,0,7,7,600,101.0,99.79,98.0,1,6
1,pat43,d1700759P0422194C_RL_B0Fmm00_PB0PCcZNC0909_B64mA1la0R0vxxxxxx_000A07fBIsc_xBCxxxXxxFgxxn_DQ02_FRM_CMultSZ_55100232,1,0,8,600,107.5,103.73,100.5,1,11
1,pat43,d1700759P0422194C_RL_B0Fmm00_PB0PCcZNC0909_B64mA1la0R0vxxxxxx_000A07fBIsc_xBCxxxXxxFgxxn_DQ02_FRM_CMultSZ_55100232,1,1,9,600,106.5,103.25,100.0,1,2
1,pat43,d1700759P0422194C_RL_B0Fmm00_PB0PCcZNC0909_B64mA1la0R0vxxxxxx_000A07fBIsc_xBCxxxXxxFgxxn_DQ02_FRM_CMultSZ_55100232,1,2,10,600,102.0,100.5,99.0,0,8
1,pat43,d1700759P0422194C_RL_B0Fmm00_PB0PCcZNC0909_B64mA1la0R0vxxxxxx_000A07fBIsc_xBCxxxXxxFgxxn_DQ02_FRM_CMultSZ_55100232,1,3,11,600,102.0,100.6,99.0,1,7
1,pat43,d1700759P0422194C_RL_B0Fmm00_PB0PCcZNC0909_B64mA1la0R0vxxxxxx_000A07fBIsc_xBCxxxXxxFgxxn_DQ02_FRM_CMultSZ_55100232,1,4,12,600,108.0,103.73,101.0,1,11
1,pat43,d1700759P0422194C_RL_B0Fmm00_PB0PCcZNC0909_B64mA1la0R0vxxxxxx_000A07fBIsc_xBCxxxXxxFgxxn_DQ02_FRM_CMultSZ_55100232,1,5,13,600,108.0,104.55,100.5,1,2
1,pat43,d1700759P0422194C_RL_B0Fmm00_PB0PCcZNC0909_B64mA1la0R0vxxxxxx_000A07fBIsc_xBCxxxXxxFgxxn_DQ02_FRM_CMultSZ_55100232,1,6,14,600,103.0,101.27,99.0,0,1
1,pat43,d1700759P0422194C_RL_B0Fmm00_PB0PCcZNC0909_B64mA1la0R0vxxxxxx_000A07fBIsc_xBCxxxXxxFgxxn_DQ02_FRM_CMultSZ_55100232,1,7,15,600,102.5,100.24,98.5,0,8
1,pat43,d1700759P0422194C_RL_B0Fmm00_PB0PCcZNC0909_B64mA1la0R0vxxxxxx_000A07fBIsc_xBCxxxXxxFgxxn_DQ02_FRM_CMultSZ_55100232,2,0,16,600,108.5,105.01,101.5,1,11
1,pat43,d1700759P0422194C_RL_B0Fmm00_PB0PCcZNC0909_B64mA1la0R0vxxxxxx_000A07fBIsc_xBCxxxXxxFgxxn_DQ02_FRM_CMultSZ_55100232,2,1,17,600,109.5,105.34,101.5,1,2
1,pat43,d1700759P0422194C_RL_B0Fmm00_PB0PCcZNC0909_B64mA1la0R0vxxxxxx_000A07fBIsc_xBCxxxXxxFgxxn_DQ02_FRM_CMultSZ_55100232,2,2,18,600,103.0,101.33,100.0,0,7
1,pat43,d1700759P0422194C_RL_B0Fmm00_PB0PCcZNC0909_B64mA1la0R0vxxxxxx_000A07fBIsc_xBCxxxXxxFgxxn_DQ02_FRM_CMultSZ_55100232,2,3,19,600,102.0,100.88,99.5,1,4
1,pat43,d1700759P0422194C_RL_B0Fmm00_PB0PCcZNC0909_B64mA1la0R0vxxxxxx_000A07fBIsc_xBCxxxXxxFgxxn_DQ02_FRM_CMultSZ_55100232,2,4,20,600,110.0,104.19,101.0,1,11
1,pat43,d1700759P0422194C_RL_B0Fmm00_PB0PCcZNC0909_B64mA1la0R0vxxxxxx_000A07fBIsc_xBCxxxXxxFgxxn_DQ02_FRM_CMultSZ_55100232,2,5,21,600,108.0,104.75,102.0,1,11
1,pat43,d1700759P0422194C_RL_B0Fmm00_PB0PCcZNC0909_B64mA1la0R0vxxxxxx_000A07fBIsc_xBCxxxXxxFgxxn_DQ02_FRM_CMultSZ_55100232,2,6,22,600,104.0,101.57,99.5,0,8
1,pat43,d1700759P0422194C_RL_B0Fmm00_PB0PCcZNC0909_B64mA1la0R0vxxxxxx_000A07fBIsc_xBCxxxXxxFgxxn_DQ02_FRM_CMultSZ_55100232,2,7,23,600,101.5,100.42,99.0,1,4
1,pat43,d1700759P0422194C_RL_B0Fmm00_PB0PCcZNC0909_B64mA1la0R0vxxxxxx_000A07fBIsc_xBCxxxXxxFgxxn_DQ02_FRM_CMultSZ_55100232,3,0,24,600,106.5,103.69,101.5,1,11
1,pat43,d1700759P0422194C_RL_B0Fmm00_PB0PCcZNC0909_B64mA1la0R0vxxxxxx_000A07fBIsc_xBCxxxXxxFgxxn_DQ02_FRM_CMultSZ_55100232,3,1,25,600,105.5,103.3,101.0,0,11
1,pat43,d1700759P0422194C_RL_B0Fmm00_PB0PCcZNC0909_B64mA1la0R0vxxxxxx_000A07fBIsc_xBCxxxXxxFgxxn_DQ02_FRM_CMultSZ_55100232,3,2,26,600,103.0,101.82,100.0,0,5
1,pat43,d1700759P0422194C_RL_B0Fmm00_PB0PCcZNC0909_B64mA1la0R0vxxxxxx_000A07fBIsc_xBCxxxXxxFgxxn_DQ02_FRM_CMultSZ_55100232,3,3,27,600,102.5,101.04,99.5,0,8
1,pat43,d1700759P0422194C_RL_B0Fmm00_PB0PCcZNC0909_B64mA1la0R0vxxxxxx_000A07fBIsc_xBCxxxXxxFgxxn_DQ02_FRM_CMultSZ_55100232,3,4,28,600,109.5,104.68,101.0,1,2
1,pat43,d1700759P0422194C_RL_B0Fmm00_PB0PCcZNC0909_B64mA1la0R0vxxxxxx_000A07fBIsc_xBCxxxXxxFgxxn_DQ02_FRM_CMultSZ_55100232,3,5,29,600,107.0,103.97,101.5,1,11
1,pat43,d1700759P0422194C_RL_B0Fmm00_PB0PCcZNC0909_B64mA1la0R0vxxxxxx_000A07fBIsc_xBCxxxXxxFgxxn_DQ02_FRM_CMultSZ_55100232,3,6,30,600,103.0,101.62,100.0,0,5
1,pat43,d1700759P0422194C_RL_B0Fmm00_PB0PCcZNC0909_B64mA1la0R0vxxxxxx_000A07fBIsc_xBCxxxXxxFgxxn_DQ02_FRM_CMultSZ_55100232,3,7,31,600,104.0,101.46,99.5,0,8
1,pat44,d1700349P0421917C_RL_B0Fmm00_PB0PCcZNC0909_B64mA1la0R0vxxxxxx_000A07fBIsc_xBCxxxXxxFgxxn_DQ02_Blender_Z1J_5510005E,0,0,0,600,109.0,103.98,99.5,1,11
1,pat44,d1700349P0421917C_RL_B0Fmm00_PB0PCcZNC0909_B64mA1la0R0vxxxxxx_000A07fBIsc_xBCxxxXxxFgxxn_DQ02_Blender_Z1J_5510005E,0,1,1,600,110.0,104.47,100.0,1,2
1,pat44,d1700349P0421917C_RL_B0Fmm00_PB0PCcZNC0909_B64mA1la0R0vxxxxxx_000A07fBIsc_xBCxxxXxxFgxxn_DQ02_Blender_Z1J_5510005E,0,2,2,600,101.5,100.31,99.5,0,5
1,pat44,d1700349P0421917C_RL_B0Fmm00_PB0PCcZNC0909_B64mA1la0R0vxxxxxx_000A07fBIsc_xBCxxxXxxFgxxn_DQ02_Blender_Z1J_5510005E,0,3,3,600,100.5,99.26,97.5,0,8
1,pat44,d1700349P0421917C_RL_B0Fmm00_PB0PCcZNC0909_B64mA1la0R0vxxxxxx_000A07fBIsc_xBCxxxXxxFgxxn_DQ02_Blender_Z1J_5510005E,0,4,4,600,109.5,104.33,100.5,1,11
1,pat44,d1700349P0421917C_RL_B0Fmm00_PB0PCcZNC0909_B64mA1la0R0vxxxxxx_000A07fBIsc_xBCxxxXxxFgxxn_DQ02_Blender_Z1J_5510005E,0,5,5,600,110.0,105.15,100.5,1,11
1,pat44,d1700349P0421917C_RL_B0Fmm00_PB0PCcZNC0909_B64mA1la0R0vxxxxxx_000A07fBIsc_xBCxxxXxxFgxxn_DQ02_Blender_Z1J_5510005E,0,6,6,600,102.5,100.58,98.5,0,8
1,pat44,d1700349P0421917C_RL_B0Fmm00_PB0PCcZNC0909_B64mA1la0R0vxxxxxx_000A07fBIsc_xBCxxxXxxFgxxn_DQ02_Blender_Z1J_5510005E,0,7,7,600,101.5,99.7,98.0,0,6
1,pat44,d1700349P0421917C_RL_B0Fmm00_PB0PCcZNC0909_B64mA1la0R0vxxxxxx_000A07fBIsc_xBCxxxXxxFgxxn_DQ02_Blender_Z1J_5510005E,1,0,8,600,106.5,103.63,100.5,1,11
1,pat44,d1700349P0421917C_RL_B0Fmm00_PB0PCcZNC0909_B64mA1la0R0vxxxxxx_000A07fBIsc_xBCxxxXxxFgxxn_DQ02_Blender_Z1J_5510005E,1,1,9,600,106.0,103.25,100.0,1,11
1,pat44,d1700349P0421917C_RL_B0Fmm00_PB0PCcZNC0909_B64mA1la0R0vxxxxxx_000A07fBIsc_xBCxxxXxxFgxxn_DQ02_Blender_Z1J_5510005E,1,2,10,600,102.0,100.45,98.5,0,8
1,pat44,d1700349P0421917C_RL_B0Fmm00_PB0PCcZNC0909_B64mA1la0R0vxxxxxx_000A07fBIsc_xBCxxxXxxFgxxn_DQ02_Blender_Z1J_5510005E,1,3,11,600,102.0,100.52,98.5,1,7
1,pat44,d1700349P0421917C_RL_B0Fmm00_PB0PCcZNC0909_B64mA1la0R0vxxxxxx_000A07fBIsc_xBCxxxXxxFgxxn_DQ02_Blender_Z1J_5510005E,1,4,12,600,107.0,103.61,100.5,1,11
1,pat44,d1700349P0421917C_RL_B0Fmm00_PB0PCcZNC0909_B64mA1la0R0vxxxxxx_000A07fBIsc_xBCxxxXxxFgxxn_DQ02_Blender_Z1J_5510005E,1,5,13,600,107.5,104.39,100.5,1,2
1,pat44,d1700349P0421917C_RL_B0Fmm00_PB0PCcZNC0909_B64mA1la0R0vxxxxxx_000A07fBIsc_xBCxxxXxxFgxxn_DQ02_Blender_Z1J_5510005E,1,6,14,600,103.0,101.1,98.5,0,8
1,pat44,d1700349P0421917C_RL_B0Fmm00_PB0PCcZNC0909_B64mA1la0R0vxxxxxx_000A07fBIsc_xBCxxxXxxFgxxn_DQ02_Blender_Z1J_5510005E,1,7,15,600,102.5,100.2,98.5,0,8
1,pat44,d1700349P0421917C_RL_B0Fmm00_PB0PCcZNC0909_B64mA1la0R0vxxxxxx_000A07fBIsc_xBCxxxXxxFgxxn_DQ02_Blender_Z1J_5510005E,2,0,16,600,108.0,104.77,101.0,1,11
1,pat44,d1700349P0421917C_RL_B0Fmm00_PB0PCcZNC0909_B64mA1la0R0vxxxxxx_000A07fBIsc_xBCxxxXxxFgxxn_DQ02_Blender_Z1J_5510005E,2,1,17,600,109.0,105.15,101.0,1,2
1,pat44,d1700349P0421917C_RL_B0Fmm00_PB0PCcZNC0909_B64mA1la0R0vxxxxxx_000A07fBIsc_xBCxxxXxxFgxxn_DQ02_Blender_Z1J_5510005E,2,2,18,600,103.0,101.21,99.5,0,7
1,pat44,d1700349P0421917C_RL_B0Fmm00_PB0PCcZNC0909_B64mA1la0R0vxxxxxx_000A07fBIsc_xBCxxxXxxFgxxn_DQ02_Blender_Z1J_5510005E,2,3,19,600,102.5,100.86,99.5,1,9
1,pat44,d1700349P0421917C_RL_B0Fmm00_PB0PCcZNC0909_B64mA1la0R0vxxxxxx_000A07fBIsc_xBCxxxXxxFgxxn_DQ02_Blender_Z1J_5510005E,2,4,20,600,109.5,104.01,101.0,1,11
1,pat44,d1700349P0421917C_RL_B0Fmm00_PB0PCcZNC0909_B64mA1la0R0vxxxxxx_000A07fBIsc_xBCxxxXxxFgxxn_DQ02_Blender_Z1J_5510005E,2,5,21,600,107.5,104.58,101.5,1,2
1,pat44,d1700349P0421917C_RL_B0Fmm00_PB0PCcZNC0909_B64mA1la0R0vxxxxxx_000A07fBIsc_xBCxxxXxxFgxxn_DQ02_Blender_Z1J_5510005E,2,6,22,600,104.0,101.41,99.5,0,8
1,pat44,d1700349P0421917C_RL_B0Fmm00_PB0PCcZNC0909_B64mA1la0R0vxxxxxx_000A07fBIsc_xBCxxxXxxFgxxn_DQ02_Blender_Z1J_5510005E,2,7,23,600,102.0,100.36,98.5,0,8
1,pat44,d1700349P0421917C_RL_B0Fmm00_PB0PCcZNC0909_B64mA1la0R0vxxxxxx_000A07fBIsc_xBCxxxXxxFgxxn_DQ02_Blender_Z1J_5510005E,3,0,24,600,105.5,103.46,100.5,1,11
1,pat44,d1700349P0421917C_RL_B0Fmm00_PB0PCcZNC0909_B64mA1la0R0vxxxxxx_000A07fBIsc_xBCxxxXxxFgxxn_DQ02_Blender_Z1J_5510005E,3,1,25,600,105.0,103.15,101.0,1,11
1,pat44,d1700349P0421917C_RL_B0Fmm00_PB0PCcZNC0909_B64mA1la0R0vxxxxxx_000A07fBIsc_xBCxxxXxxFgxxn_DQ02_Blender_Z1J_5510005E,3,2,26,600,104.0,101.71,99.5,0,6
1,pat44,d1700349P0421917C_RL_B0Fmm00_PB0PCcZNC0909_B64mA1la0R0vxxxxxx_000A07fBIsc_xBCxxxXxxFgxxn_DQ02_Blender_Z1J_5510005E,3,3,27,600,102.5,101.0,99.5,0,8
1,pat44,d1700349P0421917C_RL_B0Fmm00_PB0PCcZNC0909_B64mA1la0R0vxxxxxx_000A07fBIsc_xBCxxxXxxFgxxn_DQ02_Blender_Z1J_5510005E,3,4,28,600,109.5,104.5,100.5,1,2
1,pat44,d1700349P0421917C_RL_B0Fmm00_PB0PCcZNC0909_B64mA1la0R0vxxxxxx_000A07fBIsc_xBCxxxXxxFgxxn_DQ02_Blender_Z1J_5510005E,3,5,29,600,106.0,103.75,101.5,1,11
1,pat44,d1700349P0421917C_RL_B0Fmm00_PB0PCcZNC0909_B64mA1la0R0vxxxxxx_000A07fBIsc_xBCxxxXxxFgxxn_DQ02_Blender_Z1J_5510005E,3,6,30,600,103.0,101.48,100.0,0,6
1,pat44,d1700349P0421917C_RL_B0Fmm00_PB0PCcZNC0909_B64mA1la0R0vxxxxxx_000A07fBIsc_xBCxxxXxxFgxxn_DQ02_Blender_Z1J_5510005E,3,7,31,600,103.5,101.37,99.5,0,8
1,pat45,d1683290P0421108C_Qr_B0Fmm00_PB0PCcZNC0909_B64mA1la0R0vxxxxxx_000A07fBIsc_xBCxxxXxxFgxxn_DQ02_Blender_Z1J_550000F1,0,0,0,600,109.0,104.38,100.0,1,11
1,pat45,d1683290P0421108C_Qr_B0Fmm00_PB0PCcZNC0909_B64mA1la0R0vxxxxxx_000A07fBIsc_xBCxxxXxxFgxxn_DQ02_Blender_Z1J_550000F1,0,1,1,600,110.5,104.95,100.5,1,2
1,pat45,d1683290P0421108C_Qr_B0Fmm00_PB0PCcZNC0909_B64mA1la0R0vxxxxxx_000A07fBIsc_xBCxxxXxxFgxxn_DQ02_Blender_Z1J_550000F1,0,2,2,600,102.0,100.53,99.5,0,14
1,pat45,d1683290P0421108C_Qr_B0Fmm00_PB0PCcZNC0909_B64mA1la0R0vxxxxxx_000A07fBIsc_xBCxxxXxxFgxxn_DQ02_Blender_Z1J_550000F1,0,3,3,600,101.5,99.61,98.0,0,14
1,pat45,d1683290P0421108C_Qr_B0Fmm00_PB0PCcZNC0909_B64mA1la0R0vxxxxxx_000A07fBIsc_xBCxxxXxxFgxxn_DQ02_Blender_Z1J_550000F1,0,4,4,600,110.5,104.68,101.0,1,11
1,pat45,d1683290P0421108C_Qr_B0Fmm00_PB0PCcZNC0909_B64mA1la0R0vxxxxxx_000A07fBIsc_xBCxxxXxxFgxxn_DQ02_Blender_Z1J_550000F1,0,5,5,600,110.5,105.68,101.5,1,11
1,pat45,d1683290P0421108C_Qr_B0Fmm00_PB0PCcZNC0909_B64mA1la0R0vxxxxxx_000A07fBIsc_xBCxxxXxxFgxxn_DQ02_Blender_Z1J_550000F1,0,6,6,600,102.5,100.77,99.0,1,13
1,pat45,d1683290P0421108C_Qr_B0Fmm00_PB0PCcZNC0909_B64mA1la0R0vxxxxxx_000A07fBIsc_xBCxxxXxxFgxxn_DQ02_Blender_Z1J_550000F1,0,7,7,600,101.0,99.89,98.5,1,8
1,pat45,d1683290P0421108C_Qr_B0Fmm00_PB0PCcZNC0909_B64mA1la0R0vxxxxxx_000A07fBIsc_xBCxxxXxxFgxxn_DQ02_Blender_Z1J_550000F1,1,0,8,600,106.5,103.91,101.0,1,11
1,pat45,d1683290P0421108C_Qr_B0Fmm00_PB0PCcZNC0909_B64mA1la0R0vxxxxxx_000A07fBIsc_xBCxxxXxxFgxxn_DQ02_Blender_Z1J_550000F1,1,1,9,600,106.5,103.55,100.5,1,11
1,pat45,d1683290P0421108C_Qr_B0Fmm00_PB0PCcZNC0909_B64mA1la0R0vxxxxxx_000A07fBIsc_xBCxxxXxxFgxxn_DQ02_Blender_Z1J_550000F1,1,2,10,600,102.0,100.57,99.0,0,8
1,pat45,d1683290P0421108C_Qr_B0Fmm00_PB0PCcZNC0909_B64mA1la0R0vxxxxxx_000A07fBIsc_xBCxxxXxxFgxxn_DQ02_Blender_Z1J_550000F1,1,3,11,600,102.0,100.72,99.0,1,5
1,pat45,d1683290P0421108C_Qr_B0Fmm00_PB0PCcZNC0909_B64mA1la0R0vxxxxxx_000A07fBIsc_xBCxxxXxxFgxxn_DQ02_Blender_Z1J_550000F1,1,4,12,600,107.5,103.97,101.0,1,11
1,pat45,d1683290P0421108C_Qr_B0Fmm00_PB0PCcZNC0909_B64mA1la0R0vxxxxxx_000A07fBIsc_xBCxxxXxxFgxxn_DQ02_Blender_Z1J_550000F1,1,5,13,600,108.0,104.7,101.0,1,11
1,pat45,d1683290P0421108C_Qr_B0Fmm00_PB0PCcZNC0909_B64mA1la0R0vxxxxxx_000A07fBIsc_xBCxxxXxxFgxxn_DQ02_Blender_Z1J_550000F1,1,6,14,600,103.5,101.33,99.0,0,8
1,pat45,d1683290P0421108C_Qr_B0Fmm00_PB0PCcZNC0909_B64mA1la0R0vxxxxxx_000A07fBIsc_xBCxxxXxxFgxxn_DQ02_Blender_Z1J_550000F1,1,7,15,600,102.5,100.33,98.5,0,8
1,pat45,d1683290P0421108C_Qr_B0Fmm00_PB0PCcZNC0909_B64mA1la0R0vxxxxxx_000A07fBIsc_xBCxxxXxxFgxxn_DQ02_Blender_Z1J_550000F1,2,0,16,600,108.0,105.08,101.5,1,11
1,pat45,d1683290P0421108C_Qr_B0Fmm00_PB0PCcZNC0909_B64mA1la0R0vxxxxxx_000A07fBIsc_xBCxxxXxxFgxxn_DQ02_Blender_Z1J_550000F1,2,1,17,600,109.5,105.55,101.5,1,2
1,pat45,d1683290P0421108C_Qr_B0Fmm00_PB0PCcZNC0909_B64mA1la0R0vxxxxxx_000A07fBIsc_xBCxxxXxxFgxxn_DQ02_Blender_Z1J_550000F1,2,2,18,600,103.5,101.44,99.5,1,14
1,pat45,d1683290P0421108C_Qr_B0Fmm00_PB0PCcZNC0909_B64mA1la0R0vxxxxxx_000A07fBIsc_xBCxxxXxxFgxxn_DQ02_Blender_Z1J_550000F1,2,3,19,600,102.5,101.03,99.5,1,9
1,pat45,d1683290P0421108C_Qr_B0Fmm00_PB0PCcZNC0909_B64mA1la0R0vxxxxxx_000A07fBIsc_xBCxxxXxxFgxxn_DQ02_Blender_Z1J_550000F1,2,4,20,600,110.0,104.33,101.5,1,11
1,pat45,d1683290P0421108C_Qr_B0Fmm00_PB0PCcZNC0909_B64mA1la0R0vxxxxxx_000A07fBIsc_xBCxxxXxxFgxxn_DQ02_Blender_Z1J_550000F1,2,5,21,600,108.0,104.93,101.5,1,2
1,pat45,d1683290P0421108C_Qr_B0Fmm00_PB0PCcZNC0909_B64mA1la0R0vxxxxxx_000A07fBIsc_xBCxxxXxxFgxxn_DQ02_Blender_Z1J_550000F1,2,6,22,600,104.5,101.62,99.5,0,8
1,pat45,d1683290P0421108C_Qr_B0Fmm00_PB0PCcZNC0909_B64mA1la0R0vxxxxxx_000A07fBIsc_xBCxxxXxxFgxxn_DQ02_Blender_Z1J_550000F1,2,7,23,600,102.0,100.61,98.5,0,8
1,pat45,d1683290P0421108C_Qr_B0Fmm00_PB0PCcZNC0909_B64mA1la0R0vxxxxxx_000A07fBIsc_xBCxxxXxxFgxxn_DQ02_Blender_Z1J_550000F1,3,0,24,600,105.5,103.68,101.0,1,11
1,pat45,d1683290P0421108C_Qr_B0Fmm00_PB0PCcZNC0909_B64mA1la0R0vxxxxxx_000A07fBIsc_xBCxxxXxxFgxxn_DQ02_Blender_Z1J_550000F1,3,1,25,600,105.5,103.45,101.0,1,13
1,pat45,d1683290P0421108C_Qr_B0Fmm00_PB0PCcZNC0909_B64mA1la0R0vxxxxxx_000A07fBIsc_xBCxxxXxxFgxxn_DQ02_Blender_Z1J_550000F1,3,2,26,600,104.0,101.81,100.0,0,6
1,pat45,d1683290P0421108C_Qr_B0Fmm00_PB0PCcZNC0909_B64mA1la0R0vxxxxxx_000A07fBIsc_xBCxxxXxxFgxxn_DQ02_Blender_Z1J_550000F1,3,3,27,600,103.0,101.09,99.5,0,8
1,pat45,d1683290P0421108C_Qr_B0Fmm00_PB0PCcZNC0909_B64mA1la0R0vxxxxxx_000A07fBIsc_xBCxxxXxxFgxxn_DQ02_Blender_Z1J_550000F1,3,4,28,600,109.5,104.66,100.5,1,2
1,pat45,d1683290P0421108C_Qr_B0Fmm00_PB0PCcZNC0909_B64mA1la0R0vxxxxxx_000A07fBIsc_xBCxxxXxxFgxxn_DQ02_Blender_Z1J_550000F1,3,5,29,600,106.5,104.11,102.0,1,11
1,pat45,d1683290P0421108C_Qr_B0Fmm00_PB0PCcZNC0909_B64mA1la0R0vxxxxxx_000A07fBIsc_xBCxxxXxxFgxxn_DQ02_Blender_Z1J_550000F1,3,6,30,600,103.5,101.61,100.0,0,8
1,pat45,d1683290P0421108C_Qr_B0Fmm00_PB0PCcZNC0909_B64mA1la0R0vxxxxxx_000A07fBIsc_xBCxxxXxxFgxxn_DQ02_Blender_Z1J_550000F1,3,7,31,600,104.0,101.5,100.0,0,8
1,pat46,d1700448P0421846C_RL_B0Fmm00_PB0PCcZNC0909_B64mA1la0R0vxxxxxx_000A07fBIsc_xBCxxxXxxFgxxn_DQ02_Blender_W1J_5510009A,0,0,0,600,109.0,104.08,100.0,1,11
1,pat46,d1700448P0421846C_RL_B0Fmm00_PB0PCcZNC0909_B64mA1la0R0vxxxxxx_000A07fBIsc_xBCxxxXxxFgxxn_DQ02_Blender_W1J_5510009A,0,1,1,600,110.0,104.46,100.0,1,11
1,pat46,d1700448P0421846C_RL_B0Fmm00_PB0PCcZNC0909_B64mA1la0R0vxxxxxx_000A07fBIsc_xBCxxxXxxFgxxn_DQ02_Blender_W1J_5510009A,0,2,2,600,102.0,100.48,99.5,0,8
1,pat46,d1700448P0421846C_RL_B0Fmm00_PB0PCcZNC0909_B64mA1la0R0vxxxxxx_000A07fBIsc_xBCxxxXxxFgxxn_DQ02_Blender_W1J_5510009A,0,3,3,600,101.5,99.58,98.0,0,8
1,pat46,d1700448P0421846C_RL_B0Fmm00_PB0PCcZNC0909_B64mA1la0R0vxxxxxx_000A07fBIsc_xBCxxxXxxFgxxn_DQ02_Blender_W1J_5510009A,0,4,4,600,109.5,104.42,101.0,1,11
1,pat46,d1700448P0421846C_RL_B0Fmm00_PB0PCcZNC0909_B64mA1la0R0vxxxxxx_000A07fBIsc_xBCxxxXxxFgxxn_DQ02_Blender_W1J_5510009A,0,5,5,600,110.0,105.29,101.0,1,11
1,pat46,d1700448P0421846C_RL_B0Fmm00_PB0PCcZNC0909_B64mA1la0R0vxxxxxx_000A07fBIsc_xBCxxxXxxFgxxn_DQ02_Blender_W1J_5510009A,0,6,6,600,102.0,100.61,99.0,1,2
1,pat46,d1700448P0421846C_RL_B0Fmm00_PB0PCcZNC0909_B64mA1la0R0vxxxxxx_000A07fBIsc_xBCxxxXxxFgxxn_DQ02_Blender_W1J_5510009A,0,7,7,600,101.0,99.85,98.0,1,8
1,pat46,d1700448P0421846C_RL_B0Fmm00_PB0PCcZNC0909_B64mA1la0R0vxxxxxx_000A07fBIsc_xBCxxxXxxFgxxn_DQ02_Blender_W1J_5510009A,1,0,8,600,106.5,103.67,100.5,1,11
1,pat46,d1700448P0421846C_RL_B0Fmm00_PB0PCcZNC0909_B64mA1la0R0vxxxxxx_000A07fBIsc_xBCxxxXxxFgxxn_DQ02_Blender_W1J_5510009A,1,1,9,600,106.5,103.36,100.0,1,11
1,pat46,d1700448P0421846C_RL_B0Fmm00_PB0PCcZNC0909_B64mA1la0R0vxxxxxx_000A07fBIsc_xBCxxxXxxFgxxn_DQ02_Blender_W1J_5510009A,1,2,10,600,102.0,100.56,99.0,0,8
1,pat46,d1700448P0421846C_RL_B0Fmm00_PB0PCcZNC0909_B64mA1la0R0vxxxxxx_000A07fBIsc_xBCxxxXxxFgxxn_DQ02_Blender_W1J_5510009A,1,3,11,600,102.0,100.61,98.5,1,7
1,pat46,d1700448P0421846C_RL_B0Fmm00_PB0PCcZNC0909_B64mA1la0R0vxxxxxx_000A07fBIsc_xBCxxxXxxFgxxn_DQ02_Blender_W1J_5510009A,1,4,12,600,107.5,103.7,101.0,1,11
1,pat46,d1700448P0421846C_RL_B0Fmm00_PB0PCcZNC0909_B64mA1la0R0vxxxxxx_000A07fBIsc_xBCxxxXxxFgxxn_DQ02_Blender_W1J_5510009A,1,5,13,600,107.5,104.39,101.0,1,2
1,pat46,d1700448P0421846C_RL_B0Fmm00_PB0PCcZNC0909_B64mA1la0R0vxxxxxx_000A07fBIsc_xBCxxxXxxFgxxn_DQ02_Blender_W1J_5510009A,1,6,14,600,103.5,101.37,99.0,0,8
1,pat46,d1700448P0421846C_RL_B0Fmm00_PB0PCcZNC0909_B64mA1la0R0vxxxxxx_000A07fBIsc_xBCxxxXxxFgxxn_DQ02_Blender_W1J_5510009A,1,7,15,600,102.5,100.23,98.0,0,8
1,pat46,d1700448P0421846C_RL_B0Fmm00_PB0PCcZNC0909_B64mA1la0R0vxxxxxx_000A07fBIsc_xBCxxxXxxFgxxn_DQ02_Blender_W1J_5510009A,2,0,16,600,108.0,104.8,101.5,1,11
1,pat46,d1700448P0421846C_RL_B0Fmm00_PB0PCcZNC0909_B64mA1la0R0vxxxxxx_000A07fBIsc_xBCxxxXxxFgxxn_DQ02_Blender_W1J_5510009A,2,1,17,600,109.5,105.3,102.0,1,2
1,pat46,d1700448P0421846C_RL_B0Fmm00_PB0PCcZNC0909_B64mA1la0R0vxxxxxx_000A07fBIsc_xBCxxxXxxFgxxn_DQ02_Blender_W1J_5510009A,2,2,18,600,103.0,101.36,100.0,1,14
1,pat46,d1700448P0421846C_RL_B0Fmm00_PB0PCcZNC0909_B64mA1la0R0vxxxxxx_000A07fBIsc_xBCxxxXxxFgxxn_DQ02_Blender_W1J_5510009A,2,3,19,600,102.5,101.04,99.5,1,4
1,pat46,d1700448P0421846C_RL_B0Fmm00_PB0PCcZNC0909_B64mA1la0R0vxxxxxx_000A07fBIsc_xBCxxxXxxFgxxn_DQ02_Blender_W1J_5510009A,2,4,20,600,109.5,104.26,101.5,1,11
1,pat46,d1700448P0421846C_RL_B0Fmm00_PB0PCcZNC0909_B64mA1la0R0vxxxxxx_000A07fBIsc_xBCxxxXxxFgxxn_DQ02_Blender_W1J_5510009A,2,5,21,600,108.0,104.72,102.0,1,2
1,pat46,d1700448P0421846C_RL_B0Fmm00_PB0PCcZNC0909_B64mA1la0R0vxxxxxx_000A07fBIsc_xBCxxxXxxFgxxn_DQ02_Blender_W1J_5510009A,2,6,22,600,104.5,101.64,99.5,0,8
1,pat46,d1700448P0421846C_RL_B0Fmm00_PB0PCcZNC0909_B64mA1la0R0vxxxxxx_000A07fBIsc_xBCxxxXxxFgxxn_DQ02_Blender_W1J_5510009A,2,7,23,600,102.0,100.58,99.0,0,8
1,pat46,d1700448P0421846C_RL_B0Fmm00_PB0PCcZNC0909_B64mA1la0R0vxxxxxx_000A07fBIsc_xBCxxxXxxFgxxn_DQ02_Blender_W1J_5510009A,3,0,24,600,106.0,103.58,101.5,1,11
1,pat46,d1700448P0421846C_RL_B0Fmm00_PB0PCcZNC0909_B64mA1la0R0vxxxxxx_000A07fBIsc_xBCxxxXxxFgxxn_DQ02_Blender_W1J_5510009A,3,1,25,600,105.0,103.33,101.0,1,11
1,pat46,d1700448P0421846C_RL_B0Fmm00_PB0PCcZNC0909_B64mA1la0R0vxxxxxx_000A07fBIsc_xBCxxxXxxFgxxn_DQ02_Blender_W1J_5510009A,3,2,26,600,103.5,101.87,100.0,0,6
1,pat46,d1700448P0421846C_RL_B0Fmm00_PB0PCcZNC0909_B64mA1la0R0vxxxxxx_000A07fBIsc_xBCxxxXxxFgxxn_DQ02_Blender_W1J_5510009A,3,3,27,600,103.0,101.19,100.0,0,8
1,pat46,d1700448P0421846C_RL_B0Fmm00_PB0PCcZNC0909_B64mA1la0R0vxxxxxx_000A07fBIsc_xBCxxxXxxFgxxn_DQ02_Blender_W1J_5510009A,3,4,28,600,108.0,104.47,101.0,1,2
1,pat46,d1700448P0421846C_RL_B0Fmm00_PB0PCcZNC0909_B64mA1la0R0vxxxxxx_000A07fBIsc_xBCxxxXxxFgxxn_DQ02_Blender_W1J_5510009A,3,5,29,600,106.5,104.03,102.0,1,11
1,pat46,d1700448P0421846C_RL_B0Fmm00_PB0PCcZNC0909_B64mA1la0R0vxxxxxx_000A07fBIsc_xBCxxxXxxFgxxn_DQ02_Blender_W1J_5510009A,3,6,30,600,103.0,101.7,100.5,0,6
1,pat46,d1700448P0421846C_RL_B0Fmm00_PB0PCcZNC0909_B64mA1la0R0vxxxxxx_000A07fBIsc_xBCxxxXxxFgxxn_DQ02_Blender_W1J_5510009A,3,7,31,600,104.0,101.51,100.0,0,8
1,pat47,d1683131P0421048C_RH_B0Fmm00_PB0PCcZNC0909_B64mA1la0R0vxxxxxx_000A07fBIsc_xBCxxxXxxFgxxn_DQ02_Blender_Z1J_5500007C,0,0,0,600,109.0,103.89,99.5,1,11
1,pat47,d1683131P0421048C_RH_B0Fmm00_PB0PCcZNC0909_B64mA1la0R0vxxxxxx_000A07fBIsc_xBCxxxXxxFgxxn_DQ02_Blender_Z1J_5500007C,0,1,1,600,109.5,104.38,100.5,1,2
1,pat47,d1683131P0421048C_RH_B0Fmm00_PB0PCcZNC0909_B64mA1la0R0vxxxxxx_000A07fBIsc_xBCxxxXxxFgxxn_DQ02_Blender_Z1J_5500007C,0,2,2,600,101.5,100.28,99.5,0,14
1,pat47,d1683131P0421048C_RH_B0Fmm00_PB0PCcZNC0909_B64mA1la0R0vxxxxxx_000A07fBIsc_xBCxxxXxxFgxxn_DQ02_Blender_Z1J_5500007C,0,3,3,600,101.5,99.23,97.5,0,8
1,pat47,d1683131P0421048C_RH_B0Fmm00_PB0PCcZNC0909_B64mA1la0R0vxxxxxx_000A07fBIsc_xBCxxxXxxFgxxn_DQ02_Blender_Z1J_5500007C,0,4,4,600,109.5,104.31,101.0,1,11
1,pat47,d1683131P0421048C_RH_B0Fmm00_PB0PCcZNC0909_B64mA1la0R0vxxxxxx_000A07fBIsc_xBCxxxXxxFgxxn_DQ02_Blender_Z1J_5500007C,0,5,5,600,109.5,105.15,101.0,1,11
1,pat47,d1683131P0421048C_RH_B0Fmm00_PB0PCcZNC0909_B64mA1la0R0vxxxxxx_000A07fBIsc_xBCxxxXxxFgxxn_DQ02_Blender_Z1J_5500007C,0,6,6,600,102.0,100.48,99.0,1,13
1,pat47,d1683131P0421048C_RH_B0Fmm00_PB0PCcZNC0909_B64mA1la0R0vxxxxxx_000A07fBIsc_xBCxxxXxxFgxxn_DQ02_Blender_Z1J_5500007C,0,7,7,600,101.0,99.61,98.0,1,6
1,pat47,d1683131P0421048C_RH_B0Fmm00_PB0PCcZNC0909_B64mA1la0R0vxxxxxx_000A07fBIsc_xBCxxxXxxFgxxn_DQ02_Blender_Z1J_5500007C,1,0,8,600,106.5,103.6,100.5,1,2
1,pat47,d1683131P0421048C_RH_B0Fmm00_PB0PCcZNC0909_B64mA1la0R0vxxxxxx_000A07fBIsc_xBCxxxXxxFgxxn_DQ02_Blender_Z1J_5500007C,1,1,9,600,106.0,103.22,100.0,1,11
1,pat47,d1683131P0421048C_RH_B0Fmm00_PB0PCcZNC0909_B64mA1la0R0vxxxxxx_000A07fBIsc_xBCxxxXxxFgxxn_DQ02_Blender_Z1J_5500007C,1,2,10,600,101.5,100.33,98.5,0,8
1,pat47,d1683131P0421048C_RH_B0Fmm00_PB0PCcZNC0909_B64mA1la0R0vxxxxxx_000A07fBIsc_xBCxxxXxxFgxxn_DQ02_Blender_Z1J_5500007C,1,3,11,600,101.5,100.41,98.5,0,8
1,pat47,d1683131P0421048C_RH_B0Fmm00_PB0PCcZNC0909_B64mA1la0R0vxxxxxx_000A07fBIsc_xBCxxxXxxFgxxn_DQ02_Blender_Z1J_5500007C,1,4,12,600,107.0,103.58,101.0,1,11
1,pat47,d1683131P0421048C_RH_B0Fmm00_PB0PCcZNC0909_B64mA1la0R0vxxxxxx_000A07fBIsc_xBCxxxXxxFgxxn_DQ02_Blender_Z1J_5500007C,1,5,13,600,107.5,104.39,100.5,1,2
1,pat47,d1683131P0421048C_RH_B0Fmm00_PB0PCcZNC0909_B64mA1la0R0vxxxxxx_000A07fBIsc_xBCxxxXxxFgxxn_DQ02_Blender_Z1J_5500007C,1,6,14,600,103.5,101.1,99.0,0,8
1,pat47,d1683131P0421048C_RH_B0Fmm00_PB0PCcZNC0909_B64mA1la0R0vxxxxxx_000A07fBIsc_xBCxxxXxxFgxxn_DQ02_Blender_Z1J_5500007C,1,7,15,600,102.5,100.14,98.0,0,8
1,pat47,d1683131P0421048C_RH_B0Fmm00_PB0PCcZNC0909_B64mA1la0R0vxxxxxx_000A07fBIsc_xBCxxxXxxFgxxn_DQ02_Blender_Z1J_5500007C,2,0,16,600,108.0,104.8,101.5,1,11
1,pat47,d1683131P0421048C_RH_B0Fmm00_PB0PCcZNC0909_B64mA1la0R0vxxxxxx_000A07fBIsc_xBCxxxXxxFgxxn_DQ02_Blender_Z1J_5500007C,2,1,17,600,109.5,105.2,101.5,1,2
1,pat47,d1683131P0421048C_RH_B0Fmm00_PB0PCcZNC0909_B64mA1la0R0vxxxxxx_000A07fBIsc_xBCxxxXxxFgxxn_DQ02_Blender_Z1J_5500007C,2,2,18,600,103.0,101.18,99.5,1,14
1,pat47,d1683131P0421048C_RH_B0Fmm00_PB0PCcZNC0909_B64mA1la0R0vxxxxxx_000A07fBIsc_xBCxxxXxxFgxxn_DQ02_Blender_Z1J_5500007C,2,3,19,600,102.5,100.89,99.0,1,11
1,pat47,d1683131P0421048C_RH_B0Fmm00_PB0PCcZNC0909_B64mA1la0R0vxxxxxx_000A07fBIsc_xBCxxxXxxFgxxn_DQ02_Blender_Z1J_5500007C,2,4,20,600,109.5,104.11,101.5,1,11
1,pat47,d1683131P0421048C_RH_B0Fmm00_PB0PCcZNC0909_B64mA1la0R0vxxxxxx_000A07fBIsc_xBCxxxXxxFgxxn_DQ02_Blender_Z1J_5500007C,2,5,21,600,107.5,104.74,101.5,1,11
1,pat47,d1683131P0421048C_RH_B0Fmm00_PB0PCcZNC0909_B64mA1la0R0vxxxxxx_000A07fBIsc_xBCxxxXxxFgxxn_DQ02_Blender_Z1J_5500007C,2,6,22,600,103.5,101.4,99.5,0,8
1,pat47,d1683131P0421048C_RH_B0Fmm00_PB0PCcZNC0909_B64mA1la0R0vxxxxxx_000A07fBIsc_xBCxxxXxxFgxxn_DQ02_Blender_Z1J_5500007C,2,7,23,600,101.5,100.39,98.5,1,4
1,pat47,d1683131P0421048C_RH_B0Fmm00_PB0PCcZNC0909_B64mA1la0R0vxxxxxx_000A07fBIsc_xBCxxxXxxFgxxn_DQ02_Blender_Z1J_5500007C,3,0,24,600,106.0,103.52,101.0,1,11
1,pat47,d1683131P0421048C_RH_B0Fmm00_PB0PCcZNC0909_B64mA1la0R0vxxxxxx_000A07fBIsc_xBCxxxXxxFgxxn_DQ02_Blender_Z1J_5500007C,3,1,25,600,105.0,103.22,101.0,1,11
1,pat47,d1683131P0421048C_RH_B0Fmm00_PB0PCcZNC0909_B64mA1la0R0vxxxxxx_000A07fBIsc_xBCxxxXxxFgxxn_DQ02_Blender_Z1J_5500007C,3,2,26,600,103.0,101.65,100.0,0,1
1,pat47,d1683131P0421048C_RH_B0Fmm00_PB0PCcZNC0909_B64mA1la0R0vxxxxxx_000A07fBIsc_xBCxxxXxxFgxxn_DQ02_Blender_Z1J_5500007C,3,3,27,600,102.5,101.03,99.5,0,8
1,pat47,d1683131P0421048C_RH_B0Fmm00_PB0PCcZNC0909_B64mA1la0R0vxxxxxx_000A07fBIsc_xBCxxxXxxFgxxn_DQ02_Blender_Z1J_5500007C,3,4,28,600,108.5,104.43,100.5,1,2
1,pat47,d1683131P0421048C_RH_B0Fmm00_PB0PCcZNC0909_B64mA1la0R0vxxxxxx_000A07fBIsc_xBCxxxXxxFgxxn_DQ02_Blender_Z1J_5500007C,3,5,29,600,106.0,103.89,102.0,1,11
1,pat47,d1683131P0421048C_RH_B0Fmm00_PB0PCcZNC0909_B64mA1la0R0vxxxxxx_000A07fBIsc_xBCxxxXxxFgxxn_DQ02_Blender_Z1J_5500007C,3,6,30,600,103.0,101.51,100.0,0,8
1,pat47,d1683131P0421048C_RH_B0Fmm00_PB0PCcZNC0909_B64mA1la0R0vxxxxxx_000A07fBIsc_xBCxxxXxxFgxxn_DQ02_Blender_Z1J_5500007C,3,7,31,600,104.0,101.42,100.0,0,8
1,pat48,d1700303P0421975C_Qu_B0Fmm00_PB0PCcZNC0909_B64mA1la0R0vxxxxxx_000A07fBIsc_xBCxxxXxxFgxxn_DQ02_Blender_Z1J_551000BE,0,0,0,600,109.0,103.84,99.0,1,11
1,pat48,d1700303P0421975C_Qu_B0Fmm00_PB0PCcZNC0909_B64mA1la0R0vxxxxxx_000A07fBIsc_xBCxxxXxxFgxxn_DQ02_Blender_Z1J_551000BE,0,1,1,600,110.0,104.38,100.0,1,11
1,pat48,d1700303P0421975C_Qu_B0Fmm00_PB0PCcZNC0909_B64mA1la0R0vxxxxxx_000A07fBIsc_xBCxxxXxxFgxxn_DQ02_Blender_Z1J_551000BE,0,2,2,600,101.5,100.28,99.0,0,14
1,pat48,d1700303P0421975C_Qu_B0Fmm00_PB0PCcZNC0909_B64mA1la0R0vxxxxxx_000A07fBIsc_xBCxxxXxxFgxxn_DQ02_Blender_Z1J_551000BE,0,3,3,600,101.0,99.28,97.5,0,14
1,pat48,d1700303P0421975C_Qu_B0Fmm00_PB0PCcZNC0909_B64mA1la0R0vxxxxxx_000A07fBIsc_xBCxxxXxxFgxxn_DQ02_Blender_Z1J_551000BE,0,4,4,600,109.5,104.28,100.5,1,11
1,pat48,d1700303P0421975C_Qu_B0Fmm00_PB0PCcZNC0909_B64mA1la0R0vxxxxxx_000A07fBIsc_xBCxxxXxxFgxxn_DQ02_Blender_Z1J_551000BE,0,5,5,600,110.0,105.04,100.5,1,11
1,pat48,d1700303P0421975C_Qu_B0Fmm00_PB0PCcZNC0909_B64mA1la0R0vxxxxxx_000A07fBIsc_xBCxxxXxxFgxxn_DQ02_Blender_Z1J_551000BE,0,6,6,600,102.5,100.43,98.5,0,8
1,pat48,d1700303P0421975C_Qu_B0Fmm00_PB0PCcZNC0909_B64mA1la0R0vxxxxxx_000A07fBIsc_xBCxxxXxxFgxxn_DQ02_Blender_Z1J_551000BE,0,7,7,600,101.0,99.5,98.0,0,6
1,pat48,d1700303P0421975C_Qu_B0Fmm00_PB0PCcZNC0909_B64mA1la0R0vxxxxxx_000A07fBIsc_xBCxxxXxxFgxxn_DQ02_Blender_Z1J_551000BE,1,0,8,600,106.5,103.47,99.5,1,11
1,pat48,d1700303P0421975C_Qu_B0Fmm00_PB0PCcZNC0909_B64mA1la0R0vxxxxxx_000A07fBIsc_xBCxxxXxxFgxxn_DQ02_Blender_Z1J_551000BE,1,1,9,600,106.5,103.14,99.5,1,11
1,pat48,d1700303P0421975C_Qu_B0Fmm00_PB0PCcZNC0909_B64mA1la0R0vxxxxxx_000A07fBIsc_xBCxxxXxxFgxxn_DQ02_Blender_Z1J_551000BE,1,2,10,600,101.5,100.22,98.0,1,8
1,pat48,d1700303P0421975C_Qu_B0Fmm00_PB0PCcZNC0909_B64mA1la0R0vxxxxxx_000A07fBIsc_xBCxxxXxxFgxxn_DQ02_Blender_Z1J_551000BE,1,3,11,600,101.5,100.35,98.5,0,8
1,pat48,d1700303P0421975C_Qu_B0Fmm00_PB0PCcZNC0909_B64mA1la0R0vxxxxxx_000A07fBIsc_xBCxxxXxxFgxxn_DQ02_Blender_Z1J_551000BE,1,4,12,600,107.5,103.44,100.0,1,11
1,pat48,d1700303P0421975C_Qu_B0Fmm00_PB0PCcZNC0909_B64mA1la0R0vxxxxxx_000A07fBIsc_xBCxxxXxxFgxxn_DQ02_Blender_Z1J_551000BE,1,5,13,600,107.5,104.1,100.0,1,2
1,pat48,d1700303P0421975C_Qu_B0Fmm00_PB0PCcZNC0909_B64mA1la0R0vxxxxxx_000A07fBIsc_xBCxxxXxxFgxxn_DQ02_Blender_Z1J_551000BE,1,6,14,600,102.5,100.9,98.0,0,1
1,pat48,d1700303P0421975C_Qu_B0Fmm00_PB0PCcZNC0909_B64mA1la0R0vxxxxxx_000A07fBIsc_xBCxxxXxxFgxxn_DQ02_Blender_Z1J_551000BE,1,7,15,600,102.5,100.03,98.0,0,8
1,pat48,d1700303P0421975C_Qu_B0Fmm00_PB0PCcZNC0909_B64mA1la0R0vxxxxxx_000A07fBIsc_xBCxxxXxxFgxxn_DQ02_Blender_Z1J_551000BE,2,0,16,600,108.0,104.64,100.5,1,11
1,pat48,d1700303P0421975C_Qu_B0Fmm00_PB0PCcZNC0909_B64mA1la0R0vxxxxxx_000A07fBIsc_xBCxxxXxxFgxxn_DQ02_Blender_Z1J_551000BE,2,1,17,600,109.0,104.91,100.5,1,11
1,pat48,d1700303P0421975C_Qu_B0Fmm00_PB0PCcZNC0909_B64mA1la0R0vxxxxxx_000A07fBIsc_xBCxxxXxxFgxxn_DQ02_Blender_Z1J_551000BE,2,2,18,600,103.0,101.04,99.5,1,14
1,pat48,d1700303P0421975C_Qu_B0Fmm00_PB0PCcZNC0909_B64mA1la0R0vxxxxxx_000A07fBIsc_xBCxxxXxxFgxxn_DQ02_Blender_Z1J_551000BE,2,3,19,600,102.5,100.76,99.0,1,4
1,pat48,d1700303P0421975C_Qu_B0Fmm00_PB0PCcZNC0909_B64mA1la0R0vxxxxxx_000A07fBIsc_xBCxxxXxxFgxxn_DQ02_Blender_Z1J_551000BE,2,4,20,600,109.5,103.96,101.0,1,11
1,pat48,d1700303P0421975C_Qu_B0Fmm00_PB0PCcZNC0909_B64mA1la0R0vxxxxxx_000A07fBIsc_xBCxxxXxxFgxxn_DQ02_Blender_Z1J_551000BE,2,5,21,600,107.5,104.49,101.0,1,11
1,pat48,d1700303P0421975C_Qu_B0Fmm00_PB0PCcZNC0909_B64mA1la0R0vxxxxxx_000A07fBIsc_xBCxxxXxxFgxxn_DQ02_Blender_Z1J_551000BE,2,6,22,600,104.0,101.35,99.0,0,8
1,pat48,d1700303P0421975C_Qu_B0Fmm00_PB0PCcZNC0909_B64mA1la0R0vxxxxxx_000A07fBIsc_xBCxxxXxxFgxxn_DQ02_Blender_Z1J_551000BE,2,7,23,600,102.0,100.38,98.5,0,8
1,pat48,d1700303P0421975C_Qu_B0Fmm00_PB0PCcZNC0909_B64mA1la0R0vxxxxxx_000A07fBIsc_xBCxxxXxxFgxxn_DQ02_Blender_Z1J_551000BE,3,0,24,600,106.0,103.3,100.5,1,11
1,pat48,d1700303P0421975C_Qu_B0Fmm00_PB0PCcZNC0909_B64mA1la0R0vxxxxxx_000A07fBIsc_xBCxxxXxxFgxxn_DQ02_Blender_Z1J_551000BE,3,1,25,600,105.0,103.0,101.0,1,11
1,pat48,d1700303P0421975C_Qu_B0Fmm00_PB0PCcZNC0909_B64mA1la0R0vxxxxxx_000A07fBIsc_xBCxxxXxxFgxxn_DQ02_Blender_Z1J_551000BE,3,2,26,600,103.0,101.42,99.5,0,8
1,pat48,d1700303P0421975C_Qu_B0Fmm00_PB0PCcZNC0909_B64mA1la0R0vxxxxxx_000A07fBIsc_xBCxxxXxxFgxxn_DQ02_Blender_Z1J_551000BE,3,3,27,600,102.5,100.91,99.5,0,8
1,pat48,d1700303P0421975C_Qu_B0Fmm00_PB0PCcZNC0909_B64mA1la0R0vxxxxxx_000A07fBIsc_xBCxxxXxxFgxxn_DQ02_Blender_Z1J_551000BE,3,4,28,600,107.5,104.14,100.5,1,9
1,pat48,d1700303P0421975C_Qu_B0Fmm00_PB0PCcZNC0909_B64mA1la0R0vxxxxxx_000A07fBIsc_xBCxxxXxxFgxxn_DQ02_Blender_Z1J_551000BE,3,5,29,600,106.5,103.64,101.5,1,11
1,pat48,d1700303P0421975C_Qu_B0Fmm00_PB0PCcZNC0909_B64mA1la0R0vxxxxxx_000A07fBIsc_xBCxxxXxxFgxxn_DQ02_Blender_Z1J_551000BE,3,6,30,600,103.0,101.34,100.0,0,6
1,pat48,d1700303P0421975C_Qu_B0Fmm00_PB0PCcZNC0909_B64mA1la0R0vxxxxxx_000A07fBIsc_xBCxxxXxxFgxxn_DQ02_Blender_Z1J_551000BE,3,7,31,600,103.5,101.19,99.0,0,8
1,pat49,d1683276P0421068C_RL_B0Fmm00_PB0PCcZNC0909_B64mA1la0R0vxxxxxx_000A07fBIsc_xBCxxxXxxFgxxn_DQ02_Blender_Z1J_550000A5,0,0,0,600,109.0,104.08,99.5,1,11
1,pat49,d1683276P0421068C_RL_B0Fmm00_PB0PCcZNC0909_B64mA1la0R0vxxxxxx_000A07fBIsc_xBCxxxXxxFgxxn_DQ02_Blender_Z1J_550000A5,0,1,1,600,110.0,104.59,100.5,1,2
1,pat49,d1683276P0421068C_RL_B0Fmm00_PB0PCcZNC0909_B64mA1la0R0vxxxxxx_000A07fBIsc_xBCxxxXxxFgxxn_DQ02_Blender_Z1J_550000A5,0,2,2,600,102.0,100.47,99.5,1,4
1,pat49,d1683276P0421068C_RL_B0Fmm00_PB0PCcZNC0909_B64mA1la0R0vxxxxxx_000A07fBIsc_xBCxxxXxxFgxxn_DQ02_Blender_Z1J_550000A5,0,3,3,600,101.5,99.42,98.0,0,8
1,pat49,d1683276P0421068C_RL_B0Fmm00_PB0PCcZNC0909_B64mA1la0R0vxxxxxx_000A07fBIsc_xBCxxxXxxFgxxn_DQ02_Blender_Z1J_550000A5,0,4,4,600,109.5,104.5,101.0,1,11
1,pat49,d1683276P0421068C_RL_B0Fmm00_PB0PCcZNC0909_B64mA1la0R0vxxxxxx_000A07fBIsc_xBCxxxXxxFgxxn_DQ02_Blender_Z1J_550000A5,0,5,5,600,110.0,105.34,101.0,1,11
1,pat49,d1683276P0421068C_RL_B0Fmm00_PB0PCcZNC0909_B64mA1la0R0vxxxxxx_000A07fBIsc_xBCxxxXxxFgxxn_DQ02_Blender_Z1J_550000A5,0,6,6,600,102.0,100.72,99.0,1,2
1,pat49,d1683276P0421068C_RL_B0Fmm00_PB0PCcZNC0909_B64mA1la0R0vxxxxxx_000A07fBIsc_xBCxxxXxxFgxxn_DQ02_Blender_Z1J_550000A5,0,7,7,600,101.5,99.85,98.0,0,6
1,pat49,d1683276P0421068C_RL_B0Fmm00_PB0PCcZNC0909_B64mA1la0R0vxxxxxx_000A07fBIsc_xBCxxxXxxFgxxn_DQ02_Blender_Z1J_550000A5,1,0,8,600,107.0,103.74,101.0,1,9
1,pat49,d1683276P0421068C_RL_B0Fmm00_PB0PCcZNC0909_B64mA1la0R0vxxxxxx_000A07fBIsc_xBCxxxXxxFgxxn_DQ02_Blender_Z1J_550000A5,1,1,9,600,106.5,103.36,100.0,1,11
1,pat49,d1683276P0421068C_RL_B0Fmm00_PB0PCcZNC0909_B64mA1la0R0vxxxxxx_000A07fBIsc_xBCxxxXxxFgxxn_DQ02_Blender_Z1J_550000A5,1,2,10,600,102.0,100.55,99.0,1,2
1,pat49,d1683276P0421068C_RL_B0Fmm00_PB0PCcZNC0909_B64mA1la0R0vxxxxxx_000A07fBIsc_xBCxxxXxxFgxxn_DQ02_Blender_Z1J_550000A5,1,3,11,600,102.0,100.64,99.0,1,7
1,pat49,d1683276P0421068C_RL_B0Fmm00_PB0PCcZNC0909_B64mA1la0R0vxxxxxx_000A07fBIsc_xBCxxxXxxFgxxn_DQ02_Blender_Z1J_550000A5,1,4,12,600,107.5,103.78,101.0,1,11
1,pat49,d1683276P0421068C_RL_B0Fmm00_PB0PCcZNC0909_B64mA1la0R0vxxxxxx_000A07fBIsc_xBCxxxXxxFgxxn_DQ02_Blender_Z1J_550000A5,1,5,13,600,107.5,104.47,100.5,1,2
1,pat49,d1683276P0421068C_RL_B0Fmm00_PB0PCcZNC0909_B64mA1la0R0vxxxxxx_000A07fBIsc_xBCxxxXxxFgxxn_DQ02_Blender_Z1J_550000A5,1,6,14,600,103.0,101.16,99.0,0,1
1,pat49,d1683276P0421068C_RL_B0Fmm00_PB0PCcZNC0909_B64mA1la0R0vxxxxxx_000A07fBIsc_xBCxxxXxxFgxxn_DQ02_Blender_Z1J_550000A5,1,7,15,600,102.5,100.28,98.5,0,8
1,pat49,d1683276P0421068C_RL_B0Fmm00_PB0PCcZNC0909_B64mA1la0R0vxxxxxx_000A07fBIsc_xBCxxxXxxFgxxn_DQ02_Blender_Z1J_550000A5,2,0,16,600,108.0,104.91,101.5,1,11
1,pat49,d1683276P0421068C_RL_B0Fmm00_PB0PCcZNC0909_B64mA1la0R0vxxxxxx_000A07fBIsc_xBCxxxXxxFgxxn_DQ02_Blender_Z1J_550000A5,2,1,17,600,109.5,105.22,101.5,1,2
1,pat49,d1683276P0421068C_RL_B0Fmm00_PB0PCcZNC0909_B64mA1la0R0vxxxxxx_000A07fBIsc_xBCxxxXxxFgxxn_DQ02_Blender_Z1J_550000A5,2,2,18,600,103.0,101.26,99.5,1,14
1,pat49,d1683276P0421068C_RL_B0Fmm00_PB0PCcZNC0909_B64mA1la0R0vxxxxxx_000A07fBIsc_xBCxxxXxxFgxxn_DQ02_Blender_Z1J_550000A5,2,3,19,600,102.5,100.98,99.0,1,9
1,pat49,d1683276P0421068C_RL_B0Fmm00_PB0PCcZNC0909_B64mA1la0R0vxxxxxx_000A07fBIsc_xBCxxxXxxFgxxn_DQ02_Blender_Z1J_550000A5,2,4,20,600,109.5,104.27,101.5,1,11
1,pat49,d1683276P0421068C_RL_B0Fmm00_PB0PCcZNC0909_B64mA1la0R0vxxxxxx_000A07fBIsc_xBCxxxXxxFgxxn_DQ02_Blender_Z1J_550000A5,2,5,21,600,107.5,104.64,101.5,1,2
1,pat49,d1683276P0421068C_RL_B0Fmm00_PB0PCcZNC0909_B64mA1la0R0vxxxxxx_000A07fBIsc_xBCxxxXxxFgxxn_DQ02_Blender_Z1J_550000A5,2,6,22,600,104.5,101.58,99.5,0,8
1,pat49,d1683276P0421068C_RL_B0Fmm00_PB0PCcZNC0909_B64mA1la0R0vxxxxxx_000A07fBIsc_xBCxxxXxxFgxxn_DQ02_Blender_Z1J_550000A5,2,7,23,600,102.0,100.62,99.0,0,8
1,pat49,d1683276P0421068C_RL_B0Fmm00_PB0PCcZNC0909_B64mA1la0R0vxxxxxx_000A07fBIsc_xBCxxxXxxFgxxn_DQ02_Blender_Z1J_550000A5,3,0,24,600,105.5,103.47,101.0,0,9
1,pat49,d1683276P0421068C_RL_B0Fmm00_PB0PCcZNC0909_B64mA1la0R0vxxxxxx_000A07fBIsc_xBCxxxXxxFgxxn_DQ02_Blender_Z1J_550000A5,3,1,25,600,105.0,103.22,101.0,0,9
1,pat49,d1683276P0421068C_RL_B0Fmm00_PB0PCcZNC0909_B64mA1la0R0vxxxxxx_000A07fBIsc_xBCxxxXxxFgxxn_DQ02_Blender_Z1J_550000A5,3,2,26,600,103.0,101.68,100.0,0,8
1,pat49,d1683276P0421068C_RL_B0Fmm00_PB0PCcZNC0909_B64mA1la0R0vxxxxxx_000A07fBIsc_xBCxxxXxxFgxxn_DQ02_Blender_Z1J_550000A5,3,3,27,600,103.0,101.04,99.5,0,8
1,pat49,d1683276P0421068C_RL_B0Fmm00_PB0PCcZNC0909_B64mA1la0R0vxxxxxx_000A07fBIsc_xBCxxxXxxFgxxn_DQ02_Blender_Z1J_550000A5,3,4,28,600,108.5,104.38,100.5,1,2
1,pat49,d1683276P0421068C_RL_B0Fmm00_PB0PCcZNC0909_B64mA1la0R0vxxxxxx_000A07fBIsc_xBCxxxXxxFgxxn_DQ02_Blender_Z1J_550000A5,3,5,29,600,106.0,103.81,101.5,1,9
1,pat49,d1683276P0421068C_RL_B0Fmm00_PB0PCcZNC0909_B64mA1la0R0vxxxxxx_000A07fBIsc_xBCxxxXxxFgxxn_DQ02_Blender_Z1J_550000A5,3,6,30,600,103.0,101.56,100.0,0,6
1,pat49,d1683276P0421068C_RL_B0Fmm00_PB0PCcZNC0909_B64mA1la0R0vxxxxxx_000A07fBIsc_xBCxxxXxxFgxxn_DQ02_Blender_Z1J_550000A5,3,7,31,600,104.0,101.44,100.0,0,8
1,pat50,d1700763P0422302C_RL_B0Fmm00_PB0PCcZNC0909_B64mA1la0R0vxxxxxx_000A07fBIsc_xBCxxxXxxFgxxn_DQ02_Aes_FZ_5510000D,0,0,0,600,108.5,104.02,99.5,1,11
1,pat50,d1700763P0422302C_RL_B0Fmm00_PB0PCcZNC0909_B64mA1la0R0vxxxxxx_000A07fBIsc_xBCxxxXxxFgxxn_DQ02_Aes_FZ_5510000D,0,1,1,600,109.5,104.47,100.5,1,11
1,pat50,d1700763P0422302C_RL_B0Fmm00_PB0PCcZNC0909_B64mA1la0R0vxxxxxx_000A07fBIsc_xBCxxxXxxFgxxn_DQ02_Aes_FZ_5510000D,0,2,2,600,101.5,100.4,99.5,0,14
1,pat50,d1700763P0422302C_RL_B0Fmm00_PB0PCcZNC0909_B64mA1la0R0vxxxxxx_000A07fBIsc_xBCxxxXxxFgxxn_DQ02_Aes_FZ_5510000D,0,3,3,600,101.0,99.38,98.0,0,14
1,pat50,d1700763P0422302C_RL_B0Fmm00_PB0PCcZNC0909_B64mA1la0R0vxxxxxx_000A07fBIsc_xBCxxxXxxFgxxn_DQ02_Aes_FZ_5510000D,0,4,4,600,109.5,104.46,101.0,1,11
1,pat50,d1700763P0422302C_RL_B0Fmm00_PB0PCcZNC0909_B64mA1la0R0vxxxxxx_000A07fBIsc_xBCxxxXxxFgxxn_DQ02_Aes_FZ_5510000D,0,5,5,600,109.5,105.35,101.0,1,11
1,pat50,d1700763P0422302C_RL_B0Fmm00_PB0PCcZNC0909_B64mA1la0R0vxxxxxx_000A07fBIsc_xBCxxxXxxFgxxn_DQ02_Aes_FZ_5510000D,0,6,6,600,102.0,100.71,99.0,1,2
1,pat50,d1700763P0422302C_RL_B0Fmm00_PB0PCcZNC0909_B64mA1la0R0vxxxxxx_000A07fBIsc_xBCxxxXxxFgxxn_DQ02_Aes_FZ_5510000D,0,7,7,600,101.5,99.83,98.0,0,6
1,pat50,d1700763P0422302C_RL_B0Fmm00_PB0PCcZNC0909_B64mA1la0R0vxxxxxx_000A07fBIsc_xBCxxxXxxFgxxn_DQ02_Aes_FZ_5510000D,1,0,8,600,106.5,103.75,101.0,1,13
1,pat50,d1700763P0422302C_RL_B0Fmm00_PB0PCcZNC0909_B64mA1la0R0vxxxxxx_000A07fBIsc_xBCxxxXxxFgxxn_DQ02_Aes_FZ_5510000D,1,1,9,600,106.0,103.37,100.0,0,13
1,pat50,d1700763P0422302C_RL_B0Fmm00_PB0PCcZNC0909_B64mA1la0R0vxxxxxx_000A07fBIsc_xBCxxxXxxFgxxn_DQ02_Aes_FZ_5510000D,1,2,10,600,102.0,100.46,98.5,0,8
1,pat50,d1700763P0422302C_RL_B0Fmm00_PB0PCcZNC0909_B64mA1la0R0vxxxxxx_000A07fBIsc_xBCxxxXxxFgxxn_DQ02_Aes_FZ_5510000D,1,3,11,600,101.5,100.49,98.5,0,8
1,pat50,d1700763P0422302C_RL_B0Fmm00_PB0PCcZNC0909_B64mA1la0R0vxxxxxx_000A07fBIsc_xBCxxxXxxFgxxn_DQ02_Aes_FZ_5510000D,1,4,12,600,106.5,103.78,101.0,1,11
1,pat50,d1700763P0422302C_RL_B0Fmm00_PB0PCcZNC0909_B64mA1la0R0vxxxxxx_000A07fBIsc_xBCxxxXxxFgxxn_DQ02_Aes_FZ_5510000D,1,5,13,600,107.5,104.42,100.5,1,2
1,pat50,d1700763P0422302C_RL_B0Fmm00_PB0PCcZNC0909_B64mA1la0R0vxxxxxx_000A07fBIsc_xBCxxxXxxFgxxn_DQ02_Aes_FZ_5510000D,1,6,14,600,103.0,101.21,98.5,0,8
1,pat50,d1700763P0422302C_RL_B0Fmm00_PB0PCcZNC0909_B64mA1la0R0vxxxxxx_000A07fBIsc_xBCxxxXxxFgxxn_DQ02_Aes_FZ_5510000D,1,7,15,600,102.5,100.22,98.5,0,8
1,pat50,d1700763P0422302C_RL_B0Fmm00_PB0PCcZNC0909_B64mA1la0R0vxxxxxx_000A07fBIsc_xBCxxxXxxFgxxn_DQ02_Aes_FZ_5510000D,2,0,16,600,107.5,104.91,101.5,1,2
1,pat50,d1700763P0422302C_RL_B0Fmm00_PB0PCcZNC0909_B64mA1la0R0vxxxxxx_000A07fBIsc_xBCxxxXxxFgxxn_DQ02_Aes_FZ_5510000D,2,1,17,600,109.0,105.31,101.5,1,2
1,pat50,d1700763P0422302C_RL_B0Fmm00_PB0PCcZNC0909_B64mA1la0R0vxxxxxx_000A07fBIsc_xBCxxxXxxFgxxn_DQ02_Aes_FZ_5510000D,2,2,18,600,103.0,101.29,100.0,1,14
1,pat50,d1700763P0422302C_RL_B0Fmm00_PB0PCcZNC0909_B64mA1la0R0vxxxxxx_000A07fBIsc_xBCxxxXxxFgxxn_DQ02_Aes_FZ_5510000D,2,3,19,600,102.5,100.98,99.5,1,11
1,pat50,d1700763P0422302C_RL_B0Fmm00_PB0PCcZNC0909_B64mA1la0R0vxxxxxx_000A07fBIsc_xBCxxxXxxFgxxn_DQ02_Aes_FZ_5510000D,2,4,20,600,109.5,104.23,101.5,1,11
1,pat50,d1700763P0422302C_RL_B0Fmm00_PB0PCcZNC0909_B64mA1la0R0vxxxxxx_000A07fBIsc_xBCxxxXxxFgxxn_DQ02_Aes_FZ_5510000D,2,5,21,600,107.5,104.73,101.5,1,2
1,pat50,d1700763P0422302C_RL_B0Fmm00_PB0PCcZNC0909_B64mA1la0R0vxxxxxx_000A07fBIsc_xBCxxxXxxFgxxn_DQ02_Aes_FZ_5510000D,2,6,22,600,104.5,101.53,99.0,0,8
1,pat50,d1700763P0422302C_RL_B0Fmm00_PB0PCcZNC0909_B64mA1la0R0vxxxxxx_000A07fBIsc_xBCxxxXxxFgxxn_DQ02_Aes_FZ_5510000D,2,7,23,600,102.0,100.5,99.0,0,8
1,pat50,d1700763P0422302C_RL_B0Fmm00_PB0PCcZNC0909_B64mA1la0R0vxxxxxx_000A07fBIsc_xBCxxxXxxFgxxn_DQ02_Aes_FZ_5510000D,3,0,24,600,106.0,103.58,101.0,1,13
1,pat50,d1700763P0422302C_RL_B0Fmm00_PB0PCcZNC0909_B64mA1la0R0vxxxxxx_000A07fBIsc_xBCxxxXxxFgxxn_DQ02_Aes_FZ_5510000D,3,1,25,600,105.5,103.31,101.0,1,13
1,pat50,d1700763P0422302C_RL_B0Fmm00_PB0PCcZNC0909_B64mA1la0R0vxxxxxx_000A07fBIsc_xBCxxxXxxFgxxn_DQ02_Aes_FZ_5510000D,3,2,26,600,103.0,101.71,100.0,0,8
1,pat50,d1700763P0422302C_RL_B0Fmm00_PB0PCcZNC0909_B64mA1la0R0vxxxxxx_000A07fBIsc_xBCxxxXxxFgxxn_DQ02_Aes_FZ_5510000D,3,3,27,600,102.5,101.09,99.5,0,8
1,pat50,d1700763P0422302C_RL_B0Fmm00_PB0PCcZNC0909_B64mA1la0R0vxxxxxx_000A07fBIsc_xBCxxxXxxFgxxn_DQ02_Aes_FZ_5510000D,3,4,28,600,107.5,104.43,100.5,1,11
1,pat50,d1700763P0422302C_RL_B0Fmm00_PB0PCcZNC0909_B64mA1la0R0vxxxxxx_000A07fBIsc_xBCxxxXxxFgxxn_DQ02_Aes_FZ_5510000D,3,5,29,600,106.0,103.84,101.5,1,13
1,pat50,d1700763P0422302C_RL_B0Fmm00_PB0PCcZNC0909_B64mA1la0R0vxxxxxx_000A07fBIsc_xBCxxxXxxFgxxn_DQ02_Aes_FZ_5510000D,3,6,30,600,103.0,101.61,100.0,0,10
1,pat50,d1700763P0422302C_RL_B0Fmm00_PB0PCcZNC0909_B64mA1la0R0vxxxxxx_000A07fBIsc_xBCxxxXxxFgxxn_DQ02_Aes_FZ_5510000D,3,7,31,600,104.0,101.39,99.5,0,8
1,pat51,d1700294P0421799C_RL_B0Fmm00_PB0PCcZNC0909_B64mA1la0R0vxxxxxx_000A07fBIsc_xBCxxxXxxFgxxn_DQ02_Blender_A1J_551000BC,0,0,0,600,108.5,103.7,98.5,1,11
1,pat51,d1700294P0421799C_RL_B0Fmm00_PB0PCcZNC0909_B64mA1la0R0vxxxxxx_000A07fBIsc_xBCxxxXxxFgxxn_DQ02_Blender_A1J_551000BC,0,1,1,600,110.0,104.11,100.0,1,11
1,pat51,d1700294P0421799C_RL_B0Fmm00_PB0PCcZNC0909_B64mA1la0R0vxxxxxx_000A07fBIsc_xBCxxxXxxFgxxn_DQ02_Blender_A1J_551000BC,0,2,2,600,101.5,100.18,99.0,1,4
1,pat51,d1700294P0421799C_RL_B0Fmm00_PB0PCcZNC0909_B64mA1la0R0vxxxxxx_000A07fBIsc_xBCxxxXxxFgxxn_DQ02_Blender_A1J_551000BC,0,3,3,600,100.5,99.22,98.0,0,8
1,pat51,d1700294P0421799C_RL_B0Fmm00_PB0PCcZNC0909_B64mA1la0R0vxxxxxx_000A07fBIsc_xBCxxxXxxFgxxn_DQ02_Blender_A1J_551000BC,0,4,4,600,109.0,104.17,100.5,1,11
1,pat51,d1700294P0421799C_RL_B0Fmm00_PB0PCcZNC0909_B64mA1la0R0vxxxxxx_000A07fBIsc_xBCxxxXxxFgxxn_DQ02_Blender_A1J_551000BC,0,5,5,600,109.5,104.93,100.0,1,11
1,pat51,d1700294P0421799C_RL_B0Fmm00_PB0PCcZNC0909_B64mA1la0R0vxxxxxx_000A07fBIsc_xBCxxxXxxFgxxn_DQ02_Blender_A1J_551000BC,0,6,6,600,102.5,100.46,98.5,0,8
1,pat51,d1700294P0421799C_RL_B0Fmm00_PB0PCcZNC0909_B64mA1la0R0vxxxxxx_000A07fBIsc_xBCxxxXxxFgxxn_DQ02_Blender_A1J_551000BC,0,7,7,600,101.0,99.59,97.5,1,6
1,pat51,d1700294P0421799C_RL_B0Fmm00_PB0PCcZNC0909_B64mA1la0R0vxxxxxx_000A07fBIsc_xBCxxxXxxFgxxn_DQ02_Blender_A1J_551000BC,1,0,8,600,106.0,103.4,100.5,1,11
1,pat51,d1700294P0421799C_RL_B0Fmm00_PB0PCcZNC0909_B64mA1la0R0vxxxxxx_000A07fBIsc_xBCxxxXxxFgxxn_DQ02_Blender_A1J_551000BC,1,1,9,600,105.5,102.93,99.5,0,2
1,pat51,d1700294P0421799C_RL_B0Fmm00_PB0PCcZNC0909_B64mA1la0R0vxxxxxx_000A07fBIsc_xBCxxxXxxFgxxn_DQ02_Blender_A1J_551000BC,1,2,10,600,101.5,100.24,98.0,1,7
1,pat51,d1700294P0421799C_RL_B0Fmm00_PB0PCcZNC0909_B64mA1la0R0vxxxxxx_000A07fBIsc_xBCxxxXxxFgxxn_DQ02_Blender_A1J_551000BC,1,3,11,600,101.5,100.29,98.0,0,8
1,pat51,d1700294P0421799C_RL_B0Fmm00_PB0PCcZNC0909_B64mA1la0R0vxxxxxx_000A07fBIsc_xBCxxxXxxFgxxn_DQ02_Blender_A1J_551000BC,1,4,12,600,106.5,103.4,100.5,0,11
1,pat51,d1700294P0421799C_RL_B0Fmm00_PB0PCcZNC0909_B64mA1la0R0vxxxxxx_000A07fBIsc_xBCxxxXxxFgxxn_DQ02_Blender_A1J_551000BC,1,5,13,600,107.5,104.01,100.0,1,2
1,pat51,d1700294P0421799C_RL_B0Fmm00_PB0PCcZNC0909_B64mA1la0R0vxxxxxx_000A07fBIsc_xBCxxxXxxFgxxn_DQ02_Blender_A1J_551000BC,1,6,14,600,103.0,100.95,98.0,0,8
1,pat51,d1700294P0421799C_RL_B0Fmm00_PB0PCcZNC0909_B64mA1la0R0vxxxxxx_000A07fBIsc_xBCxxxXxxFgxxn_DQ02_Blender_A1J_551000BC,1,7,15,600,102.5,100.06,98.0,0,8
1,pat51,d1700294P0421799C_RL_B0Fmm00_PB0PCcZNC0909_B64mA1la0R0vxxxxxx_000A07fBIsc_xBCxxxXxxFgxxn_DQ02_Blender_A1J_551000BC,2,0,16,600,107.5,104.66,101.5,1,11
1,pat51,d1700294P0421799C_RL_B0Fmm00_PB0PCcZNC0909_B64mA1la0R0vxxxxxx_000A07fBIsc_xBCxxxXxxFgxxn_DQ02_Blender_A1J_551000BC,2,1,17,600,109.5,105.03,101.0,1,2
1,pat51,d1700294P0421799C_RL_B0Fmm00_PB0PCcZNC0909_B64mA1la0R0vxxxxxx_000A07fBIsc_xBCxxxXxxFgxxn_DQ02_Blender_A1J_551000BC,2,2,18,600,103.0,101.03,99.5,1,14
1,pat51,d1700294P0421799C_RL_B0Fmm00_PB0PCcZNC0909_B64mA1la0R0vxxxxxx_000A07fBIsc_xBCxxxXxxFgxxn_DQ02_Blender_A1J_551000BC,2,3,19,600,102.0,100.72,99.0,1,5
1,pat51,d1700294P0421799C_RL_B0Fmm00_PB0PCcZNC0909_B64mA1la0R0vxxxxxx_000A07fBIsc_xBCxxxXxxFgxxn_DQ02_Blender_A1J_551000BC,2,4,20,600,109.0,103.92,101.0,1,11
1,pat51,d1700294P0421799C_RL_B0Fmm00_PB0PCcZNC0909_B64mA1la0R0vxxxxxx_000A07fBIsc_xBCxxxXxxFgxxn_DQ02_Blender_A1J_551000BC,2,5,21,600,107.5,104.39,101.0,1,11
1,pat51,d1700294P0421799C_RL_B0Fmm00_PB0PCcZNC0909_B64mA1la0R0vxxxxxx_000A07fBIsc_xBCxxxXxxFgxxn_DQ02_Blender_A1J_551000BC,2,6,22,600,104.0,101.33,99.0,0,8
1,pat51,d1700294P0421799C_RL_B0Fmm00_PB0PCcZNC0909_B64mA1la0R0vxxxxxx_000A07fBIsc_xBCxxxXxxFgxxn_DQ02_Blender_A1J_551000BC,2,7,23,600,101.5,100.28,98.5,1,1
1,pat51,d1700294P0421799C_RL_B0Fmm00_PB0PCcZNC0909_B64mA1la0R0vxxxxxx_000A07fBIsc_xBCxxxXxxFgxxn_DQ02_Blender_A1J_551000BC,3,0,24,600,105.0,103.2,100.5,1,2
1,pat51,d1700294P0421799C_RL_B0Fmm00_PB0PCcZNC0909_B64mA1la0R0vxxxxxx_000A07fBIsc_xBCxxxXxxFgxxn_DQ02_Blender_A1J_551000BC,3,1,25,600,105.0,103.06,101.0,1,13
1,pat51,d1700294P0421799C_RL_B0Fmm00_PB0PCcZNC0909_B64mA1la0R0vxxxxxx_000A07fBIsc_xBCxxxXxxFgxxn_DQ02_Blender_A1J_551000BC,3,2,26,600,103.0,101.49,99.5,0,8
1,pat51,d1700294P0421799C_RL_B0Fmm00_PB0PCcZNC0909_B64mA1la0R0vxxxxxx_000A07fBIsc_xBCxxxXxxFgxxn_DQ02_Blender_A1J_551000BC,3,3,27,600,102.5,100.96,99.5,0,8
1,pat51,d1700294P0421799C_RL_B0Fmm00_PB0PCcZNC0909_B64mA1la0R0vxxxxxx_000A07fBIsc_xBCxxxXxxFgxxn_DQ02_Blender_A1J_551000BC,3,4,28,600,107.5,104.24,100.5,1,9
1,pat51,d1700294P0421799C_RL_B0Fmm00_PB0PCcZNC0909_B64mA1la0R0vxxxxxx_000A07fBIsc_xBCxxxXxxFgxxn_DQ02_Blender_A1J_551000BC,3,5,29,600,106.0,103.56,101.5,1,11
1,pat51,d1700294P0421799C_RL_B0Fmm00_PB0PCcZNC0909_B64mA1la0R0vxxxxxx_000A07fBIsc_xBCxxxXxxFgxxn_DQ02_Blender_A1J_551000BC,3,6,30,600,105.5,101.45,100.0,0,14
1,pat51,d1700294P0421799C_RL_B0Fmm00_PB0PCcZNC0909_B64mA1la0R0vxxxxxx_000A07fBIsc_xBCxxxXxxFgxxn_DQ02_Blender_A1J_551000BC,3,7,31,600,103.5,101.18,99.5,0,8
1,pat52,d1700461P0422008C_RL_B0Fmm00_PB0PCcZNC0909_B64mA1la0R0vxxxxxx_000A07fBIsc_xBCxxxXxxFgxxn_DQ02_Blender_Z1J_551000EC,0,0,0,600,109.0,104.1,99.5,1,11
1,pat52,d1700461P0422008C_RL_B0Fmm00_PB0PCcZNC0909_B64mA1la0R0vxxxxxx_000A07fBIsc_xBCxxxXxxFgxxn_DQ02_Blender_Z1J_551000EC,0,1,1,600,110.5,104.61,100.0,1,2
1,pat52,d1700461P0422008C_RL_B0Fmm00_PB0PCcZNC0909_B64mA1la0R0vxxxxxx_000A07fBIsc_xBCxxxXxxFgxxn_DQ02_Blender_Z1J_551000EC,0,2,2,600,101.5,100.43,99.5,0,5
1,pat52,d1700461P0422008C_RL_B0Fmm00_PB0PCcZNC0909_B64mA1la0R0vxxxxxx_000A07fBIsc_xBCxxxXxxFgxxn_DQ02_Blender_Z1J_551000EC,0,3,3,600,101.0,99.41,98.0,0,8
1,pat52,d1700461P0422008C_RL_B0Fmm00_PB0PCcZNC0909_B64mA1la0R0vxxxxxx_000A07fBIsc_xBCxxxXxxFgxxn_DQ02_Blender_Z1J_551000EC,0,4,4,600,110.0,104.48,101.0,1,11
1,pat52,d1700461P0422008C_RL_B0Fmm00_PB0PCcZNC0909_B64mA1la0R0vxxxxxx_000A07fBIsc_xBCxxxXxxFgxxn_DQ02_Blender_Z1J_551000EC,0,5,5,600,110.5,105.4,101.0,1,11
1,pat52,d1700461P0422008C_RL_B0Fmm00_PB0PCcZNC0909_B64mA1la0R0vxxxxxx_000A07fBIsc_xBCxxxXxxFgxxn_DQ02_Blender_Z1J_551000EC,0,6,6,600,102.5,100.68,99.0,0,8
1,pat52,d1700461P0422008C_RL_B0Fmm00_PB0PCcZNC0909_B64mA1la0R0vxxxxxx_000A07fBIsc_xBCxxxXxxFgxxn_DQ02_Blender_Z1J_551000EC,0,7,7,600,101.0,99.81,98.0,0,6
1,pat52,d1700461P0422008C_RL_B0Fmm00_PB0PCcZNC0909_B64mA1la0R0vxxxxxx_000A07fBIsc_xBCxxxXxxFgxxn_DQ02_Blender_Z1J_551000EC,1,0,8,600,107.0,103.75,100.5,1,11
1,pat52,d1700461P0422008C_RL_B0Fmm00_PB0PCcZNC0909_B64mA1la0R0vxxxxxx_000A07fBIsc_xBCxxxXxxFgxxn_DQ02_Blender_Z1J_551000EC,1,1,9,600,106.0,103.21,100.0,1,11
1,pat52,d1700461P0422008C_RL_B0Fmm00_PB0PCcZNC0909_B64mA1la0R0vxxxxxx_000A07fBIsc_xBCxxxXxxFgxxn_DQ02_Blender_Z1J_551000EC,1,2,10,600,102.0,100.45,98.5,0,8
1,pat52,d1700461P0422008C_RL_B0Fmm00_PB0PCcZNC0909_B64mA1la0R0vxxxxxx_000A07fBIsc_xBCxxxXxxFgxxn_DQ02_Blender_Z1J_551000EC,1,3,11,600,102.0,100.55,98.5,1,7
1,pat52,d1700461P0422008C_RL_B0Fmm00_PB0PCcZNC0909_B64mA1la0R0vxxxxxx_000A07fBIsc_xBCxxxXxxFgxxn_DQ02_Blender_Z1J_551000EC,1,4,12,600,107.5,103.72,100.5,1,11
1,pat52,d1700461P0422008C_RL_B0Fmm00_PB0PCcZNC0909_B64mA1la0R0vxxxxxx_000A07fBIsc_xBCxxxXxxFgxxn_DQ02_Blender_Z1J_551000EC,1,5,13,600,108.0,104.36,100.5,1,2
1,pat52,d1700461P0422008C_RL_B0Fmm00_PB0PCcZNC0909_B64mA1la0R0vxxxxxx_000A07fBIsc_xBCxxxXxxFgxxn_DQ02_Blender_Z1J_551000EC,1,6,14,600,103.0,101.23,99.0,0,1
1,pat52,d1700461P0422008C_RL_B0Fmm00_PB0PCcZNC0909_B64mA1la0R0vxxxxxx_000A07fBIsc_xBCxxxXxxFgxxn_DQ02_Blender_Z1J_551000EC,1,7,15,600,102.5,100.17,98.0,0,8
1,pat52,d1700461P0422008C_RL_B0Fmm00_PB0PCcZNC0909_B64mA1la0R0vxxxxxx_000A07fBIsc_xBCxxxXxxFgxxn_DQ02_Blender_Z1J_551000EC,2,0,16,600,108.0,104.89,101.5,1,11
1,pat52,d1700461P0422008C_RL_B0Fmm00_PB0PCcZNC0909_B64mA1la0R0vxxxxxx_000A07fBIsc_xBCxxxXxxFgxxn_DQ02_Blender_Z1J_551000EC,2,1,17,600,109.5,105.29,101.5,1,2
1,pat52,d1700461P0422008C_RL_B0Fmm00_PB0PCcZNC0909_B64mA1la0R0vxxxxxx_000A07fBIsc_xBCxxxXxxFgxxn_DQ02_Blender_Z1J_551000EC,2,2,18,600,103.0,101.16,100.0,1,14
1,pat52,d1700461P0422008C_RL_B0Fmm00_PB0PCcZNC0909_B64mA1la0R0vxxxxxx_000A07fBIsc_xBCxxxXxxFgxxn_DQ02_Blender_Z1J_551000EC,2,3,19,600,102.5,100.93,99.5,1,4
1,pat52,d1700461P0422008C_RL_B0Fmm00_PB0PCcZNC0909_B64mA1la0R0vxxxxxx_000A07fBIsc_xBCxxxXxxFgxxn_DQ02_Blender_Z1J_551000EC,2,4,20,600,109.5,104.09,101.5,1,11
1,pat52,d1700461P0422008C_RL_B0Fmm00_PB0PCcZNC0909_B64mA1la0R0vxxxxxx_000A07fBIsc_xBCxxxXxxFgxxn_DQ02_Blender_Z1J_551000EC,2,5,21,600,108.0,104.72,101.5,1,11
1,pat52,d1700461P0422008C_RL_B0Fmm00_PB0PCcZNC0909_B64mA1la0R0vxxxxxx_000A07fBIsc_xBCxxxXxxFgxxn_DQ02_Blender_Z1J_551000EC,2,6,22,600,104.5,101.46,99.0,0,8
1,pat52,d1700461P0422008C_RL_B0Fmm00_PB0PCcZNC0909_B64mA1la0R0vxxxxxx_000A07fBIsc_xBCxxxXxxFgxxn_DQ02_Blender_Z1J_551000EC,2,7,23,600,102.0,100.47,98.5,0,8
1,pat52,d1700461P0422008C_RL_B0Fmm00_PB0PCcZNC0909_B64mA1la0R0vxxxxxx_000A07fBIsc_xBCxxxXxxFgxxn_DQ02_Blender_Z1J_551000EC,3,0,24,600,106.5,103.53,101.0,1,11
1,pat52,d1700461P0422008C_RL_B0Fmm00_PB0PCcZNC0909_B64mA1la0R0vxxxxxx_000A07fBIsc_xBCxxxXxxFgxxn_DQ02_Blender_Z1J_551000EC,3,1,25,600,105.5,103.27,101.0,0,11
1,pat52,d1700461P0422008C_RL_B0Fmm00_PB0PCcZNC0909_B64mA1la0R0vxxxxxx_000A07fBIsc_xBCxxxXxxFgxxn_DQ02_Blender_Z1J_551000EC,3,2,26,600,103.0,101.62,99.5,0,6
1,pat52,d1700461P0422008C_RL_B0Fmm00_PB0PCcZNC0909_B64mA1la0R0vxxxxxx_000A07fBIsc_xBCxxxXxxFgxxn_DQ02_Blender_Z1J_551000EC,3,3,27,600,103.0,101.04,99.5,0,8
1,pat52,d1700461P0422008C_RL_B0Fmm00_PB0PCcZNC0909_B64mA1la0R0vxxxxxx_000A07fBIsc_xBCxxxXxxFgxxn_DQ02_Blender_Z1J_551000EC,3,4,28,600,109.0,104.41,100.5,1,2
1,pat52,d1700461P0422008C_RL_B0Fmm00_PB0PCcZNC0909_B64mA1la0R0vxxxxxx_000A07fBIsc_xBCxxxXxxFgxxn_DQ02_Blender_Z1J_551000EC,3,5,29,600,106.5,103.7,101.5,1,11
1,pat52,d1700461P0422008C_RL_B0Fmm00_PB0PCcZNC0909_B64mA1la0R0vxxxxxx_000A07fBIsc_xBCxxxXxxFgxxn_DQ02_Blender_Z1J_551000EC,3,6,30,600,103.0,101.57,100.0,0,6
1,pat52,d1700461P0422008C_RL_B0Fmm00_PB0PCcZNC0909_B64mA1la0R0vxxxxxx_000A07fBIsc_xBCxxxXxxFgxxn_DQ02_Blender_Z1J_551000EC,3,7,31,600,104.0,101.28,99.5,0,8
1,pat53,d1700618P0422149C_RL_B0Fmm00_PB0PCcZNC0909_B64mA1la0R0vxxxxxx_000A07fBIsc_xBCxxxXxxFgxxn_DQ02_Ditto_MACZ_55100173,0,0,0,600,109.0,104.24,99.5,1,11
1,pat53,d1700618P0422149C_RL_B0Fmm00_PB0PCcZNC0909_B64mA1la0R0vxxxxxx_000A07fBIsc_xBCxxxXxxFgxxn_DQ02_Ditto_MACZ_55100173,0,1,1,600,110.5,104.8,100.5,1,2
1,pat53,d1700618P0422149C_RL_B0Fmm00_PB0PCcZNC0909_B64mA1la0R0vxxxxxx_000A07fBIsc_xBCxxxXxxFgxxn_DQ02_Ditto_MACZ_55100173,0,2,2,600,102.0,100.56,99.5,1,4
1,pat53,d1700618P0422149C_RL_B0Fmm00_PB0PCcZNC0909_B64mA1la0R0vxxxxxx_000A07fBIsc_xBCxxxXxxFgxxn_DQ02_Ditto_MACZ_55100173,0,3,3,600,101.0,99.43,98.0,0,8
1,pat53,d1700618P0422149C_RL_B0Fmm00_PB0PCcZNC0909_B64mA1la0R0vxxxxxx_000A07fBIsc_xBCxxxXxxFgxxn_DQ02_Ditto_MACZ_55100173,0,4,4,600,110.0,104.66,101.0,1,11
1,pat53,d1700618P0422149C_RL_B0Fmm00_PB0PCcZNC0909_B64mA1la0R0vxxxxxx_000A07fBIsc_xBCxxxXxxFgxxn_DQ02_Ditto_MACZ_55100173,0,5,5,600,110.5,105.56,101.5,1,11
1,pat53,d1700618P0422149C_RL_B0Fmm00_PB0PCcZNC0909_B64mA1la0R0vxxxxxx_000A07fBIsc_xBCxxxXxxFgxxn_DQ02_Ditto_MACZ_55100173,0,6,6,600,102.5,100.78,99.5,1,13
1,pat53,d1700618P0422149C_RL_B0Fmm00_PB0PCcZNC0909_B64mA1la0R0vxxxxxx_000A07fBIsc_xBCxxxXxxFgxxn_DQ02_Ditto_MACZ_55100173,0,7,7,600,101.0,99.86,98.5,1,6
1,pat53,d1700618P0422149C_RL_B0Fmm00_PB0PCcZNC0909_B64mA1la0R0vxxxxxx_000A07fBIsc_xBCxxxXxxFgxxn_DQ02_Ditto_MACZ_55100173,1,0,8,600,107.0,103.96,100.5,1,9
1,pat53,d1700618P0422149C_RL_B0Fmm00_PB0PCcZNC0909_B64mA1la0R0vxxxxxx_000A07fBIsc_xBCxxxXxxFgxxn_DQ02_Ditto_MACZ_55100173,1,1,9,600,106.0,103.45,100.5,1,2
1,pat53,d1700618P0422149C_RL_B0Fmm00_PB0PCcZNC0909_B64mA1la0R0vxxxxxx_000A07fBIsc_xBCxxxXxxFgxxn_DQ02_Ditto_MACZ_55100173,1,2,10,600,102.0,100.58,99.5,1,2
1,pat53,d1700618P0422149C_RL_B0Fmm00_PB0PCcZNC0909_B64mA1la0R0vxxxxxx_000A07fBIsc_xBCxxxXxxFgxxn_DQ02_Ditto_MACZ_55100173,1,3,11,600,102.0,100.73,99.0,1,7
1,pat53,d1700618P0422149C_RL_B0Fmm00_PB0PCcZNC0909_B64mA1la0R0vxxxxxx_000A07fBIsc_xBCxxxXxxFgxxn_DQ02_Ditto_MACZ_55100173,1,4,12,600,107.5,103.82,101.0,1,11
1,pat53,d1700618P0422149C_RL_B0Fmm00_PB0PCcZNC0909_B64mA1la0R0vxxxxxx_000A07fBIsc_xBCxxxXxxFgxxn_DQ02_Ditto_MACZ_55100173,1,5,13,600,108.0,104.61,100.5,1,2
1,pat53,d1700618P0422149C_RL_B0Fmm00_PB0PCcZNC0909_B64mA1la0R0vxxxxxx_000A07fBIsc_xBCxxxXxxFgxxn_DQ02_Ditto_MACZ_55100173,1,6,14,600,103.0,101.41,99.0,0,1
1,pat53,d1700618P0422149C_RL_B0Fmm00_PB0PCcZNC0909_B64mA1la0R0vxxxxxx_000A07fBIsc_xBCxxxXxxFgxxn_DQ02_Ditto_MACZ_55100173,1,7,15,600,102.5,100.27,98.5,0,8
1,pat53,d1700618P0422149C_RL_B0Fmm00_PB0PCcZNC0909_B64mA1la0R0vxxxxxx_000A07fBIsc_xBCxxxXxxFgxxn_DQ02_Ditto_MACZ_55100173,2,0,16,600,108.0,105.06,101.5,1,11
1,pat53,d1700618P0422149C_RL_B0Fmm00_PB0PCcZNC0909_B64mA1la0R0vxxxxxx_000A07fBIsc_xBCxxxXxxFgxxn_DQ02_Ditto_MACZ_55100173,2,1,17,600,109.5,105.54,102.0,1,2
1,pat53,d1700618P0422149C_RL_B0Fmm00_PB0PCcZNC0909_B64mA1la0R0vxxxxxx_000A07fBIsc_xBCxxxXxxFgxxn_DQ02_Ditto_MACZ_55100173,2,2,18,600,103.0,101.27,100.0,0,7
1,pat53,d1700618P0422149C_RL_B0Fmm00_PB0PCcZNC0909_B64mA1la0R0vxxxxxx_000A07fBIsc_xBCxxxXxxFgxxn_DQ02_Ditto_MACZ_55100173,2,3,19,600,102.5,101.05,99.5,1,9
1,pat53,d1700618P0422149C_RL_B0Fmm00_PB0PCcZNC0909_B64mA1la0R0vxxxxxx_000A07fBIsc_xBCxxxXxxFgxxn_DQ02_Ditto_MACZ_55100173,2,4,20,600,109.5,104.36,101.5,1,11
1,pat53,d1700618P0422149C_RL_B0Fmm00_PB0PCcZNC0909_B64mA1la0R0vxxxxxx_000A07fBIsc_xBCxxxXxxFgxxn_DQ02_Ditto_MACZ_55100173,2,5,21,600,108.0,104.83,102.0,1,11
1,pat53,d1700618P0422149C_RL_B0Fmm00_PB0PCcZNC0909_B64mA1la0R0vxxxxxx_000A07fBIsc_xBCxxxXxxFgxxn_DQ02_Ditto_MACZ_55100173,2,6,22,600,104.5,101.59,99.5,0,8
1,pat53,d1700618P0422149C_RL_B0Fmm00_PB0PCcZNC0909_B64mA1la0R0vxxxxxx_000A07fBIsc_xBCxxxXxxFgxxn_DQ02_Ditto_MACZ_55100173,2,7,23,600,102.0,100.63,99.0,1,6
1,pat53,d1700618P0422149C_RL_B0Fmm00_PB0PCcZNC0909_B64mA1la0R0vxxxxxx_000A07fBIsc_xBCxxxXxxFgxxn_DQ02_Ditto_MACZ_55100173,3,0,24,600,105.5,103.72,101.0,0,9
1,pat53,d1700618P0422149C_RL_B0Fmm00_PB0PCcZNC0909_B64mA1la0R0vxxxxxx_000A07fBIsc_xBCxxxXxxFgxxn_DQ02_Ditto_MACZ_55100173,3,1,25,600,105.5,103.53,101.0,0,9
1,pat53,d1700618P0422149C_RL_B0Fmm00_PB0PCcZNC0909_B64mA1la0R0vxxxxxx_000A07fBIsc_xBCxxxXxxFgxxn_DQ02_Ditto_MACZ_55100173,3,2,26,600,104.0,101.9,100.0,0,6
1,pat53,d1700618P0422149C_RL_B0Fmm00_PB0PCcZNC0909_B64mA1la0R0vxxxxxx_000A07fBIsc_xBCxxxXxxFgxxn_DQ02_Ditto_MACZ_55100173,3,3,27,600,103.0,101.13,99.5,0,8
1,pat53,d1700618P0422149C_RL_B0Fmm00_PB0PCcZNC0909_B64mA1la0R0vxxxxxx_000A07fBIsc_xBCxxxXxxFgxxn_DQ02_Ditto_MACZ_55100173,3,4,28,600,109.0,104.6,100.5,1,2
1,pat53,d1700618P0422149C_RL_B0Fmm00_PB0PCcZNC0909_B64mA1la0R0vxxxxxx_000A07fBIsc_xBCxxxXxxFgxxn_DQ02_Ditto_MACZ_55100173,3,5,29,600,106.0,103.95,101.5,1,9
1,pat53,d1700618P0422149C_RL_B0Fmm00_PB0PCcZNC0909_B64mA1la0R0vxxxxxx_000A07fBIsc_xBCxxxXxxFgxxn_DQ02_Ditto_MACZ_55100173,3,6,30,600,103.0,101.69,100.5,0,6
1,pat53,d1700618P0422149C_RL_B0Fmm00_PB0PCcZNC0909_B64mA1la0R0vxxxxxx_000A07fBIsc_xBCxxxXxxFgxxn_DQ02_Ditto_MACZ_55100173,3,7,31,600,103.5,101.52,100.0,0,8
1,pat54,d1700638P0422215C_RL_B0Fmm00_PB0PCcZNC0909_B64mA1la0R0vxxxxxx_000A07fBIsc_xBCxxxXxxFgxxn_DQ02_FRM_DivDZ_55100239,0,0,0,600,108.0,103.89,99.5,1,2
1,pat54,d1700638P0422215C_RL_B0Fmm00_PB0PCcZNC0909_B64mA1la0R0vxxxxxx_000A07fBIsc_xBCxxxXxxFgxxn_DQ02_FRM_DivDZ_55100239,0,1,1,600,110.0,104.31,100.5,1,2
1,pat54,d1700638P0422215C_RL_B0Fmm00_PB0PCcZNC0909_B64mA1la0R0vxxxxxx_000A07fBIsc_xBCxxxXxxFgxxn_DQ02_FRM_DivDZ_55100239,0,2,2,600,101.5,100.33,99.5,0,14
1,pat54,d1700638P0422215C_RL_B0Fmm00_PB0PCcZNC0909_B64mA1la0R0vxxxxxx_000A07fBIsc_xBCxxxXxxFgxxn_DQ02_FRM_DivDZ_55100239,0,3,3,600,101.0,99.35,97.5,0,8
1,pat54,d1700638P0422215C_RL_B0Fmm00_PB0PCcZNC0909_B64mA1la0R0vxxxxxx_000A07fBIsc_xBCxxxXxxFgxxn_DQ02_FRM_DivDZ_55100239,0,4,4,600,109.5,104.26,101.0,1,11
1,pat54,d1700638P0422215C_RL_B0Fmm00_PB0PCcZNC0909_B64mA1la0R0vxxxxxx_000A07fBIsc_xBCxxxXxxFgxxn_DQ02_FRM_DivDZ_55100239,0,5,5,600,109.5,105.16,101.0,1,11
1,pat54,d1700638P0422215C_RL_B0Fmm00_PB0PCcZNC0909_B64mA1la0R0vxxxxxx_000A07fBIsc_xBCxxxXxxFgxxn_DQ02_FRM_DivDZ_55100239,0,6,6,600,102.0,100.66,99.0,1,2
1,pat54,d1700638P0422215C_RL_B0Fmm00_PB0PCcZNC0909_B64mA1la0R0vxxxxxx_000A07fBIsc_xBCxxxXxxFgxxn_DQ02_FRM_DivDZ_55100239,0,7,7,600,101.0,99.73,98.5,0,13
1,pat54,d1700638P0422215C_RL_B0Fmm00_PB0PCcZNC0909_B64mA1la0R0vxxxxxx_000A07fBIsc_xBCxxxXxxFgxxn_DQ02_FRM_DivDZ_55100239,1,0,8,600,106.5,103.48,100.5,1,11
1,pat54,d1700638P0422215C_RL_B0Fmm00_PB0PCcZNC0909_B64mA1la0R0vxxxxxx_000A07fBIsc_xBCxxxXxxFgxxn_DQ02_FRM_DivDZ_55100239,1,1,9,600,105.5,102.98,100.0,1,11
1,pat54,d1700638P0422215C_RL_B0Fmm00_PB0PCcZNC0909_B64mA1la0R0vxxxxxx_000A07fBIsc_xBCxxxXxxFgxxn_DQ02_FRM_DivDZ_55100239,1,2,10,600,101.5,100.35,98.5,0,8
1,pat54,d1700638P0422215C_RL_B0Fmm00_PB0PCcZNC0909_B64mA1la0R0vxxxxxx_000A07fBIsc_xBCxxxXxxFgxxn_DQ02_FRM_DivDZ_55100239,1,3,11,600,102.0,100.48,99.0,1,7
1,pat54,d1700638P0422215C_RL_B0Fmm00_PB0PCcZNC0909_B64mA1la0R0vxxxxxx_000A07fBIsc_xBCxxxXxxFgxxn_DQ02_FRM_DivDZ_55100239,1,4,12,600,106.5,103.55,101.0,0,11
1,pat54,d1700638P0422215C_RL_B0Fmm00_PB0PCcZNC0909_B64mA1la0R0vxxxxxx_000A07fBIsc_xBCxxxXxxFgxxn_DQ02_FRM_DivDZ_55100239,1,5,13,600,107.5,104.07,100.5,1,2
1,pat54,d1700638P0422215C_RL_B0Fmm00_PB0PCcZNC0909_B64mA1la0R0vxxxxxx_000A07fBIsc_xBCxxxXxxFgxxn_DQ02_FRM_DivDZ_55100239,1,6,14,600,103.0,101.1,98.5,0,1
1,pat54,d1700638P0422215C_RL_B0Fmm00_PB0PCcZNC0909_B64mA1la0R0vxxxxxx_000A07fBIsc_xBCxxxXxxFgxxn_DQ02_FRM_DivDZ_55100239,1,7,15,600,102.5,100.12,98.0,0,8
1,pat54,d1700638P0422215C_RL_B0Fmm00_PB0PCcZNC0909_B64mA1la0R0vxxxxxx_000A07fBIsc_xBCxxxXxxFgxxn_DQ02_FRM_DivDZ_55100239,2,0,16,600,107.5,104.69,101.5,1,11
1,pat54,d1700638P0422215C_RL_B0Fmm00_PB0PCcZNC0909_B64mA1la0R0vxxxxxx_000A07fBIsc_xBCxxxXxxFgxxn_DQ02_FRM_DivDZ_55100239,2,1,17,600,109.0,105.2,102.0,1,2
1,pat54,d1700638P0422215C_RL_B0Fmm00_PB0PCcZNC0909_B64mA1la0R0vxxxxxx_000A07fBIsc_xBCxxxXxxFgxxn_DQ02_FRM_DivDZ_55100239,2,2,18,600,103.0,101.17,99.5,1,14
1,pat54,d1700638P0422215C_RL_B0Fmm00_PB0PCcZNC0909_B64mA1la0R0vxxxxxx_000A07fBIsc_xBCxxxXxxFgxxn_DQ02_FRM_DivDZ_55100239,2,3,19,600,102.5,100.98,99.5,1,4
1,pat54,d1700638P0422215C_RL_B0Fmm00_PB0PCcZNC0909_B64mA1la0R0vxxxxxx_000A07fBIsc_xBCxxxXxxFgxxn_DQ02_FRM_DivDZ_55100239,2,4,20,600,109.0,103.98,101.0,1,11
1,pat54,d1700638P0422215C_RL_B0Fmm00_PB0PCcZNC0909_B64mA1la0R0vxxxxxx_000A07fBIsc_xBCxxxXxxFgxxn_DQ02_FRM_DivDZ_55100239,2,5,21,600,107.5,104.56,101.5,1,2
1,pat54,d1700638P0422215C_RL_B0Fmm00_PB0PCcZNC0909_B64mA1la0R0vxxxxxx_000A07fBIsc_xBCxxxXxxFgxxn_DQ02_FRM_DivDZ_55100239,2,6,22,600,104.0,101.51,99.5,0,8
1,pat54,d1700638P0422215C_RL_B0Fmm00_PB0PCcZNC0909_B64mA1la0R0vxxxxxx_000A07fBIsc_xBCxxxXxxFgxxn_DQ02_FRM_DivDZ_55100239,2,7,23,600,102.0,100.47,98.5,0,8
1,pat54,d1700638P0422215C_RL_B0Fmm00_PB0PCcZNC0909_B64mA1la0R0vxxxxxx_000A07fBIsc_xBCxxxXxxFgxxn_DQ02_FRM_DivDZ_55100239,3,0,24,600,105.5,103.44,101.0,1,11
1,pat54,d1700638P0422215C_RL_B0Fmm00_PB0PCcZNC0909_B64mA1la0R0vxxxxxx_000A07fBIsc_xBCxxxXxxFgxxn_DQ02_FRM_DivDZ_55100239,3,1,25,600,105.0,103.14,101.0,1,11
1,pat54,d1700638P0422215C_RL_B0Fmm00_PB0PCcZNC0909_B64mA1la0R0vxxxxxx_000A07fBIsc_xBCxxxXxxFgxxn_DQ02_FRM_DivDZ_55100239,3,2,26,600,103.5,101.86,100.5,0,6
1,pat54,d1700638P0422215C_RL_B0Fmm00_PB0PCcZNC0909_B64mA1la0R0vxxxxxx_000A07fBIsc_xBCxxxXxxFgxxn_DQ02_FRM_DivDZ_55100239,3,3,27,600,102.5,101.03,99.5,0,8
1,pat54,d1700638P0422215C_RL_B0Fmm00_PB0PCcZNC0909_B64mA1la0R0vxxxxxx_000A07fBIsc_xBCxxxXxxFgxxn_DQ02_FRM_DivDZ_55100239,3,4,28,600,107.5,104.22,100.5,1,9
1,pat54,d1700638P0422215C_RL_B0Fmm00_PB0PCcZNC0909_B64mA1la0R0vxxxxxx_000A07fBIsc_xBCxxxXxxFgxxn_DQ02_FRM_DivDZ_55100239,3,5,29,600,106.0,103.68,101.5,1,11
1,pat54,d1700638P0422215C_RL_B0Fmm00_PB0PCcZNC0909_B64mA1la0R0vxxxxxx_000A07fBIsc_xBCxxxXxxFgxxn_DQ02_FRM_DivDZ_55100239,3,6,30,600,103.5,101.61,100.5,0,6
1,pat54,d1700638P0422215C_RL_B0Fmm00_PB0PCcZNC0909_B64mA1la0R0vxxxxxx_000A07fBIsc_xBCxxxXxxFgxxn_DQ02_FRM_DivDZ_55100239,3,7,31,600,104.0,101.33,99.5,0,8
1,pat55,d1684899P0421719C_RL_B0Fmm00_PB0PCcZNC0909_B64mA1la0R0vxxxxxx_000A07fBIsc_xBCxxxXxxFgxxn_DQ02_Twiddle_3Y_55000353,0,0,0,600,108.5,103.78,99.5,1,11
1,pat55,d1684899P0421719C_RL_B0Fmm00_PB0PCcZNC0909_B64mA1la0R0vxxxxxx_000A07fBIsc_xBCxxxXxxFgxxn_DQ02_Twiddle_3Y_55000353,0,1,1,600,109.0,104.2,100.5,1,11
1,pat55,d1684899P0421719C_RL_B0Fmm00_PB0PCcZNC0909_B64mA1la0R0vxxxxxx_000A07fBIsc_xBCxxxXxxFgxxn_DQ02_Twiddle_3Y_55000353,0,2,2,600,101.5,100.35,99.5,0,14
1,pat55,d1684899P0421719C_RL_B0Fmm00_PB0PCcZNC0909_B64mA1la0R0vxxxxxx_000A07fBIsc_xBCxxxXxxFgxxn_DQ02_Twiddle_3Y_55000353,0,3,3,600,100.5,99.21,98.0,0,8
1,pat55,d1684899P0421719C_RL_B0Fmm00_PB0PCcZNC0909_B64mA1la0R0vxxxxxx_000A07fBIsc_xBCxxxXxxFgxxn_DQ02_Twiddle_3Y_55000353,0,4,4,600,109.0,104.24,101.0,1,11
1,pat55,d1684899P0421719C_RL_B0Fmm00_PB0PCcZNC0909_B64mA1la0R0vxxxxxx_000A07fBIsc_xBCxxxXxxFgxxn_DQ02_Twiddle_3Y_55000353,0,5,5,600,109.0,105.07,101.0,1,2
1,pat55,d1684899P0421719C_RL_B0Fmm00_PB0PCcZNC0909_B64mA1la0R0vxxxxxx_000A07fBIsc_xBCxxxXxxFgxxn_DQ02_Twiddle_3Y_55000353,0,6,6,600,102.5,100.55,99.0,0,8
1,pat55,d1684899P0421719C_RL_B0Fmm00_PB0PCcZNC0909_B64mA1la0R0vxxxxxx_000A07fBIsc_xBCxxxXxxFgxxn_DQ02_Twiddle_3Y_55000353,0,7,7,600,101.0,99.59,98.0,0,6
1,pat55,d1684899P0421719C_RL_B0Fmm00_PB0PCcZNC0909_B64mA1la0R0vxxxxxx_000A07fBIsc_xBCxxxXxxFgxxn_DQ02_Twiddle_3Y_55000353,1,0,8,600,107.0,103.58,100.0,1,0
1,pat55,d1684899P0421719C_RL_B0Fmm00_PB0PCcZNC0909_B64mA1la0R0vxxxxxx_000A07fBIsc_xBCxxxXxxFgxxn_DQ02_Twiddle_3Y_55000353,1,1,9,600,106.0,103.11,100.0,0,0
1,pat55,d1684899P0421719C_RL_B0Fmm00_PB0PCcZNC0909_B64mA1la0R0vxxxxxx_000A07fBIsc_xBCxxxXxxFgxxn_DQ02_Twiddle_3Y_55000353,1,2,10,600,101.5,100.3,98.5,1,8
1,pat55,d1684899P0421719C_RL_B0Fmm00_PB0PCcZNC0909_B64mA1la0R0vxxxxxx_000A07fBIsc_xBCxxxXxxFgxxn_DQ02_Twiddle_3Y_55000353,1,3,11,600,102.0,100.51,98.5,1,7
1,pat55,d1684899P0421719C_RL_B0Fmm00_PB0PCcZNC0909_B64mA1la0R0vxxxxxx_000A07fBIsc_xBCxxxXxxFgxxn_DQ02_Twiddle_3Y_55000353,1,4,12,600,106.5,103.65,101.0,1,11
1,pat55,d1684899P0421719C_RL_B0Fmm00_PB0PCcZNC0909_B64mA1la0R0vxxxxxx_000A07fBIsc_xBCxxxXxxFgxxn_DQ02_Twiddle_3Y_55000353,1,5,13,600,107.5,104.06,100.5,0,0
1,pat55,d1684899P0421719C_RL_B0Fmm00_PB0PCcZNC0909_B64mA1la0R0vxxxxxx_000A07fBIsc_xBCxxxXxxFgxxn_DQ02_Twiddle_3Y_55000353,1,6,14,600,103.0,101.07,98.5,0,1
1,pat55,d1684899P0421719C_RL_B0Fmm00_PB0PCcZNC0909_B64mA1la0R0vxxxxxx_000A07fBIsc_xBCxxxXxxFgxxn_DQ02_Twiddle_3Y_55000353,1,7,15,600,102.5,100.11,98.0,0,8
1,pat55,d1684899P0421719C_RL_B0Fmm00_PB0PCcZNC0909_B64mA1la0R0vxxxxxx_000A07fBIsc_xBCxxxXxxFgxxn_DQ02_Twiddle_3Y_55000353,2,0,16,600,108.0,104.76,101.5,0,0
1,pat55,d1684899P0421719C_RL_B0Fmm00_PB0PCcZNC0909_B64mA1la0R0vxxxxxx_000A07fBIsc_xBCxxxXxxFgxxn_DQ02_Twiddle_3Y_55000353,2,1,17,600,108.5,105.03,101.5,1,11
1,pat55,d1684899P0421719C_RL_B0Fmm00_PB0PCcZNC0909_B64mA1la0R0vxxxxxx_000A07fBIsc_xBCxxxXxxFgxxn_DQ02_Twiddle_3Y_55000353,2,2,18,600,103.0,101.15,99.5,1,14
1,pat55,d1684899P0421719C_RL_B0Fmm00_PB0PCcZNC0909_B64mA1la0R0vxxxxxx_000A07fBIsc_xBCxxxXxxFgxxn_DQ02_Twiddle_3Y_55000353,2,3,19,600,102.0,100.91,99.5,1,5
1,pat55,d1684899P0421719C_RL_B0Fmm00_PB0PCcZNC0909_B64mA1la0R0vxxxxxx_000A07fBIsc_xBCxxxXxxFgxxn_DQ02_Twiddle_3Y_55000353,2,4,20,600,109.0,104.02,101.5,1,11
1,pat55,d1684899P0421719C_RL_B0Fmm00_PB0PCcZNC0909_B64mA1la0R0vxxxxxx_000A07fBIsc_xBCxxxXxxFgxxn_DQ02_Twiddle_3Y_55000353,2,5,21,600,107.5,104.52,101.5,1,0
1,pat55,d1684899P0421719C_RL_B0Fmm00_PB0PCcZNC0909_B64mA1la0R0vxxxxxx_000A07fBIsc_xBCxxxXxxFgxxn_DQ02_Twiddle_3Y_55000353,2,6,22,600,104.0,101.38,99.0,0,8
1,pat55,d1684899P0421719C_RL_B0Fmm00_PB0PCcZNC0909_B64mA1la0R0vxxxxxx_000A07fBIsc_xBCxxxXxxFgxxn_DQ02_Twiddle_3Y_55000353,2,7,23,600,101.5,100.4,98.5,1,6
1,pat55,d1684899P0421719C_RL_B0Fmm00_PB0PCcZNC0909_B64mA1la0R0vxxxxxx_000A07fBIsc_xBCxxxXxxFgxxn_DQ02_Twiddle_3Y_55000353,3,0,24,600,106.0,103.45,101.0,0,0
1,pat55,d1684899P0421719C_RL_B0Fmm00_PB0PCcZNC0909_B64mA1la0R0vxxxxxx_000A07fBIsc_xBCxxxXxxFgxxn_DQ02_Twiddle_3Y_55000353,3,1,25,600,106.0,103.17,101.0,0,0
1,pat55,d1684899P0421719C_RL_B0Fmm00_PB0PCcZNC0909_B64mA1la0R0vxxxxxx_000A07fBIsc_xBCxxxXxxFgxxn_DQ02_Twiddle_3Y_55000353,3,2,26,600,103.5,101.65,99.5,0,6
1,pat55,d1684899P0421719C_RL_B0Fmm00_PB0PCcZNC0909_B64mA1la0R0vxxxxxx_000A07fBIsc_xBCxxxXxxFgxxn_DQ02_Twiddle_3Y_55000353,3,3,27,600,102.5,101.02,99.5,0,8
1,pat55,d1684899P0421719C_RL_B0Fmm00_PB0PCcZNC0909_B64mA1la0R0vxxxxxx_000A07fBIsc_xBCxxxXxxFgxxn_DQ02_Twiddle_3Y_55000353,3,4,28,600,107.5,104.08,100.5,1,11
1,pat55,d1684899P0421719C_RL_B0Fmm00_PB0PCcZNC0909_B64mA1la0R0vxxxxxx_000A07fBIsc_xBCxxxXxxFgxxn_DQ02_Twiddle_3Y_55000353,3,5,29,600,107.0,103.74,101.5,1,0
1,pat55,d1684899P0421719C_RL_B0Fmm00_PB0PCcZNC0909_B64mA1la0R0vxxxxxx_000A07fBIsc_xBCxxxXxxFgxxn_DQ02_Twiddle_3Y_55000353,3,6,30,600,103.0,101.46,100.0,0,6
1,pat55,d1684899P0421719C_RL_B0Fmm00_PB0PCcZNC0909_B64mA1la0R0vxxxxxx_000A07fBIsc_xBCxxxXxxFgxxn_DQ02_Twiddle_3Y_55000353,3,7,31,600,104.0,101.32,99.5,0,8
1,pat56,d1684176P0421434C_RI_B0Fmm00_PB0PCcZNC0909_B64mA1la0R0vxxxxxx_000A07fBIsc_xBCxxxXxxFgxxn_DQ02_Frenzy_Y_550001E3,0,0,0,600,109.0,104.21,99.5,1,11
1,pat56,d1684176P0421434C_RI_B0Fmm00_PB0PCcZNC0909_B64mA1la0R0vxxxxxx_000A07fBIsc_xBCxxxXxxFgxxn_DQ02_Frenzy_Y_550001E3,0,1,1,600,110.0,104.85,101.0,1,2
1,pat56,d1684176P0421434C_RI_B0Fmm00_PB0PCcZNC0909_B64mA1la0R0vxxxxxx_000A07fBIsc_xBCxxxXxxFgxxn_DQ02_Frenzy_Y_550001E3,0,2,2,600,102.0,100.65,100.0,0,14
1,pat56,d1684176P0421434C_RI_B0Fmm00_PB0PCcZNC0909_B64mA1la0R0vxxxxxx_000A07fBIsc_xBCxxxXxxFgxxn_DQ02_Frenzy_Y_550001E3,0,3,3,600,101.0,99.47,98.0,0,8
1,pat56,d1684176P0421434C_RI_B0Fmm00_PB0PCcZNC0909_B64mA1la0R0vxxxxxx_000A07fBIsc_xBCxxxXxxFgxxn_DQ02_Frenzy_Y_550001E3,0,4,4,600,110.0,104.6,101.0,1,11
1,pat56,d1684176P0421434C_RI_B0Fmm00_PB0PCcZNC0909_B64mA1la0R0vxxxxxx_000A07fBIsc_xBCxxxXxxFgxxn_DQ02_Frenzy_Y_550001E3,0,5,5,600,110.0,105.56,101.5,1,11
1,pat56,d1684176P0421434C_RI_B0Fmm00_PB0PCcZNC0909_B64mA1la0R0vxxxxxx_000A07fBIsc_xBCxxxXxxFgxxn_DQ02_Frenzy_Y_550001E3,0,6,6,600,102.5,100.84,99.5,0,8
1,pat56,d1684176P0421434C_RI_B0Fmm00_PB0PCcZNC0909_B64mA1la0R0vxxxxxx_000A07fBIsc_xBCxxxXxxFgxxn_DQ02_Frenzy_Y_550001E3,0,7,7,600,101.0,99.85,98.0,1,6
1,pat56,d1684176P0421434C_RI_B0Fmm00_PB0PCcZNC0909_B64mA1la0R0vxxxxxx_000A07fBIsc_xBCxxxXxxFgxxn_DQ02_Frenzy_Y_550001E3,1,0,8,600,107.0,103.99,101.0,1,11
1,pat56,d1684176P0421434C_RI_B0Fmm00_PB0PCcZNC0909_B64mA1la0R0vxxxxxx_000A07fBIsc_xBCxxxXxxFgxxn_DQ02_Frenzy_Y_550001E3,1,1,9,600,106.0,103.44,100.5,0,2
1,pat56,d1684176P0421434C_RI_B0Fmm00_PB0PCcZNC0909_B64mA1la0R0vxxxxxx_000A07fBIsc_xBCxxxXxxFgxxn_DQ02_Frenzy_Y_550001E3,1,2,10,600,102.0,100.62,98.5,0,8
1,pat56,d1684176P0421434C_RI_B0Fmm00_PB0PCcZNC0909_B64mA1la0R0vxxxxxx_000A07fBIsc_xBCxxxXxxFgxxn_DQ02_Frenzy_Y_550001E3,1,3,11,600,102.0,100.77,99.0,1,7
1,pat56,d1684176P0421434C_RI_B0Fmm00_PB0PCcZNC0909_B64mA1la0R0vxxxxxx_000A07fBIsc_xBCxxxXxxFgxxn_DQ02_Frenzy_Y_550001E3,1,4,12,600,107.5,104.1,101.5,1,11
1,pat56,d1684176P0421434C_RI_B0Fmm00_PB0PCcZNC0909_B64mA1la0R0vxxxxxx_000A07fBIsc_xBCxxxXxxFgxxn_DQ02_Frenzy_Y_550001E3,1,5,13,600,107.5,104.48,101.0,1,2
1,pat56,d1684176P0421434C_RI_B0Fmm00_PB0PCcZNC0909_B64mA1la0R0vxxxxxx_000A07fBIsc_xBCxxxXxxFgxxn_DQ02_Frenzy_Y_550001E3,1,6,14,600,103.0,101.31,98.5,0,8
1,pat56,d1684176P0421434C_RI_B0Fmm00_PB0PCcZNC0909_B64mA1la0R0vxxxxxx_000A07fBIsc_xBCxxxXxxFgxxn_DQ02_Frenzy_Y_550001E3,1,7,15,600,102.5,100.39,98.5,0,8
1,pat56,d1684176P0421434C_RI_B0Fmm00_PB0PCcZNC0909_B64mA1la0R0vxxxxxx_000A07fBIsc_xBCxxxXxxFgxxn_DQ02_Frenzy_Y_550001E3,2,0,16,600,108.0,105.1,101.5,1,11
1,pat56,d1684176P0421434C_RI_B0Fmm00_PB0PCcZNC0909_B64mA1la0R0vxxxxxx_000A07fBIsc_xBCxxxXxxFgxxn_DQ02_Frenzy_Y_550001E3,2,1,17,600,109.5,105.49,102.0,1,2
1,pat56,d1684176P0421434C_RI_B0Fmm00_PB0PCcZNC0909_B64mA1la0R0vxxxxxx_000A07fBIsc_xBCxxxXxxFgxxn_DQ02_Frenzy_Y_550001E3,2,2,18,600,103.5,101.47,100.0,1,14
1,pat56,d1684176P0421434C_RI_B0Fmm00_PB0PCcZNC0909_B64mA1la0R0vxxxxxx_000A07fBIsc_xBCxxxXxxFgxxn_DQ02_Frenzy_Y_550001E3,2,3,19,600,103.0,101.11,99.5,1,4
1,pat56,d1684176P0421434C_RI_B0Fmm00_PB0PCcZNC0909_B64mA1la0R0vxxxxxx_000A07fBIsc_xBCxxxXxxFgxxn_DQ02_Frenzy_Y_550001E3,2,4,20,600,109.5,104.28,101.5,1,11
1,pat56,d1684176P0421434C_RI_B0Fmm00_PB0PCcZNC0909_B64mA1la0R0vxxxxxx_000A07fBIsc_xBCxxxXxxFgxxn_DQ02_Frenzy_Y_550001E3,2,5,21,600,107.5,104.79,102.0,1,2
1,pat56,d1684176P0421434C_RI_B0Fmm00_PB0PCcZNC0909_B64mA1la0R0vxxxxxx_000A07fBIsc_xBCxxxXxxFgxxn_DQ02_Frenzy_Y_550001E3,2,6,22,600,104.0,101.64,99.5,0,8
1,pat56,d1684176P0421434C_RI_B0Fmm00_PB0PCcZNC0909_B64mA1la0R0vxxxxxx_000A07fBIsc_xBCxxxXxxFgxxn_DQ02_Frenzy_Y_550001E3,2,7,23,600,102.0,100.5,99.0,1,6
1,pat56,d1684176P0421434C_RI_B0Fmm00_PB0PCcZNC0909_B64mA1la0R0vxxxxxx_000A07fBIsc_xBCxxxXxxFgxxn_DQ02_Frenzy_Y_550001E3,3,0,24,600,106.0,103.75,101.5,1,11
1,pat56,d1684176P0421434C_RI_B0Fmm00_PB0PCcZNC0909_B64mA1la0R0vxxxxxx_000A07fBIsc_xBCxxxXxxFgxxn_DQ02_Frenzy_Y_550001E3,3,1,25,600,105.0,103.35,101.0,0,11
1,pat56,d1684176P0421434C_RI_B0Fmm00_PB0PCcZNC0909_B64mA1la0R0vxxxxxx_000A07fBIsc_xBCxxxXxxFgxxn_DQ02_Frenzy_Y_550001E3,3,2,26,600,104.0,101.88,100.0,0,6
1,pat56,d1684176P0421434C_RI_B0Fmm00_PB0PCcZNC0909_B64mA1la0R0vxxxxxx_000A07fBIsc_xBCxxxXxxFgxxn_DQ02_Frenzy_Y_550001E3,3,3,27,600,103.0,101.19,99.5,0,8
1,pat56,d1684176P0421434C_RI_B0Fmm00_PB0PCcZNC0909_B64mA1la0R0vxxxxxx_000A07fBIsc_xBCxxxXxxFgxxn_DQ02_Frenzy_Y_550001E3,3,4,28,600,107.5,104.34,100.5,1,11
1,pat56,d1684176P0421434C_RI_B0Fmm00_PB0PCcZNC0909_B64mA1la0R0vxxxxxx_000A07fBIsc_xBCxxxXxxFgxxn_DQ02_Frenzy_Y_550001E3,3,5,29,600,106.5,103.96,102.0,1,11
1,pat56,d1684176P0421434C_RI_B0Fmm00_PB0PCcZNC0909_B64mA1la0R0vxxxxxx_000A07fBIsc_xBCxxxXxxFgxxn_DQ02_Frenzy_Y_550001E3,3,6,30,600,103.5,101.65,100.5,0,8
1,pat56,d1684176P0421434C_RI_B0Fmm00_PB0PCcZNC0909_B64mA1la0R0vxxxxxx_000A07fBIsc_xBCxxxXxxFgxxn_DQ02_Frenzy_Y_550001E3,3,7,31,600,104.0,101.43,100.0,0,8
1,pat57,d1684596P0421608C_Qr_B0Fmm00_PB0PCcZNC0909_B64mA1la0R0vxxxxxx_000A07fBIsc_xBCxxxXxxFgxxn_DQ02_PlusOne_Pd_550002E2,0,0,0,600,110.0,104.99,99.5,1,2
1,pat57,d1684596P0421608C_Qr_B0Fmm00_PB0PCcZNC0909_B64mA1la0R0vxxxxxx_000A07fBIsc_xBCxxxXxxFgxxn_DQ02_PlusOne_Pd_550002E2,0,1,1,600,111.5,105.75,100.5,1,2
1,pat57,d1684596P0421608C_Qr_B0Fmm00_PB0PCcZNC0909_B64mA1la0R0vxxxxxx_000A07fBIsc_xBCxxxXxxFgxxn_DQ02_PlusOne_Pd_550002E2,0,2,2,600,101.5,100.49,99.5,0,14
1,pat57,d1684596P0421608C_Qr_B0Fmm00_PB0PCcZNC0909_B64mA1la0R0vxxxxxx_000A07fBIsc_xBCxxxXxxFgxxn_DQ02_PlusOne_Pd_550002E2,0,3,3,600,101.0,99.48,98.0,0,8
1,pat57,d1684596P0421608C_Qr_B0Fmm00_PB0PCcZNC0909_B64mA1la0R0vxxxxxx_000A07fBIsc_xBCxxxXxxFgxxn_DQ02_PlusOne_Pd_550002E2,0,4,4,600,112.0,105.4,101.0,1,11
1,pat57,d1684596P0421608C_Qr_B0Fmm00_PB0PCcZNC0909_B64mA1la0R0vxxxxxx_000A07fBIsc_xBCxxxXxxFgxxn_DQ02_PlusOne_Pd_550002E2,0,5,5,600,112.5,106.36,101.5,1,2
1,pat57,d1684596P0421608C_Qr_B0Fmm00_PB0PCcZNC0909_B64mA1la0R0vxxxxxx_000A07fBIsc_xBCxxxXxxFgxxn_DQ02_PlusOne_Pd_550002E2,0,6,6,600,102.5,100.87,99.0,0,8
1,pat57,d1684596P0421608C_Qr_B0Fmm00_PB0PCcZNC0909_B64mA1la0R0vxxxxxx_000A07fBIsc_xBCxxxXxxFgxxn_DQ02_PlusOne_Pd_550002E2,0,7,7,600,101.0,99.8,98.5,1,6
1,pat57,d1684596P0421608C_Qr_B0Fmm00_PB0PCcZNC0909_B64mA1la0R0vxxxxxx_000A07fBIsc_xBCxxxXxxFgxxn_DQ02_PlusOne_Pd_550002E2,1,0,8,600,108.5,104.84,101.0,1,11
1,pat57,d1684596P0421608C_Qr_B0Fmm00_PB0PCcZNC0909_B64mA1la0R0vxxxxxx_000A07fBIsc_xBCxxxXxxFgxxn_DQ02_PlusOne_Pd_550002E2,1,1,9,600,108.0,104.25,100.5,1,2
1,pat57,d1684596P0421608C_Qr_B0Fmm00_PB0PCcZNC0909_B64mA1la0R0vxxxxxx_000A07fBIsc_xBCxxxXxxFgxxn_DQ02_PlusOne_Pd_550002E2,1,2,10,600,102.0,100.67,99.0,0,8
1,pat57,d1684596P0421608C_Qr_B0Fmm00_PB0PCcZNC0909_B64mA1la0R0vxxxxxx_000A07fBIsc_xBCxxxXxxFgxxn_DQ02_PlusOne_Pd_550002E2,1,3,11,600,102.0,100.73,99.0,1,7
1,pat57,d1684596P0421608C_Qr_B0Fmm00_PB0PCcZNC0909_B64mA1la0R0vxxxxxx_000A07fBIsc_xBCxxxXxxFgxxn_DQ02_PlusOne_Pd_550002E2,1,4,12,600,109.5,104.86,101.0,1,2
1,pat57,d1684596P0421608C_Qr_B0Fmm00_PB0PCcZNC0909_B64mA1la0R0vxxxxxx_000A07fBIsc_xBCxxxXxxFgxxn_DQ02_PlusOne_Pd_550002E2,1,5,13,600,110.0,105.42,100.5,1,2
1,pat57,d1684596P0421608C_Qr_B0Fmm00_PB0PCcZNC0909_B64mA1la0R0vxxxxxx_000A07fBIsc_xBCxxxXxxFgxxn_DQ02_PlusOne_Pd_550002E2,1,6,14,600,103.0,101.31,99.0,0,1
1,pat57,d1684596P0421608C_Qr_B0Fmm00_PB0PCcZNC0909_B64mA1la0R0vxxxxxx_000A07fBIsc_xBCxxxXxxFgxxn_DQ02_PlusOne_Pd_550002E2,1,7,15,600,102.5,100.38,98.5,0,8
1,pat57,d1684596P0421608C_Qr_B0Fmm00_PB0PCcZNC0909_B64mA1la0R0vxxxxxx_000A07fBIsc_xBCxxxXxxFgxxn_DQ02_PlusOne_Pd_550002E2,2,0,16,600,109.5,105.92,102.0,1,2
1,pat57,d1684596P0421608C_Qr_B0Fmm00_PB0PCcZNC0909_B64mA1la0R0vxxxxxx_000A07fBIsc_xBCxxxXxxFgxxn_DQ02_PlusOne_Pd_550002E2,2,1,17,600,110.5,106.33,102.0,1,2
1,pat57,d1684596P0421608C_Qr_B0Fmm00_PB0PCcZNC0909_B64mA1la0R0vxxxxxx_000A07fBIsc_xBCxxxXxxFgxxn_DQ02_PlusOne_Pd_550002E2,2,2,18,600,103.0,101.42,100.0,1,14
1,pat57,d1684596P0421608C_Qr_B0Fmm00_PB0PCcZNC0909_B64mA1la0R0vxxxxxx_000A07fBIsc_xBCxxxXxxFgxxn_DQ02_PlusOne_Pd_550002E2,2,3,19,600,103.0,101.1,99.5,1,11
1,pat57,d1684596P0421608C_Qr_B0Fmm00_PB0PCcZNC0909_B64mA1la0R0vxxxxxx_000A07fBIsc_xBCxxxXxxFgxxn_DQ02_PlusOne_Pd_550002E2,2,4,20,600,110.5,105.1,101.5,1,11
1,pat57,d1684596P0421608C_Qr_B0Fmm00_PB0PCcZNC0909_B64mA1la0R0vxxxxxx_000A07fBIsc_xBCxxxXxxFgxxn_DQ02_PlusOne_Pd_550002E2,2,5,21,600,109.0,105.53,102.0,1,2
1,pat57,d1684596P0421608C_Qr_B0Fmm00_PB0PCcZNC0909_B64mA1la0R0vxxxxxx_000A07fBIsc_xBCxxxXxxFgxxn_DQ02_PlusOne_Pd_550002E2,2,6,22,600,104.0,101.6,99.5,0,8
1,pat57,d1684596P0421608C_Qr_B0Fmm00_PB0PCcZNC0909_B64mA1la0R0vxxxxxx_000A07fBIsc_xBCxxxXxxFgxxn_DQ02_PlusOne_Pd_550002E2,2,7,23,600,102.0,100.56,98.5,0,8
1,pat57,d1684596P0421608C_Qr_B0Fmm00_PB0PCcZNC0909_B64mA1la0R0vxxxxxx_000A07fBIsc_xBCxxxXxxFgxxn_DQ02_PlusOne_Pd_550002E2,3,0,24,600,107.5,104.63,101.5,1,2
1,pat57,d1684596P0421608C_Qr_B0Fmm00_PB0PCcZNC0909_B64mA1la0R0vxxxxxx_000A07fBIsc_xBCxxxXxxFgxxn_DQ02_PlusOne_Pd_550002E2,3,1,25,600,107.5,104.1,101.0,0,0
1,pat57,d1684596P0421608C_Qr_B0Fmm00_PB0PCcZNC0909_B64mA1la0R0vxxxxxx_000A07fBIsc_xBCxxxXxxFgxxn_DQ02_PlusOne_Pd_550002E2,3,2,26,600,103.5,101.88,100.0,0,6
1,pat57,d1684596P0421608C_Qr_B0Fmm00_PB0PCcZNC0909_B64mA1la0R0vxxxxxx_000A07fBIsc_xBCxxxXxxFgxxn_DQ02_PlusOne_Pd_550002E2,3,3,27,600,103.0,101.15,99.5,0,8
1,pat57,d1684596P0421608C_Qr_B0Fmm00_PB0PCcZNC0909_B64mA1la0R0vxxxxxx_000A07fBIsc_xBCxxxXxxFgxxn_DQ02_PlusOne_Pd_550002E2,3,4,28,600,110.0,105.41,100.5,1,2
1,pat57,d1684596P0421608C_Qr_B0Fmm00_PB0PCcZNC0909_B64mA1la0R0vxxxxxx_000A07fBIsc_xBCxxxXxxFgxxn_DQ02_PlusOne_Pd_550002E2,3,5,29,600,108.0,104.84,102.0,1,0
1,pat57,d1684596P0421608C_Qr_B0Fmm00_PB0PCcZNC0909_B64mA1la0R0vxxxxxx_000A07fBIsc_xBCxxxXxxFgxxn_DQ02_PlusOne_Pd_550002E2,3,6,30,600,105.0,101.74,100.5,0,14
1,pat57,d1684596P0421608C_Qr_B0Fmm00_PB0PCcZNC0909_B64mA1la0R0vxxxxxx_000A07fBIsc_xBCxxxXxxFgxxn_DQ02_PlusOne_Pd_550002E2,3,7,31,600,104.0,101.62,100.0,0,8
1,pat58,d1700354P0421817C_RL_B0Fmm00_PB0PCcZNC0909_B64mA1la0R0vxxxxxx_000A07fBIsc_xBCxxxXxxFgxxn_DQ02_Blender_A1J_55100105,0,0,0,600,108.5,103.82,99.5,1,11
1,pat58,d1700354P0421817C_RL_B0Fmm00_PB0PCcZNC0909_B64mA1la0R0vxxxxxx_000A07fBIsc_xBCxxxXxxFgxxn_DQ02_Blender_A1J_55100105,0,1,1,600,110.0,104.49,100.5,1,2
1,pat58,d1700354P0421817C_RL_B0Fmm00_PB0PCcZNC0909_B64mA1la0R0vxxxxxx_000A07fBIsc_xBCxxxXxxFgxxn_DQ02_Blender_A1J_55100105,0,2,2,600,101.5,100.37,99.5,1,2
1,pat58,d1700354P0421817C_RL_B0Fmm00_PB0PCcZNC0909_B64mA1la0R0vxxxxxx_000A07fBIsc_xBCxxxXxxFgxxn_DQ02_Blender_A1J_55100105,0,3,3,600,101.0,99.44,98.0,0,8
1,pat58,d1700354P0421817C_RL_B0Fmm00_PB0PCcZNC0909_B64mA1la0R0vxxxxxx_000A07fBIsc_xBCxxxXxxFgxxn_DQ02_Blender_A1J_55100105,0,4,4,600,109.5,104.29,101.0,1,11
1,pat58,d1700354P0421817C_RL_B0Fmm00_PB0PCcZNC0909_B64mA1la0R0vxxxxxx_000A07fBIsc_xBCxxxXxxFgxxn_DQ02_Blender_A1J_55100105,0,5,5,600,110.5,105.19,101.0,1,11
1,pat58,d1700354P0421817C_RL_B0Fmm00_PB0PCcZNC0909_B64mA1la0R0vxxxxxx_000A07fBIsc_xBCxxxXxxFgxxn_DQ02_Blender_A1J_55100105,0,6,6,600,102.0,100.6,99.0,1,2
1,pat58,d1700354P0421817C_RL_B0Fmm00_PB0PCcZNC0909_B64mA1la0R0vxxxxxx_000A07fBIsc_xBCxxxXxxFgxxn_DQ02_Blender_A1J_55100105,0,7,7,600,101.0,99.67,98.0,1,8
1,pat58,d1700354P0421817C_RL_B0Fmm00_PB0PCcZNC0909_B64mA1la0R0vxxxxxx_000A07fBIsc_xBCxxxXxxFgxxn_DQ02_Blender_A1J_55100105,1,0,8,600,107.0,103.69,100.5,1,9
1,pat58,d1700354P0421817C_RL_B0Fmm00_PB0PCcZNC0909_B64mA1la0R0vxxxxxx_000A07fBIsc_xBCxxxXxxFgxxn_DQ02_Blender_A1J_55100105,1,1,9,600,106.0,103.25,100.0,1,11
1,pat58,d1700354P0421817C_RL_B0Fmm00_PB0PCcZNC0909_B64mA1la0R0vxxxxxx_000A07fBIsc_xBCxxxXxxFgxxn_DQ02_Blender_A1J_55100105,1,2,10,600,102.0,100.57,99.5,0,8
1,pat58,d1700354P0421817C_RL_B0Fmm00_PB0PCcZNC0909_B64mA1la0R0vxxxxxx_000A07fBIsc_xBCxxxXxxFgxxn_DQ02_Blender_A1J_55100105,1,3,11,600,102.0,100.63,99.0,1,7
1,pat58,d1700354P0421817C_RL_B0Fmm00_PB0PCcZNC0909_B64mA1la0R0vxxxxxx_000A07fBIsc_xBCxxxXxxFgxxn_DQ02_Blender_A1J_55100105,1,4,12,600,107.0,103.72,101.0,1,11
1,pat58,d1700354P0421817C_RL_B0Fmm00_PB0PCcZNC0909_B64mA1la0R0vxxxxxx_000A07fBIsc_xBCxxxXxxFgxxn_DQ02_Blender_A1J_55100105,1,5,13,600,107.5,104.12,100.5,1,11
1,pat58,d1700354P0421817C_RL_B0Fmm00_PB0PCcZNC0909_B64mA1la0R0vxxxxxx_000A07fBIsc_xBCxxxXxxFgxxn_DQ02_Blender_A1J_55100105,1,6,14,600,103.0,101.22,99.0,0,5
1,pat58,d1700354P0421817C_RL_B0Fmm00_PB0PCcZNC0909_B64mA1la0R0vxxxxxx_000A07fBIsc_xBCxxxXxxFgxxn_DQ02_Blender_A1J_55100105,1,7,15,600,102.5,100.2,98.5,0,8
1,pat58,d1700354P0421817C_RL_B0Fmm00_PB0PCcZNC0909_B64mA1la0R0vxxxxxx_000A07fBIsc_xBCxxxXxxFgxxn_DQ02_Blender_A1J_55100105,2,0,16,600,108.0,105.04,102.0,1,11
1,pat58,d1700354P0421817C_RL_B0Fmm00_PB0PCcZNC0909_B64mA1la0R0vxxxxxx_000A07fBIsc_xBCxxxXxxFgxxn_DQ02_Blender_A1J_55100105,2,1,17,600,109.5,105.25,101.5,1,2
1,pat58,d1700354P0421817C_RL_B0Fmm00_PB0PCcZNC0909_B64mA1la0R0vxxxxxx_000A07fBIsc_xBCxxxXxxFgxxn_DQ02_Blender_A1J_55100105,2,2,18,600,103.0,101.31,99.5,1,14
1,pat58,d1700354P0421817C_RL_B0Fmm00_PB0PCcZNC0909_B64mA1la0R0vxxxxxx_000A07fBIsc_xBCxxxXxxFgxxn_DQ02_Blender_A1J_55100105,2,3,19,600,102.5,101.01,99.5,1,4
1,pat58,d1700354P0421817C_RL_B0Fmm00_PB0PCcZNC0909_B64mA1la0R0vxxxxxx_000A07fBIsc_xBCxxxXxxFgxxn_DQ02_Blender_A1J_55100105,2,4,20,600,109.5,104.11,101.5,1,11
1,pat58,d1700354P0421817C_RL_B0Fmm00_PB0PCcZNC0909_B64mA1la0R0vxxxxxx_000A07fBIsc_xBCxxxXxxFgxxn_DQ02_Blender_A1J_55100105,2,5,21,600,107.5,104.66,101.5,1,2
1,pat58,d1700354P0421817C_RL_B0Fmm00_PB0PCcZNC0909_B64mA1la0R0vxxxxxx_000A07fBIsc_xBCxxxXxxFgxxn_DQ02_Blender_A1J_55100105,2,6,22,600,104.5,101.52,99.5,0,8
1,pat58,d1700354P0421817C_RL_B0Fmm00_PB0PCcZNC0909_B64mA1la0R0vxxxxxx_000A07fBIsc_xBCxxxXxxFgxxn_DQ02_Blender_A1J_55100105,2,7,23,600,102.0,100.47,98.5,0,8
1,pat58,d1700354P0421817C_RL_B0Fmm00_PB0PCcZNC0909_B64mA1la0R0vxxxxxx_000A07fBIsc_xBCxxxXxxFgxxn_DQ02_Blender_A1J_55100105,3,0,24,600,105.5,103.56,101.0,1,9
1,pat58,d1700354P0421817C_RL_B0Fmm00_PB0PCcZNC0909_B64mA1la0R0vxxxxxx_000A07fBIsc_xBCxxxXxxFgxxn_DQ02_Blender_A1J_55100105,3,1,25,600,105.5,103.31,101.0,0,9
1,pat58,d1700354P0421817C_RL_B0Fmm00_PB0PCcZNC0909_B64mA1la0R0vxxxxxx_000A07fBIsc_xBCxxxXxxFgxxn_DQ02_Blender_A1J_55100105,3,2,26,600,103.5,101.77,100.0,0,6
1,pat58,d1700354P0421817C_RL_B0Fmm00_PB0PCcZNC0909_B64mA1la0R0vxxxxxx_000A07fBIsc_xBCxxxXxxFgxxn_DQ02_Blender_A1J_55100105,3,3,27,600,103.5,101.12,99.5,0,8
1,pat58,d1700354P0421817C_RL_B0Fmm00_PB0PCcZNC0909_B64mA1la0R0vxxxxxx_000A07fBIsc_xBCxxxXxxFgxxn_DQ02_Blender_A1J_55100105,3,4,28,600,107.5,104.28,100.5,1,9
1,pat58,d1700354P0421817C_RL_B0Fmm00_PB0PCcZNC0909_B64mA1la0R0vxxxxxx_000A07fBIsc_xBCxxxXxxFgxxn_DQ02_Blender_A1J_55100105,3,5,29,600,106.0,103.81,102.0,1,9
1,pat58,d1700354P0421817C_RL_B0Fmm00_PB0PCcZNC0909_B64mA1la0R0vxxxxxx_000A07fBIsc_xBCxxxXxxFgxxn_DQ02_Blender_A1J_55100105,3,6,30,600,103.0,101.66,100.5,0,6
1,pat58,d1700354P0421817C_RL_B0Fmm00_PB0PCcZNC0909_B64mA1la0R0vxxxxxx_000A07fBIsc_xBCxxxXxxFgxxn_DQ02_Blender_A1J_55100105,3,7,31,600,103.5,101.47,100.0,0,8
1,pat59,d1683872P0421302C_RL_B0Fmm00_PB0PCcZNC0909_B64mA1la0R0vxxxxxx_000A07fBIsc_xBCxxxXxxFgxxn_DQ02_FRM_CvtISZ_55000238,0,0,0,600,108.5,103.98,99.5,1,2
1,pat59,d1683872P0421302C_RL_B0Fmm00_PB0PCcZNC0909_B64mA1la0R0vxxxxxx_000A07fBIsc_xBCxxxXxxFgxxn_DQ02_FRM_CvtISZ_55000238,0,1,1,600,110.0,104.63,100.5,1,2
1,pat59,d1683872P0421302C_RL_B0Fmm00_PB0PCcZNC0909_B64mA1la0R0vxxxxxx_000A07fBIsc_xBCxxxXxxFgxxn_DQ02_FRM_CvtISZ_55000238,0,2,2,600,101.5,100.41,99.5,0,5
1,pat59,d1683872P0421302C_RL_B0Fmm00_PB0PCcZNC0909_B64mA1la0R0vxxxxxx_000A07fBIsc_xBCxxxXxxFgxxn_DQ02_FRM_CvtISZ_55000238,0,3,3,600,101.0,99.42,98.0,0,10
1,pat59,d1683872P0421302C_RL_B0Fmm00_PB0PCcZNC0909_B64mA1la0R0vxxxxxx_000A07fBIsc_xBCxxxXxxFgxxn_DQ02_FRM_CvtISZ_55000238,0,4,4,600,109.5,104.3,101.0,1,11
1,pat59,d1683872P0421302C_RL_B0Fmm00_PB0PCcZNC0909_B64mA1la0R0vxxxxxx_000A07fBIsc_xBCxxxXxxFgxxn_DQ02_FRM_CvtISZ_55000238,0,5,5,600,110.0,105.33,101.0,1,11
1,pat59,d1683872P0421302C_RL_B0Fmm00_PB0PCcZNC0909_B64mA1la0R0vxxxxxx_000A07fBIsc_xBCxxxXxxFgxxn_DQ02_FRM_CvtISZ_55000238,0,6,6,600,102.0,100.62,99.0,1,13
1,pat59,d1683872P0421302C_RL_B0Fmm00_PB0PCcZNC0909_B64mA1la0R0vxxxxxx_000A07fBIsc_xBCxxxXxxFgxxn_DQ02_FRM_CvtISZ_55000238,0,7,7,600,101.0,99.72,98.5,1,6
1,pat59,d1683872P0421302C_RL_B0Fmm00_PB0PCcZNC0909_B64mA1la0R0vxxxxxx_000A07fBIsc_xBCxxxXxxFgxxn_DQ02_FRM_CvtISZ_55000238,1,0,8,600,106.5,103.78,101.0,1,11
1,pat59,d1683872P0421302C_RL_B0Fmm00_PB0PCcZNC0909_B64mA1la0R0vxxxxxx_000A07fBIsc_xBCxxxXxxFgxxn_DQ02_FRM_CvtISZ_55000238,1,1,9,600,106.0,103.34,100.0,0,13
1,pat59,d1683872P0421302C_RL_B0Fmm00_PB0PCcZNC0909_B64mA1la0R0vxxxxxx_000A07fBIsc_xBCxxxXxxFgxxn_DQ02_FRM_CvtISZ_55000238,1,2,10,600,102.0,100.51,99.5,1,2
1,pat59,d1683872P0421302C_RL_B0Fmm00_PB0PCcZNC0909_B64mA1la0R0vxxxxxx_000A07fBIsc_xBCxxxXxxFgxxn_DQ02_FRM_CvtISZ_55000238,1,3,11,600,101.5,100.62,99.0,0,8
1,pat59,d1683872P0421302C_RL_B0Fmm00_PB0PCcZNC0909_B64mA1la0R0vxxxxxx_000A07fBIsc_xBCxxxXxxFgxxn_DQ02_FRM_CvtISZ_55000238,1,4,12,600,107.0,103.74,101.0,0,11
1,pat59,d1683872P0421302C_RL_B0Fmm00_PB0PCcZNC0909_B64mA1la0R0vxxxxxx_000A07fBIsc_xBCxxxXxxFgxxn_DQ02_FRM_CvtISZ_55000238,1,5,13,600,107.5,104.23,100.0,1,2
1,pat59,d1683872P0421302C_RL_B0Fmm00_PB0PCcZNC0909_B64mA1la0R0vxxxxxx_000A07fBIsc_xBCxxxXxxFgxxn_DQ02_FRM_CvtISZ_55000238,1,6,14,600,103.0,101.2,99.0,0,1
1,pat59,d1683872P0421302C_RL_B0Fmm00_PB0PCcZNC0909_B64mA1la0R0vxxxxxx_000A07fBIsc_xBCxxxXxxFgxxn_DQ02_FRM_CvtISZ_55000238,1,7,15,600,102.5,100.23,98.5,0,8
1,pat59,d1683872P0421302C_RL_B0Fmm00_PB0PCcZNC0909_B64mA1la0R0vxxxxxx_000A07fBIsc_xBCxxxXxxFgxxn_DQ02_FRM_CvtISZ_55000238,2,0,16,600,108.0,105.03,101.5,1,11
1,pat59,d1683872P0421302C_RL_B0Fmm00_PB0PCcZNC0909_B64mA1la0R0vxxxxxx_000A07fBIsc_xBCxxxXxxFgxxn_DQ02_FRM_CvtISZ_55000238,2,1,17,600,109.5,105.33,102.0,1,2
1,pat59,d1683872P0421302C_RL_B0Fmm00_PB0PCcZNC0909_B64mA1la0R0vxxxxxx_000A07fBIsc_xBCxxxXxxFgxxn_DQ02_FRM_CvtISZ_55000238,2,2,18,600,102.5,101.21,100.0,1,14
1,pat59,d1683872P0421302C_RL_B0Fmm00_PB0PCcZNC0909_B64mA1la0R0vxxxxxx_000A07fBIsc_xBCxxxXxxFgxxn_DQ02_FRM_CvtISZ_55000238,2,3,19,600,102.5,100.99,99.5,1,9
1,pat59,d1683872P0421302C_RL_B0Fmm00_PB0PCcZNC0909_B64mA1la0R0vxxxxxx_000A07fBIsc_xBCxxxXxxFgxxn_DQ02_FRM_CvtISZ_55000238,2,4,20,600,109.5,104.16,101.5,1,11
1,pat59,d1683872P0421302C_RL_B0Fmm00_PB0PCcZNC0909_B64mA1la0R0vxxxxxx_000A07fBIsc_xBCxxxXxxFgxxn_DQ02_FRM_CvtISZ_55000238,2,5,21,600,107.5,104.67,101.5,1,11
1,pat59,d1683872P0421302C_RL_B0Fmm00_PB0PCcZNC0909_B64mA1la0R0vxxxxxx_000A07fBIsc_xBCxxxXxxFgxxn_DQ02_FRM_CvtISZ_55000238,2,6,22,600,104.0,101.43,99.5,0,8
1,pat59,d1683872P0421302C_RL_B0Fmm00_PB0PCcZNC0909_B64mA1la0R0vxxxxxx_000A07fBIsc_xBCxxxXxxFgxxn_DQ02_FRM_CvtISZ_55000238,2,7,23,600,102.0,100.39,98.5,0,8
1,pat59,d1683872P0421302C_RL_B0Fmm00_PB0PCcZNC0909_B64mA1la0R0vxxxxxx_000A07fBIsc_xBCxxxXxxFgxxn_DQ02_FRM_CvtISZ_55000238,3,0,24,600,105.5,103.54,101.0,1,11
1,pat59,d1683872P0421302C_RL_B0Fmm00_PB0PCcZNC0909_B64mA1la0R0vxxxxxx_000A07fBIsc_xBCxxxXxxFgxxn_DQ02_FRM_CvtISZ_55000238,3,1,25,600,105.0,103.34,101.0,1,13
1,pat59,d1683872P0421302C_RL_B0Fmm00_PB0PCcZNC0909_B64mA1la0R0vxxxxxx_000A07fBIsc_xBCxxxXxxFgxxn_DQ02_FRM_CvtISZ_55000238,3,2,26,600,103.5,101.68,100.0,0,6
1,pat59,d1683872P0421302C_RL_B0Fmm00_PB0PCcZNC0909_B64mA1la0R0vxxxxxx_000A07fBIsc_xBCxxxXxxFgxxn_DQ02_FRM_CvtISZ_55000238,3,3,27,600,102.5,101.11,99.5,0,8
1,pat59,d1683872P0421302C_RL_B0Fmm00_PB0PCcZNC0909_B64mA1la0R0vxxxxxx_000A07fBIsc_xBCxxxXxxFgxxn_DQ02_FRM_CvtISZ_55000238,3,4,28,600,107.5,104.32,100.5,1,9
1,pat59,d1683872P0421302C_RL_B0Fmm00_PB0PCcZNC0909_B64mA1la0R0vxxxxxx_000A07fBIsc_xBCxxxXxxFgxxn_DQ02_FRM_CvtISZ_55000238,3,5,29,600,106.0,103.87,101.5,1,0
1,pat59,d1683872P0421302C_RL_B0Fmm00_PB0PCcZNC0909_B64mA1la0R0vxxxxxx_000A07fBIsc_xBCxxxXxxFgxxn_DQ02_FRM_CvtISZ_55000238,3,6,30,600,103.0,101.62,100.0,0,6
1,pat59,d1683872P0421302C_RL_B0Fmm00_PB0PCcZNC0909_B64mA1la0R0vxxxxxx_000A07fBIsc_xBCxxxXxxFgxxn_DQ02_FRM_CvtISZ_55000238,3,7,31,600,103.5,101.47,100.0,0,8
1,pat60,d1700374P0421965C_RF_B0Fmm00_PB0PCcZNC0909_B64mA1la0R0vxxxxxx_000A07fBIsc_xBCxxxXxxFgxxn_DQ02_Blender_Z1J_551000AC,0,0,0,600,109.5,104.24,99.5,1,11
1,pat60,d1700374P0421965C_RF_B0Fmm00_PB0PCcZNC0909_B64mA1la0R0vxxxxxx_000A07fBIsc_xBCxxxXxxFgxxn_DQ02_Blender_Z1J_551000AC,0,1,1,600,110.5,104.89,100.5,1,2
1,pat60,d1700374P0421965C_RF_B0Fmm00_PB0PCcZNC0909_B64mA1la0R0vxxxxxx_000A07fBIsc_xBCxxxXxxFgxxn_DQ02_Blender_Z1J_551000AC,0,2,2,600,102.0,100.54,99.5,0,8
1,pat60,d1700374P0421965C_RF_B0Fmm00_PB0PCcZNC0909_B64mA1la0R0vxxxxxx_000A07fBIsc_xBCxxxXxxFgxxn_DQ02_Blender_Z1J_551000AC,0,3,3,600,101.5,99.61,98.0,0,8
1,pat60,d1700374P0421965C_RF_B0Fmm00_PB0PCcZNC0909_B64mA1la0R0vxxxxxx_000A07fBIsc_xBCxxxXxxFgxxn_DQ02_Blender_Z1J_551000AC,0,4,4,600,110.0,104.65,101.0,1,11
1,pat60,d1700374P0421965C_RF_B0Fmm00_PB0PCcZNC0909_B64mA1la0R0vxxxxxx_000A07fBIsc_xBCxxxXxxFgxxn_DQ02_Blender_Z1J_551000AC,0,5,5,600,110.5,105.59,101.5,1,11
1,pat60,d1700374P0421965C_RF_B0Fmm00_PB0PCcZNC0909_B64mA1la0R0vxxxxxx_000A07fBIsc_xBCxxxXxxFgxxn_DQ02_Blender_Z1J_551000AC,0,6,6,600,102.5,100.82,99.5,0,8
1,pat60,d1700374P0421965C_RF_B0Fmm00_PB0PCcZNC0909_B64mA1la0R0vxxxxxx_000A07fBIsc_xBCxxxXxxFgxxn_DQ02_Blender_Z1J_551000AC,0,7,7,600,101.5,99.92,98.5,0,6
1,pat60,d1700374P0421965C_RF_B0Fmm00_PB0PCcZNC0909_B64mA1la0R0vxxxxxx_000A07fBIsc_xBCxxxXxxFgxxn_DQ02_Blender_Z1J_551000AC,1,0,8,600,107.0,104.03,101.0,1,2
1,pat60,d1700374P0421965C_RF_B0Fmm00_PB0PCcZNC0909_B64mA1la0R0vxxxxxx_000A07fBIsc_xBCxxxXxxFgxxn_DQ02_Blender_Z1J_551000AC,1,1,9,600,106.0,103.61,100.5,1,11
1,pat60,d1700374P0421965C_RF_B0Fmm00_PB0PCcZNC0909_B64mA1la0R0vxxxxxx_000A07fBIsc_xBCxxxXxxFgxxn_DQ02_Blender_Z1J_551000AC,1,2,10,600,102.0,100.66,99.0,0,8
1,pat60,d1700374P0421965C_RF_B0Fmm00_PB0PCcZNC0909_B64mA1la0R0vxxxxxx_000A07fBIsc_xBCxxxXxxFgxxn_DQ02_Blender_Z1J_551000AC,1,3,11,600,102.0,100.84,99.0,1,7
1,pat60,d1700374P0421965C_RF_B0Fmm00_PB0PCcZNC0909_B64mA1la0R0vxxxxxx_000A07fBIsc_xBCxxxXxxFgxxn_DQ02_Blender_Z1J_551000AC,1,4,12,600,107.5,103.95,101.0,1,11
1,pat60,d1700374P0421965C_RF_B0Fmm00_PB0PCcZNC0909_B64mA1la0R0vxxxxxx_000A07fBIsc_xBCxxxXxxFgxxn_DQ02_Blender_Z1J_551000AC,1,5,13,600,108.0,104.41,100.5,1,2
1,pat60,d1700374P0421965C_RF_B0Fmm00_PB0PCcZNC0909_B64mA1la0R0vxxxxxx_000A07fBIsc_xBCxxxXxxFgxxn_DQ02_Blender_Z1J_551000AC,1,6,14,600,103.5,101.38,99.0,0,8
1,pat60,d1700374P0421965C_RF_B0Fmm00_PB0PCcZNC0909_B64mA1la0R0vxxxxxx_000A07fBIsc_xBCxxxXxxFgxxn_DQ02_Blender_Z1J_551000AC,1,7,15,600,102.5,100.41,98.5,0,8
1,pat60,d1700374P0421965C_RF_B0Fmm00_PB0PCcZNC0909_B64mA1la0R0vxxxxxx_000A07fBIsc_xBCxxxXxxFgxxn_DQ02_Blender_Z1J_551000AC,2,0,16,600,108.5,105.28,101.5,1,11
1,pat60,d1700374P0421965C_RF_B0Fmm00_PB0PCcZNC0909_B64mA1la0R0vxxxxxx_000A07fBIsc_xBCxxxXxxFgxxn_DQ02_Blender_Z1J_551000AC,2,1,17,600,109.5,105.65,102.0,1,2
1,pat60,d1700374P0421965C_RF_B0Fmm00_PB0PCcZNC0909_B64mA1la0R0vxxxxxx_000A07fBIsc_xBCxxxXxxFgxxn_DQ02_Blender_Z1J_551000AC,2,2,18,600,103.5,101.41,100.0,1,14
1,pat60,d1700374P0421965C_RF_B0Fmm00_PB0PCcZNC0909_B64mA1la0R0vxxxxxx_000A07fBIsc_xBCxxxXxxFgxxn_DQ02_Blender_Z1J_551000AC,2,3,19,600,102.5,101.07,99.5,1,9
1,pat60,d1700374P0421965C_RF_B0Fmm00_PB0PCcZNC0909_B64mA1la0R0vxxxxxx_000A07fBIsc_xBCxxxXxxFgxxn_DQ02_Blender_Z1J_551000AC,2,4,20,600,109.5,104.44,101.5,1,11
1,pat60,d1700374P0421965C_RF_B0Fmm00_PB0PCcZNC0909_B64mA1la0R0vxxxxxx_000A07fBIsc_xBCxxxXxxFgxxn_DQ02_Blender_Z1J_551000AC,2,5,21,600,108.0,104.85,102.0,1,2
1,pat60,d1700374P0421965C_RF_B0Fmm00_PB0PCcZNC0909_B64mA1la0R0vxxxxxx_000A07fBIsc_xBCxxxXxxFgxxn_DQ02_Blender_Z1J_551000AC,2,6,22,600,104.0,101.6,99.5,0,8
1,pat60,d1700374P0421965C_RF_B0Fmm00_PB0PCcZNC0909_B64mA1la0R0vxxxxxx_000A07fBIsc_xBCxxxXxxFgxxn_DQ02_Blender_Z1J_551000AC,2,7,23,600,102.0,100.5,99.0,1,4
1,pat60,d1700374P0421965C_RF_B0Fmm00_PB0PCcZNC0909_B64mA1la0R0vxxxxxx_000A07fBIsc_xBCxxxXxxFgxxn_DQ02_Blender_Z1J_551000AC,3,0,24,600,106.0,103.73,101.0,1,11
1,pat60,d1700374P0421965C_RF_B0Fmm00_PB0PCcZNC0909_B64mA1la0R0vxxxxxx_000A07fBIsc_xBCxxxXxxFgxxn_DQ02_Blender_Z1J_551000AC,3,1,25,600,105.0,103.53,101.0,0,0
1,pat60,d1700374P0421965C_RF_B0Fmm00_PB0PCcZNC0909_B64mA1la0R0vxxxxxx_000A07fBIsc_xBCxxxXxxFgxxn_DQ02_Blender_Z1J_551000AC,3,2,26,600,103.5,101.83,100.0,0,6
1,pat60,d1700374P0421965C_RF_B0Fmm00_PB0PCcZNC0909_B64mA1la0R0vxxxxxx_000A07fBIsc_xBCxxxXxxFgxxn_DQ02_Blender_Z1J_551000AC,3,3,27,600,103.0,101.22,99.5,0,8
1,pat60,d1700374P0421965C_RF_B0Fmm00_PB0PCcZNC0909_B64mA1la0R0vxxxxxx_000A07fBIsc_xBCxxxXxxFgxxn_DQ02_Blender_Z1J_551000AC,3,4,28,600,107.5,104.47,100.5,1,9
1,pat60,d1700374P0421965C_RF_B0Fmm00_PB0PCcZNC0909_B64mA1la0R0vxxxxxx_000A07fBIsc_xBCxxxXxxFgxxn_DQ02_Blender_Z1J_551000AC,3,5,29,600,106.5,104.03,102.0,1,0
1,pat60,d1700374P0421965C_RF_B0Fmm00_PB0PCcZNC0909_B64mA1la0R0vxxxxxx_000A07fBIsc_xBCxxxXxxFgxxn_DQ02_Blender_Z1J_551000AC,3,6,30,600,103.5,101.83,100.5,0,8
1,pat60,d1700374P0421965C_RF_B0Fmm00_PB0PCcZNC0909_B64mA1la0R0vxxxxxx_000A07fBIsc_xBCxxxXxxFgxxn_DQ02_Blender_Z1J_551000AC,3,7,31,600,103.5,101.55,100.0,0,8
1,pat61,d1700463P0422006C_RL_B0Fmm00_PB0PCcZNC0909_B64mA1la0R0vxxxxxx_000A07fBIsc_xBCxxxXxxFgxxn_DQ02_Blender_Z1J_551000E9,0,0,0,600,109.0,104.45,100.0,1,11
1,pat61,d1700463P0422006C_RL_B0Fmm00_PB0PCcZNC0909_B64mA1la0R0vxxxxxx_000A07fBIsc_xBCxxxXxxFgxxn_DQ02_Blender_Z1J_551000E9,0,1,1,600,109.5,105.09,100.5,1,2
1,pat61,d1700463P0422006C_RL_B0Fmm00_PB0PCcZNC0909_B64mA1la0R0vxxxxxx_000A07fBIsc_xBCxxxXxxFgxxn_DQ02_Blender_Z1J_551000E9,0,2,2,600,102.0,100.77,100.0,0,8
1,pat61,d1700463P0422006C_RL_B0Fmm00_PB0PCcZNC0909_B64mA1la0R0vxxxxxx_000A07fBIsc_xBCxxxXxxFgxxn_DQ02_Blender_Z1J_551000E9,0,3,3,600,101.5,99.69,98.0,0,8
1,pat61,d1700463P0422006C_RL_B0Fmm00_PB0PCcZNC0909_B64mA1la0R0vxxxxxx_000A07fBIsc_xBCxxxXxxFgxxn_DQ02_Blender_Z1J_551000E9,0,4,4,600,109.5,104.91,101.5,1,11
1,pat61,d1700463P0422006C_RL_B0Fmm00_PB0PCcZNC0909_B64mA1la0R0vxxxxxx_000A07fBIsc_xBCxxxXxxFgxxn_DQ02_Blender_Z1J_551000E9,0,5,5,600,109.5,105.95,102.0,1,11
1,pat61,d1700463P0422006C_RL_B0Fmm00_PB0PCcZNC0909_B64mA1la0R0vxxxxxx_000A07fBIsc_xBCxxxXxxFgxxn_DQ02_Blender_Z1J_551000E9,0,6,6,600,103.0,101.04,99.5,0,8
1,pat61,d1700463P0422006C_RL_B0Fmm00_PB0PCcZNC0909_B64mA1la0R0vxxxxxx_000A07fBIsc_xBCxxxXxxFgxxn_DQ02_Blender_Z1J_551000E9,0,7,7,600,101.5,100.06,98.5,0,6
1,pat61,d1700463P0422006C_RL_B0Fmm00_PB0PCcZNC0909_B64mA1la0R0vxxxxxx_000A07fBIsc_xBCxxxXxxFgxxn_DQ02_Blender_Z1J_551000E9,1,0,8,600,107.0,104.56,101.5,1,9
1,pat61,d1700463P0422006C_RL_B0Fmm00_PB0PCcZNC0909_B64mA1la0R0vxxxxxx_000A07fBIsc_xBCxxxXxxFgxxn_DQ02_Blender_Z1J_551000E9,1,1,9,600,106.5,103.84,100.5,0,2
1,pat61,d1700463P0422006C_RL_B0Fmm00_PB0PCcZNC0909_B64mA1la0R0vxxxxxx_000A07fBIsc_xBCxxxXxxFgxxn_DQ02_Blender_Z1J_551000E9,1,2,10,600,102.0,100.92,99.5,1,2
1,pat61,d1700463P0422006C_RL_B0Fmm00_PB0PCcZNC0909_B64mA1la0R0vxxxxxx_000A07fBIsc_xBCxxxXxxFgxxn_DQ02_Blender_Z1J_551000E9,1,3,11,600,102.0,100.92,99.5,1,7
1,pat61,d1700463P0422006C_RL_B0Fmm00_PB0PCcZNC0909_B64mA1la0R0vxxxxxx_000A07fBIsc_xBCxxxXxxFgxxn_DQ02_Blender_Z1J_551000E9,1,4,12,600,107.0,104.2,101.5,0,11
1,pat61,d1700463P0422006C_RL_B0Fmm00_PB0PCcZNC0909_B64mA1la0R0vxxxxxx_000A07fBIsc_xBCxxxXxxFgxxn_DQ02_Blender_Z1J_551000E9,1,5,13,600,107.5,104.72,101.0,1,2
1,pat61,d1700463P0422006C_RL_B0Fmm00_PB0PCcZNC0909_B64mA1la0R0vxxxxxx_000A07fBIsc_xBCxxxXxxFgxxn_DQ02_Blender_Z1J_551000E9,1,6,14,600,103.5,101.69,99.0,0,8
1,pat61,d1700463P0422006C_RL_B0Fmm00_PB0PCcZNC0909_B64mA1la0R0vxxxxxx_000A07fBIsc_xBCxxxXxxFgxxn_DQ02_Blender_Z1J_551000E9,1,7,15,600,102.5,100.56,98.5,0,8
1,pat61,d1700463P0422006C_RL_B0Fmm00_PB0PCcZNC0909_B64mA1la0R0vxxxxxx_000A07fBIsc_xBCxxxXxxFgxxn_DQ02_Blender_Z1J_551000E9,2,0,16,600,108.5,105.51,102.0,0,11
1,pat61,d1700463P0422006C_RL_B0Fmm00_PB0PCcZNC0909_B64mA1la0R0vxxxxxx_000A07fBIsc_xBCxxxXxxFgxxn_DQ02_Blender_Z1J_551000E9,2,1,17,600,109.5,105.94,102.5,1,2
1,pat61,d1700463P0422006C_RL_B0Fmm00_PB0PCcZNC0909_B64mA1la0R0vxxxxxx_000A07fBIsc_xBCxxxXxxFgxxn_DQ02_Blender_Z1J_551000E9,2,2,18,600,103.5,101.67,100.0,1,14
1,pat61,d1700463P0422006C_RL_B0Fmm00_PB0PCcZNC0909_B64mA1la0R0vxxxxxx_000A07fBIsc_xBCxxxXxxFgxxn_DQ02_Blender_Z1J_551000E9,2,3,19,600,102.5,101.22,100.0,1,9
1,pat61,d1700463P0422006C_RL_B0Fmm00_PB0PCcZNC0909_B64mA1la0R0vxxxxxx_000A07fBIsc_xBCxxxXxxFgxxn_DQ02_Blender_Z1J_551000E9,2,4,20,600,109.5,104.6,101.5,1,11
1,pat61,d1700463P0422006C_RL_B0Fmm00_PB0PCcZNC0909_B64mA1la0R0vxxxxxx_000A07fBIsc_xBCxxxXxxFgxxn_DQ02_Blender_Z1J_551000E9,2,5,21,600,107.5,105.04,102.5,1,2
1,pat61,d1700463P0422006C_RL_B0Fmm00_PB0PCcZNC0909_B64mA1la0R0vxxxxxx_000A07fBIsc_xBCxxxXxxFgxxn_DQ02_Blender_Z1J_551000E9,2,6,22,600,104.5,101.85,99.5,0,8
1,pat61,d1700463P0422006C_RL_B0Fmm00_PB0PCcZNC0909_B64mA1la0R0vxxxxxx_000A07fBIsc_xBCxxxXxxFgxxn_DQ02_Blender_Z1J_551000E9,2,7,23,600,102.0,100.76,99.0,0,8
1,pat61,d1700463P0422006C_RL_B0Fmm00_PB0PCcZNC0909_B64mA1la0R0vxxxxxx_000A07fBIsc_xBCxxxXxxFgxxn_DQ02_Blender_Z1J_551000E9,3,0,24,600,105.5,103.92,101.5,1,11
1,pat61,d1700463P0422006C_RL_B0Fmm00_PB0PCcZNC0909_B64mA1la0R0vxxxxxx_000A07fBIsc_xBCxxxXxxFgxxn_DQ02_Blender_Z1J_551000E9,3,1,25,600,105.5,103.64,101.5,1,13
1,pat61,d1700463P0422006C_RL_B0Fmm00_PB0PCcZNC0909_B64mA1la0R0vxxxxxx_000A07fBIsc_xBCxxxXxxFgxxn_DQ02_Blender_Z1J_551000E9,3,2,26,600,103.5,102.06,100.0,0,6
1,pat61,d1700463P0422006C_RL_B0Fmm00_PB0PCcZNC0909_B64mA1la0R0vxxxxxx_000A07fBIsc_xBCxxxXxxFgxxn_DQ02_Blender_Z1J_551000E9,3,3,27,600,103.5,101.33,100.0,0,8
1,pat61,d1700463P0422006C_RL_B0Fmm00_PB0PCcZNC0909_B64mA1la0R0vxxxxxx_000A07fBIsc_xBCxxxXxxFgxxn_DQ02_Blender_Z1J_551000E9,3,4,28,600,107.5,104.86,101.0,1,9
1,pat61,d1700463P0422006C_RL_B0Fmm00_PB0PCcZNC0909_B64mA1la0R0vxxxxxx_000A07fBIsc_xBCxxxXxxFgxxn_DQ02_Blender_Z1J_551000E9,3,5,29,600,106.0,104.14,102.0,1,0
1,pat61,d1700463P0422006C_RL_B0Fmm00_PB0PCcZNC0909_B64mA1la0R0vxxxxxx_000A07fBIsc_xBCxxxXxxFgxxn_DQ02_Blender_Z1J_551000E9,3,6,30,600,103.5,101.98,100.5,0,8
1,pat61,d1700463P0422006C_RL_B0Fmm00_PB0PCcZNC0909_B64mA1la0R0vxxxxxx_000A07fBIsc_xBCxxxXxxFgxxn_DQ02_Blender_Z1J_551000E9,3,7,31,600,104.5,101.74,100.0,0,8
1,pat62,d1683166P0421051C_RL_B0Fmm00_PB0PCcZNC0909_B64mA1la0R0vxxxxxx_000A07fBIsc_xBCxxxXxxFgxxn_DQ02_Blender_Z1J_55000080,0,0,0,600,108.5,104.03,99.5,1,11
1,pat62,d1683166P0421051C_RL_B0Fmm00_PB0PCcZNC0909_B64mA1la0R0vxxxxxx_000A07fBIsc_xBCxxxXxxFgxxn_DQ02_Blender_Z1J_55000080,0,1,1,600,110.0,104.67,100.5,1,2
1,pat62,d1683166P0421051C_RL_B0Fmm00_PB0PCcZNC0909_B64mA1la0R0vxxxxxx_000A07fBIsc_xBCxxxXxxFgxxn_DQ02_Blender_Z1J_55000080,0,2,2,600,101.5,100.4,99.5,0,7
1,pat62,d1683166P0421051C_RL_B0Fmm00_PB0PCcZNC0909_B64mA1la0R0vxxxxxx_000A07fBIsc_xBCxxxXxxFgxxn_DQ02_Blender_Z1J_55000080,0,3,3,600,101.0,99.31,98.0,0,8
1,pat62,d1683166P0421051C_RL_B0Fmm00_PB0PCcZNC0909_B64mA1la0R0vxxxxxx_000A07fBIsc_xBCxxxXxxFgxxn_DQ02_Blender_Z1J_55000080,0,4,4,600,109.5,104.59,101.0,1,11
1,pat62,d1683166P0421051C_RL_B0Fmm00_PB0PCcZNC0909_B64mA1la0R0vxxxxxx_000A07fBIsc_xBCxxxXxxFgxxn_DQ02_Blender_Z1J_55000080,0,5,5,600,110.0,105.56,101.0,1,11
1,pat62,d1683166P0421051C_RL_B0Fmm00_PB0PCcZNC0909_B64mA1la0R0vxxxxxx_000A07fBIsc_xBCxxxXxxFgxxn_DQ02_Blender_Z1J_55000080,0,6,6,600,102.5,100.53,99.0,0,8
1,pat62,d1683166P0421051C_RL_B0Fmm00_PB0PCcZNC0909_B64mA1la0R0vxxxxxx_000A07fBIsc_xBCxxxXxxFgxxn_DQ02_Blender_Z1J_55000080,0,7,7,600,101.0,99.68,98.0,1,6
1,pat62,d1683166P0421051C_RL_B0Fmm00_PB0PCcZNC0909_B64mA1la0R0vxxxxxx_000A07fBIsc_xBCxxxXxxFgxxn_DQ02_Blender_Z1J_55000080,1,0,8,600,107.0,104.18,101.0,1,9
1,pat62,d1683166P0421051C_RL_B0Fmm00_PB0PCcZNC0909_B64mA1la0R0vxxxxxx_000A07fBIsc_xBCxxxXxxFgxxn_DQ02_Blender_Z1J_55000080,1,1,9,600,106.5,103.51,100.0,0,2
1,pat62,d1683166P0421051C_RL_B0Fmm00_PB0PCcZNC0909_B64mA1la0R0vxxxxxx_000A07fBIsc_xBCxxxXxxFgxxn_DQ02_Blender_Z1J_55000080,1,2,10,600,102.0,100.5,99.0,0,8
1,pat62,d1683166P0421051C_RL_B0Fmm00_PB0PCcZNC0909_B64mA1la0R0vxxxxxx_000A07fBIsc_xBCxxxXxxFgxxn_DQ02_Blender_Z1J_55000080,1,3,11,600,102.0,100.62,99.0,0,8
1,pat62,d1683166P0421051C_RL_B0Fmm00_PB0PCcZNC0909_B64mA1la0R0vxxxxxx_000A07fBIsc_xBCxxxXxxFgxxn_DQ02_Blender_Z1J_55000080,1,4,12,600,107.5,103.91,101.0,1,11
1,pat62,d1683166P0421051C_RL_B0Fmm00_PB0PCcZNC0909_B64mA1la0R0vxxxxxx_000A07fBIsc_xBCxxxXxxFgxxn_DQ02_Blender_Z1J_55000080,1,5,13,600,108.0,104.54,100.5,1,2
1,pat62,d1683166P0421051C_RL_B0Fmm00_PB0PCcZNC0909_B64mA1la0R0vxxxxxx_000A07fBIsc_xBCxxxXxxFgxxn_DQ02_Blender_Z1J_55000080,1,6,14,600,103.0,101.32,99.0,0,8
1,pat62,d1683166P0421051C_RL_B0Fmm00_PB0PCcZNC0909_B64mA1la0R0vxxxxxx_000A07fBIsc_xBCxxxXxxFgxxn_DQ02_Blender_Z1J_55000080,1,7,15,600,102.5,100.26,98.5,0,8
1,pat62,d1683166P0421051C_RL_B0Fmm00_PB0PCcZNC0909_B64mA1la0R0vxxxxxx_000A07fBIsc_xBCxxxXxxFgxxn_DQ02_Blender_Z1J_55000080,2,0,16,600,108.0,105.36,101.5,1,2
1,pat62,d1683166P0421051C_RL_B0Fmm00_PB0PCcZNC0909_B64mA1la0R0vxxxxxx_000A07fBIsc_xBCxxxXxxFgxxn_DQ02_Blender_Z1J_55000080,2,1,17,600,109.5,105.7,102.0,1,2
1,pat62,d1683166P0421051C_RL_B0Fmm00_PB0PCcZNC0909_B64mA1la0R0vxxxxxx_000A07fBIsc_xBCxxxXxxFgxxn_DQ02_Blender_Z1J_55000080,2,2,18,600,103.0,101.28,100.0,0,5
1,pat62,d1683166P0421051C_RL_B0Fmm00_PB0PCcZNC0909_B64mA1la0R0vxxxxxx_000A07fBIsc_xBCxxxXxxFgxxn_DQ02_Blender_Z1J_55000080,2,3,19,600,102.5,100.91,99.0,1,11
1,pat62,d1683166P0421051C_RL_B0Fmm00_PB0PCcZNC0909_B64mA1la0R0vxxxxxx_000A07fBIsc_xBCxxxXxxFgxxn_DQ02_Blender_Z1J_55000080,2,4,20,600,109.5,104.47,101.5,1,11
1,pat62,d1683166P0421051C_RL_B0Fmm00_PB0PCcZNC0909_B64mA1la0R0vxxxxxx_000A07fBIsc_xBCxxxXxxFgxxn_DQ02_Blender_Z1J_55000080,2,5,21,600,107.5,104.96,102.0,1,2
1,pat62,d1683166P0421051C_RL_B0Fmm00_PB0PCcZNC0909_B64mA1la0R0vxxxxxx_000A07fBIsc_xBCxxxXxxFgxxn_DQ02_Blender_Z1J_55000080,2,6,22,600,104.0,101.51,99.5,0,8
1,pat62,d1683166P0421051C_RL_B0Fmm00_PB0PCcZNC0909_B64mA1la0R0vxxxxxx_000A07fBIsc_xBCxxxXxxFgxxn_DQ02_Blender_Z1J_55000080,2,7,23,600,102.0,100.47,98.5,0,8
1,pat62,d1683166P0421051C_RL_B0Fmm00_PB0PCcZNC0909_B64mA1la0R0vxxxxxx_000A07fBIsc_xBCxxxXxxFgxxn_DQ02_Blender_Z1J_55000080,3,0,24,600,106.0,103.83,101.5,1,11
1,pat62,d1683166P0421051C_RL_B0Fmm00_PB0PCcZNC0909_B64mA1la0R0vxxxxxx_000A07fBIsc_xBCxxxXxxFgxxn_DQ02_Blender_Z1J_55000080,3,1,25,600,106.0,103.75,101.0,0,0
1,pat62,d1683166P0421051C_RL_B0Fmm00_PB0PCcZNC0909_B64mA1la0R0vxxxxxx_000A07fBIsc_xBCxxxXxxFgxxn_DQ02_Blender_Z1J_55000080,3,2,26,600,103.5,101.85,100.0,0,6
1,pat62,d1683166P0421051C_RL_B0Fmm00_PB0PCcZNC0909_B64mA1la0R0vxxxxxx_000A07fBIsc_xBCxxxXxxFgxxn_DQ02_Blender_Z1J_55000080,3,3,27,600,103.0,101.14,99.5,0,8
1,pat62,d1683166P0421051C_RL_B0Fmm00_PB0PCcZNC0909_B64mA1la0R0vxxxxxx_000A07fBIsc_xBCxxxXxxFgxxn_DQ02_Blender_Z1J_55000080,3,4,28,600,108.0,104.61,100.5,1,3
1,pat62,d1683166P0421051C_RL_B0Fmm00_PB0PCcZNC0909_B64mA1la0R0vxxxxxx_000A07fBIsc_xBCxxxXxxFgxxn_DQ02_Blender_Z1J_55000080,3,5,29,600,107.0,104.17,102.0,1,0
1,pat62,d1683166P0421051C_RL_B0Fmm00_PB0PCcZNC0909_B64mA1la0R0vxxxxxx_000A07fBIsc_xBCxxxXxxFgxxn_DQ02_Blender_Z1J_55000080,3,6,30,600,103.5,101.77,100.5,0,6
1,pat62,d1683166P0421051C_RL_B0Fmm00_PB0PCcZNC0909_B64mA1la0R0vxxxxxx_000A07fBIsc_xBCxxxXxxFgxxn_DQ02_Blender_Z1J_55000080,3,7,31,600,104.0,101.56,100.0,0,8
1,pat63,d1700474P0422012C_RJ_B0Fmm00_PB0PCcZNC0909_B64mA1la0R0vxxxxxx_000A07fBIsc_xBCxxxXxxFgxxn_DQ02_Blender_Z1J_551000F2,0,0,0,600,108.0,103.63,99.5,1,11
1,pat63,d1700474P0422012C_RJ_B0Fmm00_PB0PCcZNC0909_B64mA1la0R0vxxxxxx_000A07fBIsc_xBCxxxXxxFgxxn_DQ02_Blender_Z1J_551000F2,0,1,1,600,109.5,104.12,100.0,1,11
1,pat63,d1700474P0422012C_RJ_B0Fmm00_PB0PCcZNC0909_B64mA1la0R0vxxxxxx_000A07fBIsc_xBCxxxXxxFgxxn_DQ02_Blender_Z1J_551000F2,0,2,2,600,101.5,100.41,99.5,0,5
1,pat63,d1700474P0422012C_RJ_B0Fmm00_PB0PCcZNC0909_B64mA1la0R0vxxxxxx_000A07fBIsc_xBCxxxXxxFgxxn_DQ02_Blender_Z1J_551000F2,0,3,3,600,101.0,99.26,98.0,0,8
1,pat63,d1700474P0422012C_RJ_B0Fmm00_PB0PCcZNC0909_B64mA1la0R0vxxxxxx_000A07fBIsc_xBCxxxXxxFgxxn_DQ02_Blender_Z1J_551000F2,0,4,4,600,109.0,104.1,100.5,1,11
1,pat63,d1700474P0422012C_RJ_B0Fmm00_PB0PCcZNC0909_B64mA1la0R0vxxxxxx_000A07fBIsc_xBCxxxXxxFgxxn_DQ02_Blender_Z1J_551000F2,0,5,5,600,109.5,105.09,101.0,1,11
1,pat63,d1700474P0422012C_RJ_B0Fmm00_PB0PCcZNC0909_B64mA1la0R0vxxxxxx_000A07fBIsc_xBCxxxXxxFgxxn_DQ02_Blender_Z1J_551000F2,0,6,6,600,102.0,100.47,99.0,1,13
1,pat63,d1700474P0422012C_RJ_B0Fmm00_PB0PCcZNC0909_B64mA1la0R0vxxxxxx_000A07fBIsc_xBCxxxXxxFgxxn_DQ02_Blender_Z1J_551000F2,0,7,7,600,101.0,99.68,98.0,1,8
1,pat63,d1700474P0422012C_RJ_B0Fmm00_PB0PCcZNC0909_B64mA1la0R0vxxxxxx_000A07fBIsc_xBCxxxXxxFgxxn_DQ02_Blender_Z1J_551000F2,1,0,8,600,106.5,103.59,101.0,1,9
1,pat63,d1700474P0422012C_RJ_B0Fmm00_PB0PCcZNC0909_B64mA1la0R0vxxxxxx_000A07fBIsc_xBCxxxXxxFgxxn_DQ02_Blender_Z1J_551000F2,1,1,9,600,105.5,103.06,100.0,0,2
1,pat63,d1700474P0422012C_RJ_B0Fmm00_PB0PCcZNC0909_B64mA1la0R0vxxxxxx_000A07fBIsc_xBCxxxXxxFgxxn_DQ02_Blender_Z1J_551000F2,1,2,10,600,101.5,100.37,99.0,0,8
1,pat63,d1700474P0422012C_RJ_B0Fmm00_PB0PCcZNC0909_B64mA1la0R0vxxxxxx_000A07fBIsc_xBCxxxXxxFgxxn_DQ02_Blender_Z1J_551000F2,1,3,11,600,101.5,100.44,99.0,0,1
1,pat63,d1700474P0422012C_RJ_B0Fmm00_PB0PCcZNC0909_B64mA1la0R0vxxxxxx_000A07fBIsc_xBCxxxXxxFgxxn_DQ02_Blender_Z1J_551000F2,1,4,12,600,107.0,103.42,101.0,0,11
1,pat63,d1700474P0422012C_RJ_B0Fmm00_PB0PCcZNC0909_B64mA1la0R0vxxxxxx_000A07fBIsc_xBCxxxXxxFgxxn_DQ02_Blender_Z1J_551000F2,1,5,13,600,107.0,103.87,100.0,1,11
1,pat63,d1700474P0422012C_RJ_B0Fmm00_PB0PCcZNC0909_B64mA1la0R0vxxxxxx_000A07fBIsc_xBCxxxXxxFgxxn_DQ02_Blender_Z1J_551000F2,1,6,14,600,103.0,101.14,99.0,0,1
1,pat63,d1700474P0422012C_RJ_B0Fmm00_PB0PCcZNC0909_B64mA1la0R0vxxxxxx_000A07fBIsc_xBCxxxXxxFgxxn_DQ02_Blender_Z1J_551000F2,1,7,15,600,102.5,100.1,98.0,0,8
1,pat63,d1700474P0422012C_RJ_B0Fmm00_PB0PCcZNC0909_B64mA1la0R0vxxxxxx_000A07fBIsc_xBCxxxXxxFgxxn_DQ02_Blender_Z1J_551000F2,2,0,16,600,107.5,104.72,101.5,1,11
1,pat63,d1700474P0422012C_RJ_B0Fmm00_PB0PCcZNC0909_B64mA1la0R0vxxxxxx_000A07fBIsc_xBCxxxXxxFgxxn_DQ02_Blender_Z1J_551000F2,2,1,17,600,109.0,105.11,101.5,1,2
1,pat63,d1700474P0422012C_RJ_B0Fmm00_PB0PCcZNC0909_B64mA1la0R0vxxxxxx_000A07fBIsc_xBCxxxXxxFgxxn_DQ02_Blender_Z1J_551000F2,2,2,18,600,103.0,101.15,100.0,0,7
1,pat63,d1700474P0422012C_RJ_B0Fmm00_PB0PCcZNC0909_B64mA1la0R0vxxxxxx_000A07fBIsc_xBCxxxXxxFgxxn_DQ02_Blender_Z1J_551000F2,2,3,19,600,102.5,100.91,99.0,1,9
1,pat63,d1700474P0422012C_RJ_B0Fmm00_PB0PCcZNC0909_B64mA1la0R0vxxxxxx_000A07fBIsc_xBCxxxXxxFgxxn_DQ02_Blender_Z1J_551000F2,2,4,20,600,109.0,103.89,101.5,1,11
1,pat63,d1700474P0422012C_RJ_B0Fmm00_PB0PCcZNC0909_B64mA1la0R0vxxxxxx_000A07fBIsc_xBCxxxXxxFgxxn_DQ02_Blender_Z1J_551000F2,2,5,21,600,107.5,104.55,102.0,1,11
1,pat63,d1700474P0422012C_RJ_B0Fmm00_PB0PCcZNC0909_B64mA1la0R0vxxxxxx_000A07fBIsc_xBCxxxXxxFgxxn_DQ02_Blender_Z1J_551000F2,2,6,22,600,103.5,101.32,99.0,0,8
1,pat63,d1700474P0422012C_RJ_B0Fmm00_PB0PCcZNC0909_B64mA1la0R0vxxxxxx_000A07fBIsc_xBCxxxXxxFgxxn_DQ02_Blender_Z1J_551000F2,2,7,23,600,101.5,100.39,98.5,0,8
1,pat63,d1700474P0422012C_RJ_B0Fmm00_PB0PCcZNC0909_B64mA1la0R0vxxxxxx_000A07fBIsc_xBCxxxXxxFgxxn_DQ02_Blender_Z1J_551000F2,3,0,24,600,105.5,103.36,101.0,1,11
1,pat63,d1700474P0422012C_RJ_B0Fmm00_PB0PCcZNC0909_B64mA1la0R0vxxxxxx_000A07fBIsc_xBCxxxXxxFgxxn_DQ02_Blender_Z1J_551000F2,3,1,25,600,105.0,103.22,101.0,0,9
1,pat63,d1700474P0422012C_RJ_B0Fmm00_PB0PCcZNC0909_B64mA1la0R0vxxxxxx_000A07fBIsc_xBCxxxXxxFgxxn_DQ02_Blender_Z1J_551000F2,3,2,26,600,103.0,101.62,99.5,0,14
1,pat63,d1700474P0422012C_RJ_B0Fmm00_PB0PCcZNC0909_B64mA1la0R0vxxxxxx_000A07fBIsc_xBCxxxXxxFgxxn_DQ02_Blender_Z1J_551000F2,3,3,27,600,103.0,101.05,99.5,0,8
1,pat63,d1700474P0422012C_RJ_B0Fmm00_PB0PCcZNC0909_B64mA1la0R0vxxxxxx_000A07fBIsc_xBCxxxXxxFgxxn_DQ02_Blender_Z1J_551000F2,3,4,28,600,107.5,104.16,100.5,1,9
1,pat63,d1700474P0422012C_RJ_B0Fmm00_PB0PCcZNC0909_B64mA1la0R0vxxxxxx_000A07fBIsc_xBCxxxXxxFgxxn_DQ02_Blender_Z1J_551000F2,3,5,29,600,106.0,103.62,101.5,1,11
1,pat63,d1700474P0422012C_RJ_B0Fmm00_PB0PCcZNC0909_B64mA1la0R0vxxxxxx_000A07fBIsc_xBCxxxXxxFgxxn_DQ02_Blender_Z1J_551000F2,3,6,30,600,104.0,101.52,100.0,0,14
1,pat63,d1700474P0422012C_RJ_B0Fmm00_PB0PCcZNC0909_B64mA1la0R0vxxxxxx_000A07fBIsc_xBCxxxXxxFgxxn_DQ02_Blender_Z1J_551000F2,3,7,31,600,103.5,101.36,100.0,0,8
1,pat64,d1682996P0420907C_RG_B0Fmm00_PB0PCcZNC0909_B64mA1la0R0vxxxxxx_000A07fBIsc_xBCxxxXxxFgxxn_DQ02_Blender_A1J_550000E6,0,0,0,600,108.5,103.72,99.5,1,11
1,pat64,d1682996P0420907C_RG_B0Fmm00_PB0PCcZNC0909_B64mA1la0R0vxxxxxx_000A07fBIsc_xBCxxxXxxFgxxn_DQ02_Blender_A1J_550000E6,0,1,1,600,109.5,104.23,100.0,1,2
1,pat64,d1682996P0420907C_RG_B0Fmm00_PB0PCcZNC0909_B64mA1la0R0vxxxxxx_000A07fBIsc_xBCxxxXxxFgxxn_DQ02_Blender_A1J_550000E6,0,2,2,600,102.0,100.56,99.5,0,8
1,pat64,d1682996P0420907C_RG_B0Fmm00_PB0PCcZNC0909_B64mA1la0R0vxxxxxx_000A07fBIsc_xBCxxxXxxFgxxn_DQ02_Blender_A1J_550000E6,0,3,3,600,101.0,99.51,98.0,0,8
1,pat64,d1682996P0420907C_RG_B0Fmm00_PB0PCcZNC0909_B64mA1la0R0vxxxxxx_000A07fBIsc_xBCxxxXxxFgxxn_DQ02_Blender_A1J_550000E6,0,4,4,600,109.5,104.25,101.0,1,11
1,pat64,d1682996P0420907C_RG_B0Fmm00_PB0PCcZNC0909_B64mA1la0R0vxxxxxx_000A07fBIsc_xBCxxxXxxFgxxn_DQ02_Blender_A1J_550000E6,0,5,5,600,109.5,105.26,101.0,1,11
1,pat64,d1682996P0420907C_RG_B0Fmm00_PB0PCcZNC0909_B64mA1la0R0vxxxxxx_000A07fBIsc_xBCxxxXxxFgxxn_DQ02_Blender_A1J_550000E6,0,6,6,600,102.5,100.69,99.0,0,8
1,pat64,d1682996P0420907C_RG_B0Fmm00_PB0PCcZNC0909_B64mA1la0R0vxxxxxx_000A07fBIsc_xBCxxxXxxFgxxn_DQ02_Blender_A1J_550000E6,0,7,7,600,101.0,99.89,98.5,1,6
1,pat64,d1682996P0420907C_RG_B0Fmm00_PB0PCcZNC0909_B64mA1la0R0vxxxxxx_000A07fBIsc_xBCxxxXxxFgxxn_DQ02_Blender_A1J_550000E6,1,0,8,600,106.5,103.67,101.0,1,9
1,pat64,d1682996P0420907C_RG_B0Fmm00_PB0PCcZNC0909_B64mA1la0R0vxxxxxx_000A07fBIsc_xBCxxxXxxFgxxn_DQ02_Blender_A1J_550000E6,1,1,9,600,105.5,103.1,100.0,0,2
1,pat64,d1682996P0420907C_RG_B0Fmm00_PB0PCcZNC0909_B64mA1la0R0vxxxxxx_000A07fBIsc_xBCxxxXxxFgxxn_DQ02_Blender_A1J_550000E6,1,2,10,600,102.0,100.55,99.0,0,8
1,pat64,d1682996P0420907C_RG_B0Fmm00_PB0PCcZNC0909_B64mA1la0R0vxxxxxx_000A07fBIsc_xBCxxxXxxFgxxn_DQ02_Blender_A1J_550000E6,1,3,11,600,102.0,100.65,99.0,0,8
1,pat64,d1682996P0420907C_RG_B0Fmm00_PB0PCcZNC0909_B64mA1la0R0vxxxxxx_000A07fBIsc_xBCxxxXxxFgxxn_DQ02_Blender_A1J_550000E6,1,4,12,600,107.0,103.6,101.0,0,11
1,pat64,d1682996P0420907C_RG_B0Fmm00_PB0PCcZNC0909_B64mA1la0R0vxxxxxx_000A07fBIsc_xBCxxxXxxFgxxn_DQ02_Blender_A1J_550000E6,1,5,13,600,107.0,103.94,100.5,1,11
1,pat64,d1682996P0420907C_RG_B0Fmm00_PB0PCcZNC0909_B64mA1la0R0vxxxxxx_000A07fBIsc_xBCxxxXxxFgxxn_DQ02_Blender_A1J_550000E6,1,6,14,600,103.0,101.27,99.5,0,1
1,pat64,d1682996P0420907C_RG_B0Fmm00_PB0PCcZNC0909_B64mA1la0R0vxxxxxx_000A07fBIsc_xBCxxxXxxFgxxn_DQ02_Blender_A1J_550000E6,1,7,15,600,102.5,100.3,98.5,0,8
1,pat64,d1682996P0420907C_RG_B0Fmm00_PB0PCcZNC0909_B64mA1la0R0vxxxxxx_000A07fBIsc_xBCxxxXxxFgxxn_DQ02_Blender_A1J_550000E6,2,0,16,600,107.5,104.83,101.5,1,11
1,pat64,d1682996P0420907C_RG_B0Fmm00_PB0PCcZNC0909_B64mA1la0R0vxxxxxx_000A07fBIsc_xBCxxxXxxFgxxn_DQ02_Blender_A1J_550000E6,2,1,17,600,109.0,105.17,101.5,1,2
1,pat64,d1682996P0420907C_RG_B0Fmm00_PB0PCcZNC0909_B64mA1la0R0vxxxxxx_000A07fBIsc_xBCxxxXxxFgxxn_DQ02_Blender_A1J_550000E6,2,2,18,600,103.0,101.29,100.0,0,7
1,pat64,d1682996P0420907C_RG_B0Fmm00_PB0PCcZNC0909_B64mA1la0R0vxxxxxx_000A07fBIsc_xBCxxxXxxFgxxn_DQ02_Blender_A1J_550000E6,2,3,19,600,102.0,100.88,99.0,1,5
1,pat64,d1682996P0420907C_RG_B0Fmm00_PB0PCcZNC0909_B64mA1la0R0vxxxxxx_000A07fBIsc_xBCxxxXxxFgxxn_DQ02_Blender_A1J_550000E6,2,4,20,600,109.5,103.91,101.5,1,11
1,pat64,d1682996P0420907C_RG_B0Fmm00_PB0PCcZNC0909_B64mA1la0R0vxxxxxx_000A07fBIsc_xBCxxxXxxFgxxn_DQ02_Blender_A1J_550000E6,2,5,21,600,107.5,104.61,101.5,1,11
1,pat64,d1682996P0420907C_RG_B0Fmm00_PB0PCcZNC0909_B64mA1la0R0vxxxxxx_000A07fBIsc_xBCxxxXxxFgxxn_DQ02_Blender_A1J_550000E6,2,6,22,600,104.0,101.39,99.0,0,8
1,pat64,d1682996P0420907C_RG_B0Fmm00_PB0PCcZNC0909_B64mA1la0R0vxxxxxx_000A07fBIsc_xBCxxxXxxFgxxn_DQ02_Blender_A1J_550000E6,2,7,23,600,102.0,100.53,99.0,0,8
1,pat64,d1682996P0420907C_RG_B0Fmm00_PB0PCcZNC0909_B64mA1la0R0vxxxxxx_000A07fBIsc_xBCxxxXxxFgxxn_DQ02_Blender_A1J_550000E6,3,0,24,600,105.0,103.27,101.0,1,11
1,pat64,d1682996P0420907C_RG_B0Fmm00_PB0PCcZNC0909_B64mA1la0R0vxxxxxx_000A07fBIsc_xBCxxxXxxFgxxn_DQ02_Blender_A1J_550000E6,3,1,25,600,105.0,103.25,101.0,0,11
1,pat64,d1682996P0420907C_RG_B0Fmm00_PB0PCcZNC0909_B64mA1la0R0vxxxxxx_000A07fBIsc_xBCxxxXxxFgxxn_DQ02_Blender_A1J_550000E6,3,2,26,600,104.0,101.68,100.0,0,6
1,pat64,d1682996P0420907C_RG_B0Fmm00_PB0PCcZNC0909_B64mA1la0R0vxxxxxx_000A07fBIsc_xBCxxxXxxFgxxn_DQ02_Blender_A1J_550000E6,3,3,27,600,103.0,101.05,99.5,0,8
1,pat64,d1682996P0420907C_RG_B0Fmm00_PB0PCcZNC0909_B64mA1la0R0vxxxxxx_000A07fBIsc_xBCxxxXxxFgxxn_DQ02_Blender_A1J_550000E6,3,4,28,600,108.0,104.27,100.5,1,2
1,pat64,d1682996P0420907C_RG_B0Fmm00_PB0PCcZNC0909_B64mA1la0R0vxxxxxx_000A07fBIsc_xBCxxxXxxFgxxn_DQ02_Blender_A1J_550000E6,3,5,29,600,105.5,103.68,102.0,1,11
1,pat64,d1682996P0420907C_RG_B0Fmm00_PB0PCcZNC0909_B64mA1la0R0vxxxxxx_000A07fBIsc_xBCxxxXxxFgxxn_DQ02_Blender_A1J_550000E6,3,6,30,600,105.5,101.61,100.5,0,14
1,pat64,d1682996P0420907C_RG_B0Fmm00_PB0PCcZNC0909_B64mA1la0R0vxxxxxx_000A07fBIsc_xBCxxxXxxFgxxn_DQ02_Blender_A1J_550000E6,3,7,31,600,103.5,101.39,100.0,0,8
1,pat65,d1700377P0421806C_RL_B0Fmm00_PB0PCcZNC0909_B64mA1la0R0vxxxxxx_000A07fBIsc_xBCxxxXxxFgxxn_DQ02_Blender_A1J_551000D6,0,0,0,600,110.5,106.27,101.0,1,2
1,pat65,d1700377P0421806C_RL_B0Fmm00_PB0PCcZNC0909_B64mA1la0R0vxxxxxx_000A07fBIsc_xBCxxxXxxFgxxn_DQ02_Blender_A1J_551000D6,0,1,1,600,111.5,107.12,101.5,1,2
1,pat65,d1700377P0421806C_RL_B0Fmm00_PB0PCcZNC0909_B64mA1la0R0vxxxxxx_000A07fBIsc_xBCxxxXxxFgxxn_DQ02_Blender_A1J_551000D6,0,2,2,600,103.0,101.47,100.0,0,8
1,pat65,d1700377P0421806C_RL_B0Fmm00_PB0PCcZNC0909_B64mA1la0R0vxxxxxx_000A07fBIsc_xBCxxxXxxFgxxn_DQ02_Blender_A1J_551000D6,0,3,3,600,102.5,100.11,98.0,0,8
1,pat65,d1700377P0421806C_RL_B0Fmm00_PB0PCcZNC0909_B64mA1la0R0vxxxxxx_000A07fBIsc_xBCxxxXxxFgxxn_DQ02_Blender_A1J_551000D6,0,4,4,600,113.0,107.16,102.0,1,11
1,pat65,d1700377P0421806C_RL_B0Fmm00_PB0PCcZNC0909_B64mA1la0R0vxxxxxx_000A07fBIsc_xBCxxxXxxFgxxn_DQ02_Blender_A1J_551000D6,0,5,5,600,112.5,107.84,103.0,1,2
1,pat65,d1700377P0421806C_RL_B0Fmm00_PB0PCcZNC0909_B64mA1la0R0vxxxxxx_000A07fBIsc_xBCxxxXxxFgxxn_DQ02_Blender_A1J_551000D6,0,6,6,600,103.5,101.86,100.0,0,8
1,pat65,d1700377P0421806C_RL_B0Fmm00_PB0PCcZNC0909_B64mA1la0R0vxxxxxx_000A07fBIsc_xBCxxxXxxFgxxn_DQ02_Blender_A1J_551000D6,0,7,7,600,102.0,100.51,98.5,0,14
1,pat65,d1700377P0421806C_RL_B0Fmm00_PB0PCcZNC0909_B64mA1la0R0vxxxxxx_000A07fBIsc_xBCxxxXxxFgxxn_DQ02_Blender_A1J_551000D6,1,0,8,600,109.5,106.52,103.0,1,11
1,pat65,d1700377P0421806C_RL_B0Fmm00_PB0PCcZNC0909_B64mA1la0R0vxxxxxx_000A07fBIsc_xBCxxxXxxFgxxn_DQ02_Blender_A1J_551000D6,1,1,9,600,108.0,105.63,101.5,1,2
1,pat65,d1700377P0421806C_RL_B0Fmm00_PB0PCcZNC0909_B64mA1la0R0vxxxxxx_000A07fBIsc_xBCxxxXxxFgxxn_DQ02_Blender_A1J_551000D6,1,2,10,600,103.5,101.67,100.0,0,8
1,pat65,d1700377P0421806C_RL_B0Fmm00_PB0PCcZNC0909_B64mA1la0R0vxxxxxx_000A07fBIsc_xBCxxxXxxFgxxn_DQ02_Blender_A1J_551000D6,1,3,11,600,103.0,101.43,99.5,0,8
1,pat65,d1700377P0421806C_RL_B0Fmm00_PB0PCcZNC0909_B64mA1la0R0vxxxxxx_000A07fBIsc_xBCxxxXxxFgxxn_DQ02_Blender_A1J_551000D6,1,4,12,600,110.0,106.02,102.0,1,11
1,pat65,d1700377P0421806C_RL_B0Fmm00_PB0PCcZNC0909_B64mA1la0R0vxxxxxx_000A07fBIsc_xBCxxxXxxFgxxn_DQ02_Blender_A1J_551000D6,1,5,13,600,109.5,106.61,103.0,1,2
1,pat65,d1700377P0421806C_RL_B0Fmm00_PB0PCcZNC0909_B64mA1la0R0vxxxxxx_000A07fBIsc_xBCxxxXxxFgxxn_DQ02_Blender_A1J_551000D6,1,6,14,600,104.5,102.63,100.0,0,8
1,pat65,d1700377P0421806C_RL_B0Fmm00_PB0PCcZNC0909_B64mA1la0R0vxxxxxx_000A07fBIsc_xBCxxxXxxFgxxn_DQ02_Blender_A1J_551000D6,1,7,15,600,103.5,101.04,99.0,0,14
1,pat65,d1700377P0421806C_RL_B0Fmm00_PB0PCcZNC0909_B64mA1la0R0vxxxxxx_000A07fBIsc_xBCxxxXxxFgxxn_DQ02_Blender_A1J_551000D6,2,0,16,600,110.5,107.14,103.0,1,11
1,pat65,d1700377P0421806C_RL_B0Fmm00_PB0PCcZNC0909_B64mA1la0R0vxxxxxx_000A07fBIsc_xBCxxxXxxFgxxn_DQ02_Blender_A1J_551000D6,2,1,17,600,111.5,107.55,103.5,1,2
1,pat65,d1700377P0421806C_RL_B0Fmm00_PB0PCcZNC0909_B64mA1la0R0vxxxxxx_000A07fBIsc_xBCxxxXxxFgxxn_DQ02_Blender_A1J_551000D6,2,2,18,600,104.5,102.62,100.5,1,14
1,pat65,d1700377P0421806C_RL_B0Fmm00_PB0PCcZNC0909_B64mA1la0R0vxxxxxx_000A07fBIsc_xBCxxxXxxFgxxn_DQ02_Blender_A1J_551000D6,2,3,19,600,103.5,101.69,100.0,1,4
1,pat65,d1700377P0421806C_RL_B0Fmm00_PB0PCcZNC0909_B64mA1la0R0vxxxxxx_000A07fBIsc_xBCxxxXxxFgxxn_DQ02_Blender_A1J_551000D6,2,4,20,600,111.5,106.03,102.0,1,11
1,pat65,d1700377P0421806C_RL_B0Fmm00_PB0PCcZNC0909_B64mA1la0R0vxxxxxx_000A07fBIsc_xBCxxxXxxFgxxn_DQ02_Blender_A1J_551000D6,2,5,21,600,110.0,106.31,103.0,1,11
1,pat65,d1700377P0421806C_RL_B0Fmm00_PB0PCcZNC0909_B64mA1la0R0vxxxxxx_000A07fBIsc_xBCxxxXxxFgxxn_DQ02_Blender_A1J_551000D6,2,6,22,600,105.5,102.5,100.0,0,8
1,pat65,d1700377P0421806C_RL_B0Fmm00_PB0PCcZNC0909_B64mA1la0R0vxxxxxx_000A07fBIsc_xBCxxxXxxFgxxn_DQ02_Blender_A1J_551000D6,2,7,23,600,103.5,101.42,99.5,0,8
1,pat65,d1700377P0421806C_RL_B0Fmm00_PB0PCcZNC0909_B64mA1la0R0vxxxxxx_000A07fBIsc_xBCxxxXxxFgxxn_DQ02_Blender_A1J_551000D6,3,0,24,600,107.5,105.22,102.5,1,11
1,pat65,d1700377P0421806C_RL_B0Fmm00_PB0PCcZNC0909_B64mA1la0R0vxxxxxx_000A07fBIsc_xBCxxxXxxFgxxn_DQ02_Blender_A1J_551000D6,3,1,25,600,107.0,104.83,102.5,0,11
1,pat65,d1700377P0421806C_RL_B0Fmm00_PB0PCcZNC0909_B64mA1la0R0vxxxxxx_000A07fBIsc_xBCxxxXxxFgxxn_DQ02_Blender_A1J_551000D6,3,2,26,600,104.5,102.82,100.0,1,12
1,pat65,d1700377P0421806C_RL_B0Fmm00_PB0PCcZNC0909_B64mA1la0R0vxxxxxx_000A07fBIsc_xBCxxxXxxFgxxn_DQ02_Blender_A1J_551000D6,3,3,27,600,103.5,101.7,100.0,0,8
1,pat65,d1700377P0421806C_RL_B0Fmm00_PB0PCcZNC0909_B64mA1la0R0vxxxxxx_000A07fBIsc_xBCxxxXxxFgxxn_DQ02_Blender_A1J_551000D6,3,4,28,600,110.0,106.62,103.5,1,2
1,pat65,d1700377P0421806C_RL_B0Fmm00_PB0PCcZNC0909_B64mA1la0R0vxxxxxx_000A07fBIsc_xBCxxxXxxFgxxn_DQ02_Blender_A1J_551000D6,3,5,29,600,108.0,105.62,102.5,1,11
1,pat65,d1700377P0421806C_RL_B0Fmm00_PB0PCcZNC0909_B64mA1la0R0vxxxxxx_000A07fBIsc_xBCxxxXxxFgxxn_DQ02_Blender_A1J_551000D6,3,6,30,600,104.5,102.52,101.0,0,8
1,pat65,d1700377P0421806C_RL_B0Fmm00_PB0PCcZNC0909_B64mA1la0R0vxxxxxx_000A07fBIsc_xBCxxxXxxFgxxn_DQ02_Blender_A1J_551000D6,3,7,31,600,104.5,102.16,100.0,0,8
1,pat66,d1684470P0421550C_RL_B0Fmm00_PB0PCcZNC0909_B64mA1la0R0vxxxxxx_000A07fBIsc_xBCxxxXxxFgxxn_DQ02_LeekSpin_Y_550002A3,0,0,0,600,109.0,103.71,98.5,1,2
1,pat66,d1684470P0421550C_RL_B0Fmm00_PB0PCcZNC0909_B64mA1la0R0vxxxxxx_000A07fBIsc_xBCxxxXxxFgxxn_DQ02_LeekSpin_Y_550002A3,0,1,1,600,109.5,104.11,100.0,1,2
1,pat66,d1684470P0421550C_RL_B0Fmm00_PB0PCcZNC0909_B64mA1la0R0vxxxxxx_000A07fBIsc_xBCxxxXxxFgxxn_DQ02_LeekSpin_Y_550002A3,0,2,2,600,102.5,100.24,99.0,0,8
1,pat66,d1684470P0421550C_RL_B0Fmm00_PB0PCcZNC0909_B64mA1la0R0vxxxxxx_000A07fBIsc_xBCxxxXxxFgxxn_DQ02_LeekSpin_Y_550002A3,0,3,3,600,101.0,99.14,97.5,0,7
1,pat66,d1684470P0421550C_RL_B0Fmm00_PB0PCcZNC0909_B64mA1la0R0vxxxxxx_000A07fBIsc_xBCxxxXxxFgxxn_DQ02_LeekSpin_Y_550002A3,0,4,4,600,110.0,104.39,100.5,1,11
1,pat66,d1684470P0421550C_RL_B0Fmm00_PB0PCcZNC0909_B64mA1la0R0vxxxxxx_000A07fBIsc_xBCxxxXxxFgxxn_DQ02_LeekSpin_Y_550002A3,0,5,5,600,111.0,105.14,100.5,1,11
1,pat66,d1684470P0421550C_RL_B0Fmm00_PB0PCcZNC0909_B64mA1la0R0vxxxxxx_000A07fBIsc_xBCxxxXxxFgxxn_DQ02_LeekSpin_Y_550002A3,0,6,6,600,102.5,100.58,99.0,0,8
1,pat66,d1684470P0421550C_RL_B0Fmm00_PB0PCcZNC0909_B64mA1la0R0vxxxxxx_000A07fBIsc_xBCxxxXxxFgxxn_DQ02_LeekSpin_Y_550002A3,0,7,7,600,101.5,99.75,98.0,0,6
1,pat66,d1684470P0421550C_RL_B0Fmm00_PB0PCcZNC0909_B64mA1la0R0vxxxxxx_000A07fBIsc_xBCxxxXxxFgxxn_DQ02_LeekSpin_Y_550002A3,1,0,8,600,108.0,103.79,100.5,1,11
1,pat66,d1684470P0421550C_RL_B0Fmm00_PB0PCcZNC0909_B64mA1la0R0vxxxxxx_000A07fBIsc_xBCxxxXxxFgxxn_DQ02_LeekSpin_Y_550002A3,1,1,9,600,106.5,103.27,100.0,0,2
1,pat66,d1684470P0421550C_RL_B0Fmm00_PB0PCcZNC0909_B64mA1la0R0vxxxxxx_000A07fBIsc_xBCxxxXxxFgxxn_DQ02_LeekSpin_Y_550002A3,1,2,10,600,102.5,100.55,98.5,0,8
1,pat66,d1684470P0421550C_RL_B0Fmm00_PB0PCcZNC0909_B64mA1la0R0vxxxxxx_000A07fBIsc_xBCxxxXxxFgxxn_DQ02_LeekSpin_Y_550002A3,1,3,11,600,102.5,100.52,98.5,0,8
1,pat66,d1684470P0421550C_RL_B0Fmm00_PB0PCcZNC0909_B64mA1la0R0vxxxxxx_000A07fBIsc_xBCxxxXxxFgxxn_DQ02_LeekSpin_Y_550002A3,1,4,12,600,108.0,103.86,101.0,1,11
1,pat66,d1684470P0421550C_RL_B0Fmm00_PB0PCcZNC0909_B64mA1la0R0vxxxxxx_000A07fBIsc_xBCxxxXxxFgxxn_DQ02_LeekSpin_Y_550002A3,1,5,13,600,108.0,104.28,100.5,1,2
1,pat66,d1684470P0421550C_RL_B0Fmm00_PB0PCcZNC0909_B64mA1la0R0vxxxxxx_000A07fBIsc_xBCxxxXxxFgxxn_DQ02_LeekSpin_Y_550002A3,1,6,14,600,104.0,101.46,98.5,0,8
1,pat66,d1684470P0421550C_RL_B0Fmm00_PB0PCcZNC0909_B64mA1la0R0vxxxxxx_000A07fBIsc_xBCxxxXxxFgxxn_DQ02_LeekSpin_Y_550002A3,1,7,15,600,102.5,100.2,98.0,0,8
1,pat66,d1684470P0421550C_RL_B0Fmm00_PB0PCcZNC0909_B64mA1la0R0vxxxxxx_000A07fBIsc_xBCxxxXxxFgxxn_DQ02_LeekSpin_Y_550002A3,2,0,16,600,109.0,105.18,101.5,1,11
1,pat66,d1684470P0421550C_RL_B0Fmm00_PB0PCcZNC0909_B64mA1la0R0vxxxxxx_000A07fBIsc_xBCxxxXxxFgxxn_DQ02_LeekSpin_Y_550002A3,2,1,17,600,110.0,105.63,102.0,1,2
1,pat66,d1684470P0421550C_RL_B0Fmm00_PB0PCcZNC0909_B64mA1la0R0vxxxxxx_000A07fBIsc_xBCxxxXxxFgxxn_DQ02_LeekSpin_Y_550002A3,2,2,18,600,104.0,101.35,99.5,1,14
1,pat66,d1684470P0421550C_RL_B0Fmm00_PB0PCcZNC0909_B64mA1la0R0vxxxxxx_000A07fBIsc_xBCxxxXxxFgxxn_DQ02_LeekSpin_Y_550002A3,2,3,19,600,102.5,101.15,99.5,0,8
1,pat66,d1684470P0421550C_RL_B0Fmm00_PB0PCcZNC0909_B64mA1la0R0vxxxxxx_000A07fBIsc_xBCxxxXxxFgxxn_DQ02_LeekSpin_Y_550002A3,2,4,20,600,110.0,104.29,101.5,1,11
1,pat66,d1684470P0421550C_RL_B0Fmm00_PB0PCcZNC0909_B64mA1la0R0vxxxxxx_000A07fBIsc_xBCxxxXxxFgxxn_DQ02_LeekSpin_Y_550002A3,2,5,21,600,108.0,104.85,102.0,1,2
1,pat66,d1684470P0421550C_RL_B0Fmm00_PB0PCcZNC0909_B64mA1la0R0vxxxxxx_000A07fBIsc_xBCxxxXxxFgxxn_DQ02_LeekSpin_Y_550002A3,2,6,22,600,104.5,101.61,99.0,0,8
1,pat66,d1684470P0421550C_RL_B0Fmm00_PB0PCcZNC0909_B64mA1la0R0vxxxxxx_000A07fBIsc_xBCxxxXxxFgxxn_DQ02_LeekSpin_Y_550002A3,2,7,23,600,102.5,100.78,98.5,0,8
1,pat66,d1684470P0421550C_RL_B0Fmm00_PB0PCcZNC0909_B64mA1la0R0vxxxxxx_000A07fBIsc_xBCxxxXxxFgxxn_DQ02_LeekSpin_Y_550002A3,3,0,24,600,106.5,103.7,101.5,1,11
1,pat66,d1684470P0421550C_RL_B0Fmm00_PB0PCcZNC0909_B64mA1la0R0vxxxxxx_000A07fBIsc_xBCxxxXxxFgxxn_DQ02_LeekSpin_Y_550002A3,3,1,25,600,105.5,103.53,101.0,0,0
1,pat66,d1684470P0421550C_RL_B0Fmm00_PB0PCcZNC0909_B64mA1la0R0vxxxxxx_000A07fBIsc_xBCxxxXxxFgxxn_DQ02_LeekSpin_Y_550002A3,3,2,26,600,104.5,101.99,100.0,0,6
1,pat66,d1684470P0421550C_RL_B0Fmm00_PB0PCcZNC0909_B64mA1la0R0vxxxxxx_000A07fBIsc_xBCxxxXxxFgxxn_DQ02_LeekSpin_Y_550002A3,3,3,27,600,103.5,101.28,99.5,0,8
1,pat66,d1684470P0421550C_RL_B0Fmm00_PB0PCcZNC0909_B64mA1la0R0vxxxxxx_000A07fBIsc_xBCxxxXxxFgxxn_DQ02_LeekSpin_Y_550002A3,3,4,28,600,109.5,104.84,100.5,1,2
1,pat66,d1684470P0421550C_RL_B0Fmm00_PB0PCcZNC0909_B64mA1la0R0vxxxxxx_000A07fBIsc_xBCxxxXxxFgxxn_DQ02_LeekSpin_Y_550002A3,3,5,29,600,106.5,104.04,102.0,0,11
1,pat66,d1684470P0421550C_RL_B0Fmm00_PB0PCcZNC0909_B64mA1la0R0vxxxxxx_000A07fBIsc_xBCxxxXxxFgxxn_DQ02_LeekSpin_Y_550002A3,3,6,30,600,104.0,101.98,100.5,0,8
1,pat66,d1684470P0421550C_RL_B0Fmm00_PB0PCcZNC0909_B64mA1la0R0vxxxxxx_000A07fBIsc_xBCxxxXxxFgxxn_DQ02_LeekSpin_Y_550002A3,3,7,31,600,104.0,101.66,100.0,0,8
1,pat67,d1683890P0421315C_RL_B0Fmm00_PB0PCcZNC0909_B64mA1la0R0vxxxxxx_000A07fBIsc_xBCxxxXxxFgxxn_DQ02_FRM_DivSZ_55000237,0,0,0,600,108.0,103.43,99.0,1,11
1,pat67,d1683890P0421315C_RL_B0Fmm00_PB0PCcZNC0909_B64mA1la0R0vxxxxxx_000A07fBIsc_xBCxxxXxxFgxxn_DQ02_FRM_DivSZ_55000237,0,1,1,600,109.0,103.77,99.5,1,11
1,pat67,d1683890P0421315C_RL_B0Fmm00_PB0PCcZNC0909_B64mA1la0R0vxxxxxx_000A07fBIsc_xBCxxxXxxFgxxn_DQ02_FRM_DivSZ_55000237,0,2,2,600,101.0,99.78,98.5,0,14
1,pat67,d1683890P0421315C_RL_B0Fmm00_PB0PCcZNC0909_B64mA1la0R0vxxxxxx_000A07fBIsc_xBCxxxXxxFgxxn_DQ02_FRM_DivSZ_55000237,0,3,3,600,100.5,98.72,97.5,0,8
1,pat67,d1683890P0421315C_RL_B0Fmm00_PB0PCcZNC0909_B64mA1la0R0vxxxxxx_000A07fBIsc_xBCxxxXxxFgxxn_DQ02_FRM_DivSZ_55000237,0,4,4,600,109.0,103.94,100.5,1,11
1,pat67,d1683890P0421315C_RL_B0Fmm00_PB0PCcZNC0909_B64mA1la0R0vxxxxxx_000A07fBIsc_xBCxxxXxxFgxxn_DQ02_FRM_DivSZ_55000237,0,5,5,600,109.5,104.58,100.5,1,11
1,pat67,d1683890P0421315C_RL_B0Fmm00_PB0PCcZNC0909_B64mA1la0R0vxxxxxx_000A07fBIsc_xBCxxxXxxFgxxn_DQ02_FRM_DivSZ_55000237,0,6,6,600,102.0,100.08,98.5,1,13
1,pat67,d1683890P0421315C_RL_B0Fmm00_PB0PCcZNC0909_B64mA1la0R0vxxxxxx_000A07fBIsc_xBCxxxXxxFgxxn_DQ02_FRM_DivSZ_55000237,0,7,7,600,100.5,99.19,97.5,1,8
1,pat67,d1683890P0421315C_RL_B0Fmm00_PB0PCcZNC0909_B64mA1la0R0vxxxxxx_000A07fBIsc_xBCxxxXxxFgxxn_DQ02_FRM_DivSZ_55000237,1,0,8,600,106.5,103.29,100.0,1,11
1,pat67,d1683890P0421315C_RL_B0Fmm00_PB0PCcZNC0909_B64mA1la0R0vxxxxxx_000A07fBIsc_xBCxxxXxxFgxxn_DQ02_FRM_DivSZ_55000237,1,1,9,600,106.0,102.75,99.5,1,11
1,pat67,d1683890P0421315C_RL_B0Fmm00_PB0PCcZNC0909_B64mA1la0R0vxxxxxx_000A07fBIsc_xBCxxxXxxFgxxn_DQ02_FRM_DivSZ_55000237,1,2,10,600,101.5,100.07,98.5,1,8
1,pat67,d1683890P0421315C_RL_B0Fmm00_PB0PCcZNC0909_B64mA1la0R0vxxxxxx_000A07fBIsc_xBCxxxXxxFgxxn_DQ02_FRM_DivSZ_55000237,1,3,11,600,101.0,99.91,98.5,0,0
1,pat67,d1683890P0421315C_RL_B0Fmm00_PB0PCcZNC0909_B64mA1la0R0vxxxxxx_000A07fBIsc_xBCxxxXxxFgxxn_DQ02_FRM_DivSZ_55000237,1,4,12,600,107.0,103.35,100.5,1,11
1,pat67,d1683890P0421315C_RL_B0Fmm00_PB0PCcZNC0909_B64mA1la0R0vxxxxxx_000A07fBIsc_xBCxxxXxxFgxxn_DQ02_FRM_DivSZ_55000237,1,5,13,600,107.0,103.78,100.0,1,2
1,pat67,d1683890P0421315C_RL_B0Fmm00_PB0PCcZNC0909_B64mA1la0R0vxxxxxx_000A07fBIsc_xBCxxxXxxFgxxn_DQ02_FRM_DivSZ_55000237,1,6,14,600,102.5,100.71,98.5,0,8
1,pat67,d1683890P0421315C_RL_B0Fmm00_PB0PCcZNC0909_B64mA1la0R0vxxxxxx_000A07fBIsc_xBCxxxXxxFgxxn_DQ02_FRM_DivSZ_55000237,1,7,15,600,101.5,99.76,97.5,0,8
1,pat67,d1683890P0421315C_RL_B0Fmm00_PB0PCcZNC0909_B64mA1la0R0vxxxxxx_000A07fBIsc_xBCxxxXxxFgxxn_DQ02_FRM_DivSZ_55000237,2,0,16,600,108.0,104.6,101.0,1,11
1,pat67,d1683890P0421315C_RL_B0Fmm00_PB0PCcZNC0909_B64mA1la0R0vxxxxxx_000A07fBIsc_xBCxxxXxxFgxxn_DQ02_FRM_DivSZ_55000237,2,1,17,600,109.5,105.03,101.5,1,2
1,pat67,d1683890P0421315C_RL_B0Fmm00_PB0PCcZNC0909_B64mA1la0R0vxxxxxx_000A07fBIsc_xBCxxxXxxFgxxn_DQ02_FRM_DivSZ_55000237,2,2,18,600,103.0,100.72,99.5,1,14
1,pat67,d1683890P0421315C_RL_B0Fmm00_PB0PCcZNC0909_B64mA1la0R0vxxxxxx_000A07fBIsc_xBCxxxXxxFgxxn_DQ02_FRM_DivSZ_55000237,2,3,19,600,102.0,100.59,99.0,1,5
1,pat67,d1683890P0421315C_RL_B0Fmm00_PB0PCcZNC0909_B64mA1la0R0vxxxxxx_000A07fBIsc_xBCxxxXxxFgxxn_DQ02_FRM_DivSZ_55000237,2,4,20,600,109.5,103.94,101.0,1,11
1,pat67,d1683890P0421315C_RL_B0Fmm00_PB0PCcZNC0909_B64mA1la0R0vxxxxxx_000A07fBIsc_xBCxxxXxxFgxxn_DQ02_FRM_DivSZ_55000237,2,5,21,600,107.5,104.35,101.5,1,2
1,pat67,d1683890P0421315C_RL_B0Fmm00_PB0PCcZNC0909_B64mA1la0R0vxxxxxx_000A07fBIsc_xBCxxxXxxFgxxn_DQ02_FRM_DivSZ_55000237,2,6,22,600,103.5,101.07,99.0,0,8
1,pat67,d1683890P0421315C_RL_B0Fmm00_PB0PCcZNC0909_B64mA1la0R0vxxxxxx_000A07fBIsc_xBCxxxXxxFgxxn_DQ02_FRM_DivSZ_55000237,2,7,23,600,101.5,100.16,98.5,1,6
1,pat67,d1683890P0421315C_RL_B0Fmm00_PB0PCcZNC0909_B64mA1la0R0vxxxxxx_000A07fBIsc_xBCxxxXxxFgxxn_DQ02_FRM_DivSZ_55000237,3,0,24,600,105.0,103.19,101.0,0,9
1,pat67,d1683890P0421315C_RL_B0Fmm00_PB0PCcZNC0909_B64mA1la0R0vxxxxxx_000A07fBIsc_xBCxxxXxxFgxxn_DQ02_FRM_DivSZ_55000237,3,1,25,600,105.0,103.11,101.0,0,11
1,pat67,d1683890P0421315C_RL_B0Fmm00_PB0PCcZNC0909_B64mA1la0R0vxxxxxx_000A07fBIsc_xBCxxxXxxFgxxn_DQ02_FRM_DivSZ_55000237,3,2,26,600,103.0,101.31,99.5,0,8
1,pat67,d1683890P0421315C_RL_B0Fmm00_PB0PCcZNC0909_B64mA1la0R0vxxxxxx_000A07fBIsc_xBCxxxXxxFgxxn_DQ02_FRM_DivSZ_55000237,3,3,27,600,102.5,100.81,99.5,0,8
1,pat67,d1683890P0421315C_RL_B0Fmm00_PB0PCcZNC0909_B64mA1la0R0vxxxxxx_000A07fBIsc_xBCxxxXxxFgxxn_DQ02_FRM_DivSZ_55000237,3,4,28,600,109.0,104.2,100.5,1,2
1,pat67,d1683890P0421315C_RL_B0Fmm00_PB0PCcZNC0909_B64mA1la0R0vxxxxxx_000A07fBIsc_xBCxxxXxxFgxxn_DQ02_FRM_DivSZ_55000237,3,5,29,600,106.0,103.58,101.5,1,11
1,pat67,d1683890P0421315C_RL_B0Fmm00_PB0PCcZNC0909_B64mA1la0R0vxxxxxx_000A07fBIsc_xBCxxxXxxFgxxn_DQ02_FRM_DivSZ_55000237,3,6,30,600,103.0,101.39,100.0,0,6
1,pat67,d1683890P0421315C_RL_B0Fmm00_PB0PCcZNC0909_B64mA1la0R0vxxxxxx_000A07fBIsc_xBCxxxXxxFgxxn_DQ02_FRM_DivSZ_55000237,3,7,31,600,103.5,101.02,99.5,0,8
1,pat68,d1700269P0421931C_RL_B0Fmm00_PB0PCcZNC0909_B64mA1la0R0vxxxxxx_000A07fBIsc_xBCxxxXxxFgxxn_DQ02_Blender_Z1J_55100078,0,0,0,600,110.0,105.85,100.0,1,2
1,pat68,d1700269P0421931C_RL_B0Fmm00_PB0PCcZNC0909_B64mA1la0R0vxxxxxx_000A07fBIsc_xBCxxxXxxFgxxn_DQ02_Blender_Z1J_55100078,0,1,1,600,111.0,106.57,101.0,1,2
1,pat68,d1700269P0421931C_RL_B0Fmm00_PB0PCcZNC0909_B64mA1la0R0vxxxxxx_000A07fBIsc_xBCxxxXxxFgxxn_DQ02_Blender_Z1J_55100078,0,2,2,600,102.5,101.09,99.5,0,14
1,pat68,d1700269P0421931C_RL_B0Fmm00_PB0PCcZNC0909_B64mA1la0R0vxxxxxx_000A07fBIsc_xBCxxxXxxFgxxn_DQ02_Blender_Z1J_55100078,0,3,3,600,102.0,99.7,98.0,0,8
1,pat68,d1700269P0421931C_RL_B0Fmm00_PB0PCcZNC0909_B64mA1la0R0vxxxxxx_000A07fBIsc_xBCxxxXxxFgxxn_DQ02_Blender_Z1J_55100078,0,4,4,600,112.5,106.63,102.0,1,11
1,pat68,d1700269P0421931C_RL_B0Fmm00_PB0PCcZNC0909_B64mA1la0R0vxxxxxx_000A07fBIsc_xBCxxxXxxFgxxn_DQ02_Blender_Z1J_55100078,0,5,5,600,112.0,107.33,102.5,1,2
1,pat68,d1700269P0421931C_RL_B0Fmm00_PB0PCcZNC0909_B64mA1la0R0vxxxxxx_000A07fBIsc_xBCxxxXxxFgxxn_DQ02_Blender_Z1J_55100078,0,6,6,600,103.0,101.47,99.0,0,9
1,pat68,d1700269P0421931C_RL_B0Fmm00_PB0PCcZNC0909_B64mA1la0R0vxxxxxx_000A07fBIsc_xBCxxxXxxFgxxn_DQ02_Blender_Z1J_55100078,0,7,7,600,101.5,100.16,98.0,0,6
1,pat68,d1700269P0421931C_RL_B0Fmm00_PB0PCcZNC0909_B64mA1la0R0vxxxxxx_000A07fBIsc_xBCxxxXxxFgxxn_DQ02_Blender_Z1J_55100078,1,0,8,600,109.5,106.09,101.5,1,11
1,pat68,d1700269P0421931C_RL_B0Fmm00_PB0PCcZNC0909_B64mA1la0R0vxxxxxx_000A07fBIsc_xBCxxxXxxFgxxn_DQ02_Blender_Z1J_55100078,1,1,9,600,108.5,105.14,101.0,0,13
1,pat68,d1700269P0421931C_RL_B0Fmm00_PB0PCcZNC0909_B64mA1la0R0vxxxxxx_000A07fBIsc_xBCxxxXxxFgxxn_DQ02_Blender_Z1J_55100078,1,2,10,600,103.0,101.3,99.0,1,2
1,pat68,d1700269P0421931C_RL_B0Fmm00_PB0PCcZNC0909_B64mA1la0R0vxxxxxx_000A07fBIsc_xBCxxxXxxFgxxn_DQ02_Blender_Z1J_55100078,1,3,11,600,103.0,100.96,98.5,0,8
1,pat68,d1700269P0421931C_RL_B0Fmm00_PB0PCcZNC0909_B64mA1la0R0vxxxxxx_000A07fBIsc_xBCxxxXxxFgxxn_DQ02_Blender_Z1J_55100078,1,4,12,600,109.5,105.66,101.5,1,11
1,pat68,d1700269P0421931C_RL_B0Fmm00_PB0PCcZNC0909_B64mA1la0R0vxxxxxx_000A07fBIsc_xBCxxxXxxFgxxn_DQ02_Blender_Z1J_55100078,1,5,13,600,109.0,106.22,102.0,1,2
1,pat68,d1700269P0421931C_RL_B0Fmm00_PB0PCcZNC0909_B64mA1la0R0vxxxxxx_000A07fBIsc_xBCxxxXxxFgxxn_DQ02_Blender_Z1J_55100078,1,6,14,600,104.5,102.07,99.0,0,8
1,pat68,d1700269P0421931C_RL_B0Fmm00_PB0PCcZNC0909_B64mA1la0R0vxxxxxx_000A07fBIsc_xBCxxxXxxFgxxn_DQ02_Blender_Z1J_55100078,1,7,15,600,103.0,100.67,97.5,0,8
1,pat68,d1700269P0421931C_RL_B0Fmm00_PB0PCcZNC0909_B64mA1la0R0vxxxxxx_000A07fBIsc_xBCxxxXxxFgxxn_DQ02_Blender_Z1J_55100078,2,0,16,600,109.5,106.72,102.5,1,11
1,pat68,d1700269P0421931C_RL_B0Fmm00_PB0PCcZNC0909_B64mA1la0R0vxxxxxx_000A07fBIsc_xBCxxxXxxFgxxn_DQ02_Blender_Z1J_55100078,2,1,17,600,110.5,107.09,103.0,1,2
1,pat68,d1700269P0421931C_RL_B0Fmm00_PB0PCcZNC0909_B64mA1la0R0vxxxxxx_000A07fBIsc_xBCxxxXxxFgxxn_DQ02_Blender_Z1J_55100078,2,2,18,600,104.5,102.11,100.0,1,14
1,pat68,d1700269P0421931C_RL_B0Fmm00_PB0PCcZNC0909_B64mA1la0R0vxxxxxx_000A07fBIsc_xBCxxxXxxFgxxn_DQ02_Blender_Z1J_55100078,2,3,19,600,103.0,101.4,99.5,1,4
1,pat68,d1700269P0421931C_RL_B0Fmm00_PB0PCcZNC0909_B64mA1la0R0vxxxxxx_000A07fBIsc_xBCxxxXxxFgxxn_DQ02_Blender_Z1J_55100078,2,4,20,600,110.5,105.61,101.5,1,11
1,pat68,d1700269P0421931C_RL_B0Fmm00_PB0PCcZNC0909_B64mA1la0R0vxxxxxx_000A07fBIsc_xBCxxxXxxFgxxn_DQ02_Blender_Z1J_55100078,2,5,21,600,109.0,106.0,102.5,1,11
1,pat68,d1700269P0421931C_RL_B0Fmm00_PB0PCcZNC0909_B64mA1la0R0vxxxxxx_000A07fBIsc_xBCxxxXxxFgxxn_DQ02_Blender_Z1J_55100078,2,6,22,600,105.5,102.11,99.5,0,8
1,pat68,d1700269P0421931C_RL_B0Fmm00_PB0PCcZNC0909_B64mA1la0R0vxxxxxx_000A07fBIsc_xBCxxxXxxFgxxn_DQ02_Blender_Z1J_55100078,2,7,23,600,103.0,100.96,98.5,1,8
1,pat68,d1700269P0421931C_RL_B0Fmm00_PB0PCcZNC0909_B64mA1la0R0vxxxxxx_000A07fBIsc_xBCxxxXxxFgxxn_DQ02_Blender_Z1J_55100078,3,0,24,600,107.0,104.8,102.0,1,11
1,pat68,d1700269P0421931C_RL_B0Fmm00_PB0PCcZNC0909_B64mA1la0R0vxxxxxx_000A07fBIsc_xBCxxxXxxFgxxn_DQ02_Blender_Z1J_55100078,3,1,25,600,106.5,104.41,101.5,0,13
1,pat68,d1700269P0421931C_RL_B0Fmm00_PB0PCcZNC0909_B64mA1la0R0vxxxxxx_000A07fBIsc_xBCxxxXxxFgxxn_DQ02_Blender_Z1J_55100078,3,2,26,600,104.0,102.36,100.5,0,6
1,pat68,d1700269P0421931C_RL_B0Fmm00_PB0PCcZNC0909_B64mA1la0R0vxxxxxx_000A07fBIsc_xBCxxxXxxFgxxn_DQ02_Blender_Z1J_55100078,3,3,27,600,103.5,101.39,99.5,0,8
1,pat68,d1700269P0421931C_RL_B0Fmm00_PB0PCcZNC0909_B64mA1la0R0vxxxxxx_000A07fBIsc_xBCxxxXxxFgxxn_DQ02_Blender_Z1J_55100078,3,4,28,600,110.0,106.38,101.0,1,2
1,pat68,d1700269P0421931C_RL_B0Fmm00_PB0PCcZNC0909_B64mA1la0R0vxxxxxx_000A07fBIsc_xBCxxxXxxFgxxn_DQ02_Blender_Z1J_55100078,3,5,29,600,107.5,105.14,102.5,1,13
1,pat68,d1700269P0421931C_RL_B0Fmm00_PB0PCcZNC0909_B64mA1la0R0vxxxxxx_000A07fBIsc_xBCxxxXxxFgxxn_DQ02_Blender_Z1J_55100078,3,6,30,600,104.0,102.11,100.5,0,8
1,pat68,d1700269P0421931C_RL_B0Fmm00_PB0PCcZNC0909_B64mA1la0R0vxxxxxx_000A07fBIsc_xBCxxxXxxFgxxn_DQ02_Blender_Z1J_55100078,3,7,31,600,104.0,101.66,99.5,0,8
1,pat69,d1684500P0421635C_No_B0Fmm00_PB0PCcZNC0909_B64mA1la0R0vxxxxxx_000A07fBIsc_xBCxxxXxxFgxxn_DQ02_Scylla_NDX_55000314,0,0,0,600,108.0,103.28,99.0,1,2
1,pat69,d1684500P0421635C_No_B0Fmm00_PB0PCcZNC0909_B64mA1la0R0vxxxxxx_000A07fBIsc_xBCxxxXxxFgxxn_DQ02_Scylla_NDX_55000314,0,1,1,600,110.5,103.68,100.0,1,2
1,pat69,d1684500P0421635C_No_B0Fmm00_PB0PCcZNC0909_B64mA1la0R0vxxxxxx_000A07fBIsc_xBCxxxXxxFgxxn_DQ02_Scylla_NDX_55000314,0,2,2,600,102.0,100.28,99.0,0,8
1,pat69,d1684500P0421635C_No_B0Fmm00_PB0PCcZNC0909_B64mA1la0R0vxxxxxx_000A07fBIsc_xBCxxxXxxFgxxn_DQ02_Scylla_NDX_55000314,0,3,3,600,101.5,99.31,98.0,0,14
1,pat69,d1684500P0421635C_No_B0Fmm00_PB0PCcZNC0909_B64mA1la0R0vxxxxxx_000A07fBIsc_xBCxxxXxxFgxxn_DQ02_Scylla_NDX_55000314,0,4,4,600,108.5,103.94,100.5,1,2
1,pat69,d1684500P0421635C_No_B0Fmm00_PB0PCcZNC0909_B64mA1la0R0vxxxxxx_000A07fBIsc_xBCxxxXxxFgxxn_DQ02_Scylla_NDX_55000314,0,5,5,600,109.0,104.54,100.5,1,2
1,pat69,d1684500P0421635C_No_B0Fmm00_PB0PCcZNC0909_B64mA1la0R0vxxxxxx_000A07fBIsc_xBCxxxXxxFgxxn_DQ02_Scylla_NDX_55000314,0,6,6,600,102.5,100.49,99.0,0,8
1,pat69,d1684500P0421635C_No_B0Fmm00_PB0PCcZNC0909_B64mA1la0R0vxxxxxx_000A07fBIsc_xBCxxxXxxFgxxn_DQ02_Scylla_NDX_55000314,0,7,7,600,101.0,99.73,98.0,0,14
1,pat69,d1684500P0421635C_No_B0Fmm00_PB0PCcZNC0909_B64mA1la0R0vxxxxxx_000A07fBIsc_xBCxxxXxxFgxxn_DQ02_Scylla_NDX_55000314,1,0,8,600,106.5,103.33,100.5,0,2
1,pat69,d1684500P0421635C_No_B0Fmm00_PB0PCcZNC0909_B64mA1la0R0vxxxxxx_000A07fBIsc_xBCxxxXxxFgxxn_DQ02_Scylla_NDX_55000314,1,1,9,600,106.5,102.9,99.5,1,2
1,pat69,d1684500P0421635C_No_B0Fmm00_PB0PCcZNC0909_B64mA1la0R0vxxxxxx_000A07fBIsc_xBCxxxXxxFgxxn_DQ02_Scylla_NDX_55000314,1,2,10,600,102.5,100.47,98.5,0,8
1,pat69,d1684500P0421635C_No_B0Fmm00_PB0PCcZNC0909_B64mA1la0R0vxxxxxx_000A07fBIsc_xBCxxxXxxFgxxn_DQ02_Scylla_NDX_55000314,1,3,11,600,102.5,100.61,99.0,0,8
1,pat69,d1684500P0421635C_No_B0Fmm00_PB0PCcZNC0909_B64mA1la0R0vxxxxxx_000A07fBIsc_xBCxxxXxxFgxxn_DQ02_Scylla_NDX_55000314,1,4,12,600,106.5,103.38,101.0,0,11
1,pat69,d1684500P0421635C_No_B0Fmm00_PB0PCcZNC0909_B64mA1la0R0vxxxxxx_000A07fBIsc_xBCxxxXxxFgxxn_DQ02_Scylla_NDX_55000314,1,5,13,600,108.0,104.03,100.5,0,2
1,pat69,d1684500P0421635C_No_B0Fmm00_PB0PCcZNC0909_B64mA1la0R0vxxxxxx_000A07fBIsc_xBCxxxXxxFgxxn_DQ02_Scylla_NDX_55000314,1,6,14,600,103.5,101.22,98.5,0,8
1,pat69,d1684500P0421635C_No_B0Fmm00_PB0PCcZNC0909_B64mA1la0R0vxxxxxx_000A07fBIsc_xBCxxxXxxFgxxn_DQ02_Scylla_NDX_55000314,1,7,15,600,103.0,100.39,98.5,0,8
1,pat69,d1684500P0421635C_No_B0Fmm00_PB0PCcZNC0909_B64mA1la0R0vxxxxxx_000A07fBIsc_xBCxxxXxxFgxxn_DQ02_Scylla_NDX_55000314,2,0,16,600,108.0,104.77,101.0,1,2
1,pat69,d1684500P0421635C_No_B0Fmm00_PB0PCcZNC0909_B64mA1la0R0vxxxxxx_000A07fBIsc_xBCxxxXxxFgxxn_DQ02_Scylla_NDX_55000314,2,1,17,600,109.5,105.1,101.5,1,2
1,pat69,d1684500P0421635C_No_B0Fmm00_PB0PCcZNC0909_B64mA1la0R0vxxxxxx_000A07fBIsc_xBCxxxXxxFgxxn_DQ02_Scylla_NDX_55000314,2,2,18,600,103.5,101.43,99.5,0,7
1,pat69,d1684500P0421635C_No_B0Fmm00_PB0PCcZNC0909_B64mA1la0R0vxxxxxx_000A07fBIsc_xBCxxxXxxFgxxn_DQ02_Scylla_NDX_55000314,2,3,19,600,102.5,101.01,99.0,0,8
1,pat69,d1684500P0421635C_No_B0Fmm00_PB0PCcZNC0909_B64mA1la0R0vxxxxxx_000A07fBIsc_xBCxxxXxxFgxxn_DQ02_Scylla_NDX_55000314,2,4,20,600,109.0,104.02,101.5,1,11
1,pat69,d1684500P0421635C_No_B0Fmm00_PB0PCcZNC0909_B64mA1la0R0vxxxxxx_000A07fBIsc_xBCxxxXxxFgxxn_DQ02_Scylla_NDX_55000314,2,5,21,600,108.0,104.69,101.5,1,2
1,pat69,d1684500P0421635C_No_B0Fmm00_PB0PCcZNC0909_B64mA1la0R0vxxxxxx_000A07fBIsc_xBCxxxXxxFgxxn_DQ02_Scylla_NDX_55000314,2,6,22,600,104.5,101.6,99.5,0,8
1,pat69,d1684500P0421635C_No_B0Fmm00_PB0PCcZNC0909_B64mA1la0R0vxxxxxx_000A07fBIsc_xBCxxxXxxFgxxn_DQ02_Scylla_NDX_55000314,2,7,23,600,102.5,100.6,98.5,0,8
1,pat69,d1684500P0421635C_No_B0Fmm00_PB0PCcZNC0909_B64mA1la0R0vxxxxxx_000A07fBIsc_xBCxxxXxxFgxxn_DQ02_Scylla_NDX_55000314,3,0,24,600,105.5,103.27,100.5,1,2
1,pat69,d1684500P0421635C_No_B0Fmm00_PB0PCcZNC0909_B64mA1la0R0vxxxxxx_000A07fBIsc_xBCxxxXxxFgxxn_DQ02_Scylla_NDX_55000314,3,1,25,600,105.0,103.27,101.0,0,1
1,pat69,d1684500P0421635C_No_B0Fmm00_PB0PCcZNC0909_B64mA1la0R0vxxxxxx_000A07fBIsc_xBCxxxXxxFgxxn_DQ02_Scylla_NDX_55000314,3,2,26,600,104.0,101.89,99.5,0,6
1,pat69,d1684500P0421635C_No_B0Fmm00_PB0PCcZNC0909_B64mA1la0R0vxxxxxx_000A07fBIsc_xBCxxxXxxFgxxn_DQ02_Scylla_NDX_55000314,3,3,27,600,103.5,101.24,99.5,0,8
1,pat69,d1684500P0421635C_No_B0Fmm00_PB0PCcZNC0909_B64mA1la0R0vxxxxxx_000A07fBIsc_xBCxxxXxxFgxxn_DQ02_Scylla_NDX_55000314,3,4,28,600,109.5,104.38,100.5,1,2
1,pat69,d1684500P0421635C_No_B0Fmm00_PB0PCcZNC0909_B64mA1la0R0vxxxxxx_000A07fBIsc_xBCxxxXxxFgxxn_DQ02_Scylla_NDX_55000314,3,5,29,600,106.0,103.7,101.5,1,0
1,pat69,d1684500P0421635C_No_B0Fmm00_PB0PCcZNC0909_B64mA1la0R0vxxxxxx_000A07fBIsc_xBCxxxXxxFgxxn_DQ02_Scylla_NDX_55000314,3,6,30,600,103.5,101.79,100.0,0,8
1,pat69,d1684500P0421635C_No_B0Fmm00_PB0PCcZNC0909_B64mA1la0R0vxxxxxx_000A07fBIsc_xBCxxxXxxFgxxn_DQ02_Scylla_NDX_55000314,3,7,31,600,104.0,101.5,100.0,0,8
1,pat70,d1700431P0421837C_RL_B0Fmm00_PB0PCcZNC0909_B64mA1la0R0vxxxxxx_000A07fBIsc_xBCxxxXxxFgxxn_DQ02_Blender_W1J_55100067,0,0,0,600,109.0,103.69,99.0,1,11
1,pat70,d1700431P0421837C_RL_B0Fmm00_PB0PCcZNC0909_B64mA1la0R0vxxxxxx_000A07fBIsc_xBCxxxXxxFgxxn_DQ02_Blender_W1J_55100067,0,1,1,600,110.0,104.16,100.0,1,2
1,pat70,d1700431P0421837C_RL_B0Fmm00_PB0PCcZNC0909_B64mA1la0R0vxxxxxx_000A07fBIsc_xBCxxxXxxFgxxn_DQ02_Blender_W1J_55100067,0,2,2,600,102.0,100.19,99.0,0,14
1,pat70,d1700431P0421837C_RL_B0Fmm00_PB0PCcZNC0909_B64mA1la0R0vxxxxxx_000A07fBIsc_xBCxxxXxxFgxxn_DQ02_Blender_W1J_55100067,0,3,3,600,101.0,99.14,97.5,0,8
1,pat70,d1700431P0421837C_RL_B0Fmm00_PB0PCcZNC0909_B64mA1la0R0vxxxxxx_000A07fBIsc_xBCxxxXxxFgxxn_DQ02_Blender_W1J_55100067,0,4,4,600,110.0,104.18,100.5,1,11
1,pat70,d1700431P0421837C_RL_B0Fmm00_PB0PCcZNC0909_B64mA1la0R0vxxxxxx_000A07fBIsc_xBCxxxXxxFgxxn_DQ02_Blender_W1J_55100067,0,5,5,600,110.5,104.9,100.5,1,11
1,pat70,d1700431P0421837C_RL_B0Fmm00_PB0PCcZNC0909_B64mA1la0R0vxxxxxx_000A07fBIsc_xBCxxxXxxFgxxn_DQ02_Blender_W1J_55100067,0,6,6,600,102.0,100.3,99.0,1,2
1,pat70,d1700431P0421837C_RL_B0Fmm00_PB0PCcZNC0909_B64mA1la0R0vxxxxxx_000A07fBIsc_xBCxxxXxxFgxxn_DQ02_Blender_W1J_55100067,0,7,7,600,100.5,99.47,98.0,0,6
1,pat70,d1700431P0421837C_RL_B0Fmm00_PB0PCcZNC0909_B64mA1la0R0vxxxxxx_000A07fBIsc_xBCxxxXxxFgxxn_DQ02_Blender_W1J_55100067,1,0,8,600,107.0,103.41,100.5,1,9
1,pat70,d1700431P0421837C_RL_B0Fmm00_PB0PCcZNC0909_B64mA1la0R0vxxxxxx_000A07fBIsc_xBCxxxXxxFgxxn_DQ02_Blender_W1J_55100067,1,1,9,600,106.5,103.06,99.5,1,11
1,pat70,d1700431P0421837C_RL_B0Fmm00_PB0PCcZNC0909_B64mA1la0R0vxxxxxx_000A07fBIsc_xBCxxxXxxFgxxn_DQ02_Blender_W1J_55100067,1,2,10,600,101.5,100.24,98.5,1,8
1,pat70,d1700431P0421837C_RL_B0Fmm00_PB0PCcZNC0909_B64mA1la0R0vxxxxxx_000A07fBIsc_xBCxxxXxxFgxxn_DQ02_Blender_W1J_55100067,1,3,11,600,101.5,100.37,98.5,0,8
1,pat70,d1700431P0421837C_RL_B0Fmm00_PB0PCcZNC0909_B64mA1la0R0vxxxxxx_000A07fBIsc_xBCxxxXxxFgxxn_DQ02_Blender_W1J_55100067,1,4,12,600,107.5,103.45,100.5,1,11
1,pat70,d1700431P0421837C_RL_B0Fmm00_PB0PCcZNC0909_B64mA1la0R0vxxxxxx_000A07fBIsc_xBCxxxXxxFgxxn_DQ02_Blender_W1J_55100067,1,5,13,600,108.0,104.19,100.5,1,2
1,pat70,d1700431P0421837C_RL_B0Fmm00_PB0PCcZNC0909_B64mA1la0R0vxxxxxx_000A07fBIsc_xBCxxxXxxFgxxn_DQ02_Blender_W1J_55100067,1,6,14,600,102.5,100.98,98.5,0,1
1,pat70,d1700431P0421837C_RL_B0Fmm00_PB0PCcZNC0909_B64mA1la0R0vxxxxxx_000A07fBIsc_xBCxxxXxxFgxxn_DQ02_Blender_W1J_55100067,1,7,15,600,102.5,100.06,98.0,0,8
1,pat70,d1700431P0421837C_RL_B0Fmm00_PB0PCcZNC0909_B64mA1la0R0vxxxxxx_000A07fBIsc_xBCxxxXxxFgxxn_DQ02_Blender_W1J_55100067,2,0,16,600,108.5,104.84,101.0,1,11
1,pat70,d1700431P0421837C_RL_B0Fmm00_PB0PCcZNC0909_B64mA1la0R0vxxxxxx_000A07fBIsc_xBCxxxXxxFgxxn_DQ02_Blender_W1J_55100067,2,1,17,600,110.0,105.14,101.5,1,2
1,pat70,d1700431P0421837C_RL_B0Fmm00_PB0PCcZNC0909_B64mA1la0R0vxxxxxx_000A07fBIsc_xBCxxxXxxFgxxn_DQ02_Blender_W1J_55100067,2,2,18,600,103.0,101.16,99.5,1,14
1,pat70,d1700431P0421837C_RL_B0Fmm00_PB0PCcZNC0909_B64mA1la0R0vxxxxxx_000A07fBIsc_xBCxxxXxxFgxxn_DQ02_Blender_W1J_55100067,2,3,19,600,102.0,100.75,99.0,1,9
1,pat70,d1700431P0421837C_RL_B0Fmm00_PB0PCcZNC0909_B64mA1la0R0vxxxxxx_000A07fBIsc_xBCxxxXxxFgxxn_DQ02_Blender_W1J_55100067,2,4,20,600,109.5,104.09,101.0,1,11
1,pat70,d1700431P0421837C_RL_B0Fmm00_PB0PCcZNC0909_B64mA1la0R0vxxxxxx_000A07fBIsc_xBCxxxXxxFgxxn_DQ02_Blender_W1J_55100067,2,5,21,600,108.0,104.51,101.5,1,2
1,pat70,d1700431P0421837C_RL_B0Fmm00_PB0PCcZNC0909_B64mA1la0R0vxxxxxx_000A07fBIsc_xBCxxxXxxFgxxn_DQ02_Blender_W1J_55100067,2,6,22,600,103.5,101.26,99.0,0,8
1,pat70,d1700431P0421837C_RL_B0Fmm00_PB0PCcZNC0909_B64mA1la0R0vxxxxxx_000A07fBIsc_xBCxxxXxxFgxxn_DQ02_Blender_W1J_55100067,2,7,23,600,102.0,100.33,98.5,1,8
1,pat70,d1700431P0421837C_RL_B0Fmm00_PB0PCcZNC0909_B64mA1la0R0vxxxxxx_000A07fBIsc_xBCxxxXxxFgxxn_DQ02_Blender_W1J_55100067,3,0,24,600,106.0,103.35,100.5,1,11
1,pat70,d1700431P0421837C_RL_B0Fmm00_PB0PCcZNC0909_B64mA1la0R0vxxxxxx_000A07fBIsc_xBCxxxXxxFgxxn_DQ02_Blender_W1J_55100067,3,1,25,600,105.5,103.21,101.0,0,9
1,pat70,d1700431P0421837C_RL_B0Fmm00_PB0PCcZNC0909_B64mA1la0R0vxxxxxx_000A07fBIsc_xBCxxxXxxFgxxn_DQ02_Blender_W1J_55100067,3,2,26,600,103.5,101.44,99.5,0,6
1,pat70,d1700431P0421837C_RL_B0Fmm00_PB0PCcZNC0909_B64mA1la0R0vxxxxxx_000A07fBIsc_xBCxxxXxxFgxxn_DQ02_Blender_W1J_55100067,3,3,27,600,102.5,101.01,99.5,0,8
1,pat70,d1700431P0421837C_RL_B0Fmm00_PB0PCcZNC0909_B64mA1la0R0vxxxxxx_000A07fBIsc_xBCxxxXxxFgxxn_DQ02_Blender_W1J_55100067,3,4,28,600,109.5,104.4,100.5,1,2
1,pat70,d1700431P0421837C_RL_B0Fmm00_PB0PCcZNC0909_B64mA1la0R0vxxxxxx_000A07fBIsc_xBCxxxXxxFgxxn_DQ02_Blender_W1J_55100067,3,5,29,600,106.5,103.79,101.5,1,11
1,pat70,d1700431P0421837C_RL_B0Fmm00_PB0PCcZNC0909_B64mA1la0R0vxxxxxx_000A07fBIsc_xBCxxxXxxFgxxn_DQ02_Blender_W1J_55100067,3,6,30,600,103.0,101.44,100.0,0,6
1,pat70,d1700431P0421837C_RL_B0Fmm00_PB0PCcZNC0909_B64mA1la0R0vxxxxxx_000A07fBIsc_xBCxxxXxxFgxxn_DQ02_Blender_W1J_55100067,3,7,31,600,103.5,101.1,99.5,0,8
1,pat71,d1684202P0421447C_RL_B0Fmm00_PB0PCcZNC0909_B64mA1la0R0vxxxxxx_000A07fBIsc_xBCxxxXxxFgxxn_DQ02_Frenzy_Y_5500021A,0,0,0,600,109.0,103.8,99.5,1,11
1,pat71,d1684202P0421447C_RL_B0Fmm00_PB0PCcZNC0909_B64mA1la0R0vxxxxxx_000A07fBIsc_xBCxxxXxxFgxxn_DQ02_Frenzy_Y_5500021A,0,1,1,600,110.0,104.4,100.0,1,2
1,pat71,d1684202P0421447C_RL_B0Fmm00_PB0PCcZNC0909_B64mA1la0R0vxxxxxx_000A07fBIsc_xBCxxxXxxFgxxn_DQ02_Frenzy_Y_5500021A,0,2,2,600,101.5,100.47,99.5,0,14
1,pat71,d1684202P0421447C_RL_B0Fmm00_PB0PCcZNC0909_B64mA1la0R0vxxxxxx_000A07fBIsc_xBCxxxXxxFgxxn_DQ02_Frenzy_Y_5500021A,0,3,3,600,101.0,99.31,98.0,0,8
1,pat71,d1684202P0421447C_RL_B0Fmm00_PB0PCcZNC0909_B64mA1la0R0vxxxxxx_000A07fBIsc_xBCxxxXxxFgxxn_DQ02_Frenzy_Y_5500021A,0,4,4,600,109.5,104.4,101.0,1,11
1,pat71,d1684202P0421447C_RL_B0Fmm00_PB0PCcZNC0909_B64mA1la0R0vxxxxxx_000A07fBIsc_xBCxxxXxxFgxxn_DQ02_Frenzy_Y_5500021A,0,5,5,600,109.5,105.16,101.0,1,11
1,pat71,d1684202P0421447C_RL_B0Fmm00_PB0PCcZNC0909_B64mA1la0R0vxxxxxx_000A07fBIsc_xBCxxxXxxFgxxn_DQ02_Frenzy_Y_5500021A,0,6,6,600,102.5,100.69,99.0,0,8
1,pat71,d1684202P0421447C_RL_B0Fmm00_PB0PCcZNC0909_B64mA1la0R0vxxxxxx_000A07fBIsc_xBCxxxXxxFgxxn_DQ02_Frenzy_Y_5500021A,0,7,7,600,101.0,99.74,98.0,1,8
1,pat71,d1684202P0421447C_RL_B0Fmm00_PB0PCcZNC0909_B64mA1la0R0vxxxxxx_000A07fBIsc_xBCxxxXxxFgxxn_DQ02_Frenzy_Y_5500021A,1,0,8,600,106.5,103.58,100.5,1,11
1,pat71,d1684202P0421447C_RL_B0Fmm00_PB0PCcZNC0909_B64mA1la0R0vxxxxxx_000A07fBIsc_xBCxxxXxxFgxxn_DQ02_Frenzy_Y_5500021A,1,1,9,600,106.0,103.18,100.5,1,2
1,pat71,d1684202P0421447C_RL_B0Fmm00_PB0PCcZNC0909_B64mA1la0R0vxxxxxx_000A07fBIsc_xBCxxxXxxFgxxn_DQ02_Frenzy_Y_5500021A,1,2,10,600,102.0,100.53,99.0,0,8
1,pat71,d1684202P0421447C_RL_B0Fmm00_PB0PCcZNC0909_B64mA1la0R0vxxxxxx_000A07fBIsc_xBCxxxXxxFgxxn_DQ02_Frenzy_Y_5500021A,1,3,11,600,101.5,100.53,99.0,0,8
1,pat71,d1684202P0421447C_RL_B0Fmm00_PB0PCcZNC0909_B64mA1la0R0vxxxxxx_000A07fBIsc_xBCxxxXxxFgxxn_DQ02_Frenzy_Y_5500021A,1,4,12,600,107.5,103.58,101.0,1,11
1,pat71,d1684202P0421447C_RL_B0Fmm00_PB0PCcZNC0909_B64mA1la0R0vxxxxxx_000A07fBIsc_xBCxxxXxxFgxxn_DQ02_Frenzy_Y_5500021A,1,5,13,600,107.5,104.25,101.0,1,2
1,pat71,d1684202P0421447C_RL_B0Fmm00_PB0PCcZNC0909_B64mA1la0R0vxxxxxx_000A07fBIsc_xBCxxxXxxFgxxn_DQ02_Frenzy_Y_5500021A,1,6,14,600,103.0,101.24,98.5,0,8
1,pat71,d1684202P0421447C_RL_B0Fmm00_PB0PCcZNC0909_B64mA1la0R0vxxxxxx_000A07fBIsc_xBCxxxXxxFgxxn_DQ02_Frenzy_Y_5500021A,1,7,15,600,102.5,100.25,98.0,0,8
1,pat71,d1684202P0421447C_RL_B0Fmm00_PB0PCcZNC0909_B64mA1la0R0vxxxxxx_000A07fBIsc_xBCxxxXxxFgxxn_DQ02_Frenzy_Y_5500021A,2,0,16,600,108.0,104.84,101.5,1,11
1,pat71,d1684202P0421447C_RL_B0Fmm00_PB0PCcZNC0909_B64mA1la0R0vxxxxxx_000A07fBIsc_xBCxxxXxxFgxxn_DQ02_Frenzy_Y_5500021A,2,1,17,600,109.5,105.28,101.5,1,2
1,pat71,d1684202P0421447C_RL_B0Fmm00_PB0PCcZNC0909_B64mA1la0R0vxxxxxx_000A07fBIsc_xBCxxxXxxFgxxn_DQ02_Frenzy_Y_5500021A,2,2,18,600,103.0,101.23,100.0,1,14
1,pat71,d1684202P0421447C_RL_B0Fmm00_PB0PCcZNC0909_B64mA1la0R0vxxxxxx_000A07fBIsc_xBCxxxXxxFgxxn_DQ02_Frenzy_Y_5500021A,2,3,19,600,102.5,100.94,99.0,1,11
1,pat71,d1684202P0421447C_RL_B0Fmm00_PB0PCcZNC0909_B64mA1la0R0vxxxxxx_000A07fBIsc_xBCxxxXxxFgxxn_DQ02_Frenzy_Y_5500021A,2,4,20,600,109.5,104.03,101.0,1,11
1,pat71,d1684202P0421447C_RL_B0Fmm00_PB0PCcZNC0909_B64mA1la0R0vxxxxxx_000A07fBIsc_xBCxxxXxxFgxxn_DQ02_Frenzy_Y_5500021A,2,5,21,600,108.0,104.59,101.5,1,2
1,pat71,d1684202P0421447C_RL_B0Fmm00_PB0PCcZNC0909_B64mA1la0R0vxxxxxx_000A07fBIsc_xBCxxxXxxFgxxn_DQ02_Frenzy_Y_5500021A,2,6,22,600,104.0,101.42,99.5,0,8
1,pat71,d1684202P0421447C_RL_B0Fmm00_PB0PCcZNC0909_B64mA1la0R0vxxxxxx_000A07fBIsc_xBCxxxXxxFgxxn_DQ02_Frenzy_Y_5500021A,2,7,23,600,102.0,100.55,99.0,1,4
1,pat71,d1684202P0421447C_RL_B0Fmm00_PB0PCcZNC0909_B64mA1la0R0vxxxxxx_000A07fBIsc_xBCxxxXxxFgxxn_DQ02_Frenzy_Y_5500021A,3,0,24,600,105.0,103.31,101.0,1,9
1,pat71,d1684202P0421447C_RL_B0Fmm00_PB0PCcZNC0909_B64mA1la0R0vxxxxxx_000A07fBIsc_xBCxxxXxxFgxxn_DQ02_Frenzy_Y_5500021A,3,1,25,600,105.0,103.19,101.0,1,11
1,pat71,d1684202P0421447C_RL_B0Fmm00_PB0PCcZNC0909_B64mA1la0R0vxxxxxx_000A07fBIsc_xBCxxxXxxFgxxn_DQ02_Frenzy_Y_5500021A,3,2,26,600,103.0,101.66,100.0,0,6
1,pat71,d1684202P0421447C_RL_B0Fmm00_PB0PCcZNC0909_B64mA1la0R0vxxxxxx_000A07fBIsc_xBCxxxXxxFgxxn_DQ02_Frenzy_Y_5500021A,3,3,27,600,103.0,101.08,99.5,0,8
1,pat71,d1684202P0421447C_RL_B0Fmm00_PB0PCcZNC0909_B64mA1la0R0vxxxxxx_000A07fBIsc_xBCxxxXxxFgxxn_DQ02_Frenzy_Y_5500021A,3,4,28,600,109.0,104.34,100.5,1,2
1,pat71,d1684202P0421447C_RL_B0Fmm00_PB0PCcZNC0909_B64mA1la0R0vxxxxxx_000A07fBIsc_xBCxxxXxxFgxxn_DQ02_Frenzy_Y_5500021A,3,5,29,600,106.0,103.74,101.5,1,11
1,pat71,d1684202P0421447C_RL_B0Fmm00_PB0PCcZNC0909_B64mA1la0R0vxxxxxx_000A07fBIsc_xBCxxxXxxFgxxn_DQ02_Frenzy_Y_5500021A,3,6,30,600,105.0,101.53,100.0,0,14
1,pat71,d1684202P0421447C_RL_B0Fmm00_PB0PCcZNC0909_B64mA1la0R0vxxxxxx_000A07fBIsc_xBCxxxXxxFgxxn_DQ02_Frenzy_Y_5500021A,3,7,31,600,103.5,101.24,99.5,0,8
1,pat72,d1684292P0421648C_Nw_B0Fmm00_PB0PCcZNC0909_B64mA1la0R0vxxxxxx_000A07fBIsc_xBCxxxXxxFgxxn_DQ02_Scylla_NDY_55000315,0,0,0,600,108.5,104.07,99.5,1,11
1,pat72,d1684292P0421648C_Nw_B0Fmm00_PB0PCcZNC0909_B64mA1la0R0vxxxxxx_000A07fBIsc_xBCxxxXxxFgxxn_DQ02_Scylla_NDY_55000315,0,1,1,600,110.0,104.74,100.5,1,11
1,pat72,d1684292P0421648C_Nw_B0Fmm00_PB0PCcZNC0909_B64mA1la0R0vxxxxxx_000A07fBIsc_xBCxxxXxxFgxxn_DQ02_Scylla_NDY_55000315,0,2,2,600,102.5,100.78,100.0,0,8
1,pat72,d1684292P0421648C_Nw_B0Fmm00_PB0PCcZNC0909_B64mA1la0R0vxxxxxx_000A07fBIsc_xBCxxxXxxFgxxn_DQ02_Scylla_NDY_55000315,0,3,3,600,101.5,99.6,98.0,0,8
1,pat72,d1684292P0421648C_Nw_B0Fmm00_PB0PCcZNC0909_B64mA1la0R0vxxxxxx_000A07fBIsc_xBCxxxXxxFgxxn_DQ02_Scylla_NDY_55000315,0,4,4,600,110.0,104.78,101.5,1,11
1,pat72,d1684292P0421648C_Nw_B0Fmm00_PB0PCcZNC0909_B64mA1la0R0vxxxxxx_000A07fBIsc_xBCxxxXxxFgxxn_DQ02_Scylla_NDY_55000315,0,5,5,600,110.5,105.55,101.5,1,11
1,pat72,d1684292P0421648C_Nw_B0Fmm00_PB0PCcZNC0909_B64mA1la0R0vxxxxxx_000A07fBIsc_xBCxxxXxxFgxxn_DQ02_Scylla_NDY_55000315,0,6,6,600,102.5,100.92,99.0,0,8
1,pat72,d1684292P0421648C_Nw_B0Fmm00_PB0PCcZNC0909_B64mA1la0R0vxxxxxx_000A07fBIsc_xBCxxxXxxFgxxn_DQ02_Scylla_NDY_55000315,0,7,7,600,101.0,99.85,98.5,0,6
1,pat72,d1684292P0421648C_Nw_B0Fmm00_PB0PCcZNC0909_B64mA1la0R0vxxxxxx_000A07fBIsc_xBCxxxXxxFgxxn_DQ02_Scylla_NDY_55000315,1,0,8,600,107.0,104.12,101.0,1,11
1,pat72,d1684292P0421648C_Nw_B0Fmm00_PB0PCcZNC0909_B64mA1la0R0vxxxxxx_000A07fBIsc_xBCxxxXxxFgxxn_DQ02_Scylla_NDY_55000315,1,1,9,600,106.5,103.7,100.5,0,2
1,pat72,d1684292P0421648C_Nw_B0Fmm00_PB0PCcZNC0909_B64mA1la0R0vxxxxxx_000A07fBIsc_xBCxxxXxxFgxxn_DQ02_Scylla_NDY_55000315,1,2,10,600,102.0,100.77,99.5,1,2
1,pat72,d1684292P0421648C_Nw_B0Fmm00_PB0PCcZNC0909_B64mA1la0R0vxxxxxx_000A07fBIsc_xBCxxxXxxFgxxn_DQ02_Scylla_NDY_55000315,1,3,11,600,102.0,100.79,99.5,1,8
1,pat72,d1684292P0421648C_Nw_B0Fmm00_PB0PCcZNC0909_B64mA1la0R0vxxxxxx_000A07fBIsc_xBCxxxXxxFgxxn_DQ02_Scylla_NDY_55000315,1,4,12,600,108.0,103.99,101.0,1,11
1,pat72,d1684292P0421648C_Nw_B0Fmm00_PB0PCcZNC0909_B64mA1la0R0vxxxxxx_000A07fBIsc_xBCxxxXxxFgxxn_DQ02_Scylla_NDY_55000315,1,5,13,600,107.5,104.6,101.0,1,11
1,pat72,d1684292P0421648C_Nw_B0Fmm00_PB0PCcZNC0909_B64mA1la0R0vxxxxxx_000A07fBIsc_xBCxxxXxxFgxxn_DQ02_Scylla_NDY_55000315,1,6,14,600,103.0,101.47,99.0,0,1
1,pat72,d1684292P0421648C_Nw_B0Fmm00_PB0PCcZNC0909_B64mA1la0R0vxxxxxx_000A07fBIsc_xBCxxxXxxFgxxn_DQ02_Scylla_NDY_55000315,1,7,15,600,102.5,100.41,98.5,0,8
1,pat72,d1684292P0421648C_Nw_B0Fmm00_PB0PCcZNC0909_B64mA1la0R0vxxxxxx_000A07fBIsc_xBCxxxXxxFgxxn_DQ02_Scylla_NDY_55000315,2,0,16,600,108.5,105.26,102.0,1,11
1,pat72,d1684292P0421648C_Nw_B0Fmm00_PB0PCcZNC0909_B64mA1la0R0vxxxxxx_000A07fBIsc_xBCxxxXxxFgxxn_DQ02_Scylla_NDY_55000315,2,1,17,600,109.5,105.65,102.0,1,2
1,pat72,d1684292P0421648C_Nw_B0Fmm00_PB0PCcZNC0909_B64mA1la0R0vxxxxxx_000A07fBIsc_xBCxxxXxxFgxxn_DQ02_Scylla_NDY_55000315,2,2,18,600,103.0,101.49,100.0,1,14
1,pat72,d1684292P0421648C_Nw_B0Fmm00_PB0PCcZNC0909_B64mA1la0R0vxxxxxx_000A07fBIsc_xBCxxxXxxFgxxn_DQ02_Scylla_NDY_55000315,2,3,19,600,102.5,101.06,99.5,1,9
1,pat72,d1684292P0421648C_Nw_B0Fmm00_PB0PCcZNC0909_B64mA1la0R0vxxxxxx_000A07fBIsc_xBCxxxXxxFgxxn_DQ02_Scylla_NDY_55000315,2,4,20,600,109.5,104.34,101.5,1,11
1,pat72,d1684292P0421648C_Nw_B0Fmm00_PB0PCcZNC0909_B64mA1la0R0vxxxxxx_000A07fBIsc_xBCxxxXxxFgxxn_DQ02_Scylla_NDY_55000315,2,5,21,600,107.5,104.85,102.0,1,11
1,pat72,d1684292P0421648C_Nw_B0Fmm00_PB0PCcZNC0909_B64mA1la0R0vxxxxxx_000A07fBIsc_xBCxxxXxxFgxxn_DQ02_Scylla_NDY_55000315,2,6,22,600,104.5,101.74,99.5,0,8
1,pat72,d1684292P0421648C_Nw_B0Fmm00_PB0PCcZNC0909_B64mA1la0R0vxxxxxx_000A07fBIsc_xBCxxxXxxFgxxn_DQ02_Scylla_NDY_55000315,2,7,23,600,102.5,100.81,99.0,0,14
1,pat72,d1684292P0421648C_Nw_B0Fmm00_PB0PCcZNC0909_B64mA1la0R0vxxxxxx_000A07fBIsc_xBCxxxXxxFgxxn_DQ02_Scylla_NDY_55000315,3,0,24,600,106.0,103.75,101.0,1,11
1,pat72,d1684292P0421648C_Nw_B0Fmm00_PB0PCcZNC0909_B64mA1la0R0vxxxxxx_000A07fBIsc_xBCxxxXxxFgxxn_DQ02_Scylla_NDY_55000315,3,1,25,600,105.5,103.52,101.5,0,11
1,pat72,d1684292P0421648C_Nw_B0Fmm00_PB0PCcZNC0909_B64mA1la0R0vxxxxxx_000A07fBIsc_xBCxxxXxxFgxxn_DQ02_Scylla_NDY_55000315,3,2,26,600,103.5,101.92,100.0,0,6
1,pat72,d1684292P0421648C_Nw_B0Fmm00_PB0PCcZNC0909_B64mA1la0R0vxxxxxx_000A07fBIsc_xBCxxxXxxFgxxn_DQ02_Scylla_NDY_55000315,3,3,27,600,103.5,101.27,99.5,0,8
1,pat72,d1684292P0421648C_Nw_B0Fmm00_PB0PCcZNC0909_B64mA1la0R0vxxxxxx_000A07fBIsc_xBCxxxXxxFgxxn_DQ02_Scylla_NDY_55000315,3,4,28,600,109.5,104.74,100.5,1,2
1,pat72,d1684292P0421648C_Nw_B0Fmm00_PB0PCcZNC0909_B64mA1la0R0vxxxxxx_000A07fBIsc_xBCxxxXxxFgxxn_DQ02_Scylla_NDY_55000315,3,5,29,600,107.0,104.16,102.0,1,11
1,pat72,d1684292P0421648C_Nw_B0Fmm00_PB0PCcZNC0909_B64mA1la0R0vxxxxxx_000A07fBIsc_xBCxxxXxxFgxxn_DQ02_Scylla_NDY_55000315,3,6,30,600,103.5,101.87,100.5,0,10
1,pat72,d1684292P0421648C_Nw_B0Fmm00_PB0PCcZNC0909_B64mA1la0R0vxxxxxx_000A07fBIsc_xBCxxxXxxFgxxn_DQ02_Scylla_NDY_55000315,3,7,31,600,103.5,101.5,100.0,0,8
1,pat73,d1700588P0422221C_RL_B0Fmm00_PB0PCcZNC0909_B64mA1la0R0vxxxxxx_000A07fBIsc_xBCxxxXxxFgxxn_DQ02_FRM_DivSZ_5510023F,0,0,0,600,109.0,103.91,99.0,1,11
1,pat73,d1700588P0422221C_RL_B0Fmm00_PB0PCcZNC0909_B64mA1la0R0vxxxxxx_000A07fBIsc_xBCxxxXxxFgxxn_DQ02_FRM_DivSZ_5510023F,0,1,1,600,110.5,104.66,100.0,1,11
1,pat73,d1700588P0422221C_RL_B0Fmm00_PB0PCcZNC0909_B64mA1la0R0vxxxxxx_000A07fBIsc_xBCxxxXxxFgxxn_DQ02_FRM_DivSZ_5510023F,0,2,2,600,102.0,100.5,99.5,0,8
1,pat73,d1700588P0422221C_RL_B0Fmm00_PB0PCcZNC0909_B64mA1la0R0vxxxxxx_000A07fBIsc_xBCxxxXxxFgxxn_DQ02_FRM_DivSZ_5510023F,0,3,3,600,101.0,99.41,98.0,0,14
1,pat73,d1700588P0422221C_RL_B0Fmm00_PB0PCcZNC0909_B64mA1la0R0vxxxxxx_000A07fBIsc_xBCxxxXxxFgxxn_DQ02_FRM_DivSZ_5510023F,0,4,4,600,111.0,104.62,101.0,1,11
1,pat73,d1700588P0422221C_RL_B0Fmm00_PB0PCcZNC0909_B64mA1la0R0vxxxxxx_000A07fBIsc_xBCxxxXxxFgxxn_DQ02_FRM_DivSZ_5510023F,0,5,5,600,111.0,105.49,101.0,1,11
1,pat73,d1700588P0422221C_RL_B0Fmm00_PB0PCcZNC0909_B64mA1la0R0vxxxxxx_000A07fBIsc_xBCxxxXxxFgxxn_DQ02_FRM_DivSZ_5510023F,0,6,6,600,102.5,100.62,99.0,0,8
1,pat73,d1700588P0422221C_RL_B0Fmm00_PB0PCcZNC0909_B64mA1la0R0vxxxxxx_000A07fBIsc_xBCxxxXxxFgxxn_DQ02_FRM_DivSZ_5510023F,0,7,7,600,101.0,99.68,98.0,0,0
1,pat73,d1700588P0422221C_RL_B0Fmm00_PB0PCcZNC0909_B64mA1la0R0vxxxxxx_000A07fBIsc_xBCxxxXxxFgxxn_DQ02_FRM_DivSZ_5510023F,1,0,8,600,107.5,104.0,101.0,1,11
1,pat73,d1700588P0422221C_RL_B0Fmm00_PB0PCcZNC0909_B64mA1la0R0vxxxxxx_000A07fBIsc_xBCxxxXxxFgxxn_DQ02_FRM_DivSZ_5510023F,1,1,9,600,107.0,103.6,100.0,1,2
1,pat73,d1700588P0422221C_RL_B0Fmm00_PB0PCcZNC0909_B64mA1la0R0vxxxxxx_000A07fBIsc_xBCxxxXxxFgxxn_DQ02_FRM_DivSZ_5510023F,1,2,10,600,102.0,100.62,99.0,0,8
1,pat73,d1700588P0422221C_RL_B0Fmm00_PB0PCcZNC0909_B64mA1la0R0vxxxxxx_000A07fBIsc_xBCxxxXxxFgxxn_DQ02_FRM_DivSZ_5510023F,1,3,11,600,101.5,100.52,99.0,0,8
1,pat73,d1700588P0422221C_RL_B0Fmm00_PB0PCcZNC0909_B64mA1la0R0vxxxxxx_000A07fBIsc_xBCxxxXxxFgxxn_DQ02_FRM_DivSZ_5510023F,1,4,12,600,108.5,104.09,101.0,1,11
1,pat73,d1700588P0422221C_RL_B0Fmm00_PB0PCcZNC0909_B64mA1la0R0vxxxxxx_000A07fBIsc_xBCxxxXxxFgxxn_DQ02_FRM_DivSZ_5510023F,1,5,13,600,108.5,104.59,100.5,1,11
1,pat73,d1700588P0422221C_RL_B0Fmm00_PB0PCcZNC0909_B64mA1la0R0vxxxxxx_000A07fBIsc_xBCxxxXxxFgxxn_DQ02_FRM_DivSZ_5510023F,1,6,14,600,103.0,101.25,99.0,0,1
1,pat73,d1700588P0422221C_RL_B0Fmm00_PB0PCcZNC0909_B64mA1la0R0vxxxxxx_000A07fBIsc_xBCxxxXxxFgxxn_DQ02_FRM_DivSZ_5510023F,1,7,15,600,102.5,100.28,98.0,0,8
1,pat73,d1700588P0422221C_RL_B0Fmm00_PB0PCcZNC0909_B64mA1la0R0vxxxxxx_000A07fBIsc_xBCxxxXxxFgxxn_DQ02_FRM_DivSZ_5510023F,2,0,16,600,108.5,105.19,102.0,1,11
1,pat73,d1700588P0422221C_RL_B0Fmm00_PB0PCcZNC0909_B64mA1la0R0vxxxxxx_000A07fBIsc_xBCxxxXxxFgxxn_DQ02_FRM_DivSZ_5510023F,2,1,17,600,110.0,105.69,102.0,1,2
1,pat73,d1700588P0422221C_RL_B0Fmm00_PB0PCcZNC0909_B64mA1la0R0vxxxxxx_000A07fBIsc_xBCxxxXxxFgxxn_DQ02_FRM_DivSZ_5510023F,2,2,18,600,103.0,101.31,100.0,1,14
1,pat73,d1700588P0422221C_RL_B0Fmm00_PB0PCcZNC0909_B64mA1la0R0vxxxxxx_000A07fBIsc_xBCxxxXxxFgxxn_DQ02_FRM_DivSZ_5510023F,2,3,19,600,102.5,101.0,99.5,1,13
1,pat73,d1700588P0422221C_RL_B0Fmm00_PB0PCcZNC0909_B64mA1la0R0vxxxxxx_000A07fBIsc_xBCxxxXxxFgxxn_DQ02_FRM_DivSZ_5510023F,2,4,20,600,110.0,104.37,101.5,1,11
1,pat73,d1700588P0422221C_RL_B0Fmm00_PB0PCcZNC0909_B64mA1la0R0vxxxxxx_000A07fBIsc_xBCxxxXxxFgxxn_DQ02_FRM_DivSZ_5510023F,2,5,21,600,108.0,104.83,102.0,1,2
1,pat73,d1700588P0422221C_RL_B0Fmm00_PB0PCcZNC0909_B64mA1la0R0vxxxxxx_000A07fBIsc_xBCxxxXxxFgxxn_DQ02_FRM_DivSZ_5510023F,2,6,22,600,104.0,101.51,99.5,0,8
1,pat73,d1700588P0422221C_RL_B0Fmm00_PB0PCcZNC0909_B64mA1la0R0vxxxxxx_000A07fBIsc_xBCxxxXxxFgxxn_DQ02_FRM_DivSZ_5510023F,2,7,23,600,102.0,100.63,99.0,1,8
1,pat73,d1700588P0422221C_RL_B0Fmm00_PB0PCcZNC0909_B64mA1la0R0vxxxxxx_000A07fBIsc_xBCxxxXxxFgxxn_DQ02_FRM_DivSZ_5510023F,3,0,24,600,106.5,103.84,101.5,1,11
1,pat73,d1700588P0422221C_RL_B0Fmm00_PB0PCcZNC0909_B64mA1la0R0vxxxxxx_000A07fBIsc_xBCxxxXxxFgxxn_DQ02_FRM_DivSZ_5510023F,3,1,25,600,106.0,103.6,101.5,1,11
1,pat73,d1700588P0422221C_RL_B0Fmm00_PB0PCcZNC0909_B64mA1la0R0vxxxxxx_000A07fBIsc_xBCxxxXxxFgxxn_DQ02_FRM_DivSZ_5510023F,3,2,26,600,103.0,101.74,100.0,0,6
1,pat73,d1700588P0422221C_RL_B0Fmm00_PB0PCcZNC0909_B64mA1la0R0vxxxxxx_000A07fBIsc_xBCxxxXxxFgxxn_DQ02_FRM_DivSZ_5510023F,3,3,27,600,102.5,101.19,99.5,0,8
1,pat73,d1700588P0422221C_RL_B0Fmm00_PB0PCcZNC0909_B64mA1la0R0vxxxxxx_000A07fBIsc_xBCxxxXxxFgxxn_DQ02_FRM_DivSZ_5510023F,3,4,28,600,109.5,104.79,100.5,1,2
1,pat73,d1700588P0422221C_RL_B0Fmm00_PB0PCcZNC0909_B64mA1la0R0vxxxxxx_000A07fBIsc_xBCxxxXxxFgxxn_DQ02_FRM_DivSZ_5510023F,3,5,29,600,107.5,104.28,102.0,1,11
1,pat73,d1700588P0422221C_RL_B0Fmm00_PB0PCcZNC0909_B64mA1la0R0vxxxxxx_000A07fBIsc_xBCxxxXxxFgxxn_DQ02_FRM_DivSZ_5510023F,3,6,30,600,103.5,101.79,100.5,0,8
1,pat73,d1700588P0422221C_RL_B0Fmm00_PB0PCcZNC0909_B64mA1la0R0vxxxxxx_000A07fBIsc_xBCxxxXxxFgxxn_DQ02_FRM_DivSZ_5510023F,3,7,31,600,104.0,101.42,100.0,0,8
1,pat74,d1683982P0421329C_RL_B0Fmm00_PB0PCcZNC0909_B64mA1la0R0vxxxxxx_000A07fBIsc_xBCxxxXxxFgxxn_DQ02_FRM_MMulSSZ_55000244,0,0,0,600,109.5,103.74,99.0,1,11
1,pat74,d1683982P0421329C_RL_B0Fmm00_PB0PCcZNC0909_B64mA1la0R0vxxxxxx_000A07fBIsc_xBCxxxXxxFgxxn_DQ02_FRM_MMulSSZ_55000244,0,1,1,600,110.0,104.28,100.0,1,2
1,pat74,d1683982P0421329C_RL_B0Fmm00_PB0PCcZNC0909_B64mA1la0R0vxxxxxx_000A07fBIsc_xBCxxxXxxFgxxn_DQ02_FRM_MMulSSZ_55000244,0,2,2,600,101.5,100.38,99.0,0,5
1,pat74,d1683982P0421329C_RL_B0Fmm00_PB0PCcZNC0909_B64mA1la0R0vxxxxxx_000A07fBIsc_xBCxxxXxxFgxxn_DQ02_FRM_MMulSSZ_55000244,0,3,3,600,101.0,99.2,97.5,0,8
1,pat74,d1683982P0421329C_RL_B0Fmm00_PB0PCcZNC0909_B64mA1la0R0vxxxxxx_000A07fBIsc_xBCxxxXxxFgxxn_DQ02_FRM_MMulSSZ_55000244,0,4,4,600,110.0,104.37,100.5,1,11
1,pat74,d1683982P0421329C_RL_B0Fmm00_PB0PCcZNC0909_B64mA1la0R0vxxxxxx_000A07fBIsc_xBCxxxXxxFgxxn_DQ02_FRM_MMulSSZ_55000244,0,5,5,600,110.0,105.09,100.5,1,11
1,pat74,d1683982P0421329C_RL_B0Fmm00_PB0PCcZNC0909_B64mA1la0R0vxxxxxx_000A07fBIsc_xBCxxxXxxFgxxn_DQ02_FRM_MMulSSZ_55000244,0,6,6,600,102.0,100.5,99.0,0,8
1,pat74,d1683982P0421329C_RL_B0Fmm00_PB0PCcZNC0909_B64mA1la0R0vxxxxxx_000A07fBIsc_xBCxxxXxxFgxxn_DQ02_FRM_MMulSSZ_55000244,0,7,7,600,100.5,99.5,98.0,1,8
1,pat74,d1683982P0421329C_RL_B0Fmm00_PB0PCcZNC0909_B64mA1la0R0vxxxxxx_000A07fBIsc_xBCxxxXxxFgxxn_DQ02_FRM_MMulSSZ_55000244,1,0,8,600,107.0,103.65,100.5,1,11
1,pat74,d1683982P0421329C_RL_B0Fmm00_PB0PCcZNC0909_B64mA1la0R0vxxxxxx_000A07fBIsc_xBCxxxXxxFgxxn_DQ02_FRM_MMulSSZ_55000244,1,1,9,600,106.5,103.19,100.0,1,11
1,pat74,d1683982P0421329C_RL_B0Fmm00_PB0PCcZNC0909_B64mA1la0R0vxxxxxx_000A07fBIsc_xBCxxxXxxFgxxn_DQ02_FRM_MMulSSZ_55000244,1,2,10,600,101.5,100.43,99.0,1,8
1,pat74,d1683982P0421329C_RL_B0Fmm00_PB0PCcZNC0909_B64mA1la0R0vxxxxxx_000A07fBIsc_xBCxxxXxxFgxxn_DQ02_FRM_MMulSSZ_55000244,1,3,11,600,101.5,100.39,98.5,0,8
1,pat74,d1683982P0421329C_RL_B0Fmm00_PB0PCcZNC0909_B64mA1la0R0vxxxxxx_000A07fBIsc_xBCxxxXxxFgxxn_DQ02_FRM_MMulSSZ_55000244,1,4,12,600,108.0,103.73,101.0,1,11
1,pat74,d1683982P0421329C_RL_B0Fmm00_PB0PCcZNC0909_B64mA1la0R0vxxxxxx_000A07fBIsc_xBCxxxXxxFgxxn_DQ02_FRM_MMulSSZ_55000244,1,5,13,600,108.0,104.29,100.5,1,2
1,pat74,d1683982P0421329C_RL_B0Fmm00_PB0PCcZNC0909_B64mA1la0R0vxxxxxx_000A07fBIsc_xBCxxxXxxFgxxn_DQ02_FRM_MMulSSZ_55000244,1,6,14,600,102.5,101.11,98.5,0,1
1,pat74,d1683982P0421329C_RL_B0Fmm00_PB0PCcZNC0909_B64mA1la0R0vxxxxxx_000A07fBIsc_xBCxxxXxxFgxxn_DQ02_FRM_MMulSSZ_55000244,1,7,15,600,102.5,100.19,98.0,0,8
1,pat74,d1683982P0421329C_RL_B0Fmm00_PB0PCcZNC0909_B64mA1la0R0vxxxxxx_000A07fBIsc_xBCxxxXxxFgxxn_DQ02_FRM_MMulSSZ_55000244,2,0,16,600,108.5,104.87,101.5,1,11
1,pat74,d1683982P0421329C_RL_B0Fmm00_PB0PCcZNC0909_B64mA1la0R0vxxxxxx_000A07fBIsc_xBCxxxXxxFgxxn_DQ02_FRM_MMulSSZ_55000244,2,1,17,600,109.5,105.27,101.5,1,2
1,pat74,d1683982P0421329C_RL_B0Fmm00_PB0PCcZNC0909_B64mA1la0R0vxxxxxx_000A07fBIsc_xBCxxxXxxFgxxn_DQ02_FRM_MMulSSZ_55000244,2,2,18,600,103.0,101.22,100.0,1,14
1,pat74,d1683982P0421329C_RL_B0Fmm00_PB0PCcZNC0909_B64mA1la0R0vxxxxxx_000A07fBIsc_xBCxxxXxxFgxxn_DQ02_FRM_MMulSSZ_55000244,2,3,19,600,102.5,100.79,99.0,1,9
1,pat74,d1683982P0421329C_RL_B0Fmm00_PB0PCcZNC0909_B64mA1la0R0vxxxxxx_000A07fBIsc_xBCxxxXxxFgxxn_DQ02_FRM_MMulSSZ_55000244,2,4,20,600,110.0,104.16,101.5,1,11
1,pat74,d1683982P0421329C_RL_B0Fmm00_PB0PCcZNC0909_B64mA1la0R0vxxxxxx_000A07fBIsc_xBCxxxXxxFgxxn_DQ02_FRM_MMulSSZ_55000244,2,5,21,600,108.0,104.51,101.5,1,2
1,pat74,d1683982P0421329C_RL_B0Fmm00_PB0PCcZNC0909_B64mA1la0R0vxxxxxx_000A07fBIsc_xBCxxxXxxFgxxn_DQ02_FRM_MMulSSZ_55000244,2,6,22,600,103.5,101.31,99.0,0,8
1,pat74,d1683982P0421329C_RL_B0Fmm00_PB0PCcZNC0909_B64mA1la0R0vxxxxxx_000A07fBIsc_xBCxxxXxxFgxxn_DQ02_FRM_MMulSSZ_55000244,2,7,23,600,102.0,100.51,98.5,0,8
1,pat74,d1683982P0421329C_RL_B0Fmm00_PB0PCcZNC0909_B64mA1la0R0vxxxxxx_000A07fBIsc_xBCxxxXxxFgxxn_DQ02_FRM_MMulSSZ_55000244,3,0,24,600,107.0,103.58,101.5,1,11
1,pat74,d1683982P0421329C_RL_B0Fmm00_PB0PCcZNC0909_B64mA1la0R0vxxxxxx_000A07fBIsc_xBCxxxXxxFgxxn_DQ02_FRM_MMulSSZ_55000244,3,1,25,600,105.5,103.33,101.0,1,11
1,pat74,d1683982P0421329C_RL_B0Fmm00_PB0PCcZNC0909_B64mA1la0R0vxxxxxx_000A07fBIsc_xBCxxxXxxFgxxn_DQ02_FRM_MMulSSZ_55000244,3,2,26,600,103.0,101.64,99.5,0,6
1,pat74,d1683982P0421329C_RL_B0Fmm00_PB0PCcZNC0909_B64mA1la0R0vxxxxxx_000A07fBIsc_xBCxxxXxxFgxxn_DQ02_FRM_MMulSSZ_55000244,3,3,27,600,102.5,101.04,99.5,0,8
1,pat74,d1683982P0421329C_RL_B0Fmm00_PB0PCcZNC0909_B64mA1la0R0vxxxxxx_000A07fBIsc_xBCxxxXxxFgxxn_DQ02_FRM_MMulSSZ_55000244,3,4,28,600,109.5,104.5,100.5,1,2
1,pat74,d1683982P0421329C_RL_B0Fmm00_PB0PCcZNC0909_B64mA1la0R0vxxxxxx_000A07fBIsc_xBCxxxXxxFgxxn_DQ02_FRM_MMulSSZ_55000244,3,5,29,600,106.5,103.92,102.0,1,11
1,pat74,d1683982P0421329C_RL_B0Fmm00_PB0PCcZNC0909_B64mA1la0R0vxxxxxx_000A07fBIsc_xBCxxxXxxFgxxn_DQ02_FRM_MMulSSZ_55000244,3,6,30,600,103.5,101.67,100.0,0,8
1,pat74,d1683982P0421329C_RL_B0Fmm00_PB0PCcZNC0909_B64mA1la0R0vxxxxxx_000A07fBIsc_xBCxxxXxxFgxxn_DQ02_FRM_MMulSSZ_55000244,3,7,31,600,104.0,101.35,100.0,0,8
1,pat75,d1700764P0422401C_RL_B0Fmm00_PB0PCcZNC0909_B64mA1la0R0vxxxxxx_000A07fBIsc_xBCxxxXxxFgxxn_DQ02_Fuso_5510027B,0,0,0,600,109.0,103.99,99.5,1,2
1,pat75,d1700764P0422401C_RL_B0Fmm00_PB0PCcZNC0909_B64mA1la0R0vxxxxxx_000A07fBIsc_xBCxxxXxxFgxxn_DQ02_Fuso_5510027B,0,1,1,600,110.5,104.59,100.0,1,2
1,pat75,d1700764P0422401C_RL_B0Fmm00_PB0PCcZNC0909_B64mA1la0R0vxxxxxx_000A07fBIsc_xBCxxxXxxFgxxn_DQ02_Fuso_5510027B,0,2,2,600,102.0,100.63,99.5,0,8
1,pat75,d1700764P0422401C_RL_B0Fmm00_PB0PCcZNC0909_B64mA1la0R0vxxxxxx_000A07fBIsc_xBCxxxXxxFgxxn_DQ02_Fuso_5510027B,0,3,3,600,101.0,99.38,98.0,0,8
1,pat75,d1700764P0422401C_RL_B0Fmm00_PB0PCcZNC0909_B64mA1la0R0vxxxxxx_000A07fBIsc_xBCxxxXxxFgxxn_DQ02_Fuso_5510027B,0,4,4,600,109.5,104.67,101.0,1,11
1,pat75,d1700764P0422401C_RL_B0Fmm00_PB0PCcZNC0909_B64mA1la0R0vxxxxxx_000A07fBIsc_xBCxxxXxxFgxxn_DQ02_Fuso_5510027B,0,5,5,600,110.0,105.32,101.0,1,2
1,pat75,d1700764P0422401C_RL_B0Fmm00_PB0PCcZNC0909_B64mA1la0R0vxxxxxx_000A07fBIsc_xBCxxxXxxFgxxn_DQ02_Fuso_5510027B,0,6,6,600,102.5,100.78,99.5,0,8
1,pat75,d1700764P0422401C_RL_B0Fmm00_PB0PCcZNC0909_B64mA1la0R0vxxxxxx_000A07fBIsc_xBCxxxXxxFgxxn_DQ02_Fuso_5510027B,0,7,7,600,101.0,99.75,98.5,0,0
1,pat75,d1700764P0422401C_RL_B0Fmm00_PB0PCcZNC0909_B64mA1la0R0vxxxxxx_000A07fBIsc_xBCxxxXxxFgxxn_DQ02_Fuso_5510027B,1,0,8,600,106.5,103.89,100.5,1,0
1,pat75,d1700764P0422401C_RL_B0Fmm00_PB0PCcZNC0909_B64mA1la0R0vxxxxxx_000A07fBIsc_xBCxxxXxxFgxxn_DQ02_Fuso_5510027B,1,1,9,600,106.5,103.5,100.0,0,2
1,pat75,d1700764P0422401C_RL_B0Fmm00_PB0PCcZNC0909_B64mA1la0R0vxxxxxx_000A07fBIsc_xBCxxxXxxFgxxn_DQ02_Fuso_5510027B,1,2,10,600,102.5,100.67,99.0,1,7
1,pat75,d1700764P0422401C_RL_B0Fmm00_PB0PCcZNC0909_B64mA1la0R0vxxxxxx_000A07fBIsc_xBCxxxXxxFgxxn_DQ02_Fuso_5510027B,1,3,11,600,101.5,100.65,99.0,1,8
1,pat75,d1700764P0422401C_RL_B0Fmm00_PB0PCcZNC0909_B64mA1la0R0vxxxxxx_000A07fBIsc_xBCxxxXxxFgxxn_DQ02_Fuso_5510027B,1,4,12,600,108.0,104.07,101.0,1,11
1,pat75,d1700764P0422401C_RL_B0Fmm00_PB0PCcZNC0909_B64mA1la0R0vxxxxxx_000A07fBIsc_xBCxxxXxxFgxxn_DQ02_Fuso_5510027B,1,5,13,600,108.0,104.53,101.0,1,2
1,pat75,d1700764P0422401C_RL_B0Fmm00_PB0PCcZNC0909_B64mA1la0R0vxxxxxx_000A07fBIsc_xBCxxxXxxFgxxn_DQ02_Fuso_5510027B,1,6,14,600,103.0,101.32,99.0,0,8
1,pat75,d1700764P0422401C_RL_B0Fmm00_PB0PCcZNC0909_B64mA1la0R0vxxxxxx_000A07fBIsc_xBCxxxXxxFgxxn_DQ02_Fuso_5510027B,1,7,15,600,102.5,100.31,98.5,0,8
1,pat75,d1700764P0422401C_RL_B0Fmm00_PB0PCcZNC0909_B64mA1la0R0vxxxxxx_000A07fBIsc_xBCxxxXxxFgxxn_DQ02_Fuso_5510027B,2,0,16,600,108.0,105.18,102.0,1,2
1,pat75,d1700764P0422401C_RL_B0Fmm00_PB0PCcZNC0909_B64mA1la0R0vxxxxxx_000A07fBIsc_xBCxxxXxxFgxxn_DQ02_Fuso_5510027B,2,1,17,600,110.0,105.58,102.0,1,2
1,pat75,d1700764P0422401C_RL_B0Fmm00_PB0PCcZNC0909_B64mA1la0R0vxxxxxx_000A07fBIsc_xBCxxxXxxFgxxn_DQ02_Fuso_5510027B,2,2,18,600,103.0,101.35,100.0,1,14
1,pat75,d1700764P0422401C_RL_B0Fmm00_PB0PCcZNC0909_B64mA1la0R0vxxxxxx_000A07fBIsc_xBCxxxXxxFgxxn_DQ02_Fuso_5510027B,2,3,19,600,102.5,100.98,99.5,1,9
1,pat75,d1700764P0422401C_RL_B0Fmm00_PB0PCcZNC0909_B64mA1la0R0vxxxxxx_000A07fBIsc_xBCxxxXxxFgxxn_DQ02_Fuso_5510027B,2,4,20,600,109.5,104.36,101.5,1,11
1,pat75,d1700764P0422401C_RL_B0Fmm00_PB0PCcZNC0909_B64mA1la0R0vxxxxxx_000A07fBIsc_xBCxxxXxxFgxxn_DQ02_Fuso_5510027B,2,5,21,600,107.5,104.8,102.0,1,2
1,pat75,d1700764P0422401C_RL_B0Fmm00_PB0PCcZNC0909_B64mA1la0R0vxxxxxx_000A07fBIsc_xBCxxxXxxFgxxn_DQ02_Fuso_5510027B,2,6,22,600,104.0,101.5,99.5,0,8
1,pat75,d1700764P0422401C_RL_B0Fmm00_PB0PCcZNC0909_B64mA1la0R0vxxxxxx_000A07fBIsc_xBCxxxXxxFgxxn_DQ02_Fuso_5510027B,2,7,23,600,101.5,100.56,99.0,0,8
1,pat75,d1700764P0422401C_RL_B0Fmm00_PB0PCcZNC0909_B64mA1la0R0vxxxxxx_000A07fBIsc_xBCxxxXxxFgxxn_DQ02_Fuso_5510027B,3,0,24,600,105.5,103.7,101.5,1,0
1,pat75,d1700764P0422401C_RL_B0Fmm00_PB0PCcZNC0909_B64mA1la0R0vxxxxxx_000A07fBIsc_xBCxxxXxxFgxxn_DQ02_Fuso_5510027B,3,1,25,600,105.5,103.44,101.0,0,0
1,pat75,d1700764P0422401C_RL_B0Fmm00_PB0PCcZNC0909_B64mA1la0R0vxxxxxx_000A07fBIsc_xBCxxxXxxFgxxn_DQ02_Fuso_5510027B,3,2,26,600,103.5,101.78,100.0,0,6
1,pat75,d1700764P0422401C_RL_B0Fmm00_PB0PCcZNC0909_B64mA1la0R0vxxxxxx_000A07fBIsc_xBCxxxXxxFgxxn_DQ02_Fuso_5510027B,3,3,27,600,103.0,101.09,99.5,0,8
1,pat75,d1700764P0422401C_RL_B0Fmm00_PB0PCcZNC0909_B64mA1la0R0vxxxxxx_000A07fBIsc_xBCxxxXxxFgxxn_DQ02_Fuso_5510027B,3,4,28,600,109.5,104.56,100.5,1,2
1,pat75,d1700764P0422401C_RL_B0Fmm00_PB0PCcZNC0909_B64mA1la0R0vxxxxxx_000A07fBIsc_xBCxxxXxxFgxxn_DQ02_Fuso_5510027B,3,5,29,600,107.0,104.01,102.0,1,0
1,pat75,d1700764P0422401C_RL_B0Fmm00_PB0PCcZNC0909_B64mA1la0R0vxxxxxx_000A07fBIsc_xBCxxxXxxFgxxn_DQ02_Fuso_5510027B,3,6,30,600,103.5,101.7,100.5,0,6
1,pat75,d1700764P0422401C_RL_B0Fmm00_PB0PCcZNC0909_B64mA1la0R0vxxxxxx_000A07fBIsc_xBCxxxXxxFgxxn_DQ02_Fuso_5510027B,3,7,31,600,103.5,101.4,100.0,0,8
1,pat76,d1682993P0420894C_RL_B0Fmm00_PB0PCcZNC0909_B64mA1la0R0vxxxxxx_000A07fBIsc_xBCxxxXxxFgxxn_DQ02_Blender_A1J_550000AB,0,0,0,600,109.5,104.23,99.5,1,11
1,pat76,d1682993P0420894C_RL_B0Fmm00_PB0PCcZNC0909_B64mA1la0R0vxxxxxx_000A07fBIsc_xBCxxxXxxFgxxn_DQ02_Blender_A1J_550000AB,0,1,1,600,110.5,104.94,100.5,1,2
1,pat76,d1682993P0420894C_RL_B0Fmm00_PB0PCcZNC0909_B64mA1la0R0vxxxxxx_000A07fBIsc_xBCxxxXxxFgxxn_DQ02_Blender_A1J_550000AB,0,2,2,600,102.5,100.57,99.5,0,8
1,pat76,d1682993P0420894C_RL_B0Fmm00_PB0PCcZNC0909_B64mA1la0R0vxxxxxx_000A07fBIsc_xBCxxxXxxFgxxn_DQ02_Blender_A1J_550000AB,0,3,3,600,101.0,99.37,98.0,0,8
1,pat76,d1682993P0420894C_RL_B0Fmm00_PB0PCcZNC0909_B64mA1la0R0vxxxxxx_000A07fBIsc_xBCxxxXxxFgxxn_DQ02_Blender_A1J_550000AB,0,4,4,600,110.5,104.96,101.0,1,11
1,pat76,d1682993P0420894C_RL_B0Fmm00_PB0PCcZNC0909_B64mA1la0R0vxxxxxx_000A07fBIsc_xBCxxxXxxFgxxn_DQ02_Blender_A1J_550000AB,0,5,5,600,110.5,105.65,101.0,1,11
1,pat76,d1682993P0420894C_RL_B0Fmm00_PB0PCcZNC0909_B64mA1la0R0vxxxxxx_000A07fBIsc_xBCxxxXxxFgxxn_DQ02_Blender_A1J_550000AB,0,6,6,600,102.5,100.75,99.5,0,8
1,pat76,d1682993P0420894C_RL_B0Fmm00_PB0PCcZNC0909_B64mA1la0R0vxxxxxx_000A07fBIsc_xBCxxxXxxFgxxn_DQ02_Blender_A1J_550000AB,0,7,7,600,101.0,99.86,98.0,1,6
1,pat76,d1682993P0420894C_RL_B0Fmm00_PB0PCcZNC0909_B64mA1la0R0vxxxxxx_000A07fBIsc_xBCxxxXxxFgxxn_DQ02_Blender_A1J_550000AB,1,0,8,600,107.0,104.1,101.0,1,9
1,pat76,d1682993P0420894C_RL_B0Fmm00_PB0PCcZNC0909_B64mA1la0R0vxxxxxx_000A07fBIsc_xBCxxxXxxFgxxn_DQ02_Blender_A1J_550000AB,1,1,9,600,106.5,103.76,100.0,1,11
1,pat76,d1682993P0420894C_RL_B0Fmm00_PB0PCcZNC0909_B64mA1la0R0vxxxxxx_000A07fBIsc_xBCxxxXxxFgxxn_DQ02_Blender_A1J_550000AB,1,2,10,600,102.0,100.66,99.5,1,2
1,pat76,d1682993P0420894C_RL_B0Fmm00_PB0PCcZNC0909_B64mA1la0R0vxxxxxx_000A07fBIsc_xBCxxxXxxFgxxn_DQ02_Blender_A1J_550000AB,1,3,11,600,102.0,100.66,99.5,1,5
1,pat76,d1682993P0420894C_RL_B0Fmm00_PB0PCcZNC0909_B64mA1la0R0vxxxxxx_000A07fBIsc_xBCxxxXxxFgxxn_DQ02_Blender_A1J_550000AB,1,4,12,600,108.0,104.37,101.0,1,11
1,pat76,d1682993P0420894C_RL_B0Fmm00_PB0PCcZNC0909_B64mA1la0R0vxxxxxx_000A07fBIsc_xBCxxxXxxFgxxn_DQ02_Blender_A1J_550000AB,1,5,13,600,108.0,104.79,100.5,1,2
1,pat76,d1682993P0420894C_RL_B0Fmm00_PB0PCcZNC0909_B64mA1la0R0vxxxxxx_000A07fBIsc_xBCxxxXxxFgxxn_DQ02_Blender_A1J_550000AB,1,6,14,600,103.5,101.43,99.0,0,8
1,pat76,d1682993P0420894C_RL_B0Fmm00_PB0PCcZNC0909_B64mA1la0R0vxxxxxx_000A07fBIsc_xBCxxxXxxFgxxn_DQ02_Blender_A1J_550000AB,1,7,15,600,102.5,100.32,98.5,0,8
1,pat76,d1682993P0420894C_RL_B0Fmm00_PB0PCcZNC0909_B64mA1la0R0vxxxxxx_000A07fBIsc_xBCxxxXxxFgxxn_DQ02_Blender_A1J_550000AB,2,0,16,600,108.5,105.3,102.0,1,11
1,pat76,d1682993P0420894C_RL_B0Fmm00_PB0PCcZNC0909_B64mA1la0R0vxxxxxx_000A07fBIsc_xBCxxxXxxFgxxn_DQ02_Blender_A1J_550000AB,2,1,17,600,109.5,105.72,102.0,1,2
1,pat76,d1682993P0420894C_RL_B0Fmm00_PB0PCcZNC0909_B64mA1la0R0vxxxxxx_000A07fBIsc_xBCxxxXxxFgxxn_DQ02_Blender_A1J_550000AB,2,2,18,600,103.5,101.53,100.0,1,14
1,pat76,d1682993P0420894C_RL_B0Fmm00_PB0PCcZNC0909_B64mA1la0R0vxxxxxx_000A07fBIsc_xBCxxxXxxFgxxn_DQ02_Blender_A1J_550000AB,2,3,19,600,102.5,101.04,99.5,1,9
1,pat76,d1682993P0420894C_RL_B0Fmm00_PB0PCcZNC0909_B64mA1la0R0vxxxxxx_000A07fBIsc_xBCxxxXxxFgxxn_DQ02_Blender_A1J_550000AB,2,4,20,600,109.5,104.53,101.5,1,11
1,pat76,d1682993P0420894C_RL_B0Fmm00_PB0PCcZNC0909_B64mA1la0R0vxxxxxx_000A07fBIsc_xBCxxxXxxFgxxn_DQ02_Blender_A1J_550000AB,2,5,21,600,108.0,105.03,102.0,1,2
1,pat76,d1682993P0420894C_RL_B0Fmm00_PB0PCcZNC0909_B64mA1la0R0vxxxxxx_000A07fBIsc_xBCxxxXxxFgxxn_DQ02_Blender_A1J_550000AB,2,6,22,600,104.0,101.53,99.5,0,8
1,pat76,d1682993P0420894C_RL_B0Fmm00_PB0PCcZNC0909_B64mA1la0R0vxxxxxx_000A07fBIsc_xBCxxxXxxFgxxn_DQ02_Blender_A1J_550000AB,2,7,23,600,102.0,100.7,98.5,1,6
1,pat76,d1682993P0420894C_RL_B0Fmm00_PB0PCcZNC0909_B64mA1la0R0vxxxxxx_000A07fBIsc_xBCxxxXxxFgxxn_DQ02_Blender_A1J_550000AB,3,0,24,600,106.0,103.92,101.5,0,9
1,pat76,d1682993P0420894C_RL_B0Fmm00_PB0PCcZNC0909_B64mA1la0R0vxxxxxx_000A07fBIsc_xBCxxxXxxFgxxn_DQ02_Blender_A1J_550000AB,3,1,25,600,106.0,103.63,101.0,0,9
1,pat76,d1682993P0420894C_RL_B0Fmm00_PB0PCcZNC0909_B64mA1la0R0vxxxxxx_000A07fBIsc_xBCxxxXxxFgxxn_DQ02_Blender_A1J_550000AB,3,2,26,600,103.5,101.8,100.0,0,6
1,pat76,d1682993P0420894C_RL_B0Fmm00_PB0PCcZNC0909_B64mA1la0R0vxxxxxx_000A07fBIsc_xBCxxxXxxFgxxn_DQ02_Blender_A1J_550000AB,3,3,27,600,103.0,101.2,99.5,0,8
1,pat76,d1682993P0420894C_RL_B0Fmm00_PB0PCcZNC0909_B64mA1la0R0vxxxxxx_000A07fBIsc_xBCxxxXxxFgxxn_DQ02_Blender_A1J_550000AB,3,4,28,600,109.5,104.77,100.5,1,2
1,pat76,d1682993P0420894C_RL_B0Fmm00_PB0PCcZNC0909_B64mA1la0R0vxxxxxx_000A07fBIsc_xBCxxxXxxFgxxn_DQ02_Blender_A1J_550000AB,3,5,29,600,107.0,104.22,102.0,1,11
1,pat76,d1682993P0420894C_RL_B0Fmm00_PB0PCcZNC0909_B64mA1la0R0vxxxxxx_000A07fBIsc_xBCxxxXxxFgxxn_DQ02_Blender_A1J_550000AB,3,6,30,600,103.0,101.74,100.5,0,6
1,pat76,d1682993P0420894C_RL_B0Fmm00_PB0PCcZNC0909_B64mA1la0R0vxxxxxx_000A07fBIsc_xBCxxxXxxFgxxn_DQ02_Blender_A1J_550000AB,3,7,31,600,104.0,101.41,99.5,0,8
1,pat77,d1684581P0421566C_RL_B0Fmm00_PB0PCcZNC0909_B64mA1la0R0vxxxxxx_000A07fBIsc_xBCxxxXxxFgxxn_DQ02_Blender_A1J_5500003E,0,0,0,600,109.0,104.12,99.5,1,11
1,pat77,d1684581P0421566C_RL_B0Fmm00_PB0PCcZNC0909_B64mA1la0R0vxxxxxx_000A07fBIsc_xBCxxxXxxFgxxn_DQ02_Blender_A1J_5500003E,0,1,1,600,110.5,104.77,100.5,1,2
1,pat77,d1684581P0421566C_RL_B0Fmm00_PB0PCcZNC0909_B64mA1la0R0vxxxxxx_000A07fBIsc_xBCxxxXxxFgxxn_DQ02_Blender_A1J_5500003E,0,2,2,600,102.0,100.53,99.5,0,14
1,pat77,d1684581P0421566C_RL_B0Fmm00_PB0PCcZNC0909_B64mA1la0R0vxxxxxx_000A07fBIsc_xBCxxxXxxFgxxn_DQ02_Blender_A1J_5500003E,0,3,3,600,101.0,99.27,98.0,0,8
1,pat77,d1684581P0421566C_RL_B0Fmm00_PB0PCcZNC0909_B64mA1la0R0vxxxxxx_000A07fBIsc_xBCxxxXxxFgxxn_DQ02_Blender_A1J_5500003E,0,4,4,600,110.5,104.72,101.0,1,11
1,pat77,d1684581P0421566C_RL_B0Fmm00_PB0PCcZNC0909_B64mA1la0R0vxxxxxx_000A07fBIsc_xBCxxxXxxFgxxn_DQ02_Blender_A1J_5500003E,0,5,5,600,110.5,105.39,101.0,1,11
1,pat77,d1684581P0421566C_RL_B0Fmm00_PB0PCcZNC0909_B64mA1la0R0vxxxxxx_000A07fBIsc_xBCxxxXxxFgxxn_DQ02_Blender_A1J_5500003E,0,6,6,600,102.0,100.75,99.5,1,2
1,pat77,d1684581P0421566C_RL_B0Fmm00_PB0PCcZNC0909_B64mA1la0R0vxxxxxx_000A07fBIsc_xBCxxxXxxFgxxn_DQ02_Blender_A1J_5500003E,0,7,7,600,101.0,99.72,98.0,0,6
1,pat77,d1684581P0421566C_RL_B0Fmm00_PB0PCcZNC0909_B64mA1la0R0vxxxxxx_000A07fBIsc_xBCxxxXxxFgxxn_DQ02_Blender_A1J_5500003E,1,0,8,600,107.0,103.93,101.0,1,11
1,pat77,d1684581P0421566C_RL_B0Fmm00_PB0PCcZNC0909_B64mA1la0R0vxxxxxx_000A07fBIsc_xBCxxxXxxFgxxn_DQ02_Blender_A1J_5500003E,1,1,9,600,106.5,103.51,100.0,0,2
1,pat77,d1684581P0421566C_RL_B0Fmm00_PB0PCcZNC0909_B64mA1la0R0vxxxxxx_000A07fBIsc_xBCxxxXxxFgxxn_DQ02_Blender_A1J_5500003E,1,2,10,600,102.0,100.69,99.5,0,8
1,pat77,d1684581P0421566C_RL_B0Fmm00_PB0PCcZNC0909_B64mA1la0R0vxxxxxx_000A07fBIsc_xBCxxxXxxFgxxn_DQ02_Blender_A1J_5500003E,1,3,11,600,101.5,100.58,99.0,0,1
1,pat77,d1684581P0421566C_RL_B0Fmm00_PB0PCcZNC0909_B64mA1la0R0vxxxxxx_000A07fBIsc_xBCxxxXxxFgxxn_DQ02_Blender_A1J_5500003E,1,4,12,600,108.0,104.1,101.0,1,11
1,pat77,d1684581P0421566C_RL_B0Fmm00_PB0PCcZNC0909_B64mA1la0R0vxxxxxx_000A07fBIsc_xBCxxxXxxFgxxn_DQ02_Blender_A1J_5500003E,1,5,13,600,108.0,104.58,100.5,1,2
1,pat77,d1684581P0421566C_RL_B0Fmm00_PB0PCcZNC0909_B64mA1la0R0vxxxxxx_000A07fBIsc_xBCxxxXxxFgxxn_DQ02_Blender_A1J_5500003E,1,6,14,600,103.0,101.33,99.0,0,1
1,pat77,d1684581P0421566C_RL_B0Fmm00_PB0PCcZNC0909_B64mA1la0R0vxxxxxx_000A07fBIsc_xBCxxxXxxFgxxn_DQ02_Blender_A1J_5500003E,1,7,15,600,102.5,100.28,98.5,0,8
1,pat77,d1684581P0421566C_RL_B0Fmm00_PB0PCcZNC0909_B64mA1la0R0vxxxxxx_000A07fBIsc_xBCxxxXxxFgxxn_DQ02_Blender_A1J_5500003E,2,0,16,600,108.5,105.22,101.5,1,11
1,pat77,d1684581P0421566C_RL_B0Fmm00_PB0PCcZNC0909_B64mA1la0R0vxxxxxx_000A07fBIsc_xBCxxxXxxFgxxn_DQ02_Blender_A1J_5500003E,2,1,17,600,109.5,105.59,102.0,1,2
1,pat77,d1684581P0421566C_RL_B0Fmm00_PB0PCcZNC0909_B64mA1la0R0vxxxxxx_000A07fBIsc_xBCxxxXxxFgxxn_DQ02_Blender_A1J_5500003E,2,2,18,600,104.0,101.42,100.0,1,14
1,pat77,d1684581P0421566C_RL_B0Fmm00_PB0PCcZNC0909_B64mA1la0R0vxxxxxx_000A07fBIsc_xBCxxxXxxFgxxn_DQ02_Blender_A1J_5500003E,2,3,19,600,102.5,100.94,99.5,1,9
1,pat77,d1684581P0421566C_RL_B0Fmm00_PB0PCcZNC0909_B64mA1la0R0vxxxxxx_000A07fBIsc_xBCxxxXxxFgxxn_DQ02_Blender_A1J_5500003E,2,4,20,600,109.5,104.49,101.5,1,11
1,pat77,d1684581P0421566C_RL_B0Fmm00_PB0PCcZNC0909_B64mA1la0R0vxxxxxx_000A07fBIsc_xBCxxxXxxFgxxn_DQ02_Blender_A1J_5500003E,2,5,21,600,108.0,104.86,102.0,1,2
1,pat77,d1684581P0421566C_RL_B0Fmm00_PB0PCcZNC0909_B64mA1la0R0vxxxxxx_000A07fBIsc_xBCxxxXxxFgxxn_DQ02_Blender_A1J_5500003E,2,6,22,600,103.5,101.47,99.5,0,4
1,pat77,d1684581P0421566C_RL_B0Fmm00_PB0PCcZNC0909_B64mA1la0R0vxxxxxx_000A07fBIsc_xBCxxxXxxFgxxn_DQ02_Blender_A1J_5500003E,2,7,23,600,102.0,100.66,99.0,0,8
1,pat77,d1684581P0421566C_RL_B0Fmm00_PB0PCcZNC0909_B64mA1la0R0vxxxxxx_000A07fBIsc_xBCxxxXxxFgxxn_DQ02_Blender_A1J_5500003E,3,0,24,600,106.0,103.78,101.5,1,2
1,pat77,d1684581P0421566C_RL_B0Fmm00_PB0PCcZNC0909_B64mA1la0R0vxxxxxx_000A07fBIsc_xBCxxxXxxFgxxn_DQ02_Blender_A1J_5500003E,3,1,25,600,105.5,103.49,101.0,0,9
1,pat77,d1684581P0421566C_RL_B0Fmm00_PB0PCcZNC0909_B64mA1la0R0vxxxxxx_000A07fBIsc_xBCxxxXxxFgxxn_DQ02_Blender_A1J_5500003E,3,2,26,600,103.5,101.85,100.5,0,6
1,pat77,d1684581P0421566C_RL_B0Fmm00_PB0PCcZNC0909_B64mA1la0R0vxxxxxx_000A07fBIsc_xBCxxxXxxFgxxn_DQ02_Blender_A1J_5500003E,3,3,27,600,103.0,101.14,99.5,0,8
1,pat77,d1684581P0421566C_RL_B0Fmm00_PB0PCcZNC0909_B64mA1la0R0vxxxxxx_000A07fBIsc_xBCxxxXxxFgxxn_DQ02_Blender_A1J_5500003E,3,4,28,600,109.5,104.62,100.5,1,2
1,pat77,d1684581P0421566C_RL_B0Fmm00_PB0PCcZNC0909_B64mA1la0R0vxxxxxx_000A07fBIsc_xBCxxxXxxFgxxn_DQ02_Blender_A1J_5500003E,3,5,29,600,106.5,104.12,102.0,1,11
1,pat77,d1684581P0421566C_RL_B0Fmm00_PB0PCcZNC0909_B64mA1la0R0vxxxxxx_000A07fBIsc_xBCxxxXxxFgxxn_DQ02_Blender_A1J_5500003E,3,6,30,600,103.0,101.76,100.5,0,6
1,pat77,d1684581P0421566C_RL_B0Fmm00_PB0PCcZNC0909_B64mA1la0R0vxxxxxx_000A07fBIsc_xBCxxxXxxFgxxn_DQ02_Blender_A1J_5500003E,3,7,31,600,103.5,101.4,100.0,0,8
1,pat78,d1700805P0422460C_RL_B0Fmm00_PB0PCcZNC0909_B64mA1la0R0vxxxxxx_000A07fBIsc_xBCxxxXxxFgxxn_DQ02_LeekSpin_Y_551002B4,0,0,0,600,109.0,103.97,99.5,1,2
1,pat78,d1700805P0422460C_RL_B0Fmm00_PB0PCcZNC0909_B64mA1la0R0vxxxxxx_000A07fBIsc_xBCxxxXxxFgxxn_DQ02_LeekSpin_Y_551002B4,0,1,1,600,110.0,104.64,100.5,1,2
1,pat78,d1700805P0422460C_RL_B0Fmm00_PB0PCcZNC0909_B64mA1la0R0vxxxxxx_000A07fBIsc_xBCxxxXxxFgxxn_DQ02_LeekSpin_Y_551002B4,0,2,2,600,102.0,100.46,99.5,0,14
1,pat78,d1700805P0422460C_RL_B0Fmm00_PB0PCcZNC0909_B64mA1la0R0vxxxxxx_000A07fBIsc_xBCxxxXxxFgxxn_DQ02_LeekSpin_Y_551002B4,0,3,3,600,101.0,99.34,98.0,0,8
1,pat78,d1700805P0422460C_RL_B0Fmm00_PB0PCcZNC0909_B64mA1la0R0vxxxxxx_000A07fBIsc_xBCxxxXxxFgxxn_DQ02_LeekSpin_Y_551002B4,0,4,4,600,109.5,104.68,101.0,1,11
1,pat78,d1700805P0422460C_RL_B0Fmm00_PB0PCcZNC0909_B64mA1la0R0vxxxxxx_000A07fBIsc_xBCxxxXxxFgxxn_DQ02_LeekSpin_Y_551002B4,0,5,5,600,111.0,105.38,101.0,1,11
1,pat78,d1700805P0422460C_RL_B0Fmm00_PB0PCcZNC0909_B64mA1la0R0vxxxxxx_000A07fBIsc_xBCxxxXxxFgxxn_DQ02_LeekSpin_Y_551002B4,0,6,6,600,102.0,100.62,99.0,0,8
1,pat78,d1700805P0422460C_RL_B0Fmm00_PB0PCcZNC0909_B64mA1la0R0vxxxxxx_000A07fBIsc_xBCxxxXxxFgxxn_DQ02_LeekSpin_Y_551002B4,0,7,7,600,101.0,99.76,98.5,0,0
1,pat78,d1700805P0422460C_RL_B0Fmm00_PB0PCcZNC0909_B64mA1la0R0vxxxxxx_000A07fBIsc_xBCxxxXxxFgxxn_DQ02_LeekSpin_Y_551002B4,1,0,8,600,107.0,103.92,101.0,1,11
1,pat78,d1700805P0422460C_RL_B0Fmm00_PB0PCcZNC0909_B64mA1la0R0vxxxxxx_000A07fBIsc_xBCxxxXxxFgxxn_DQ02_LeekSpin_Y_551002B4,1,1,9,600,106.5,103.48,100.0,1,2
1,pat78,d1700805P0422460C_RL_B0Fmm00_PB0PCcZNC0909_B64mA1la0R0vxxxxxx_000A07fBIsc_xBCxxxXxxFgxxn_DQ02_LeekSpin_Y_551002B4,1,2,10,600,102.0,100.6,99.5,1,2
1,pat78,d1700805P0422460C_RL_B0Fmm00_PB0PCcZNC0909_B64mA1la0R0vxxxxxx_000A07fBIsc_xBCxxxXxxFgxxn_DQ02_LeekSpin_Y_551002B4,1,3,11,600,101.5,100.48,99.0,0,1
1,pat78,d1700805P0422460C_RL_B0Fmm00_PB0PCcZNC0909_B64mA1la0R0vxxxxxx_000A07fBIsc_xBCxxxXxxFgxxn_DQ02_LeekSpin_Y_551002B4,1,4,12,600,107.5,103.97,101.0,1,11
1,pat78,d1700805P0422460C_RL_B0Fmm00_PB0PCcZNC0909_B64mA1la0R0vxxxxxx_000A07fBIsc_xBCxxxXxxFgxxn_DQ02_LeekSpin_Y_551002B4,1,5,13,600,107.5,104.5,100.5,0,2
1,pat78,d1700805P0422460C_RL_B0Fmm00_PB0PCcZNC0909_B64mA1la0R0vxxxxxx_000A07fBIsc_xBCxxxXxxFgxxn_DQ02_LeekSpin_Y_551002B4,1,6,14,600,103.0,101.17,98.5,0,1
1,pat78,d1700805P0422460C_RL_B0Fmm00_PB0PCcZNC0909_B64mA1la0R0vxxxxxx_000A07fBIsc_xBCxxxXxxFgxxn_DQ02_LeekSpin_Y_551002B4,1,7,15,600,102.5,100.21,98.0,0,8
1,pat78,d1700805P0422460C_RL_B0Fmm00_PB0PCcZNC0909_B64mA1la0R0vxxxxxx_000A07fBIsc_xBCxxxXxxFgxxn_DQ02_LeekSpin_Y_551002B4,2,0,16,600,108.0,105.16,101.5,0,0
1,pat78,d1700805P0422460C_RL_B0Fmm00_PB0PCcZNC0909_B64mA1la0R0vxxxxxx_000A07fBIsc_xBCxxxXxxFgxxn_DQ02_LeekSpin_Y_551002B4,2,1,17,600,109.5,105.55,102.0,1,2
1,pat78,d1700805P0422460C_RL_B0Fmm00_PB0PCcZNC0909_B64mA1la0R0vxxxxxx_000A07fBIsc_xBCxxxXxxFgxxn_DQ02_LeekSpin_Y_551002B4,2,2,18,600,103.0,101.45,100.0,1,14
1,pat78,d1700805P0422460C_RL_B0Fmm00_PB0PCcZNC0909_B64mA1la0R0vxxxxxx_000A07fBIsc_xBCxxxXxxFgxxn_DQ02_LeekSpin_Y_551002B4,2,3,19,600,102.0,100.88,99.5,1,4
1,pat78,d1700805P0422460C_RL_B0Fmm00_PB0PCcZNC0909_B64mA1la0R0vxxxxxx_000A07fBIsc_xBCxxxXxxFgxxn_DQ02_LeekSpin_Y_551002B4,2,4,20,600,109.5,104.45,101.5,1,11
1,pat78,d1700805P0422460C_RL_B0Fmm00_PB0PCcZNC0909_B64mA1la0R0vxxxxxx_000A07fBIsc_xBCxxxXxxFgxxn_DQ02_LeekSpin_Y_551002B4,2,5,21,600,107.5,104.86,102.0,1,11
1,pat78,d1700805P0422460C_RL_B0Fmm00_PB0PCcZNC0909_B64mA1la0R0vxxxxxx_000A07fBIsc_xBCxxxXxxFgxxn_DQ02_LeekSpin_Y_551002B4,2,6,22,600,103.5,101.36,99.5,0,8
1,pat78,d1700805P0422460C_RL_B0Fmm00_PB0PCcZNC0909_B64mA1la0R0vxxxxxx_000A07fBIsc_xBCxxxXxxFgxxn_DQ02_LeekSpin_Y_551002B4,2,7,23,600,102.0,100.64,99.0,1,11
1,pat78,d1700805P0422460C_RL_B0Fmm00_PB0PCcZNC0909_B64mA1la0R0vxxxxxx_000A07fBIsc_xBCxxxXxxFgxxn_DQ02_LeekSpin_Y_551002B4,3,0,24,600,106.0,103.77,101.5,1,11
1,pat78,d1700805P0422460C_RL_B0Fmm00_PB0PCcZNC0909_B64mA1la0R0vxxxxxx_000A07fBIsc_xBCxxxXxxFgxxn_DQ02_LeekSpin_Y_551002B4,3,1,25,600,106.0,103.43,101.0,0,1
1,pat78,d1700805P0422460C_RL_B0Fmm00_PB0PCcZNC0909_B64mA1la0R0vxxxxxx_000A07fBIsc_xBCxxxXxxFgxxn_DQ02_LeekSpin_Y_551002B4,3,2,26,600,103.5,101.84,100.5,0,6
1,pat78,d1700805P0422460C_RL_B0Fmm00_PB0PCcZNC0909_B64mA1la0R0vxxxxxx_000A07fBIsc_xBCxxxXxxFgxxn_DQ02_LeekSpin_Y_551002B4,3,3,27,600,103.0,101.11,99.5,0,8
1,pat78,d1700805P0422460C_RL_B0Fmm00_PB0PCcZNC0909_B64mA1la0R0vxxxxxx_000A07fBIsc_xBCxxxXxxFgxxn_DQ02_LeekSpin_Y_551002B4,3,4,28,600,109.5,104.6,100.5,1,2
1,pat78,d1700805P0422460C_RL_B0Fmm00_PB0PCcZNC0909_B64mA1la0R0vxxxxxx_000A07fBIsc_xBCxxxXxxFgxxn_DQ02_LeekSpin_Y_551002B4,3,5,29,600,107.0,104.16,102.0,1,11
1,pat78,d1700805P0422460C_RL_B0Fmm00_PB0PCcZNC0909_B64mA1la0R0vxxxxxx_000A07fBIsc_xBCxxxXxxFgxxn_DQ02_LeekSpin_Y_551002B4,3,6,30,600,103.0,101.65,100.5,0,6
1,pat78,d1700805P0422460C_RL_B0Fmm00_PB0PCcZNC0909_B64mA1la0R0vxxxxxx_000A07fBIsc_xBCxxxXxxFgxxn_DQ02_LeekSpin_Y_551002B4,3,7,31,600,103.5,101.38,100.0,0,8
1,pat79,d1700992P0422643C_Qv_B0Fmm00_PB0PCcZNC0909_B64mA1la0R0vxxxxxx_000A07fBIsc_xBCxxxXxxFgxxn_DQ02_Yakko_WdZ_5510035D,0,0,0,600,108.0,103.61,99.5,1,11
1,pat79,d1700992P0422643C_Qv_B0Fmm00_PB0PCcZNC0909_B64mA1la0R0vxxxxxx_000A07fBIsc_xBCxxxXxxFgxxn_DQ02_Yakko_WdZ_5510035D,0,1,1,600,109.0,104.18,100.0,1,11
1,pat79,d1700992P0422643C_Qv_B0Fmm00_PB0PCcZNC0909_B64mA1la0R0vxxxxxx_000A07fBIsc_xBCxxxXxxFgxxn_DQ02_Yakko_WdZ_5510035D,0,2,2,600,102.0,100.5,99.5,0,14
1,pat79,d1700992P0422643C_Qv_B0Fmm00_PB0PCcZNC0909_B64mA1la0R0vxxxxxx_000A07fBIsc_xBCxxxXxxFgxxn_DQ02_Yakko_WdZ_5510035D,0,3,3,600,101.0,99.28,98.0,0,8
1,pat79,d1700992P0422643C_Qv_B0Fmm00_PB0PCcZNC0909_B64mA1la0R0vxxxxxx_000A07fBIsc_xBCxxxXxxFgxxn_DQ02_Yakko_WdZ_5510035D,0,4,4,600,109.0,104.27,101.0,1,11
1,pat79,d1700992P0422643C_Qv_B0Fmm00_PB0PCcZNC0909_B64mA1la0R0vxxxxxx_000A07fBIsc_xBCxxxXxxFgxxn_DQ02_Yakko_WdZ_5510035D,0,5,5,600,108.5,104.89,101.0,1,2
1,pat79,d1700992P0422643C_Qv_B0Fmm00_PB0PCcZNC0909_B64mA1la0R0vxxxxxx_000A07fBIsc_xBCxxxXxxFgxxn_DQ02_Yakko_WdZ_5510035D,0,6,6,600,102.0,100.55,99.0,1,2
1,pat79,d1700992P0422643C_Qv_B0Fmm00_PB0PCcZNC0909_B64mA1la0R0vxxxxxx_000A07fBIsc_xBCxxxXxxFgxxn_DQ02_Yakko_WdZ_5510035D,0,7,7,600,100.5,99.67,98.0,0,4
1,pat79,d1700992P0422643C_Qv_B0Fmm00_PB0PCcZNC0909_B64mA1la0R0vxxxxxx_000A07fBIsc_xBCxxxXxxFgxxn_DQ02_Yakko_WdZ_5510035D,1,0,8,600,106.0,103.4,101.0,1,9
1,pat79,d1700992P0422643C_Qv_B0Fmm00_PB0PCcZNC0909_B64mA1la0R0vxxxxxx_000A07fBIsc_xBCxxxXxxFgxxn_DQ02_Yakko_WdZ_5510035D,1,1,9,600,105.5,103.0,100.0,0,2
1,pat79,d1700992P0422643C_Qv_B0Fmm00_PB0PCcZNC0909_B64mA1la0R0vxxxxxx_000A07fBIsc_xBCxxxXxxFgxxn_DQ02_Yakko_WdZ_5510035D,1,2,10,600,101.5,100.49,99.0,1,0
1,pat79,d1700992P0422643C_Qv_B0Fmm00_PB0PCcZNC0909_B64mA1la0R0vxxxxxx_000A07fBIsc_xBCxxxXxxFgxxn_DQ02_Yakko_WdZ_5510035D,1,3,11,600,101.5,100.46,99.0,0,8
1,pat79,d1700992P0422643C_Qv_B0Fmm00_PB0PCcZNC0909_B64mA1la0R0vxxxxxx_000A07fBIsc_xBCxxxXxxFgxxn_DQ02_Yakko_WdZ_5510035D,1,4,12,600,106.5,103.54,101.0,0,11
1,pat79,d1700992P0422643C_Qv_B0Fmm00_PB0PCcZNC0909_B64mA1la0R0vxxxxxx_000A07fBIsc_xBCxxxXxxFgxxn_DQ02_Yakko_WdZ_5510035D,1,5,13,600,106.5,103.94,100.5,1,2
1,pat79,d1700992P0422643C_Qv_B0Fmm00_PB0PCcZNC0909_B64mA1la0R0vxxxxxx_000A07fBIsc_xBCxxxXxxFgxxn_DQ02_Yakko_WdZ_5510035D,1,6,14,600,103.0,101.25,99.0,0,8
1,pat79,d1700992P0422643C_Qv_B0Fmm00_PB0PCcZNC0909_B64mA1la0R0vxxxxxx_000A07fBIsc_xBCxxxXxxFgxxn_DQ02_Yakko_WdZ_5510035D,1,7,15,600,102.5,100.26,98.0,0,8
1,pat79,d1700992P0422643C_Qv_B0Fmm00_PB0PCcZNC0909_B64mA1la0R0vxxxxxx_000A07fBIsc_xBCxxxXxxFgxxn_DQ02_Yakko_WdZ_5510035D,2,0,16,600,107.5,104.74,101.5,1,11
1,pat79,d1700992P0422643C_Qv_B0Fmm00_PB0PCcZNC0909_B64mA1la0R0vxxxxxx_000A07fBIsc_xBCxxxXxxFgxxn_DQ02_Yakko_WdZ_5510035D,2,1,17,600,108.5,105.14,102.0,1,2
1,pat79,d1700992P0422643C_Qv_B0Fmm00_PB0PCcZNC0909_B64mA1la0R0vxxxxxx_000A07fBIsc_xBCxxxXxxFgxxn_DQ02_Yakko_WdZ_5510035D,2,2,18,600,103.0,101.27,100.0,0,7
1,pat79,d1700992P0422643C_Qv_B0Fmm00_PB0PCcZNC0909_B64mA1la0R0vxxxxxx_000A07fBIsc_xBCxxxXxxFgxxn_DQ02_Yakko_WdZ_5510035D,2,3,19,600,102.5,100.86,99.0,1,9
1,pat79,d1700992P0422643C_Qv_B0Fmm00_PB0PCcZNC0909_B64mA1la0R0vxxxxxx_000A07fBIsc_xBCxxxXxxFgxxn_DQ02_Yakko_WdZ_5510035D,2,4,20,600,108.5,104.0,101.5,1,11
1,pat79,d1700992P0422643C_Qv_B0Fmm00_PB0PCcZNC0909_B64mA1la0R0vxxxxxx_000A07fBIsc_xBCxxxXxxFgxxn_DQ02_Yakko_WdZ_5510035D,2,5,21,600,107.0,104.49,102.0,1,11
1,pat79,d1700992P0422643C_Qv_B0Fmm00_PB0PCcZNC0909_B64mA1la0R0vxxxxxx_000A07fBIsc_xBCxxxXxxFgxxn_DQ02_Yakko_WdZ_5510035D,2,6,22,600,104.0,101.34,99.5,0,8
1,pat79,d1700992P0422643C_Qv_B0Fmm00_PB0PCcZNC0909_B64mA1la0R0vxxxxxx_000A07fBIsc_xBCxxxXxxFgxxn_DQ02_Yakko_WdZ_5510035D,2,7,23,600,102.0,100.57,98.5,1,9
1,pat79,d1700992P0422643C_Qv_B0Fmm00_PB0PCcZNC0909_B64mA1la0R0vxxxxxx_000A07fBIsc_xBCxxxXxxFgxxn_DQ02_Yakko_WdZ_5510035D,3,0,24,600,105.0,103.35,101.5,0,9
1,pat79,d1700992P0422643C_Qv_B0Fmm00_PB0PCcZNC0909_B64mA1la0R0vxxxxxx_000A07fBIsc_xBCxxxXxxFgxxn_DQ02_Yakko_WdZ_5510035D,3,1,25,600,104.5,103.01,101.0,0,1
1,pat79,d1700992P0422643C_Qv_B0Fmm00_PB0PCcZNC0909_B64mA1la0R0vxxxxxx_000A07fBIsc_xBCxxxXxxFgxxn_DQ02_Yakko_WdZ_5510035D,3,2,26,600,103.5,101.71,100.0,0,6
1,pat79,d1700992P0422643C_Qv_B0Fmm00_PB0PCcZNC0909_B64mA1la0R0vxxxxxx_000A07fBIsc_xBCxxxXxxFgxxn_DQ02_Yakko_WdZ_5510035D,3,3,27,600,103.0,101.05,99.5,0,8
1,pat79,d1700992P0422643C_Qv_B0Fmm00_PB0PCcZNC0909_B64mA1la0R0vxxxxxx_000A07fBIsc_xBCxxxXxxFgxxn_DQ02_Yakko_WdZ_5510035D,3,4,28,600,107.5,104.23,100.5,1,9
1,pat79,d1700992P0422643C_Qv_B0Fmm00_PB0PCcZNC0909_B64mA1la0R0vxxxxxx_000A07fBIsc_xBCxxxXxxFgxxn_DQ02_Yakko_WdZ_5510035D,3,5,29,600,106.0,103.75,102.0,1,11
1,pat79,d1700992P0422643C_Qv_B0Fmm00_PB0PCcZNC0909_B64mA1la0R0vxxxxxx_000A07fBIsc_xBCxxxXxxFgxxn_DQ02_Yakko_WdZ_5510035D,3,6,30,600,103.5,101.62,100.0,0,8
1,pat79,d1700992P0422643C_Qv_B0Fmm00_PB0PCcZNC0909_B64mA1la0R0vxxxxxx_000A07fBIsc_xBCxxxXxxFgxxn_DQ02_Yakko_WdZ_5510035D,3,7,31,600,103.5,101.38,100.0,0,8
1,pat80,d1700295P0421874C_RL_B0Fmm00_PB0PCcZNC0909_B64mA1la0R0vxxxxxx_000A07fBIsc_xBCxxxXxxFgxxn_DQ02_Blender_W1J_55100112,0,0,0,600,109.5,104.3,99.5,1,11
1,pat80,d1700295P0421874C_RL_B0Fmm00_PB0PCcZNC0909_B64mA1la0R0vxxxxxx_000A07fBIsc_xBCxxxXxxFgxxn_DQ02_Blender_W1J_55100112,0,1,1,600,110.0,105.01,100.5,1,2
1,pat80,d1700295P0421874C_RL_B0Fmm00_PB0PCcZNC0909_B64mA1la0R0vxxxxxx_000A07fBIsc_xBCxxxXxxFgxxn_DQ02_Blender_W1J_55100112,0,2,2,600,102.0,100.57,99.5,0,8
1,pat80,d1700295P0421874C_RL_B0Fmm00_PB0PCcZNC0909_B64mA1la0R0vxxxxxx_000A07fBIsc_xBCxxxXxxFgxxn_DQ02_Blender_W1J_55100112,0,3,3,600,101.0,99.39,98.0,0,8
1,pat80,d1700295P0421874C_RL_B0Fmm00_PB0PCcZNC0909_B64mA1la0R0vxxxxxx_000A07fBIsc_xBCxxxXxxFgxxn_DQ02_Blender_W1J_55100112,0,4,4,600,110.5,104.85,101.0,1,11
1,pat80,d1700295P0421874C_RL_B0Fmm00_PB0PCcZNC0909_B64mA1la0R0vxxxxxx_000A07fBIsc_xBCxxxXxxFgxxn_DQ02_Blender_W1J_55100112,0,5,5,600,111.5,105.62,101.0,1,11
1,pat80,d1700295P0421874C_RL_B0Fmm00_PB0PCcZNC0909_B64mA1la0R0vxxxxxx_000A07fBIsc_xBCxxxXxxFgxxn_DQ02_Blender_W1J_55100112,0,6,6,600,102.5,100.7,99.0,0,8
1,pat80,d1700295P0421874C_RL_B0Fmm00_PB0PCcZNC0909_B64mA1la0R0vxxxxxx_000A07fBIsc_xBCxxxXxxFgxxn_DQ02_Blender_W1J_55100112,0,7,7,600,101.0,99.83,98.5,0,0
1,pat80,d1700295P0421874C_RL_B0Fmm00_PB0PCcZNC0909_B64mA1la0R0vxxxxxx_000A07fBIsc_xBCxxxXxxFgxxn_DQ02_Blender_W1J_55100112,1,0,8,600,107.5,104.2,100.5,1,9
1,pat80,d1700295P0421874C_RL_B0Fmm00_PB0PCcZNC0909_B64mA1la0R0vxxxxxx_000A07fBIsc_xBCxxxXxxFgxxn_DQ02_Blender_W1J_55100112,1,1,9,600,106.5,103.7,100.0,1,2
1,pat80,d1700295P0421874C_RL_B0Fmm00_PB0PCcZNC0909_B64mA1la0R0vxxxxxx_000A07fBIsc_xBCxxxXxxFgxxn_DQ02_Blender_W1J_55100112,1,2,10,600,102.0,100.68,99.5,1,2
1,pat80,d1700295P0421874C_RL_B0Fmm00_PB0PCcZNC0909_B64mA1la0R0vxxxxxx_000A07fBIsc_xBCxxxXxxFgxxn_DQ02_Blender_W1J_55100112,1,3,11,600,101.5,100.59,99.0,0,8
1,pat80,d1700295P0421874C_RL_B0Fmm00_PB0PCcZNC0909_B64mA1la0R0vxxxxxx_000A07fBIsc_xBCxxxXxxFgxxn_DQ02_Blender_W1J_55100112,1,4,12,600,108.0,104.2,101.0,1,11
1,pat80,d1700295P0421874C_RL_B0Fmm00_PB0PCcZNC0909_B64mA1la0R0vxxxxxx_000A07fBIsc_xBCxxxXxxFgxxn_DQ02_Blender_W1J_55100112,1,5,13,600,108.0,104.77,101.0,1,2
1,pat80,d1700295P0421874C_RL_B0Fmm00_PB0PCcZNC0909_B64mA1la0R0vxxxxxx_000A07fBIsc_xBCxxxXxxFgxxn_DQ02_Blender_W1J_55100112,1,6,14,600,103.5,101.38,99.0,0,8
1,pat80,d1700295P0421874C_RL_B0Fmm00_PB0PCcZNC0909_B64mA1la0R0vxxxxxx_000A07fBIsc_xBCxxxXxxFgxxn_DQ02_Blender_W1J_55100112,1,7,15,600,102.5,100.42,98.0,0,8
1,pat80,d1700295P0421874C_RL_B0Fmm00_PB0PCcZNC0909_B64mA1la0R0vxxxxxx_000A07fBIsc_xBCxxxXxxFgxxn_DQ02_Blender_W1J_55100112,2,0,16,600,108.5,105.42,101.5,1,11
1,pat80,d1700295P0421874C_RL_B0Fmm00_PB0PCcZNC0909_B64mA1la0R0vxxxxxx_000A07fBIsc_xBCxxxXxxFgxxn_DQ02_Blender_W1J_55100112,2,1,17,600,109.5,105.77,102.0,1,2
1,pat80,d1700295P0421874C_RL_B0Fmm00_PB0PCcZNC0909_B64mA1la0R0vxxxxxx_000A07fBIsc_xBCxxxXxxFgxxn_DQ02_Blender_W1J_55100112,2,2,18,600,103.0,101.36,99.5,0,7
1,pat80,d1700295P0421874C_RL_B0Fmm00_PB0PCcZNC0909_B64mA1la0R0vxxxxxx_000A07fBIsc_xBCxxxXxxFgxxn_DQ02_Blender_W1J_55100112,2,3,19,600,102.5,100.97,99.0,1,4
1,pat80,d1700295P0421874C_RL_B0Fmm00_PB0PCcZNC0909_B64mA1la0R0vxxxxxx_000A07fBIsc_xBCxxxXxxFgxxn_DQ02_Blender_W1J_55100112,2,4,20,600,110.0,104.69,101.5,1,11
1,pat80,d1700295P0421874C_RL_B0Fmm00_PB0PCcZNC0909_B64mA1la0R0vxxxxxx_000A07fBIsc_xBCxxxXxxFgxxn_DQ02_Blender_W1J_55100112,2,5,21,600,108.0,105.05,102.5,1,2
1,pat80,d1700295P0421874C_RL_B0Fmm00_PB0PCcZNC0909_B64mA1la0R0vxxxxxx_000A07fBIsc_xBCxxxXxxFgxxn_DQ02_Blender_W1J_55100112,2,6,22,600,104.0,101.42,99.5,0,8
1,pat80,d1700295P0421874C_RL_B0Fmm00_PB0PCcZNC0909_B64mA1la0R0vxxxxxx_000A07fBIsc_xBCxxxXxxFgxxn_DQ02_Blender_W1J_55100112,2,7,23,600,102.0,100.58,98.5,1,8
1,pat80,d1700295P0421874C_RL_B0Fmm00_PB0PCcZNC0909_B64mA1la0R0vxxxxxx_000A07fBIsc_xBCxxxXxxFgxxn_DQ02_Blender_W1J_55100112,3,0,24,600,106.0,103.9,101.5,0,9
1,pat80,d1700295P0421874C_RL_B0Fmm00_PB0PCcZNC0909_B64mA1la0R0vxxxxxx_000A07fBIsc_xBCxxxXxxFgxxn_DQ02_Blender_W1J_55100112,3,1,25,600,106.0,103.59,101.0,0,0
1,pat80,d1700295P0421874C_RL_B0Fmm00_PB0PCcZNC0909_B64mA1la0R0vxxxxxx_000A07fBIsc_xBCxxxXxxFgxxn_DQ02_Blender_W1J_55100112,3,2,26,600,103.5,101.8,100.0,0,6
1,pat80,d1700295P0421874C_RL_B0Fmm00_PB0PCcZNC0909_B64mA1la0R0vxxxxxx_000A07fBIsc_xBCxxxXxxFgxxn_DQ02_Blender_W1J_55100112,3,3,27,600,103.0,101.05,99.5,0,8
1,pat80,d1700295P0421874C_RL_B0Fmm00_PB0PCcZNC0909_B64mA1la0R0vxxxxxx_000A07fBIsc_xBCxxxXxxFgxxn_DQ02_Blender_W1J_55100112,3,4,28,600,109.5,104.88,100.5,1,2
1,pat80,d1700295P0421874C_RL_B0Fmm00_PB0PCcZNC0909_B64mA1la0R0vxxxxxx_000A07fBIsc_xBCxxxXxxFgxxn_DQ02_Blender_W1J_55100112,3,5,29,600,106.5,104.32,102.0,1,0
1,pat80,d1700295P0421874C_RL_B0Fmm00_PB0PCcZNC0909_B64mA1la0R0vxxxxxx_000A07fBIsc_xBCxxxXxxFgxxn_DQ02_Blender_W1J_55100112,3,6,30,600,103.0,101.75,100.5,0,5
1,pat80,d1700295P0421874C_RL_B0Fmm00_PB0PCcZNC0909_B64mA1la0R0vxxxxxx_000A07fBIsc_xBCxxxXxxFgxxn_DQ02_Blender_W1J_55100112,3,7,31,600,104.0,101.5,100.0,0,8
1,pat81,d1684351P0421508C_RL_B0Fmm00_PB0PCcZNC0909_B64mA1la0R0vxxxxxx_000A07fBIsc_xBCxxxXxxFgxxn_DQ02_Fuso_55000284,0,0,0,600,109.5,104.03,99.0,1,2
1,pat81,d1684351P0421508C_RL_B0Fmm00_PB0PCcZNC0909_B64mA1la0R0vxxxxxx_000A07fBIsc_xBCxxxXxxFgxxn_DQ02_Fuso_55000284,0,1,1,600,110.5,104.64,100.0,1,2
1,pat81,d1684351P0421508C_RL_B0Fmm00_PB0PCcZNC0909_B64mA1la0R0vxxxxxx_000A07fBIsc_xBCxxxXxxFgxxn_DQ02_Fuso_55000284,0,2,2,600,102.0,100.46,99.5,0,14
1,pat81,d1684351P0421508C_RL_B0Fmm00_PB0PCcZNC0909_B64mA1la0R0vxxxxxx_000A07fBIsc_xBCxxxXxxFgxxn_DQ02_Fuso_55000284,0,3,3,600,101.0,99.29,97.5,1,8
1,pat81,d1684351P0421508C_RL_B0Fmm00_PB0PCcZNC0909_B64mA1la0R0vxxxxxx_000A07fBIsc_xBCxxxXxxFgxxn_DQ02_Fuso_55000284,0,4,4,600,110.0,104.61,100.5,1,11
1,pat81,d1684351P0421508C_RL_B0Fmm00_PB0PCcZNC0909_B64mA1la0R0vxxxxxx_000A07fBIsc_xBCxxxXxxFgxxn_DQ02_Fuso_55000284,0,5,5,600,110.0,105.32,100.5,1,11
1,pat81,d1684351P0421508C_RL_B0Fmm00_PB0PCcZNC0909_B64mA1la0R0vxxxxxx_000A07fBIsc_xBCxxxXxxFgxxn_DQ02_Fuso_55000284,0,6,6,600,102.0,100.59,99.0,1,13
1,pat81,d1684351P0421508C_RL_B0Fmm00_PB0PCcZNC0909_B64mA1la0R0vxxxxxx_000A07fBIsc_xBCxxxXxxFgxxn_DQ02_Fuso_55000284,0,7,7,600,101.0,99.66,98.0,0,4
1,pat81,d1684351P0421508C_RL_B0Fmm00_PB0PCcZNC0909_B64mA1la0R0vxxxxxx_000A07fBIsc_xBCxxxXxxFgxxn_DQ02_Fuso_55000284,1,0,8,600,107.0,103.9,100.0,1,2
1,pat81,d1684351P0421508C_RL_B0Fmm00_PB0PCcZNC0909_B64mA1la0R0vxxxxxx_000A07fBIsc_xBCxxxXxxFgxxn_DQ02_Fuso_55000284,1,1,9,600,106.0,103.4,99.5,0,0
1,pat81,d1684351P0421508C_RL_B0Fmm00_PB0PCcZNC0909_B64mA1la0R0vxxxxxx_000A07fBIsc_xBCxxxXxxFgxxn_DQ02_Fuso_55000284,1,2,10,600,102.0,100.53,98.5,1,2
1,pat81,d1684351P0421508C_RL_B0Fmm00_PB0PCcZNC0909_B64mA1la0R0vxxxxxx_000A07fBIsc_xBCxxxXxxFgxxn_DQ02_Fuso_55000284,1,3,11,600,101.5,100.44,98.5,0,8
1,pat81,d1684351P0421508C_RL_B0Fmm00_PB0PCcZNC0909_B64mA1la0R0vxxxxxx_000A07fBIsc_xBCxxxXxxFgxxn_DQ02_Fuso_55000284,1,4,12,600,107.0,103.98,100.5,1,11
1,pat81,d1684351P0421508C_RL_B0Fmm00_PB0PCcZNC0909_B64mA1la0R0vxxxxxx_000A07fBIsc_xBCxxxXxxFgxxn_DQ02_Fuso_55000284,1,5,13,600,107.5,104.26,100.5,1,2
1,pat81,d1684351P0421508C_RL_B0Fmm00_PB0PCcZNC0909_B64mA1la0R0vxxxxxx_000A07fBIsc_xBCxxxXxxFgxxn_DQ02_Fuso_55000284,1,6,14,600,103.0,101.14,98.5,0,8
1,pat81,d1684351P0421508C_RL_B0Fmm00_PB0PCcZNC0909_B64mA1la0R0vxxxxxx_000A07fBIsc_xBCxxxXxxFgxxn_DQ02_Fuso_55000284,1,7,15,600,102.5,100.14,98.0,0,8
1,pat81,d1684351P0421508C_RL_B0Fmm00_PB0PCcZNC0909_B64mA1la0R0vxxxxxx_000A07fBIsc_xBCxxxXxxFgxxn_DQ02_Fuso_55000284,2,0,16,600,108.5,105.15,101.0,1,2
1,pat81,d1684351P0421508C_RL_B0Fmm00_PB0PCcZNC0909_B64mA1la0R0vxxxxxx_000A07fBIsc_xBCxxxXxxFgxxn_DQ02_Fuso_55000284,2,1,17,600,110.0,105.46,101.5,1,2
1,pat81,d1684351P0421508C_RL_B0Fmm00_PB0PCcZNC0909_B64mA1la0R0vxxxxxx_000A07fBIsc_xBCxxxXxxFgxxn_DQ02_Fuso_55000284,2,2,18,600,103.0,101.22,99.5,1,14
1,pat81,d1684351P0421508C_RL_B0Fmm00_PB0PCcZNC0909_B64mA1la0R0vxxxxxx_000A07fBIsc_xBCxxxXxxFgxxn_DQ02_Fuso_55000284,2,3,19,600,102.5,100.81,99.0,1,11
1,pat81,d1684351P0421508C_RL_B0Fmm00_PB0PCcZNC0909_B64mA1la0R0vxxxxxx_000A07fBIsc_xBCxxxXxxFgxxn_DQ02_Fuso_55000284,2,4,20,600,109.5,104.42,101.0,1,11
1,pat81,d1684351P0421508C_RL_B0Fmm00_PB0PCcZNC0909_B64mA1la0R0vxxxxxx_000A07fBIsc_xBCxxxXxxFgxxn_DQ02_Fuso_55000284,2,5,21,600,108.0,104.82,101.0,1,2
1,pat81,d1684351P0421508C_RL_B0Fmm00_PB0PCcZNC0909_B64mA1la0R0vxxxxxx_000A07fBIsc_xBCxxxXxxFgxxn_DQ02_Fuso_55000284,2,6,22,600,103.5,101.33,99.0,0,8
1,pat81,d1684351P0421508C_RL_B0Fmm00_PB0PCcZNC0909_B64mA1la0R0vxxxxxx_000A07fBIsc_xBCxxxXxxFgxxn_DQ02_Fuso_55000284,2,7,23,600,102.0,100.51,98.5,0,8
1,pat81,d1684351P0421508C_RL_B0Fmm00_PB0PCcZNC0909_B64mA1la0R0vxxxxxx_000A07fBIsc_xBCxxxXxxFgxxn_DQ02_Fuso_55000284,3,0,24,600,105.5,103.58,101.0,0,0
1,pat81,d1684351P0421508C_RL_B0Fmm00_PB0PCcZNC0909_B64mA1la0R0vxxxxxx_000A07fBIsc_xBCxxxXxxFgxxn_DQ02_Fuso_55000284,3,1,25,600,106.0,103.44,101.0,0,0
1,pat81,d1684351P0421508C_RL_B0Fmm00_PB0PCcZNC0909_B64mA1la0R0vxxxxxx_000A07fBIsc_xBCxxxXxxFgxxn_DQ02_Fuso_55000284,3,2,26,600,103.0,101.62,99.5,0,8
1,pat81,d1684351P0421508C_RL_B0Fmm00_PB0PCcZNC0909_B64mA1la0R0vxxxxxx_000A07fBIsc_xBCxxxXxxFgxxn_DQ02_Fuso_55000284,3,3,27,600,103.0,101.04,99.5,0,8
1,pat81,d1684351P0421508C_RL_B0Fmm00_PB0PCcZNC0909_B64mA1la0R0vxxxxxx_000A07fBIsc_xBCxxxXxxFgxxn_DQ02_Fuso_55000284,3,4,28,600,109.5,104.7,101.0,1,2
1,pat81,d1684351P0421508C_RL_B0Fmm00_PB0PCcZNC0909_B64mA1la0R0vxxxxxx_000A07fBIsc_xBCxxxXxxFgxxn_DQ02_Fuso_55000284,3,5,29,600,107.0,104.06,101.5,1,0
1,pat81,d1684351P0421508C_RL_B0Fmm00_PB0PCcZNC0909_B64mA1la0R0vxxxxxx_000A07fBIsc_xBCxxxXxxFgxxn_DQ02_Fuso_55000284,3,6,30,600,104.0,101.61,100.0,0,14
1,pat81,d1684351P0421508C_RL_B0Fmm00_PB0PCcZNC0909_B64mA1la0R0vxxxxxx_000A07fBIsc_xBCxxxXxxFgxxn_DQ02_Fuso_55000284,3,7,31,600,103.5,101.39,100.0,1,7
1,pat82,d1701119P0422659C_Qp_B0Fmm00_PB0PCcZNC0909_B64mA1la0R0vxxxxxx_000A07fBIsc_xBCxxxXxxFgxxn_DQ02_Yakko_WhZ_5510035B,0,0,0,600,109.5,104.29,99.5,1,11
1,pat82,d1701119P0422659C_Qp_B0Fmm00_PB0PCcZNC0909_B64mA1la0R0vxxxxxx_000A07fBIsc_xBCxxxXxxFgxxn_DQ02_Yakko_WhZ_5510035B,0,1,1,600,110.0,104.78,100.5,1,2
1,pat82,d1701119P0422659C_Qp_B0Fmm00_PB0PCcZNC0909_B64mA1la0R0vxxxxxx_000A07fBIsc_xBCxxxXxxFgxxn_DQ02_Yakko_WhZ_5510035B,0,2,2,600,102.0,100.62,99.5,0,8
1,pat82,d1701119P0422659C_Qp_B0Fmm00_PB0PCcZNC0909_B64mA1la0R0vxxxxxx_000A07fBIsc_xBCxxxXxxFgxxn_DQ02_Yakko_WhZ_5510035B,0,3,3,600,101.0,99.38,98.0,0,8
1,pat82,d1701119P0422659C_Qp_B0Fmm00_PB0PCcZNC0909_B64mA1la0R0vxxxxxx_000A07fBIsc_xBCxxxXxxFgxxn_DQ02_Yakko_WhZ_5510035B,0,4,4,600,110.5,104.72,101.5,1,11
1,pat82,d1701119P0422659C_Qp_B0Fmm00_PB0PCcZNC0909_B64mA1la0R0vxxxxxx_000A07fBIsc_xBCxxxXxxFgxxn_DQ02_Yakko_WhZ_5510035B,0,5,5,600,110.5,105.58,101.5,1,11
1,pat82,d1701119P0422659C_Qp_B0Fmm00_PB0PCcZNC0909_B64mA1la0R0vxxxxxx_000A07fBIsc_xBCxxxXxxFgxxn_DQ02_Yakko_WhZ_5510035B,0,6,6,600,102.5,100.83,99.0,0,8
1,pat82,d1701119P0422659C_Qp_B0Fmm00_PB0PCcZNC0909_B64mA1la0R0vxxxxxx_000A07fBIsc_xBCxxxXxxFgxxn_DQ02_Yakko_WhZ_5510035B,0,7,7,600,101.5,99.86,98.0,0,6
1,pat82,d1701119P0422659C_Qp_B0Fmm00_PB0PCcZNC0909_B64mA1la0R0vxxxxxx_000A07fBIsc_xBCxxxXxxFgxxn_DQ02_Yakko_WhZ_5510035B,1,0,8,600,107.5,104.17,101.0,1,11
1,pat82,d1701119P0422659C_Qp_B0Fmm00_PB0PCcZNC0909_B64mA1la0R0vxxxxxx_000A07fBIsc_xBCxxxXxxFgxxn_DQ02_Yakko_WhZ_5510035B,1,1,9,600,106.5,103.59,100.5,0,11
1,pat82,d1701119P0422659C_Qp_B0Fmm00_PB0PCcZNC0909_B64mA1la0R0vxxxxxx_000A07fBIsc_xBCxxxXxxFgxxn_DQ02_Yakko_WhZ_5510035B,1,2,10,600,102.0,100.74,99.5,1,2
1,pat82,d1701119P0422659C_Qp_B0Fmm00_PB0PCcZNC0909_B64mA1la0R0vxxxxxx_000A07fBIsc_xBCxxxXxxFgxxn_DQ02_Yakko_WhZ_5510035B,1,3,11,600,102.0,100.65,99.0,0,8
1,pat82,d1701119P0422659C_Qp_B0Fmm00_PB0PCcZNC0909_B64mA1la0R0vxxxxxx_000A07fBIsc_xBCxxxXxxFgxxn_DQ02_Yakko_WhZ_5510035B,1,4,12,600,108.0,104.1,101.0,1,11
1,pat82,d1701119P0422659C_Qp_B0Fmm00_PB0PCcZNC0909_B64mA1la0R0vxxxxxx_000A07fBIsc_xBCxxxXxxFgxxn_DQ02_Yakko_WhZ_5510035B,1,5,13,600,108.0,104.66,101.0,1,11
1,pat82,d1701119P0422659C_Qp_B0Fmm00_PB0PCcZNC0909_B64mA1la0R0vxxxxxx_000A07fBIsc_xBCxxxXxxFgxxn_DQ02_Yakko_WhZ_5510035B,1,6,14,600,103.0,101.42,99.0,1,8
1,pat82,d1701119P0422659C_Qp_B0Fmm00_PB0PCcZNC0909_B64mA1la0R0vxxxxxx_000A07fBIsc_xBCxxxXxxFgxxn_DQ02_Yakko_WhZ_5510035B,1,7,15,600,102.5,100.3,98.0,0,8
1,pat82,d1701119P0422659C_Qp_B0Fmm00_PB0PCcZNC0909_B64mA1la0R0vxxxxxx_000A07fBIsc_xBCxxxXxxFgxxn_DQ02_Yakko_WhZ_5510035B,2,0,16,600,108.5,105.33,102.0,0,11
1,pat82,d1701119P0422659C_Qp_B0Fmm00_PB0PCcZNC0909_B64mA1la0R0vxxxxxx_000A07fBIsc_xBCxxxXxxFgxxn_DQ02_Yakko_WhZ_5510035B,2,1,17,600,110.0,105.65,102.0,1,2
1,pat82,d1701119P0422659C_Qp_B0Fmm00_PB0PCcZNC0909_B64mA1la0R0vxxxxxx_000A07fBIsc_xBCxxxXxxFgxxn_DQ02_Yakko_WhZ_5510035B,2,2,18,600,103.5,101.4,100.0,1,14
1,pat82,d1701119P0422659C_Qp_B0Fmm00_PB0PCcZNC0909_B64mA1la0R0vxxxxxx_000A07fBIsc_xBCxxxXxxFgxxn_DQ02_Yakko_WhZ_5510035B,2,3,19,600,102.5,100.97,99.5,1,4
1,pat82,d1701119P0422659C_Qp_B0Fmm00_PB0PCcZNC0909_B64mA1la0R0vxxxxxx_000A07fBIsc_xBCxxxXxxFgxxn_DQ02_Yakko_WhZ_5510035B,2,4,20,600,110.0,104.44,101.5,1,11
1,pat82,d1701119P0422659C_Qp_B0Fmm00_PB0PCcZNC0909_B64mA1la0R0vxxxxxx_000A07fBIsc_xBCxxxXxxFgxxn_DQ02_Yakko_WhZ_5510035B,2,5,21,600,107.5,104.88,102.0,1,11
1,pat82,d1701119P0422659C_Qp_B0Fmm00_PB0PCcZNC0909_B64mA1la0R0vxxxxxx_000A07fBIsc_xBCxxxXxxFgxxn_DQ02_Yakko_WhZ_5510035B,2,6,22,600,103.5,101.55,99.5,0,8
1,pat82,d1701119P0422659C_Qp_B0Fmm00_PB0PCcZNC0909_B64mA1la0R0vxxxxxx_000A07fBIsc_xBCxxxXxxFgxxn_DQ02_Yakko_WhZ_5510035B,2,7,23,600,102.0,100.69,98.5,0,8
1,pat82,d1701119P0422659C_Qp_B0Fmm00_PB0PCcZNC0909_B64mA1la0R0vxxxxxx_000A07fBIsc_xBCxxxXxxFgxxn_DQ02_Yakko_WhZ_5510035B,3,0,24,600,106.0,103.63,101.5,1,11
1,pat82,d1701119P0422659C_Qp_B0Fmm00_PB0PCcZNC0909_B64mA1la0R0vxxxxxx_000A07fBIsc_xBCxxxXxxFgxxn_DQ02_Yakko_WhZ_5510035B,3,1,25,600,106.0,103.45,101.0,0,11
1,pat82,d1701119P0422659C_Qp_B0Fmm00_PB0PCcZNC0909_B64mA1la0R0vxxxxxx_000A07fBIsc_xBCxxxXxxFgxxn_DQ02_Yakko_WhZ_5510035B,3,2,26,600,103.5,101.83,100.0,0,6
1,pat82,d1701119P0422659C_Qp_B0Fmm00_PB0PCcZNC0909_B64mA1la0R0vxxxxxx_000A07fBIsc_xBCxxxXxxFgxxn_DQ02_Yakko_WhZ_5510035B,3,3,27,600,103.0,101.12,99.5,0,8
1,pat82,d1701119P0422659C_Qp_B0Fmm00_PB0PCcZNC0909_B64mA1la0R0vxxxxxx_000A07fBIsc_xBCxxxXxxFgxxn_DQ02_Yakko_WhZ_5510035B,3,4,28,600,109.5,104.72,101.0,1,2
1,pat82,d1701119P0422659C_Qp_B0Fmm00_PB0PCcZNC0909_B64mA1la0R0vxxxxxx_000A07fBIsc_xBCxxxXxxFgxxn_DQ02_Yakko_WhZ_5510035B,3,5,29,600,107.0,104.19,102.0,1,11
1,pat82,d1701119P0422659C_Qp_B0Fmm00_PB0PCcZNC0909_B64mA1la0R0vxxxxxx_000A07fBIsc_xBCxxxXxxFgxxn_DQ02_Yakko_WhZ_5510035B,3,6,30,600,105.5,101.81,100.5,0,14
1,pat82,d1701119P0422659C_Qp_B0Fmm00_PB0PCcZNC0909_B64mA1la0R0vxxxxxx_000A07fBIsc_xBCxxxXxxFgxxn_DQ02_Yakko_WhZ_5510035B,3,7,31,600,103.5,101.58,100.0,0,8
1,pat83,d1684735P0421674C_RL_B0Fmm00_PB0PCcZNC0909_B64mA1la0R0vxxxxxx_000A07fBIsc_xBCxxxXxxFgxxn_DQ02_Scylla_SNDY_55000319,0,0,0,600,109.5,104.02,99.5,1,2
1,pat83,d1684735P0421674C_RL_B0Fmm00_PB0PCcZNC0909_B64mA1la0R0vxxxxxx_000A07fBIsc_xBCxxxXxxFgxxn_DQ02_Scylla_SNDY_55000319,0,1,1,600,110.5,104.59,100.5,1,2
1,pat83,d1684735P0421674C_RL_B0Fmm00_PB0PCcZNC0909_B64mA1la0R0vxxxxxx_000A07fBIsc_xBCxxxXxxFgxxn_DQ02_Scylla_SNDY_55000319,0,2,2,600,101.5,100.4,99.5,0,14
1,pat83,d1684735P0421674C_RL_B0Fmm00_PB0PCcZNC0909_B64mA1la0R0vxxxxxx_000A07fBIsc_xBCxxxXxxFgxxn_DQ02_Scylla_SNDY_55000319,0,3,3,600,101.0,99.39,98.0,0,8
1,pat83,d1684735P0421674C_RL_B0Fmm00_PB0PCcZNC0909_B64mA1la0R0vxxxxxx_000A07fBIsc_xBCxxxXxxFgxxn_DQ02_Scylla_SNDY_55000319,0,4,4,600,110.0,104.42,101.0,1,11
1,pat83,d1684735P0421674C_RL_B0Fmm00_PB0PCcZNC0909_B64mA1la0R0vxxxxxx_000A07fBIsc_xBCxxxXxxFgxxn_DQ02_Scylla_SNDY_55000319,0,5,5,600,110.5,105.26,101.0,1,11
1,pat83,d1684735P0421674C_RL_B0Fmm00_PB0PCcZNC0909_B64mA1la0R0vxxxxxx_000A07fBIsc_xBCxxxXxxFgxxn_DQ02_Scylla_SNDY_55000319,0,6,6,600,102.0,100.67,99.0,0,8
1,pat83,d1684735P0421674C_RL_B0Fmm00_PB0PCcZNC0909_B64mA1la0R0vxxxxxx_000A07fBIsc_xBCxxxXxxFgxxn_DQ02_Scylla_SNDY_55000319,0,7,7,600,101.0,99.84,98.5,1,6
1,pat83,d1684735P0421674C_RL_B0Fmm00_PB0PCcZNC0909_B64mA1la0R0vxxxxxx_000A07fBIsc_xBCxxxXxxFgxxn_DQ02_Scylla_SNDY_55000319,1,0,8,600,107.5,103.87,101.0,1,11
1,pat83,d1684735P0421674C_RL_B0Fmm00_PB0PCcZNC0909_B64mA1la0R0vxxxxxx_000A07fBIsc_xBCxxxXxxFgxxn_DQ02_Scylla_SNDY_55000319,1,1,9,600,106.5,103.35,100.0,0,11
1,pat83,d1684735P0421674C_RL_B0Fmm00_PB0PCcZNC0909_B64mA1la0R0vxxxxxx_000A07fBIsc_xBCxxxXxxFgxxn_DQ02_Scylla_SNDY_55000319,1,2,10,600,102.0,100.61,99.0,1,2
1,pat83,d1684735P0421674C_RL_B0Fmm00_PB0PCcZNC0909_B64mA1la0R0vxxxxxx_000A07fBIsc_xBCxxxXxxFgxxn_DQ02_Scylla_SNDY_55000319,1,3,11,600,102.0,100.53,99.0,1,7
1,pat83,d1684735P0421674C_RL_B0Fmm00_PB0PCcZNC0909_B64mA1la0R0vxxxxxx_000A07fBIsc_xBCxxxXxxFgxxn_DQ02_Scylla_SNDY_55000319,1,4,12,600,108.0,103.86,101.0,1,11
1,pat83,d1684735P0421674C_RL_B0Fmm00_PB0PCcZNC0909_B64mA1la0R0vxxxxxx_000A07fBIsc_xBCxxxXxxFgxxn_DQ02_Scylla_SNDY_55000319,1,5,13,600,107.5,104.42,100.5,1,2
1,pat83,d1684735P0421674C_RL_B0Fmm00_PB0PCcZNC0909_B64mA1la0R0vxxxxxx_000A07fBIsc_xBCxxxXxxFgxxn_DQ02_Scylla_SNDY_55000319,1,6,14,600,103.0,101.23,99.0,0,1
1,pat83,d1684735P0421674C_RL_B0Fmm00_PB0PCcZNC0909_B64mA1la0R0vxxxxxx_000A07fBIsc_xBCxxxXxxFgxxn_DQ02_Scylla_SNDY_55000319,1,7,15,600,102.5,100.23,98.0,0,8
1,pat83,d1684735P0421674C_RL_B0Fmm00_PB0PCcZNC0909_B64mA1la0R0vxxxxxx_000A07fBIsc_xBCxxxXxxFgxxn_DQ02_Scylla_SNDY_55000319,2,0,16,600,108.5,105.16,101.5,1,11
1,pat83,d1684735P0421674C_RL_B0Fmm00_PB0PCcZNC0909_B64mA1la0R0vxxxxxx_000A07fBIsc_xBCxxxXxxFgxxn_DQ02_Scylla_SNDY_55000319,2,1,17,600,109.5,105.54,102.0,1,2
1,pat83,d1684735P0421674C_RL_B0Fmm00_PB0PCcZNC0909_B64mA1la0R0vxxxxxx_000A07fBIsc_xBCxxxXxxFgxxn_DQ02_Scylla_SNDY_55000319,2,2,18,600,103.0,101.28,100.0,1,14
1,pat83,d1684735P0421674C_RL_B0Fmm00_PB0PCcZNC0909_B64mA1la0R0vxxxxxx_000A07fBIsc_xBCxxxXxxFgxxn_DQ02_Scylla_SNDY_55000319,2,3,19,600,102.0,100.88,99.0,0,8
1,pat83,d1684735P0421674C_RL_B0Fmm00_PB0PCcZNC0909_B64mA1la0R0vxxxxxx_000A07fBIsc_xBCxxxXxxFgxxn_DQ02_Scylla_SNDY_55000319,2,4,20,600,109.5,104.25,101.5,1,11
1,pat83,d1684735P0421674C_RL_B0Fmm00_PB0PCcZNC0909_B64mA1la0R0vxxxxxx_000A07fBIsc_xBCxxxXxxFgxxn_DQ02_Scylla_SNDY_55000319,2,5,21,600,108.0,104.82,101.5,1,2
1,pat83,d1684735P0421674C_RL_B0Fmm00_PB0PCcZNC0909_B64mA1la0R0vxxxxxx_000A07fBIsc_xBCxxxXxxFgxxn_DQ02_Scylla_SNDY_55000319,2,6,22,600,104.0,101.47,99.5,0,8
1,pat83,d1684735P0421674C_RL_B0Fmm00_PB0PCcZNC0909_B64mA1la0R0vxxxxxx_000A07fBIsc_xBCxxxXxxFgxxn_DQ02_Scylla_SNDY_55000319,2,7,23,600,102.0,100.6,98.5,1,4
1,pat83,d1684735P0421674C_RL_B0Fmm00_PB0PCcZNC0909_B64mA1la0R0vxxxxxx_000A07fBIsc_xBCxxxXxxFgxxn_DQ02_Scylla_SNDY_55000319,3,0,24,600,106.0,103.68,101.5,0,11
1,pat83,d1684735P0421674C_RL_B0Fmm00_PB0PCcZNC0909_B64mA1la0R0vxxxxxx_000A07fBIsc_xBCxxxXxxFgxxn_DQ02_Scylla_SNDY_55000319,3,1,25,600,105.0,103.36,101.0,0,9
1,pat83,d1684735P0421674C_RL_B0Fmm00_PB0PCcZNC0909_B64mA1la0R0vxxxxxx_000A07fBIsc_xBCxxxXxxFgxxn_DQ02_Scylla_SNDY_55000319,3,2,26,600,103.5,101.72,99.5,0,6
1,pat83,d1684735P0421674C_RL_B0Fmm00_PB0PCcZNC0909_B64mA1la0R0vxxxxxx_000A07fBIsc_xBCxxxXxxFgxxn_DQ02_Scylla_SNDY_55000319,3,3,27,600,102.5,101.08,99.5,0,8
1,pat83,d1684735P0421674C_RL_B0Fmm00_PB0PCcZNC0909_B64mA1la0R0vxxxxxx_000A07fBIsc_xBCxxxXxxFgxxn_DQ02_Scylla_SNDY_55000319,3,4,28,600,109.5,104.58,100.5,1,2
1,pat83,d1684735P0421674C_RL_B0Fmm00_PB0PCcZNC0909_B64mA1la0R0vxxxxxx_000A07fBIsc_xBCxxxXxxFgxxn_DQ02_Scylla_SNDY_55000319,3,5,29,600,107.0,104.13,101.5,1,11
1,pat83,d1684735P0421674C_RL_B0Fmm00_PB0PCcZNC0909_B64mA1la0R0vxxxxxx_000A07fBIsc_xBCxxxXxxFgxxn_DQ02_Scylla_SNDY_55000319,3,6,30,600,103.0,101.61,100.0,0,6
1,pat83,d1684735P0421674C_RL_B0Fmm00_PB0PCcZNC0909_B64mA1la0R0vxxxxxx_000A07fBIsc_xBCxxxXxxFgxxn_DQ02_Scylla_SNDY_55000319,3,7,31,600,103.5,101.47,100.0,0,8
1,pat84,d1700296P0421954C_RL_B0Fmm00_PB0PCcZNC0909_B64mA1la0R0vxxxxxx_000A07fBIsc_xBCxxxXxxFgxxn_DQ02_Blender_Z1J_55100096,0,0,0,600,109.0,103.89,99.5,1,11
1,pat84,d1700296P0421954C_RL_B0Fmm00_PB0PCcZNC0909_B64mA1la0R0vxxxxxx_000A07fBIsc_xBCxxxXxxFgxxn_DQ02_Blender_Z1J_55100096,0,1,1,600,110.0,104.35,100.5,1,11
1,pat84,d1700296P0421954C_RL_B0Fmm00_PB0PCcZNC0909_B64mA1la0R0vxxxxxx_000A07fBIsc_xBCxxxXxxFgxxn_DQ02_Blender_Z1J_55100096,0,2,2,600,101.5,100.47,99.5,0,14
1,pat84,d1700296P0421954C_RL_B0Fmm00_PB0PCcZNC0909_B64mA1la0R0vxxxxxx_000A07fBIsc_xBCxxxXxxFgxxn_DQ02_Blender_Z1J_55100096,0,3,3,600,101.0,99.45,98.0,0,8
1,pat84,d1700296P0421954C_RL_B0Fmm00_PB0PCcZNC0909_B64mA1la0R0vxxxxxx_000A07fBIsc_xBCxxxXxxFgxxn_DQ02_Blender_Z1J_55100096,0,4,4,600,109.5,104.21,101.0,1,11
1,pat84,d1700296P0421954C_RL_B0Fmm00_PB0PCcZNC0909_B64mA1la0R0vxxxxxx_000A07fBIsc_xBCxxxXxxFgxxn_DQ02_Blender_Z1J_55100096,0,5,5,600,110.0,105.17,101.0,1,11
1,pat84,d1700296P0421954C_RL_B0Fmm00_PB0PCcZNC0909_B64mA1la0R0vxxxxxx_000A07fBIsc_xBCxxxXxxFgxxn_DQ02_Blender_Z1J_55100096,0,6,6,600,102.5,100.69,99.0,0,8
1,pat84,d1700296P0421954C_RL_B0Fmm00_PB0PCcZNC0909_B64mA1la0R0vxxxxxx_000A07fBIsc_xBCxxxXxxFgxxn_DQ02_Blender_Z1J_55100096,0,7,7,600,101.5,99.88,98.5,0,6
1,pat84,d1700296P0421954C_RL_B0Fmm00_PB0PCcZNC0909_B64mA1la0R0vxxxxxx_000A07fBIsc_xBCxxxXxxFgxxn_DQ02_Blender_Z1J_55100096,1,0,8,600,106.5,103.61,101.0,1,11
1,pat84,d1700296P0421954C_RL_B0Fmm00_PB0PCcZNC0909_B64mA1la0R0vxxxxxx_000A07fBIsc_xBCxxxXxxFgxxn_DQ02_Blender_Z1J_55100096,1,1,9,600,106.0,103.18,100.0,1,11
1,pat84,d1700296P0421954C_RL_B0Fmm00_PB0PCcZNC0909_B64mA1la0R0vxxxxxx_000A07fBIsc_xBCxxxXxxFgxxn_DQ02_Blender_Z1J_55100096,1,2,10,600,102.0,100.61,99.5,1,2
1,pat84,d1700296P0421954C_RL_B0Fmm00_PB0PCcZNC0909_B64mA1la0R0vxxxxxx_000A07fBIsc_xBCxxxXxxFgxxn_DQ02_Blender_Z1J_55100096,1,3,11,600,101.5,100.6,99.0,0,8
1,pat84,d1700296P0421954C_RL_B0Fmm00_PB0PCcZNC0909_B64mA1la0R0vxxxxxx_000A07fBIsc_xBCxxxXxxFgxxn_DQ02_Blender_Z1J_55100096,1,4,12,600,107.0,103.61,101.0,1,11
1,pat84,d1700296P0421954C_RL_B0Fmm00_PB0PCcZNC0909_B64mA1la0R0vxxxxxx_000A07fBIsc_xBCxxxXxxFgxxn_DQ02_Blender_Z1J_55100096,1,5,13,600,107.5,104.26,100.5,1,2
1,pat84,d1700296P0421954C_RL_B0Fmm00_PB0PCcZNC0909_B64mA1la0R0vxxxxxx_000A07fBIsc_xBCxxxXxxFgxxn_DQ02_Blender_Z1J_55100096,1,6,14,600,103.5,101.23,98.5,0,8
1,pat84,d1700296P0421954C_RL_B0Fmm00_PB0PCcZNC0909_B64mA1la0R0vxxxxxx_000A07fBIsc_xBCxxxXxxFgxxn_DQ02_Blender_Z1J_55100096,1,7,15,600,102.5,100.17,98.0,0,8
1,pat84,d1700296P0421954C_RL_B0Fmm00_PB0PCcZNC0909_B64mA1la0R0vxxxxxx_000A07fBIsc_xBCxxxXxxFgxxn_DQ02_Blender_Z1J_55100096,2,0,16,600,108.0,104.97,101.5,1,11
1,pat84,d1700296P0421954C_RL_B0Fmm00_PB0PCcZNC0909_B64mA1la0R0vxxxxxx_000A07fBIsc_xBCxxxXxxFgxxn_DQ02_Blender_Z1J_55100096,2,1,17,600,109.0,105.22,101.5,1,2
1,pat84,d1700296P0421954C_RL_B0Fmm00_PB0PCcZNC0909_B64mA1la0R0vxxxxxx_000A07fBIsc_xBCxxxXxxFgxxn_DQ02_Blender_Z1J_55100096,2,2,18,600,103.0,101.26,100.0,1,14
1,pat84,d1700296P0421954C_RL_B0Fmm00_PB0PCcZNC0909_B64mA1la0R0vxxxxxx_000A07fBIsc_xBCxxxXxxFgxxn_DQ02_Blender_Z1J_55100096,2,3,19,600,102.5,100.93,99.0,1,9
1,pat84,d1700296P0421954C_RL_B0Fmm00_PB0PCcZNC0909_B64mA1la0R0vxxxxxx_000A07fBIsc_xBCxxxXxxFgxxn_DQ02_Blender_Z1J_55100096,2,4,20,600,109.5,104.08,101.5,1,11
1,pat84,d1700296P0421954C_RL_B0Fmm00_PB0PCcZNC0909_B64mA1la0R0vxxxxxx_000A07fBIsc_xBCxxxXxxFgxxn_DQ02_Blender_Z1J_55100096,2,5,21,600,107.5,104.65,102.0,1,2
1,pat84,d1700296P0421954C_RL_B0Fmm00_PB0PCcZNC0909_B64mA1la0R0vxxxxxx_000A07fBIsc_xBCxxxXxxFgxxn_DQ02_Blender_Z1J_55100096,2,6,22,600,104.0,101.54,99.5,0,8
1,pat84,d1700296P0421954C_RL_B0Fmm00_PB0PCcZNC0909_B64mA1la0R0vxxxxxx_000A07fBIsc_xBCxxxXxxFgxxn_DQ02_Blender_Z1J_55100096,2,7,23,600,102.0,100.64,98.5,1,4
1,pat84,d1700296P0421954C_RL_B0Fmm00_PB0PCcZNC0909_B64mA1la0R0vxxxxxx_000A07fBIsc_xBCxxxXxxFgxxn_DQ02_Blender_Z1J_55100096,3,0,24,600,106.0,103.33,101.0,1,11
1,pat84,d1700296P0421954C_RL_B0Fmm00_PB0PCcZNC0909_B64mA1la0R0vxxxxxx_000A07fBIsc_xBCxxxXxxFgxxn_DQ02_Blender_Z1J_55100096,3,1,25,600,105.0,103.18,101.0,1,11
1,pat84,d1700296P0421954C_RL_B0Fmm00_PB0PCcZNC0909_B64mA1la0R0vxxxxxx_000A07fBIsc_xBCxxxXxxFgxxn_DQ02_Blender_Z1J_55100096,3,2,26,600,103.0,101.66,100.0,0,8
1,pat84,d1700296P0421954C_RL_B0Fmm00_PB0PCcZNC0909_B64mA1la0R0vxxxxxx_000A07fBIsc_xBCxxxXxxFgxxn_DQ02_Blender_Z1J_55100096,3,3,27,600,102.5,101.06,99.5,0,8
1,pat84,d1700296P0421954C_RL_B0Fmm00_PB0PCcZNC0909_B64mA1la0R0vxxxxxx_000A07fBIsc_xBCxxxXxxFgxxn_DQ02_Blender_Z1J_55100096,3,4,28,600,107.5,104.28,100.5,1,11
1,pat84,d1700296P0421954C_RL_B0Fmm00_PB0PCcZNC0909_B64mA1la0R0vxxxxxx_000A07fBIsc_xBCxxxXxxFgxxn_DQ02_Blender_Z1J_55100096,3,5,29,600,106.5,103.85,101.5,1,11
1,pat84,d1700296P0421954C_RL_B0Fmm00_PB0PCcZNC0909_B64mA1la0R0vxxxxxx_000A07fBIsc_xBCxxxXxxFgxxn_DQ02_Blender_Z1J_55100096,3,6,30,600,103.0,101.61,100.5,0,6
1,pat84,d1700296P0421954C_RL_B0Fmm00_PB0PCcZNC0909_B64mA1la0R0vxxxxxx_000A07fBIsc_xBCxxxXxxFgxxn_DQ02_Blender_Z1J_55100096,3,7,31,600,103.5,101.33,100.0,0,8
1,pat85,d1682892P0420951C_RL_B0Fmm00_PB0PCcZNC0909_B64mA1la0R0vxxxxxx_000A07fBIsc_xBCxxxXxxFgxxn_DQ02_Blender_W1J_5500007A,0,0,0,600,109.0,104.16,99.5,1,11
1,pat85,d1682892P0420951C_RL_B0Fmm00_PB0PCcZNC0909_B64mA1la0R0vxxxxxx_000A07fBIsc_xBCxxxXxxFgxxn_DQ02_Blender_W1J_5500007A,0,1,1,600,110.0,104.78,100.5,1,11
1,pat85,d1682892P0420951C_RL_B0Fmm00_PB0PCcZNC0909_B64mA1la0R0vxxxxxx_000A07fBIsc_xBCxxxXxxFgxxn_DQ02_Blender_W1J_5500007A,0,2,2,600,102.0,100.57,99.5,1,4
1,pat85,d1682892P0420951C_RL_B0Fmm00_PB0PCcZNC0909_B64mA1la0R0vxxxxxx_000A07fBIsc_xBCxxxXxxFgxxn_DQ02_Blender_W1J_5500007A,0,3,3,600,101.0,99.51,98.0,0,8
1,pat85,d1682892P0420951C_RL_B0Fmm00_PB0PCcZNC0909_B64mA1la0R0vxxxxxx_000A07fBIsc_xBCxxxXxxFgxxn_DQ02_Blender_W1J_5500007A,0,4,4,600,110.0,104.52,101.0,1,11
1,pat85,d1682892P0420951C_RL_B0Fmm00_PB0PCcZNC0909_B64mA1la0R0vxxxxxx_000A07fBIsc_xBCxxxXxxFgxxn_DQ02_Blender_W1J_5500007A,0,5,5,600,110.5,105.45,101.0,1,11
1,pat85,d1682892P0420951C_RL_B0Fmm00_PB0PCcZNC0909_B64mA1la0R0vxxxxxx_000A07fBIsc_xBCxxxXxxFgxxn_DQ02_Blender_W1J_5500007A,0,6,6,600,102.0,100.76,99.0,0,8
1,pat85,d1682892P0420951C_RL_B0Fmm00_PB0PCcZNC0909_B64mA1la0R0vxxxxxx_000A07fBIsc_xBCxxxXxxFgxxn_DQ02_Blender_W1J_5500007A,0,7,7,600,101.0,99.93,98.5,0,0
1,pat85,d1682892P0420951C_RL_B0Fmm00_PB0PCcZNC0909_B64mA1la0R0vxxxxxx_000A07fBIsc_xBCxxxXxxFgxxn_DQ02_Blender_W1J_5500007A,1,0,8,600,107.0,103.93,101.0,1,11
1,pat85,d1682892P0420951C_RL_B0Fmm00_PB0PCcZNC0909_B64mA1la0R0vxxxxxx_000A07fBIsc_xBCxxxXxxFgxxn_DQ02_Blender_W1J_5500007A,1,1,9,600,106.0,103.57,100.5,0,11
1,pat85,d1682892P0420951C_RL_B0Fmm00_PB0PCcZNC0909_B64mA1la0R0vxxxxxx_000A07fBIsc_xBCxxxXxxFgxxn_DQ02_Blender_W1J_5500007A,1,2,10,600,102.0,100.73,99.5,1,2
1,pat85,d1682892P0420951C_RL_B0Fmm00_PB0PCcZNC0909_B64mA1la0R0vxxxxxx_000A07fBIsc_xBCxxxXxxFgxxn_DQ02_Blender_W1J_5500007A,1,3,11,600,102.0,100.63,99.0,1,8
1,pat85,d1682892P0420951C_RL_B0Fmm00_PB0PCcZNC0909_B64mA1la0R0vxxxxxx_000A07fBIsc_xBCxxxXxxFgxxn_DQ02_Blender_W1J_5500007A,1,4,12,600,107.0,103.93,101.0,1,11
1,pat85,d1682892P0420951C_RL_B0Fmm00_PB0PCcZNC0909_B64mA1la0R0vxxxxxx_000A07fBIsc_xBCxxxXxxFgxxn_DQ02_Blender_W1J_5500007A,1,5,13,600,108.0,104.5,100.5,1,2
1,pat85,d1682892P0420951C_RL_B0Fmm00_PB0PCcZNC0909_B64mA1la0R0vxxxxxx_000A07fBIsc_xBCxxxXxxFgxxn_DQ02_Blender_W1J_5500007A,1,6,14,600,103.5,101.38,99.0,0,8
1,pat85,d1682892P0420951C_RL_B0Fmm00_PB0PCcZNC0909_B64mA1la0R0vxxxxxx_000A07fBIsc_xBCxxxXxxFgxxn_DQ02_Blender_W1J_5500007A,1,7,15,600,102.5,100.33,98.5,0,8
1,pat85,d1682892P0420951C_RL_B0Fmm00_PB0PCcZNC0909_B64mA1la0R0vxxxxxx_000A07fBIsc_xBCxxxXxxFgxxn_DQ02_Blender_W1J_5500007A,2,0,16,600,108.5,105.22,102.0,1,11
1,pat85,d1682892P0420951C_RL_B0Fmm00_PB0PCcZNC0909_B64mA1la0R0vxxxxxx_000A07fBIsc_xBCxxxXxxFgxxn_DQ02_Blender_W1J_5500007A,2,1,17,600,109.5,105.55,102.0,1,2
1,pat85,d1682892P0420951C_RL_B0Fmm00_PB0PCcZNC0909_B64mA1la0R0vxxxxxx_000A07fBIsc_xBCxxxXxxFgxxn_DQ02_Blender_W1J_5500007A,2,2,18,600,103.0,101.38,100.0,1,14
1,pat85,d1682892P0420951C_RL_B0Fmm00_PB0PCcZNC0909_B64mA1la0R0vxxxxxx_000A07fBIsc_xBCxxxXxxFgxxn_DQ02_Blender_W1J_5500007A,2,3,19,600,102.5,101.09,99.0,1,9
1,pat85,d1682892P0420951C_RL_B0Fmm00_PB0PCcZNC0909_B64mA1la0R0vxxxxxx_000A07fBIsc_xBCxxxXxxFgxxn_DQ02_Blender_W1J_5500007A,2,4,20,600,110.0,104.37,101.5,1,11
1,pat85,d1682892P0420951C_RL_B0Fmm00_PB0PCcZNC0909_B64mA1la0R0vxxxxxx_000A07fBIsc_xBCxxxXxxFgxxn_DQ02_Blender_W1J_5500007A,2,5,21,600,107.5,104.83,102.0,1,2
1,pat85,d1682892P0420951C_RL_B0Fmm00_PB0PCcZNC0909_B64mA1la0R0vxxxxxx_000A07fBIsc_xBCxxxXxxFgxxn_DQ02_Blender_W1J_5500007A,2,6,22,600,104.5,101.57,99.5,0,8
1,pat85,d1682892P0420951C_RL_B0Fmm00_PB0PCcZNC0909_B64mA1la0R0vxxxxxx_000A07fBIsc_xBCxxxXxxFgxxn_DQ02_Blender_W1J_5500007A,2,7,23,600,102.5,100.63,99.0,1,8
1,pat85,d1682892P0420951C_RL_B0Fmm00_PB0PCcZNC0909_B64mA1la0R0vxxxxxx_000A07fBIsc_xBCxxxXxxFgxxn_DQ02_Blender_W1J_5500007A,3,0,24,600,105.5,103.64,101.5,1,11
1,pat85,d1682892P0420951C_RL_B0Fmm00_PB0PCcZNC0909_B64mA1la0R0vxxxxxx_000A07fBIsc_xBCxxxXxxFgxxn_DQ02_Blender_W1J_5500007A,3,1,25,600,105.0,103.42,101.0,0,9
1,pat85,d1682892P0420951C_RL_B0Fmm00_PB0PCcZNC0909_B64mA1la0R0vxxxxxx_000A07fBIsc_xBCxxxXxxFgxxn_DQ02_Blender_W1J_5500007A,3,2,26,600,103.0,101.71,99.5,0,8
1,pat85,d1682892P0420951C_RL_B0Fmm00_PB0PCcZNC0909_B64mA1la0R0vxxxxxx_000A07fBIsc_xBCxxxXxxFgxxn_DQ02_Blender_W1J_5500007A,3,3,27,600,103.0,101.18,100.0,0,8
1,pat85,d1682892P0420951C_RL_B0Fmm00_PB0PCcZNC0909_B64mA1la0R0vxxxxxx_000A07fBIsc_xBCxxxXxxFgxxn_DQ02_Blender_W1J_5500007A,3,4,28,600,109.0,104.51,101.0,1,2
1,pat85,d1682892P0420951C_RL_B0Fmm00_PB0PCcZNC0909_B64mA1la0R0vxxxxxx_000A07fBIsc_xBCxxxXxxFgxxn_DQ02_Blender_W1J_5500007A,3,5,29,600,106.5,104.14,102.0,1,11
1,pat85,d1682892P0420951C_RL_B0Fmm00_PB0PCcZNC0909_B64mA1la0R0vxxxxxx_000A07fBIsc_xBCxxxXxxFgxxn_DQ02_Blender_W1J_5500007A,3,6,30,600,103.5,101.74,100.5,0,8
1,pat85,d1682892P0420951C_RL_B0Fmm00_PB0PCcZNC0909_B64mA1la0R0vxxxxxx_000A07fBIsc_xBCxxxXxxFgxxn_DQ02_Blender_W1J_5500007A,3,7,31,600,103.5,101.41,100.0,0,8
1,pat86,d1700670P0422174C_RL_B0Fmm00_PB0PCcZNC0909_B64mA1la0R0vxxxxxx_000A07fBIsc_xBCxxxXxxFgxxn_DQ02_FRM_AddDZ_55100268,0,0,0,600,108.5,103.86,99.5,1,11
1,pat86,d1700670P0422174C_RL_B0Fmm00_PB0PCcZNC0909_B64mA1la0R0vxxxxxx_000A07fBIsc_xBCxxxXxxFgxxn_DQ02_FRM_AddDZ_55100268,0,1,1,600,109.5,104.5,100.5,1,11
1,pat86,d1700670P0422174C_RL_B0Fmm00_PB0PCcZNC0909_B64mA1la0R0vxxxxxx_000A07fBIsc_xBCxxxXxxFgxxn_DQ02_FRM_AddDZ_55100268,0,2,2,600,102.5,100.51,99.5,1,2
1,pat86,d1700670P0422174C_RL_B0Fmm00_PB0PCcZNC0909_B64mA1la0R0vxxxxxx_000A07fBIsc_xBCxxxXxxFgxxn_DQ02_FRM_AddDZ_55100268,0,3,3,600,101.0,99.46,98.0,1,8
1,pat86,d1700670P0422174C_RL_B0Fmm00_PB0PCcZNC0909_B64mA1la0R0vxxxxxx_000A07fBIsc_xBCxxxXxxFgxxn_DQ02_FRM_AddDZ_55100268,0,4,4,600,109.0,104.32,101.0,1,11
1,pat86,d1700670P0422174C_RL_B0Fmm00_PB0PCcZNC0909_B64mA1la0R0vxxxxxx_000A07fBIsc_xBCxxxXxxFgxxn_DQ02_FRM_AddDZ_55100268,0,5,5,600,110.0,105.25,101.0,1,11
1,pat86,d1700670P0422174C_RL_B0Fmm00_PB0PCcZNC0909_B64mA1la0R0vxxxxxx_000A07fBIsc_xBCxxxXxxFgxxn_DQ02_FRM_AddDZ_55100268,0,6,6,600,102.5,100.69,99.0,0,8
1,pat86,d1700670P0422174C_RL_B0Fmm00_PB0PCcZNC0909_B64mA1la0R0vxxxxxx_000A07fBIsc_xBCxxxXxxFgxxn_DQ02_FRM_AddDZ_55100268,0,7,7,600,101.0,99.89,98.0,1,5
1,pat86,d1700670P0422174C_RL_B0Fmm00_PB0PCcZNC0909_B64mA1la0R0vxxxxxx_000A07fBIsc_xBCxxxXxxFgxxn_DQ02_FRM_AddDZ_55100268,1,0,8,600,106.5,103.78,101.0,1,11
1,pat86,d1700670P0422174C_RL_B0Fmm00_PB0PCcZNC0909_B64mA1la0R0vxxxxxx_000A07fBIsc_xBCxxxXxxFgxxn_DQ02_FRM_AddDZ_55100268,1,1,9,600,105.5,103.26,100.0,0,2
1,pat86,d1700670P0422174C_RL_B0Fmm00_PB0PCcZNC0909_B64mA1la0R0vxxxxxx_000A07fBIsc_xBCxxxXxxFgxxn_DQ02_FRM_AddDZ_55100268,1,2,10,600,102.5,100.68,99.5,0,8
1,pat86,d1700670P0422174C_RL_B0Fmm00_PB0PCcZNC0909_B64mA1la0R0vxxxxxx_000A07fBIsc_xBCxxxXxxFgxxn_DQ02_FRM_AddDZ_55100268,1,3,11,600,101.5,100.62,99.5,0,8
1,pat86,d1700670P0422174C_RL_B0Fmm00_PB0PCcZNC0909_B64mA1la0R0vxxxxxx_000A07fBIsc_xBCxxxXxxFgxxn_DQ02_FRM_AddDZ_55100268,1,4,12,600,106.5,103.81,101.0,0,11
1,pat86,d1700670P0422174C_RL_B0Fmm00_PB0PCcZNC0909_B64mA1la0R0vxxxxxx_000A07fBIsc_xBCxxxXxxFgxxn_DQ02_FRM_AddDZ_55100268,1,5,13,600,107.0,104.34,100.5,1,2
1,pat86,d1700670P0422174C_RL_B0Fmm00_PB0PCcZNC0909_B64mA1la0R0vxxxxxx_000A07fBIsc_xBCxxxXxxFgxxn_DQ02_FRM_AddDZ_55100268,1,6,14,600,103.0,101.28,98.5,0,1
1,pat86,d1700670P0422174C_RL_B0Fmm00_PB0PCcZNC0909_B64mA1la0R0vxxxxxx_000A07fBIsc_xBCxxxXxxFgxxn_DQ02_FRM_AddDZ_55100268,1,7,15,600,102.5,100.27,98.5,0,8
1,pat86,d1700670P0422174C_RL_B0Fmm00_PB0PCcZNC0909_B64mA1la0R0vxxxxxx_000A07fBIsc_xBCxxxXxxFgxxn_DQ02_FRM_AddDZ_55100268,2,0,16,600,108.0,105.0,101.5,1,11
1,pat86,d1700670P0422174C_RL_B0Fmm00_PB0PCcZNC0909_B64mA1la0R0vxxxxxx_000A07fBIsc_xBCxxxXxxFgxxn_DQ02_FRM_AddDZ_55100268,2,1,17,600,109.0,105.39,102.0,1,2
1,pat86,d1700670P0422174C_RL_B0Fmm00_PB0PCcZNC0909_B64mA1la0R0vxxxxxx_000A07fBIsc_xBCxxxXxxFgxxn_DQ02_FRM_AddDZ_55100268,2,2,18,600,103.5,101.37,99.5,1,14
1,pat86,d1700670P0422174C_RL_B0Fmm00_PB0PCcZNC0909_B64mA1la0R0vxxxxxx_000A07fBIsc_xBCxxxXxxFgxxn_DQ02_FRM_AddDZ_55100268,2,3,19,600,102.5,101.01,99.5,1,9
1,pat86,d1700670P0422174C_RL_B0Fmm00_PB0PCcZNC0909_B64mA1la0R0vxxxxxx_000A07fBIsc_xBCxxxXxxFgxxn_DQ02_FRM_AddDZ_55100268,2,4,20,600,109.5,104.19,101.5,1,11
1,pat86,d1700670P0422174C_RL_B0Fmm00_PB0PCcZNC0909_B64mA1la0R0vxxxxxx_000A07fBIsc_xBCxxxXxxFgxxn_DQ02_FRM_AddDZ_55100268,2,5,21,600,107.5,104.68,102.0,1,2
1,pat86,d1700670P0422174C_RL_B0Fmm00_PB0PCcZNC0909_B64mA1la0R0vxxxxxx_000A07fBIsc_xBCxxxXxxFgxxn_DQ02_FRM_AddDZ_55100268,2,6,22,600,104.0,101.47,99.5,0,8
1,pat86,d1700670P0422174C_RL_B0Fmm00_PB0PCcZNC0909_B64mA1la0R0vxxxxxx_000A07fBIsc_xBCxxxXxxFgxxn_DQ02_FRM_AddDZ_55100268,2,7,23,600,102.0,100.63,99.0,1,8
1,pat86,d1700670P0422174C_RL_B0Fmm00_PB0PCcZNC0909_B64mA1la0R0vxxxxxx_000A07fBIsc_xBCxxxXxxFgxxn_DQ02_FRM_AddDZ_55100268,3,0,24,600,105.0,103.54,101.5,0,11
1,pat86,d1700670P0422174C_RL_B0Fmm00_PB0PCcZNC0909_B64mA1la0R0vxxxxxx_000A07fBIsc_xBCxxxXxxFgxxn_DQ02_FRM_AddDZ_55100268,3,1,25,600,105.0,103.31,101.0,0,9
1,pat86,d1700670P0422174C_RL_B0Fmm00_PB0PCcZNC0909_B64mA1la0R0vxxxxxx_000A07fBIsc_xBCxxxXxxFgxxn_DQ02_FRM_AddDZ_55100268,3,2,26,600,103.0,101.69,99.5,0,8
1,pat86,d1700670P0422174C_RL_B0Fmm00_PB0PCcZNC0909_B64mA1la0R0vxxxxxx_000A07fBIsc_xBCxxxXxxFgxxn_DQ02_FRM_AddDZ_55100268,3,3,27,600,103.5,101.19,100.0,0,8
1,pat86,d1700670P0422174C_RL_B0Fmm00_PB0PCcZNC0909_B64mA1la0R0vxxxxxx_000A07fBIsc_xBCxxxXxxFgxxn_DQ02_FRM_AddDZ_55100268,3,4,28,600,107.5,104.37,100.5,1,9
1,pat86,d1700670P0422174C_RL_B0Fmm00_PB0PCcZNC0909_B64mA1la0R0vxxxxxx_000A07fBIsc_xBCxxxXxxFgxxn_DQ02_FRM_AddDZ_55100268,3,5,29,600,106.5,103.95,102.0,1,11
1,pat86,d1700670P0422174C_RL_B0Fmm00_PB0PCcZNC0909_B64mA1la0R0vxxxxxx_000A07fBIsc_xBCxxxXxxFgxxn_DQ02_FRM_AddDZ_55100268,3,6,30,600,103.0,101.63,100.0,0,6
1,pat86,d1700670P0422174C_RL_B0Fmm00_PB0PCcZNC0909_B64mA1la0R0vxxxxxx_000A07fBIsc_xBCxxxXxxFgxxn_DQ02_FRM_AddDZ_55100268,3,7,31,600,104.0,101.52,100.0,0,8
1,pat87,d1682889P0420981C_RK_B0Fmm00_PB0PCcZNC0909_B64mA1la0R0vxxxxxx_000A07fBIsc_xBCxxxXxxFgxxn_DQ02_Blender_W1J_550000E9,0,0,0,600,108.5,103.93,99.5,1,2
1,pat87,d1682889P0420981C_RK_B0Fmm00_PB0PCcZNC0909_B64mA1la0R0vxxxxxx_000A07fBIsc_xBCxxxXxxFgxxn_DQ02_Blender_W1J_550000E9,0,1,1,600,109.5,104.53,100.5,1,2
1,pat87,d1682889P0420981C_RK_B0Fmm00_PB0PCcZNC0909_B64mA1la0R0vxxxxxx_000A07fBIsc_xBCxxxXxxFgxxn_DQ02_Blender_W1J_550000E9,0,2,2,600,102.0,100.39,99.5,0,14
1,pat87,d1682889P0420981C_RK_B0Fmm00_PB0PCcZNC0909_B64mA1la0R0vxxxxxx_000A07fBIsc_xBCxxxXxxFgxxn_DQ02_Blender_W1J_550000E9,0,3,3,600,101.5,99.39,98.0,0,8
1,pat87,d1682889P0420981C_RK_B0Fmm00_PB0PCcZNC0909_B64mA1la0R0vxxxxxx_000A07fBIsc_xBCxxxXxxFgxxn_DQ02_Blender_W1J_550000E9,0,4,4,600,109.0,104.37,101.0,1,11
1,pat87,d1682889P0420981C_RK_B0Fmm00_PB0PCcZNC0909_B64mA1la0R0vxxxxxx_000A07fBIsc_xBCxxxXxxFgxxn_DQ02_Blender_W1J_550000E9,0,5,5,600,109.5,105.24,101.5,1,11
1,pat87,d1682889P0420981C_RK_B0Fmm00_PB0PCcZNC0909_B64mA1la0R0vxxxxxx_000A07fBIsc_xBCxxxXxxFgxxn_DQ02_Blender_W1J_550000E9,0,6,6,600,102.0,100.61,99.0,0,8
1,pat87,d1682889P0420981C_RK_B0Fmm00_PB0PCcZNC0909_B64mA1la0R0vxxxxxx_000A07fBIsc_xBCxxxXxxFgxxn_DQ02_Blender_W1J_550000E9,0,7,7,600,101.5,99.82,98.5,1,6
1,pat87,d1682889P0420981C_RK_B0Fmm00_PB0PCcZNC0909_B64mA1la0R0vxxxxxx_000A07fBIsc_xBCxxxXxxFgxxn_DQ02_Blender_W1J_550000E9,1,0,8,600,107.0,103.84,101.0,1,9
1,pat87,d1682889P0420981C_RK_B0Fmm00_PB0PCcZNC0909_B64mA1la0R0vxxxxxx_000A07fBIsc_xBCxxxXxxFgxxn_DQ02_Blender_W1J_550000E9,1,1,9,600,105.5,103.25,100.0,0,2
1,pat87,d1682889P0420981C_RK_B0Fmm00_PB0PCcZNC0909_B64mA1la0R0vxxxxxx_000A07fBIsc_xBCxxxXxxFgxxn_DQ02_Blender_W1J_550000E9,1,2,10,600,102.0,100.68,99.5,0,8
1,pat87,d1682889P0420981C_RK_B0Fmm00_PB0PCcZNC0909_B64mA1la0R0vxxxxxx_000A07fBIsc_xBCxxxXxxFgxxn_DQ02_Blender_W1J_550000E9,1,3,11,600,101.5,100.66,99.0,0,8
1,pat87,d1682889P0420981C_RK_B0Fmm00_PB0PCcZNC0909_B64mA1la0R0vxxxxxx_000A07fBIsc_xBCxxxXxxFgxxn_DQ02_Blender_W1J_550000E9,1,4,12,600,107.0,103.75,101.0,1,11
1,pat87,d1682889P0420981C_RK_B0Fmm00_PB0PCcZNC0909_B64mA1la0R0vxxxxxx_000A07fBIsc_xBCxxxXxxFgxxn_DQ02_Blender_W1J_550000E9,1,5,13,600,107.5,104.38,100.5,1,2
1,pat87,d1682889P0420981C_RK_B0Fmm00_PB0PCcZNC0909_B64mA1la0R0vxxxxxx_000A07fBIsc_xBCxxxXxxFgxxn_DQ02_Blender_W1J_550000E9,1,6,14,600,103.0,101.27,99.0,0,1
1,pat87,d1682889P0420981C_RK_B0Fmm00_PB0PCcZNC0909_B64mA1la0R0vxxxxxx_000A07fBIsc_xBCxxxXxxFgxxn_DQ02_Blender_W1J_550000E9,1,7,15,600,102.5,100.17,98.0,0,8
1,pat87,d1682889P0420981C_RK_B0Fmm00_PB0PCcZNC0909_B64mA1la0R0vxxxxxx_000A07fBIsc_xBCxxxXxxFgxxn_DQ02_Blender_W1J_550000E9,2,0,16,600,108.0,105.06,101.5,1,11
1,pat87,d1682889P0420981C_RK_B0Fmm00_PB0PCcZNC0909_B64mA1la0R0vxxxxxx_000A07fBIsc_xBCxxxXxxFgxxn_DQ02_Blender_W1J_550000E9,2,1,17,600,109.5,105.46,102.0,1,2
1,pat87,d1682889P0420981C_RK_B0Fmm00_PB0PCcZNC0909_B64mA1la0R0vxxxxxx_000A07fBIsc_xBCxxxXxxFgxxn_DQ02_Blender_W1J_550000E9,2,2,18,600,103.0,101.3,100.0,1,14
1,pat87,d1682889P0420981C_RK_B0Fmm00_PB0PCcZNC0909_B64mA1la0R0vxxxxxx_000A07fBIsc_xBCxxxXxxFgxxn_DQ02_Blender_W1J_550000E9,2,3,19,600,102.0,100.86,99.0,1,5
1,pat87,d1682889P0420981C_RK_B0Fmm00_PB0PCcZNC0909_B64mA1la0R0vxxxxxx_000A07fBIsc_xBCxxxXxxFgxxn_DQ02_Blender_W1J_550000E9,2,4,20,600,109.5,104.29,101.5,1,11
1,pat87,d1682889P0420981C_RK_B0Fmm00_PB0PCcZNC0909_B64mA1la0R0vxxxxxx_000A07fBIsc_xBCxxxXxxFgxxn_DQ02_Blender_W1J_550000E9,2,5,21,600,107.5,104.64,102.0,1,2
1,pat87,d1682889P0420981C_RK_B0Fmm00_PB0PCcZNC0909_B64mA1la0R0vxxxxxx_000A07fBIsc_xBCxxxXxxFgxxn_DQ02_Blender_W1J_550000E9,2,6,22,600,104.0,101.47,99.5,0,8
1,pat87,d1682889P0420981C_RK_B0Fmm00_PB0PCcZNC0909_B64mA1la0R0vxxxxxx_000A07fBIsc_xBCxxxXxxFgxxn_DQ02_Blender_W1J_550000E9,2,7,23,600,102.0,100.6,98.5,1,4
1,pat87,d1682889P0420981C_RK_B0Fmm00_PB0PCcZNC0909_B64mA1la0R0vxxxxxx_000A07fBIsc_xBCxxxXxxFgxxn_DQ02_Blender_W1J_550000E9,3,0,24,600,105.5,103.53,101.5,0,9
1,pat87,d1682889P0420981C_RK_B0Fmm00_PB0PCcZNC0909_B64mA1la0R0vxxxxxx_000A07fBIsc_xBCxxxXxxFgxxn_DQ02_Blender_W1J_550000E9,3,1,25,600,105.5,103.29,101.0,0,9
1,pat87,d1682889P0420981C_RK_B0Fmm00_PB0PCcZNC0909_B64mA1la0R0vxxxxxx_000A07fBIsc_xBCxxxXxxFgxxn_DQ02_Blender_W1J_550000E9,3,2,26,600,103.0,101.66,99.5,0,8
1,pat87,d1682889P0420981C_RK_B0Fmm00_PB0PCcZNC0909_B64mA1la0R0vxxxxxx_000A07fBIsc_xBCxxxXxxFgxxn_DQ02_Blender_W1J_550000E9,3,3,27,600,103.0,101.08,99.5,0,8
1,pat87,d1682889P0420981C_RK_B0Fmm00_PB0PCcZNC0909_B64mA1la0R0vxxxxxx_000A07fBIsc_xBCxxxXxxFgxxn_DQ02_Blender_W1J_550000E9,3,4,28,600,107.5,104.45,101.0,1,9
1,pat87,d1682889P0420981C_RK_B0Fmm00_PB0PCcZNC0909_B64mA1la0R0vxxxxxx_000A07fBIsc_xBCxxxXxxFgxxn_DQ02_Blender_W1J_550000E9,3,5,29,600,106.0,103.98,102.0,1,11
1,pat87,d1682889P0420981C_RK_B0Fmm00_PB0PCcZNC0909_B64mA1la0R0vxxxxxx_000A07fBIsc_xBCxxxXxxFgxxn_DQ02_Blender_W1J_550000E9,3,6,30,600,103.0,101.66,100.5,0,6
1,pat87,d1682889P0420981C_RK_B0Fmm00_PB0PCcZNC0909_B64mA1la0R0vxxxxxx_000A07fBIsc_xBCxxxXxxFgxxn_DQ02_Blender_W1J_550000E9,3,7,31,600,104.0,101.41,100.0,0,8
1,pat88,d1700965P0422485C_RL_B0Fmm00_PB0PCcZNC0909_B64mA1la0R0vxxxxxx_000A07fBIsc_xBCxxxXxxFgxxn_DQ02_Oakley_LegX_551002CA,0,0,0,600,108.0,104.02,99.5,1,11
1,pat88,d1700965P0422485C_RL_B0Fmm00_PB0PCcZNC0909_B64mA1la0R0vxxxxxx_000A07fBIsc_xBCxxxXxxFgxxn_DQ02_Oakley_LegX_551002CA,0,1,1,600,109.0,104.53,100.5,1,11
1,pat88,d1700965P0422485C_RL_B0Fmm00_PB0PCcZNC0909_B64mA1la0R0vxxxxxx_000A07fBIsc_xBCxxxXxxFgxxn_DQ02_Oakley_LegX_551002CA,0,2,2,600,102.0,100.49,99.5,0,8
1,pat88,d1700965P0422485C_RL_B0Fmm00_PB0PCcZNC0909_B64mA1la0R0vxxxxxx_000A07fBIsc_xBCxxxXxxFgxxn_DQ02_Oakley_LegX_551002CA,0,3,3,600,101.0,99.41,98.0,0,8
1,pat88,d1700965P0422485C_RL_B0Fmm00_PB0PCcZNC0909_B64mA1la0R0vxxxxxx_000A07fBIsc_xBCxxxXxxFgxxn_DQ02_Oakley_LegX_551002CA,0,4,4,600,109.0,104.45,101.0,1,11
1,pat88,d1700965P0422485C_RL_B0Fmm00_PB0PCcZNC0909_B64mA1la0R0vxxxxxx_000A07fBIsc_xBCxxxXxxFgxxn_DQ02_Oakley_LegX_551002CA,0,5,5,600,109.0,105.33,101.0,0,3
1,pat88,d1700965P0422485C_RL_B0Fmm00_PB0PCcZNC0909_B64mA1la0R0vxxxxxx_000A07fBIsc_xBCxxxXxxFgxxn_DQ02_Oakley_LegX_551002CA,0,6,6,600,102.0,100.62,99.5,0,8
1,pat88,d1700965P0422485C_RL_B0Fmm00_PB0PCcZNC0909_B64mA1la0R0vxxxxxx_000A07fBIsc_xBCxxxXxxFgxxn_DQ02_Oakley_LegX_551002CA,0,7,7,600,101.0,99.79,98.0,0,6
1,pat88,d1700965P0422485C_RL_B0Fmm00_PB0PCcZNC0909_B64mA1la0R0vxxxxxx_000A07fBIsc_xBCxxxXxxFgxxn_DQ02_Oakley_LegX_551002CA,1,0,8,600,106.0,103.89,101.0,1,3
1,pat88,d1700965P0422485C_RL_B0Fmm00_PB0PCcZNC0909_B64mA1la0R0vxxxxxx_000A07fBIsc_xBCxxxXxxFgxxn_DQ02_Oakley_LegX_551002CA,1,1,9,600,106.5,103.36,100.0,0,3
1,pat88,d1700965P0422485C_RL_B0Fmm00_PB0PCcZNC0909_B64mA1la0R0vxxxxxx_000A07fBIsc_xBCxxxXxxFgxxn_DQ02_Oakley_LegX_551002CA,1,2,10,600,102.0,100.69,99.5,0,8
1,pat88,d1700965P0422485C_RL_B0Fmm00_PB0PCcZNC0909_B64mA1la0R0vxxxxxx_000A07fBIsc_xBCxxxXxxFgxxn_DQ02_Oakley_LegX_551002CA,1,3,11,600,102.0,100.69,99.5,0,4
1,pat88,d1700965P0422485C_RL_B0Fmm00_PB0PCcZNC0909_B64mA1la0R0vxxxxxx_000A07fBIsc_xBCxxxXxxFgxxn_DQ02_Oakley_LegX_551002CA,1,4,12,600,106.5,103.87,101.0,0,11
1,pat88,d1700965P0422485C_RL_B0Fmm00_PB0PCcZNC0909_B64mA1la0R0vxxxxxx_000A07fBIsc_xBCxxxXxxFgxxn_DQ02_Oakley_LegX_551002CA,1,5,13,600,107.5,104.38,101.0,0,3
1,pat88,d1700965P0422485C_RL_B0Fmm00_PB0PCcZNC0909_B64mA1la0R0vxxxxxx_000A07fBIsc_xBCxxxXxxFgxxn_DQ02_Oakley_LegX_551002CA,1,6,14,600,103.0,101.21,98.5,0,1
1,pat88,d1700965P0422485C_RL_B0Fmm00_PB0PCcZNC0909_B64mA1la0R0vxxxxxx_000A07fBIsc_xBCxxxXxxFgxxn_DQ02_Oakley_LegX_551002CA,1,7,15,600,102.5,100.2,98.0,0,8
1,pat88,d1700965P0422485C_RL_B0Fmm00_PB0PCcZNC0909_B64mA1la0R0vxxxxxx_000A07fBIsc_xBCxxxXxxFgxxn_DQ02_Oakley_LegX_551002CA,2,0,16,600,107.5,105.17,102.0,1,11
1,pat88,d1700965P0422485C_RL_B0Fmm00_PB0PCcZNC0909_B64mA1la0R0vxxxxxx_000A07fBIsc_xBCxxxXxxFgxxn_DQ02_Oakley_LegX_551002CA,2,1,17,600,109.0,105.49,102.0,1,2
1,pat88,d1700965P0422485C_RL_B0Fmm00_PB0PCcZNC0909_B64mA1la0R0vxxxxxx_000A07fBIsc_xBCxxxXxxFgxxn_DQ02_Oakley_LegX_551002CA,2,2,18,600,103.0,101.23,100.0,1,14
1,pat88,d1700965P0422485C_RL_B0Fmm00_PB0PCcZNC0909_B64mA1la0R0vxxxxxx_000A07fBIsc_xBCxxxXxxFgxxn_DQ02_Oakley_LegX_551002CA,2,3,19,600,102.5,100.96,99.0,1,9
1,pat88,d1700965P0422485C_RL_B0Fmm00_PB0PCcZNC0909_B64mA1la0R0vxxxxxx_000A07fBIsc_xBCxxxXxxFgxxn_DQ02_Oakley_LegX_551002CA,2,4,20,600,109.0,104.29,101.5,1,11
1,pat88,d1700965P0422485C_RL_B0Fmm00_PB0PCcZNC0909_B64mA1la0R0vxxxxxx_000A07fBIsc_xBCxxxXxxFgxxn_DQ02_Oakley_LegX_551002CA,2,5,21,600,107.5,104.64,101.5,1,3
1,pat88,d1700965P0422485C_RL_B0Fmm00_PB0PCcZNC0909_B64mA1la0R0vxxxxxx_000A07fBIsc_xBCxxxXxxFgxxn_DQ02_Oakley_LegX_551002CA,2,6,22,600,104.5,101.54,99.5,0,8
1,pat88,d1700965P0422485C_RL_B0Fmm00_PB0PCcZNC0909_B64mA1la0R0vxxxxxx_000A07fBIsc_xBCxxxXxxFgxxn_DQ02_Oakley_LegX_551002CA,2,7,23,600,102.0,100.59,98.5,1,6
1,pat88,d1700965P0422485C_RL_B0Fmm00_PB0PCcZNC0909_B64mA1la0R0vxxxxxx_000A07fBIsc_xBCxxxXxxFgxxn_DQ02_Oakley_LegX_551002CA,3,0,24,600,106.0,103.56,101.5,0,3
1,pat88,d1700965P0422485C_RL_B0Fmm00_PB0PCcZNC0909_B64mA1la0R0vxxxxxx_000A07fBIsc_xBCxxxXxxFgxxn_DQ02_Oakley_LegX_551002CA,3,1,25,600,105.0,103.34,101.0,0,11
1,pat88,d1700965P0422485C_RL_B0Fmm00_PB0PCcZNC0909_B64mA1la0R0vxxxxxx_000A07fBIsc_xBCxxxXxxFgxxn_DQ02_Oakley_LegX_551002CA,3,2,26,600,103.5,101.75,100.0,0,6
1,pat88,d1700965P0422485C_RL_B0Fmm00_PB0PCcZNC0909_B64mA1la0R0vxxxxxx_000A07fBIsc_xBCxxxXxxFgxxn_DQ02_Oakley_LegX_551002CA,3,3,27,600,102.5,101.03,99.5,0,8
1,pat88,d1700965P0422485C_RL_B0Fmm00_PB0PCcZNC0909_B64mA1la0R0vxxxxxx_000A07fBIsc_xBCxxxXxxFgxxn_DQ02_Oakley_LegX_551002CA,3,4,28,600,108.5,104.66,100.5,1,3
1,pat88,d1700965P0422485C_RL_B0Fmm00_PB0PCcZNC0909_B64mA1la0R0vxxxxxx_000A07fBIsc_xBCxxxXxxFgxxn_DQ02_Oakley_LegX_551002CA,3,5,29,600,106.5,104.06,102.0,0,3
1,pat88,d1700965P0422485C_RL_B0Fmm00_PB0PCcZNC0909_B64mA1la0R0vxxxxxx_000A07fBIsc_xBCxxxXxxFgxxn_DQ02_Oakley_LegX_551002CA,3,6,30,600,103.0,101.7,100.5,0,6
1,pat88,d1700965P0422485C_RL_B0Fmm00_PB0PCcZNC0909_B64mA1la0R0vxxxxxx_000A07fBIsc_xBCxxxXxxFgxxn_DQ02_Oakley_LegX_551002CA,3,7,31,600,103.5,101.33,99.5,0,8
1,pat89,d1684358P0421614C_Qn_B0Fmm00_PB0PCcZNC0909_B64mA1la0R0vxxxxxx_000A07fBIsc_xBCxxxXxxFgxxn_DQ02_PlusOne_Ps_550002E7,0,0,0,600,110.5,104.92,99.5,1,2
1,pat89,d1684358P0421614C_Qn_B0Fmm00_PB0PCcZNC0909_B64mA1la0R0vxxxxxx_000A07fBIsc_xBCxxxXxxFgxxn_DQ02_PlusOne_Ps_550002E7,0,1,1,600,111.5,105.51,100.5,1,2
1,pat89,d1684358P0421614C_Qn_B0Fmm00_PB0PCcZNC0909_B64mA1la0R0vxxxxxx_000A07fBIsc_xBCxxxXxxFgxxn_DQ02_PlusOne_Ps_550002E7,0,2,2,600,102.0,100.54,99.5,1,4
1,pat89,d1684358P0421614C_Qn_B0Fmm00_PB0PCcZNC0909_B64mA1la0R0vxxxxxx_000A07fBIsc_xBCxxxXxxFgxxn_DQ02_PlusOne_Ps_550002E7,0,3,3,600,101.0,99.52,98.0,0,8
1,pat89,d1684358P0421614C_Qn_B0Fmm00_PB0PCcZNC0909_B64mA1la0R0vxxxxxx_000A07fBIsc_xBCxxxXxxFgxxn_DQ02_PlusOne_Ps_550002E7,0,4,4,600,111.5,105.31,101.0,1,11
1,pat89,d1684358P0421614C_Qn_B0Fmm00_PB0PCcZNC0909_B64mA1la0R0vxxxxxx_000A07fBIsc_xBCxxxXxxFgxxn_DQ02_PlusOne_Ps_550002E7,0,5,5,600,112.5,106.32,101.5,1,2
1,pat89,d1684358P0421614C_Qn_B0Fmm00_PB0PCcZNC0909_B64mA1la0R0vxxxxxx_000A07fBIsc_xBCxxxXxxFgxxn_DQ02_PlusOne_Ps_550002E7,0,6,6,600,102.0,100.72,99.0,1,13
1,pat89,d1684358P0421614C_Qn_B0Fmm00_PB0PCcZNC0909_B64mA1la0R0vxxxxxx_000A07fBIsc_xBCxxxXxxFgxxn_DQ02_PlusOne_Ps_550002E7,0,7,7,600,101.0,99.87,98.0,0,0
1,pat89,d1684358P0421614C_Qn_B0Fmm00_PB0PCcZNC0909_B64mA1la0R0vxxxxxx_000A07fBIsc_xBCxxxXxxFgxxn_DQ02_PlusOne_Ps_550002E7,1,0,8,600,108.0,104.81,101.0,0,2
1,pat89,d1684358P0421614C_Qn_B0Fmm00_PB0PCcZNC0909_B64mA1la0R0vxxxxxx_000A07fBIsc_xBCxxxXxxFgxxn_DQ02_PlusOne_Ps_550002E7,1,1,9,600,108.0,104.25,100.5,1,2
1,pat89,d1684358P0421614C_Qn_B0Fmm00_PB0PCcZNC0909_B64mA1la0R0vxxxxxx_000A07fBIsc_xBCxxxXxxFgxxn_DQ02_PlusOne_Ps_550002E7,1,2,10,600,102.0,100.77,99.5,0,8
1,pat89,d1684358P0421614C_Qn_B0Fmm00_PB0PCcZNC0909_B64mA1la0R0vxxxxxx_000A07fBIsc_xBCxxxXxxFgxxn_DQ02_PlusOne_Ps_550002E7,1,3,11,600,102.0,100.64,99.0,1,7
1,pat89,d1684358P0421614C_Qn_B0Fmm00_PB0PCcZNC0909_B64mA1la0R0vxxxxxx_000A07fBIsc_xBCxxxXxxFgxxn_DQ02_PlusOne_Ps_550002E7,1,4,12,600,109.0,104.72,101.0,1,11
1,pat89,d1684358P0421614C_Qn_B0Fmm00_PB0PCcZNC0909_B64mA1la0R0vxxxxxx_000A07fBIsc_xBCxxxXxxFgxxn_DQ02_PlusOne_Ps_550002E7,1,5,13,600,109.5,105.38,100.5,1,2
1,pat89,d1684358P0421614C_Qn_B0Fmm00_PB0PCcZNC0909_B64mA1la0R0vxxxxxx_000A07fBIsc_xBCxxxXxxFgxxn_DQ02_PlusOne_Ps_550002E7,1,6,14,600,103.0,101.3,99.0,0,1
1,pat89,d1684358P0421614C_Qn_B0Fmm00_PB0PCcZNC0909_B64mA1la0R0vxxxxxx_000A07fBIsc_xBCxxxXxxFgxxn_DQ02_PlusOne_Ps_550002E7,1,7,15,600,102.5,100.32,98.0,0,8
1,pat89,d1684358P0421614C_Qn_B0Fmm00_PB0PCcZNC0909_B64mA1la0R0vxxxxxx_000A07fBIsc_xBCxxxXxxFgxxn_DQ02_PlusOne_Ps_550002E7,2,0,16,600,109.5,105.92,102.0,1,2
1,pat89,d1684358P0421614C_Qn_B0Fmm00_PB0PCcZNC0909_B64mA1la0R0vxxxxxx_000A07fBIsc_xBCxxxXxxFgxxn_DQ02_PlusOne_Ps_550002E7,2,1,17,600,111.0,106.29,102.0,1,2
1,pat89,d1684358P0421614C_Qn_B0Fmm00_PB0PCcZNC0909_B64mA1la0R0vxxxxxx_000A07fBIsc_xBCxxxXxxFgxxn_DQ02_PlusOne_Ps_550002E7,2,2,18,600,103.0,101.34,100.0,1,14
1,pat89,d1684358P0421614C_Qn_B0Fmm00_PB0PCcZNC0909_B64mA1la0R0vxxxxxx_000A07fBIsc_xBCxxxXxxFgxxn_DQ02_PlusOne_Ps_550002E7,2,3,19,600,102.0,100.99,99.0,1,5
1,pat89,d1684358P0421614C_Qn_B0Fmm00_PB0PCcZNC0909_B64mA1la0R0vxxxxxx_000A07fBIsc_xBCxxxXxxFgxxn_DQ02_PlusOne_Ps_550002E7,2,4,20,600,110.5,105.09,101.5,1,11
1,pat89,d1684358P0421614C_Qn_B0Fmm00_PB0PCcZNC0909_B64mA1la0R0vxxxxxx_000A07fBIsc_xBCxxxXxxFgxxn_DQ02_PlusOne_Ps_550002E7,2,5,21,600,109.5,105.41,102.0,1,11
1,pat89,d1684358P0421614C_Qn_B0Fmm00_PB0PCcZNC0909_B64mA1la0R0vxxxxxx_000A07fBIsc_xBCxxxXxxFgxxn_DQ02_PlusOne_Ps_550002E7,2,6,22,600,104.5,101.65,99.5,0,8
1,pat89,d1684358P0421614C_Qn_B0Fmm00_PB0PCcZNC0909_B64mA1la0R0vxxxxxx_000A07fBIsc_xBCxxxXxxFgxxn_DQ02_PlusOne_Ps_550002E7,2,7,23,600,102.0,100.67,98.5,0,8
1,pat89,d1684358P0421614C_Qn_B0Fmm00_PB0PCcZNC0909_B64mA1la0R0vxxxxxx_000A07fBIsc_xBCxxxXxxFgxxn_DQ02_PlusOne_Ps_550002E7,3,0,24,600,107.5,104.45,101.5,1,2
1,pat89,d1684358P0421614C_Qn_B0Fmm00_PB0PCcZNC0909_B64mA1la0R0vxxxxxx_000A07fBIsc_xBCxxxXxxFgxxn_DQ02_PlusOne_Ps_550002E7,3,1,25,600,106.5,104.05,101.0,0,0
1,pat89,d1684358P0421614C_Qn_B0Fmm00_PB0PCcZNC0909_B64mA1la0R0vxxxxxx_000A07fBIsc_xBCxxxXxxFgxxn_DQ02_PlusOne_Ps_550002E7,3,2,26,600,103.5,101.89,100.0,0,6
1,pat89,d1684358P0421614C_Qn_B0Fmm00_PB0PCcZNC0909_B64mA1la0R0vxxxxxx_000A07fBIsc_xBCxxxXxxFgxxn_DQ02_PlusOne_Ps_550002E7,3,3,27,600,103.0,101.1,99.5,0,8
1,pat89,d1684358P0421614C_Qn_B0Fmm00_PB0PCcZNC0909_B64mA1la0R0vxxxxxx_000A07fBIsc_xBCxxxXxxFgxxn_DQ02_PlusOne_Ps_550002E7,3,4,28,600,110.5,105.61,101.0,1,2
1,pat89,d1684358P0421614C_Qn_B0Fmm00_PB0PCcZNC0909_B64mA1la0R0vxxxxxx_000A07fBIsc_xBCxxxXxxFgxxn_DQ02_PlusOne_Ps_550002E7,3,5,29,600,108.0,104.89,102.0,1,2
1,pat89,d1684358P0421614C_Qn_B0Fmm00_PB0PCcZNC0909_B64mA1la0R0vxxxxxx_000A07fBIsc_xBCxxxXxxFgxxn_DQ02_PlusOne_Ps_550002E7,3,6,30,600,106.0,101.78,100.5,0,14
1,pat89,d1684358P0421614C_Qn_B0Fmm00_PB0PCcZNC0909_B64mA1la0R0vxxxxxx_000A07fBIsc_xBCxxxXxxFgxxn_DQ02_PlusOne_Ps_550002E7,3,7,31,600,103.5,101.45,100.0,0,8
1,pat90,d1684578P0421600C_Qp_B0Fmm00_PB0PCcZNC0909_B64mA1la0R0vxxxxxx_000A07fBIsc_xBCxxxXxxFgxxn_DQ02_PlusOne_Mhd_550002E0,0,0,0,600,110.0,106.12,101.0,1,11
1,pat90,d1684578P0421600C_Qp_B0Fmm00_PB0PCcZNC0909_B64mA1la0R0vxxxxxx_000A07fBIsc_xBCxxxXxxFgxxn_DQ02_PlusOne_Mhd_550002E0,0,1,1,600,111.0,106.83,102.0,1,2
1,pat90,d1684578P0421600C_Qp_B0Fmm00_PB0PCcZNC0909_B64mA1la0R0vxxxxxx_000A07fBIsc_xBCxxxXxxFgxxn_DQ02_PlusOne_Mhd_550002E0,0,2,2,600,103.0,101.32,100.0,0,8
1,pat90,d1684578P0421600C_Qp_B0Fmm00_PB0PCcZNC0909_B64mA1la0R0vxxxxxx_000A07fBIsc_xBCxxxXxxFgxxn_DQ02_PlusOne_Mhd_550002E0,0,3,3,600,102.0,99.91,98.0,0,8
1,pat90,d1684578P0421600C_Qp_B0Fmm00_PB0PCcZNC0909_B64mA1la0R0vxxxxxx_000A07fBIsc_xBCxxxXxxFgxxn_DQ02_PlusOne_Mhd_550002E0,0,4,4,600,112.0,106.74,102.0,1,11
1,pat90,d1684578P0421600C_Qp_B0Fmm00_PB0PCcZNC0909_B64mA1la0R0vxxxxxx_000A07fBIsc_xBCxxxXxxFgxxn_DQ02_PlusOne_Mhd_550002E0,0,5,5,600,112.0,107.53,103.0,1,2
1,pat90,d1684578P0421600C_Qp_B0Fmm00_PB0PCcZNC0909_B64mA1la0R0vxxxxxx_000A07fBIsc_xBCxxxXxxFgxxn_DQ02_PlusOne_Mhd_550002E0,0,6,6,600,103.0,101.59,99.5,0,8
1,pat90,d1684578P0421600C_Qp_B0Fmm00_PB0PCcZNC0909_B64mA1la0R0vxxxxxx_000A07fBIsc_xBCxxxXxxFgxxn_DQ02_PlusOne_Mhd_550002E0,0,7,7,600,102.0,100.48,98.5,0,14
1,pat90,d1684578P0421600C_Qp_B0Fmm00_PB0PCcZNC0909_B64mA1la0R0vxxxxxx_000A07fBIsc_xBCxxxXxxFgxxn_DQ02_PlusOne_Mhd_550002E0,1,0,8,600,109.5,106.28,102.5,1,11
1,pat90,d1684578P0421600C_Qp_B0Fmm00_PB0PCcZNC0909_B64mA1la0R0vxxxxxx_000A07fBIsc_xBCxxxXxxFgxxn_DQ02_PlusOne_Mhd_550002E0,1,1,9,600,108.0,105.44,102.0,1,2
1,pat90,d1684578P0421600C_Qp_B0Fmm00_PB0PCcZNC0909_B64mA1la0R0vxxxxxx_000A07fBIsc_xBCxxxXxxFgxxn_DQ02_PlusOne_Mhd_550002E0,1,2,10,600,103.5,101.71,100.0,1,2
1,pat90,d1684578P0421600C_Qp_B0Fmm00_PB0PCcZNC0909_B64mA1la0R0vxxxxxx_000A07fBIsc_xBCxxxXxxFgxxn_DQ02_PlusOne_Mhd_550002E0,1,3,11,600,103.0,101.25,99.5,0,8
1,pat90,d1684578P0421600C_Qp_B0Fmm00_PB0PCcZNC0909_B64mA1la0R0vxxxxxx_000A07fBIsc_xBCxxxXxxFgxxn_DQ02_PlusOne_Mhd_550002E0,1,4,12,600,109.0,105.79,102.0,1,11
1,pat90,d1684578P0421600C_Qp_B0Fmm00_PB0PCcZNC0909_B64mA1la0R0vxxxxxx_000A07fBIsc_xBCxxxXxxFgxxn_DQ02_PlusOne_Mhd_550002E0,1,5,13,600,109.0,106.55,103.0,1,2
1,pat90,d1684578P0421600C_Qp_B0Fmm00_PB0PCcZNC0909_B64mA1la0R0vxxxxxx_000A07fBIsc_xBCxxxXxxFgxxn_DQ02_PlusOne_Mhd_550002E0,1,6,14,600,104.5,102.36,100.0,0,8
1,pat90,d1684578P0421600C_Qp_B0Fmm00_PB0PCcZNC0909_B64mA1la0R0vxxxxxx_000A07fBIsc_xBCxxxXxxFgxxn_DQ02_PlusOne_Mhd_550002E0,1,7,15,600,103.0,100.97,98.5,0,8
1,pat90,d1684578P0421600C_Qp_B0Fmm00_PB0PCcZNC0909_B64mA1la0R0vxxxxxx_000A07fBIsc_xBCxxxXxxFgxxn_DQ02_PlusOne_Mhd_550002E0,2,0,16,600,109.5,106.85,103.0,1,2
1,pat90,d1684578P0421600C_Qp_B0Fmm00_PB0PCcZNC0909_B64mA1la0R0vxxxxxx_000A07fBIsc_xBCxxxXxxFgxxn_DQ02_PlusOne_Mhd_550002E0,2,1,17,600,111.0,107.37,103.5,1,2
1,pat90,d1684578P0421600C_Qp_B0Fmm00_PB0PCcZNC0909_B64mA1la0R0vxxxxxx_000A07fBIsc_xBCxxxXxxFgxxn_DQ02_PlusOne_Mhd_550002E0,2,2,18,600,104.5,102.51,100.5,1,14
1,pat90,d1684578P0421600C_Qp_B0Fmm00_PB0PCcZNC0909_B64mA1la0R0vxxxxxx_000A07fBIsc_xBCxxxXxxFgxxn_DQ02_PlusOne_Mhd_550002E0,2,3,19,600,103.0,101.48,100.0,1,4
1,pat90,d1684578P0421600C_Qp_B0Fmm00_PB0PCcZNC0909_B64mA1la0R0vxxxxxx_000A07fBIsc_xBCxxxXxxFgxxn_DQ02_PlusOne_Mhd_550002E0,2,4,20,600,110.5,106.02,101.5,1,11
1,pat90,d1684578P0421600C_Qp_B0Fmm00_PB0PCcZNC0909_B64mA1la0R0vxxxxxx_000A07fBIsc_xBCxxxXxxFgxxn_DQ02_PlusOne_Mhd_550002E0,2,5,21,600,108.5,106.09,103.0,1,2
1,pat90,d1684578P0421600C_Qp_B0Fmm00_PB0PCcZNC0909_B64mA1la0R0vxxxxxx_000A07fBIsc_xBCxxxXxxFgxxn_DQ02_PlusOne_Mhd_550002E0,2,6,22,600,105.5,102.39,100.0,0,8
1,pat90,d1684578P0421600C_Qp_B0Fmm00_PB0PCcZNC0909_B64mA1la0R0vxxxxxx_000A07fBIsc_xBCxxxXxxFgxxn_DQ02_PlusOne_Mhd_550002E0,2,7,23,600,104.0,101.36,99.5,0,8
1,pat90,d1684578P0421600C_Qp_B0Fmm00_PB0PCcZNC0909_B64mA1la0R0vxxxxxx_000A07fBIsc_xBCxxxXxxFgxxn_DQ02_PlusOne_Mhd_550002E0,3,0,24,600,107.0,105.19,102.5,1,11
1,pat90,d1684578P0421600C_Qp_B0Fmm00_PB0PCcZNC0909_B64mA1la0R0vxxxxxx_000A07fBIsc_xBCxxxXxxFgxxn_DQ02_PlusOne_Mhd_550002E0,3,1,25,600,106.5,104.63,102.0,0,0
1,pat90,d1684578P0421600C_Qp_B0Fmm00_PB0PCcZNC0909_B64mA1la0R0vxxxxxx_000A07fBIsc_xBCxxxXxxFgxxn_DQ02_PlusOne_Mhd_550002E0,3,2,26,600,104.5,102.67,100.5,0,6
1,pat90,d1684578P0421600C_Qp_B0Fmm00_PB0PCcZNC0909_B64mA1la0R0vxxxxxx_000A07fBIsc_xBCxxxXxxFgxxn_DQ02_PlusOne_Mhd_550002E0,3,3,27,600,103.5,101.6,100.0,0,8
1,pat90,d1684578P0421600C_Qp_B0Fmm00_PB0PCcZNC0909_B64mA1la0R0vxxxxxx_000A07fBIsc_xBCxxxXxxFgxxn_DQ02_PlusOne_Mhd_550002E0,3,4,28,600,110.0,106.52,102.0,1,2
1,pat90,d1684578P0421600C_Qp_B0Fmm00_PB0PCcZNC0909_B64mA1la0R0vxxxxxx_000A07fBIsc_xBCxxxXxxFgxxn_DQ02_PlusOne_Mhd_550002E0,3,5,29,600,107.5,105.49,103.0,1,6
1,pat90,d1684578P0421600C_Qp_B0Fmm00_PB0PCcZNC0909_B64mA1la0R0vxxxxxx_000A07fBIsc_xBCxxxXxxFgxxn_DQ02_PlusOne_Mhd_550002E0,3,6,30,600,106.0,102.52,101.0,0,14
1,pat90,d1684578P0421600C_Qp_B0Fmm00_PB0PCcZNC0909_B64mA1la0R0vxxxxxx_000A07fBIsc_xBCxxxXxxFgxxn_DQ02_PlusOne_Mhd_550002E0,3,7,31,600,104.5,102.02,100.5,0,8
1,pat91,d1684562P0421603C_QO_B0Fmm00_PB0PCcZNC0909_B64mA1la0R0vxxxxxx_000A07fBIsc_xBCxxxXxxFgxxn_DQ02_PlusOne_Mhs_550002DD,0,0,0,600,111.0,104.57,99.0,1,2
1,pat91,d1684562P0421603C_QO_B0Fmm00_PB0PCcZNC0909_B64mA1la0R0vxxxxxx_000A07fBIsc_xBCxxxXxxFgxxn_DQ02_PlusOne_Mhs_550002DD,0,1,1,600,111.5,105.13,100.0,1,2
1,pat91,d1684562P0421603C_QO_B0Fmm00_PB0PCcZNC0909_B64mA1la0R0vxxxxxx_000A07fBIsc_xBCxxxXxxFgxxn_DQ02_PlusOne_Mhs_550002DD,0,2,2,600,101.5,100.16,99.0,0,5
1,pat91,d1684562P0421603C_QO_B0Fmm00_PB0PCcZNC0909_B64mA1la0R0vxxxxxx_000A07fBIsc_xBCxxxXxxFgxxn_DQ02_PlusOne_Mhs_550002DD,0,3,3,600,101.0,99.17,97.5,0,8
1,pat91,d1684562P0421603C_QO_B0Fmm00_PB0PCcZNC0909_B64mA1la0R0vxxxxxx_000A07fBIsc_xBCxxxXxxFgxxn_DQ02_PlusOne_Mhs_550002DD,0,4,4,600,112.5,105.22,100.5,1,2
1,pat91,d1684562P0421603C_QO_B0Fmm00_PB0PCcZNC0909_B64mA1la0R0vxxxxxx_000A07fBIsc_xBCxxxXxxFgxxn_DQ02_PlusOne_Mhs_550002DD,0,5,5,600,113.5,106.03,100.5,1,2
1,pat91,d1684562P0421603C_QO_B0Fmm00_PB0PCcZNC0909_B64mA1la0R0vxxxxxx_000A07fBIsc_xBCxxxXxxFgxxn_DQ02_PlusOne_Mhs_550002DD,0,6,6,600,102.5,100.43,99.0,0,8
1,pat91,d1684562P0421603C_QO_B0Fmm00_PB0PCcZNC0909_B64mA1la0R0vxxxxxx_000A07fBIsc_xBCxxxXxxFgxxn_DQ02_PlusOne_Mhs_550002DD,0,7,7,600,101.0,99.55,97.5,0,6
1,pat91,d1684562P0421603C_QO_B0Fmm00_PB0PCcZNC0909_B64mA1la0R0vxxxxxx_000A07fBIsc_xBCxxxXxxFgxxn_DQ02_PlusOne_Mhs_550002DD,1,0,8,600,110.0,104.8,101.0,1,2
1,pat91,d1684562P0421603C_QO_B0Fmm00_PB0PCcZNC0909_B64mA1la0R0vxxxxxx_000A07fBIsc_xBCxxxXxxFgxxn_DQ02_PlusOne_Mhs_550002DD,1,1,9,600,108.5,104.09,100.0,0,2
1,pat91,d1684562P0421603C_QO_B0Fmm00_PB0PCcZNC0909_B64mA1la0R0vxxxxxx_000A07fBIsc_xBCxxxXxxFgxxn_DQ02_PlusOne_Mhs_550002DD,1,2,10,600,102.0,100.47,98.5,0,8
1,pat91,d1684562P0421603C_QO_B0Fmm00_PB0PCcZNC0909_B64mA1la0R0vxxxxxx_000A07fBIsc_xBCxxxXxxFgxxn_DQ02_PlusOne_Mhs_550002DD,1,3,11,600,102.0,100.44,98.5,0,4
1,pat91,d1684562P0421603C_QO_B0Fmm00_PB0PCcZNC0909_B64mA1la0R0vxxxxxx_000A07fBIsc_xBCxxxXxxFgxxn_DQ02_PlusOne_Mhs_550002DD,1,4,12,600,110.0,104.56,101.0,1,2
1,pat91,d1684562P0421603C_QO_B0Fmm00_PB0PCcZNC0909_B64mA1la0R0vxxxxxx_000A07fBIsc_xBCxxxXxxFgxxn_DQ02_PlusOne_Mhs_550002DD,1,5,13,600,110.5,105.33,101.0,1,2
1,pat91,d1684562P0421603C_QO_B0Fmm00_PB0PCcZNC0909_B64mA1la0R0vxxxxxx_000A07fBIsc_xBCxxxXxxFgxxn_DQ02_PlusOne_Mhs_550002DD,1,6,14,600,103.5,101.17,98.5,0,8
1,pat91,d1684562P0421603C_QO_B0Fmm00_PB0PCcZNC0909_B64mA1la0R0vxxxxxx_000A07fBIsc_xBCxxxXxxFgxxn_DQ02_PlusOne_Mhs_550002DD,1,7,15,600,102.5,100.21,98.0,0,8
1,pat91,d1684562P0421603C_QO_B0Fmm00_PB0PCcZNC0909_B64mA1la0R0vxxxxxx_000A07fBIsc_xBCxxxXxxFgxxn_DQ02_PlusOne_Mhs_550002DD,2,0,16,600,110.5,105.83,101.5,1,2
1,pat91,d1684562P0421603C_QO_B0Fmm00_PB0PCcZNC0909_B64mA1la0R0vxxxxxx_000A07fBIsc_xBCxxxXxxFgxxn_DQ02_PlusOne_Mhs_550002DD,2,1,17,600,113.0,106.36,101.5,1,2
1,pat91,d1684562P0421603C_QO_B0Fmm00_PB0PCcZNC0909_B64mA1la0R0vxxxxxx_000A07fBIsc_xBCxxxXxxFgxxn_DQ02_PlusOne_Mhs_550002DD,2,2,18,600,104.0,101.36,99.5,1,14
1,pat91,d1684562P0421603C_QO_B0Fmm00_PB0PCcZNC0909_B64mA1la0R0vxxxxxx_000A07fBIsc_xBCxxxXxxFgxxn_DQ02_PlusOne_Mhs_550002DD,2,3,19,600,102.5,100.85,99.0,1,11
1,pat91,d1684562P0421603C_QO_B0Fmm00_PB0PCcZNC0909_B64mA1la0R0vxxxxxx_000A07fBIsc_xBCxxxXxxFgxxn_DQ02_PlusOne_Mhs_550002DD,2,4,20,600,112.0,105.21,101.5,1,2
1,pat91,d1684562P0421603C_QO_B0Fmm00_PB0PCcZNC0909_B64mA1la0R0vxxxxxx_000A07fBIsc_xBCxxxXxxFgxxn_DQ02_PlusOne_Mhs_550002DD,2,5,21,600,110.5,105.39,102.0,1,2
1,pat91,d1684562P0421603C_QO_B0Fmm00_PB0PCcZNC0909_B64mA1la0R0vxxxxxx_000A07fBIsc_xBCxxxXxxFgxxn_DQ02_PlusOne_Mhs_550002DD,2,6,22,600,104.5,101.64,99.5,0,8
1,pat91,d1684562P0421603C_QO_B0Fmm00_PB0PCcZNC0909_B64mA1la0R0vxxxxxx_000A07fBIsc_xBCxxxXxxFgxxn_DQ02_PlusOne_Mhs_550002DD,2,7,23,600,102.5,100.6,98.5,0,8
1,pat91,d1684562P0421603C_QO_B0Fmm00_PB0PCcZNC0909_B64mA1la0R0vxxxxxx_000A07fBIsc_xBCxxxXxxFgxxn_DQ02_PlusOne_Mhs_550002DD,3,0,24,600,108.0,104.57,101.0,1,2
1,pat91,d1684562P0421603C_QO_B0Fmm00_PB0PCcZNC0909_B64mA1la0R0vxxxxxx_000A07fBIsc_xBCxxxXxxFgxxn_DQ02_PlusOne_Mhs_550002DD,3,1,25,600,107.0,104.15,101.0,0,0
1,pat91,d1684562P0421603C_QO_B0Fmm00_PB0PCcZNC0909_B64mA1la0R0vxxxxxx_000A07fBIsc_xBCxxxXxxFgxxn_DQ02_PlusOne_Mhs_550002DD,3,2,26,600,104.0,101.82,100.0,0,6
1,pat91,d1684562P0421603C_QO_B0Fmm00_PB0PCcZNC0909_B64mA1la0R0vxxxxxx_000A07fBIsc_xBCxxxXxxFgxxn_DQ02_PlusOne_Mhs_550002DD,3,3,27,600,103.5,101.13,99.5,0,8
1,pat91,d1684562P0421603C_QO_B0Fmm00_PB0PCcZNC0909_B64mA1la0R0vxxxxxx_000A07fBIsc_xBCxxxXxxFgxxn_DQ02_PlusOne_Mhs_550002DD,3,4,28,600,110.5,105.62,100.5,1,2
1,pat91,d1684562P0421603C_QO_B0Fmm00_PB0PCcZNC0909_B64mA1la0R0vxxxxxx_000A07fBIsc_xBCxxxXxxFgxxn_DQ02_PlusOne_Mhs_550002DD,3,5,29,600,109.0,104.92,102.0,1,2
1,pat91,d1684562P0421603C_QO_B0Fmm00_PB0PCcZNC0909_B64mA1la0R0vxxxxxx_000A07fBIsc_xBCxxxXxxFgxxn_DQ02_PlusOne_Mhs_550002DD,3,6,30,600,104.5,101.9,100.5,0,8
1,pat91,d1684562P0421603C_QO_B0Fmm00_PB0PCcZNC0909_B64mA1la0R0vxxxxxx_000A07fBIsc_xBCxxxXxxFgxxn_DQ02_PlusOne_Mhs_550002DD,3,7,31,600,104.0,101.53,100.0,0,8
1,pat92,d1700808P0422464C_RL_B0Fmm00_PB0PCcZNC0909_B64mA1la0R0vxxxxxx_000A07fBIsc_xBCxxxXxxFgxxn_DQ02_LeekSpin_Y_551002C0,0,0,0,600,108.5,103.69,99.0,1,11
1,pat92,d1700808P0422464C_RL_B0Fmm00_PB0PCcZNC0909_B64mA1la0R0vxxxxxx_000A07fBIsc_xBCxxxXxxFgxxn_DQ02_LeekSpin_Y_551002C0,0,1,1,600,109.5,104.18,100.0,1,2
1,pat92,d1700808P0422464C_RL_B0Fmm00_PB0PCcZNC0909_B64mA1la0R0vxxxxxx_000A07fBIsc_xBCxxxXxxFgxxn_DQ02_LeekSpin_Y_551002C0,0,2,2,600,101.5,100.12,99.0,0,14
1,pat92,d1700808P0422464C_RL_B0Fmm00_PB0PCcZNC0909_B64mA1la0R0vxxxxxx_000A07fBIsc_xBCxxxXxxFgxxn_DQ02_LeekSpin_Y_551002C0,0,3,3,600,100.5,99.07,97.5,0,8
1,pat92,d1700808P0422464C_RL_B0Fmm00_PB0PCcZNC0909_B64mA1la0R0vxxxxxx_000A07fBIsc_xBCxxxXxxFgxxn_DQ02_LeekSpin_Y_551002C0,0,4,4,600,109.5,104.19,100.5,1,11
1,pat92,d1700808P0422464C_RL_B0Fmm00_PB0PCcZNC0909_B64mA1la0R0vxxxxxx_000A07fBIsc_xBCxxxXxxFgxxn_DQ02_LeekSpin_Y_551002C0,0,5,5,600,109.5,104.99,101.0,1,11
1,pat92,d1700808P0422464C_RL_B0Fmm00_PB0PCcZNC0909_B64mA1la0R0vxxxxxx_000A07fBIsc_xBCxxxXxxFgxxn_DQ02_LeekSpin_Y_551002C0,0,6,6,600,102.0,100.25,98.5,1,2
1,pat92,d1700808P0422464C_RL_B0Fmm00_PB0PCcZNC0909_B64mA1la0R0vxxxxxx_000A07fBIsc_xBCxxxXxxFgxxn_DQ02_LeekSpin_Y_551002C0,0,7,7,600,101.0,99.62,98.0,0,0
1,pat92,d1700808P0422464C_RL_B0Fmm00_PB0PCcZNC0909_B64mA1la0R0vxxxxxx_000A07fBIsc_xBCxxxXxxFgxxn_DQ02_LeekSpin_Y_551002C0,1,0,8,600,106.5,103.71,101.0,1,11
1,pat92,d1700808P0422464C_RL_B0Fmm00_PB0PCcZNC0909_B64mA1la0R0vxxxxxx_000A07fBIsc_xBCxxxXxxFgxxn_DQ02_LeekSpin_Y_551002C0,1,1,9,600,106.0,103.01,100.0,0,10
1,pat92,d1700808P0422464C_RL_B0Fmm00_PB0PCcZNC0909_B64mA1la0R0vxxxxxx_000A07fBIsc_xBCxxxXxxFgxxn_DQ02_LeekSpin_Y_551002C0,1,2,10,600,102.0,100.28,98.5,1,2
1,pat92,d1700808P0422464C_RL_B0Fmm00_PB0PCcZNC0909_B64mA1la0R0vxxxxxx_000A07fBIsc_xBCxxxXxxFgxxn_DQ02_LeekSpin_Y_551002C0,1,3,11,600,101.5,100.32,99.0,0,8
1,pat92,d1700808P0422464C_RL_B0Fmm00_PB0PCcZNC0909_B64mA1la0R0vxxxxxx_000A07fBIsc_xBCxxxXxxFgxxn_DQ02_LeekSpin_Y_551002C0,1,4,12,600,107.5,103.46,100.5,1,11
1,pat92,d1700808P0422464C_RL_B0Fmm00_PB0PCcZNC0909_B64mA1la0R0vxxxxxx_000A07fBIsc_xBCxxxXxxFgxxn_DQ02_LeekSpin_Y_551002C0,1,5,13,600,107.0,104.18,100.5,0,0
1,pat92,d1700808P0422464C_RL_B0Fmm00_PB0PCcZNC0909_B64mA1la0R0vxxxxxx_000A07fBIsc_xBCxxxXxxFgxxn_DQ02_LeekSpin_Y_551002C0,1,6,14,600,103.0,100.97,98.5,0,1
1,pat92,d1700808P0422464C_RL_B0Fmm00_PB0PCcZNC0909_B64mA1la0R0vxxxxxx_000A07fBIsc_xBCxxxXxxFgxxn_DQ02_LeekSpin_Y_551002C0,1,7,15,600,102.5,99.98,98.0,0,8
1,pat92,d1700808P0422464C_RL_B0Fmm00_PB0PCcZNC0909_B64mA1la0R0vxxxxxx_000A07fBIsc_xBCxxxXxxFgxxn_DQ02_LeekSpin_Y_551002C0,2,0,16,600,108.0,104.88,101.0,1,11
1,pat92,d1700808P0422464C_RL_B0Fmm00_PB0PCcZNC0909_B64mA1la0R0vxxxxxx_000A07fBIsc_xBCxxxXxxFgxxn_DQ02_LeekSpin_Y_551002C0,2,1,17,600,109.0,105.23,101.5,1,11
1,pat92,d1700808P0422464C_RL_B0Fmm00_PB0PCcZNC0909_B64mA1la0R0vxxxxxx_000A07fBIsc_xBCxxxXxxFgxxn_DQ02_LeekSpin_Y_551002C0,2,2,18,600,103.0,100.99,99.5,1,14
1,pat92,d1700808P0422464C_RL_B0Fmm00_PB0PCcZNC0909_B64mA1la0R0vxxxxxx_000A07fBIsc_xBCxxxXxxFgxxn_DQ02_LeekSpin_Y_551002C0,2,3,19,600,102.0,100.72,99.0,1,5
1,pat92,d1700808P0422464C_RL_B0Fmm00_PB0PCcZNC0909_B64mA1la0R0vxxxxxx_000A07fBIsc_xBCxxxXxxFgxxn_DQ02_LeekSpin_Y_551002C0,2,4,20,600,109.5,104.21,101.5,1,11
1,pat92,d1700808P0422464C_RL_B0Fmm00_PB0PCcZNC0909_B64mA1la0R0vxxxxxx_000A07fBIsc_xBCxxxXxxFgxxn_DQ02_LeekSpin_Y_551002C0,2,5,21,600,107.5,104.55,102.0,1,11
1,pat92,d1700808P0422464C_RL_B0Fmm00_PB0PCcZNC0909_B64mA1la0R0vxxxxxx_000A07fBIsc_xBCxxxXxxFgxxn_DQ02_LeekSpin_Y_551002C0,2,6,22,600,104.0,101.38,99.5,0,8
1,pat92,d1700808P0422464C_RL_B0Fmm00_PB0PCcZNC0909_B64mA1la0R0vxxxxxx_000A07fBIsc_xBCxxxXxxFgxxn_DQ02_LeekSpin_Y_551002C0,2,7,23,600,101.5,100.42,98.5,1,1
1,pat92,d1700808P0422464C_RL_B0Fmm00_PB0PCcZNC0909_B64mA1la0R0vxxxxxx_000A07fBIsc_xBCxxxXxxFgxxn_DQ02_LeekSpin_Y_551002C0,3,0,24,600,105.5,103.42,101.0,1,11
1,pat92,d1700808P0422464C_RL_B0Fmm00_PB0PCcZNC0909_B64mA1la0R0vxxxxxx_000A07fBIsc_xBCxxxXxxFgxxn_DQ02_LeekSpin_Y_551002C0,3,1,25,600,105.0,103.15,101.0,1,11
1,pat92,d1700808P0422464C_RL_B0Fmm00_PB0PCcZNC0909_B64mA1la0R0vxxxxxx_000A07fBIsc_xBCxxxXxxFgxxn_DQ02_LeekSpin_Y_551002C0,3,2,26,600,103.0,101.44,99.5,0,8
1,pat92,d1700808P0422464C_RL_B0Fmm00_PB0PCcZNC0909_B64mA1la0R0vxxxxxx_000A07fBIsc_xBCxxxXxxFgxxn_DQ02_LeekSpin_Y_551002C0,3,3,27,600,102.5,100.88,99.5,0,8
1,pat92,d1700808P0422464C_RL_B0Fmm00_PB0PCcZNC0909_B64mA1la0R0vxxxxxx_000A07fBIsc_xBCxxxXxxFgxxn_DQ02_LeekSpin_Y_551002C0,3,4,28,600,107.5,104.39,100.5,1,11
1,pat92,d1700808P0422464C_RL_B0Fmm00_PB0PCcZNC0909_B64mA1la0R0vxxxxxx_000A07fBIsc_xBCxxxXxxFgxxn_DQ02_LeekSpin_Y_551002C0,3,5,29,600,106.0,103.71,101.5,1,11
1,pat92,d1700808P0422464C_RL_B0Fmm00_PB0PCcZNC0909_B64mA1la0R0vxxxxxx_000A07fBIsc_xBCxxxXxxFgxxn_DQ02_LeekSpin_Y_551002C0,3,6,30,600,105.5,101.53,100.0,0,14
1,pat92,d1700808P0422464C_RL_B0Fmm00_PB0PCcZNC0909_B64mA1la0R0vxxxxxx_000A07fBIsc_xBCxxxXxxFgxxn_DQ02_LeekSpin_Y_551002C0,3,7,31,600,103.5,101.24,100.0,0,8
1,pat93,d1682898P0420909C_RH_B0Fmm00_PB0PCcZNC0909_B64mA1la0R0vxxxxxx_000A07fBIsc_xBCxxxXxxFgxxn_DQ02_Blender_A1J_550000EB,0,0,0,600,109.0,103.94,99.5,1,11
1,pat93,d1682898P0420909C_RH_B0Fmm00_PB0PCcZNC0909_B64mA1la0R0vxxxxxx_000A07fBIsc_xBCxxxXxxFgxxn_DQ02_Blender_A1J_550000EB,0,1,1,600,110.5,104.55,100.0,1,2
1,pat93,d1682898P0420909C_RH_B0Fmm00_PB0PCcZNC0909_B64mA1la0R0vxxxxxx_000A07fBIsc_xBCxxxXxxFgxxn_DQ02_Blender_A1J_550000EB,0,2,2,600,102.0,100.45,99.5,0,14
1,pat93,d1682898P0420909C_RH_B0Fmm00_PB0PCcZNC0909_B64mA1la0R0vxxxxxx_000A07fBIsc_xBCxxxXxxFgxxn_DQ02_Blender_A1J_550000EB,0,3,3,600,101.0,99.41,98.0,0,8
1,pat93,d1682898P0420909C_RH_B0Fmm00_PB0PCcZNC0909_B64mA1la0R0vxxxxxx_000A07fBIsc_xBCxxxXxxFgxxn_DQ02_Blender_A1J_550000EB,0,4,4,600,110.0,104.48,101.0,1,11
1,pat93,d1682898P0420909C_RH_B0Fmm00_PB0PCcZNC0909_B64mA1la0R0vxxxxxx_000A07fBIsc_xBCxxxXxxFgxxn_DQ02_Blender_A1J_550000EB,0,5,5,600,110.0,105.26,101.0,1,11
1,pat93,d1682898P0420909C_RH_B0Fmm00_PB0PCcZNC0909_B64mA1la0R0vxxxxxx_000A07fBIsc_xBCxxxXxxFgxxn_DQ02_Blender_A1J_550000EB,0,6,6,600,102.0,100.48,99.0,1,2
1,pat93,d1682898P0420909C_RH_B0Fmm00_PB0PCcZNC0909_B64mA1la0R0vxxxxxx_000A07fBIsc_xBCxxxXxxFgxxn_DQ02_Blender_A1J_550000EB,0,7,7,600,101.5,99.81,98.0,0,6
1,pat93,d1682898P0420909C_RH_B0Fmm00_PB0PCcZNC0909_B64mA1la0R0vxxxxxx_000A07fBIsc_xBCxxxXxxFgxxn_DQ02_Blender_A1J_550000EB,1,0,8,600,107.5,103.93,101.0,1,11
1,pat93,d1682898P0420909C_RH_B0Fmm00_PB0PCcZNC0909_B64mA1la0R0vxxxxxx_000A07fBIsc_xBCxxxXxxFgxxn_DQ02_Blender_A1J_550000EB,1,1,9,600,106.5,103.38,100.0,1,11
1,pat93,d1682898P0420909C_RH_B0Fmm00_PB0PCcZNC0909_B64mA1la0R0vxxxxxx_000A07fBIsc_xBCxxxXxxFgxxn_DQ02_Blender_A1J_550000EB,1,2,10,600,102.0,100.59,99.0,0,8
1,pat93,d1682898P0420909C_RH_B0Fmm00_PB0PCcZNC0909_B64mA1la0R0vxxxxxx_000A07fBIsc_xBCxxxXxxFgxxn_DQ02_Blender_A1J_550000EB,1,3,11,600,101.5,100.52,99.0,0,8
1,pat93,d1682898P0420909C_RH_B0Fmm00_PB0PCcZNC0909_B64mA1la0R0vxxxxxx_000A07fBIsc_xBCxxxXxxFgxxn_DQ02_Blender_A1J_550000EB,1,4,12,600,108.0,103.67,101.0,1,11
1,pat93,d1682898P0420909C_RH_B0Fmm00_PB0PCcZNC0909_B64mA1la0R0vxxxxxx_000A07fBIsc_xBCxxxXxxFgxxn_DQ02_Blender_A1J_550000EB,1,5,13,600,108.0,104.38,100.5,1,2
1,pat93,d1682898P0420909C_RH_B0Fmm00_PB0PCcZNC0909_B64mA1la0R0vxxxxxx_000A07fBIsc_xBCxxxXxxFgxxn_DQ02_Blender_A1J_550000EB,1,6,14,600,103.0,101.17,98.5,1,8
1,pat93,d1682898P0420909C_RH_B0Fmm00_PB0PCcZNC0909_B64mA1la0R0vxxxxxx_000A07fBIsc_xBCxxxXxxFgxxn_DQ02_Blender_A1J_550000EB,1,7,15,600,102.5,100.18,98.0,0,8
1,pat93,d1682898P0420909C_RH_B0Fmm00_PB0PCcZNC0909_B64mA1la0R0vxxxxxx_000A07fBIsc_xBCxxxXxxFgxxn_DQ02_Blender_A1J_550000EB,2,0,16,600,108.0,105.07,101.5,1,11
1,pat93,d1682898P0420909C_RH_B0Fmm00_PB0PCcZNC0909_B64mA1la0R0vxxxxxx_000A07fBIsc_xBCxxxXxxFgxxn_DQ02_Blender_A1J_550000EB,2,1,17,600,109.5,105.32,102.0,1,2
1,pat93,d1682898P0420909C_RH_B0Fmm00_PB0PCcZNC0909_B64mA1la0R0vxxxxxx_000A07fBIsc_xBCxxxXxxFgxxn_DQ02_Blender_A1J_550000EB,2,2,18,600,103.0,101.13,99.5,1,14
1,pat93,d1682898P0420909C_RH_B0Fmm00_PB0PCcZNC0909_B64mA1la0R0vxxxxxx_000A07fBIsc_xBCxxxXxxFgxxn_DQ02_Blender_A1J_550000EB,2,3,19,600,102.0,100.86,99.0,1,5
1,pat93,d1682898P0420909C_RH_B0Fmm00_PB0PCcZNC0909_B64mA1la0R0vxxxxxx_000A07fBIsc_xBCxxxXxxFgxxn_DQ02_Blender_A1J_550000EB,2,4,20,600,109.5,104.27,101.5,1,11
1,pat93,d1682898P0420909C_RH_B0Fmm00_PB0PCcZNC0909_B64mA1la0R0vxxxxxx_000A07fBIsc_xBCxxxXxxFgxxn_DQ02_Blender_A1J_550000EB,2,5,21,600,107.5,104.61,102.0,1,2
1,pat93,d1682898P0420909C_RH_B0Fmm00_PB0PCcZNC0909_B64mA1la0R0vxxxxxx_000A07fBIsc_xBCxxxXxxFgxxn_DQ02_Blender_A1J_550000EB,2,6,22,600,104.0,101.53,99.5,0,8
1,pat93,d1682898P0420909C_RH_B0Fmm00_PB0PCcZNC0909_B64mA1la0R0vxxxxxx_000A07fBIsc_xBCxxxXxxFgxxn_DQ02_Blender_A1J_550000EB,2,7,23,600,102.0,100.62,98.5,0,8
1,pat93,d1682898P0420909C_RH_B0Fmm00_PB0PCcZNC0909_B64mA1la0R0vxxxxxx_000A07fBIsc_xBCxxxXxxFgxxn_DQ02_Blender_A1J_550000EB,3,0,24,600,106.0,103.49,101.0,1,11
1,pat93,d1682898P0420909C_RH_B0Fmm00_PB0PCcZNC0909_B64mA1la0R0vxxxxxx_000A07fBIsc_xBCxxxXxxFgxxn_DQ02_Blender_A1J_550000EB,3,1,25,600,105.0,103.25,101.0,1,11
1,pat93,d1682898P0420909C_RH_B0Fmm00_PB0PCcZNC0909_B64mA1la0R0vxxxxxx_000A07fBIsc_xBCxxxXxxFgxxn_DQ02_Blender_A1J_550000EB,3,2,26,600,103.0,101.63,100.0,0,8
1,pat93,d1682898P0420909C_RH_B0Fmm00_PB0PCcZNC0909_B64mA1la0R0vxxxxxx_000A07fBIsc_xBCxxxXxxFgxxn_DQ02_Blender_A1J_550000EB,3,3,27,600,102.5,100.92,99.5,0,8
1,pat93,d1682898P0420909C_RH_B0Fmm00_PB0PCcZNC0909_B64mA1la0R0vxxxxxx_000A07fBIsc_xBCxxxXxxFgxxn_DQ02_Blender_A1J_550000EB,3,4,28,600,107.5,104.38,100.5,1,9
1,pat93,d1682898P0420909C_RH_B0Fmm00_PB0PCcZNC0909_B64mA1la0R0vxxxxxx_000A07fBIsc_xBCxxxXxxFgxxn_DQ02_Blender_A1J_550000EB,3,5,29,600,106.5,103.88,101.5,1,11
1,pat93,d1682898P0420909C_RH_B0Fmm00_PB0PCcZNC0909_B64mA1la0R0vxxxxxx_000A07fBIsc_xBCxxxXxxFgxxn_DQ02_Blender_A1J_550000EB,3,6,30,600,103.5,101.64,100.0,0,8
1,pat93,d1682898P0420909C_RH_B0Fmm00_PB0PCcZNC0909_B64mA1la0R0vxxxxxx_000A07fBIsc_xBCxxxXxxFgxxn_DQ02_Blender_A1J_550000EB,3,7,31,600,103.5,101.36,100.0,0,8
1,pat94,d1684088P0421406C_Px_B0Fmm00_PB0PCcZNC0909_B64mA1la0R0vxxxxxx_000A07fBIsc_xBCxxxXxxFgxxn_DQ02_Flipper_550001CE,0,0,0,600,107.5,103.77,99.5,1,11
1,pat94,d1684088P0421406C_Px_B0Fmm00_PB0PCcZNC0909_B64mA1la0R0vxxxxxx_000A07fBIsc_xBCxxxXxxFgxxn_DQ02_Flipper_550001CE,0,1,1,600,109.0,104.49,100.5,1,11
1,pat94,d1684088P0421406C_Px_B0Fmm00_PB0PCcZNC0909_B64mA1la0R0vxxxxxx_000A07fBIsc_xBCxxxXxxFgxxn_DQ02_Flipper_550001CE,0,2,2,600,101.5,100.42,99.5,0,7
1,pat94,d1684088P0421406C_Px_B0Fmm00_PB0PCcZNC0909_B64mA1la0R0vxxxxxx_000A07fBIsc_xBCxxxXxxFgxxn_DQ02_Flipper_550001CE,0,3,3,600,101.0,99.48,98.0,0,8
1,pat94,d1684088P0421406C_Px_B0Fmm00_PB0PCcZNC0909_B64mA1la0R0vxxxxxx_000A07fBIsc_xBCxxxXxxFgxxn_DQ02_Flipper_550001CE,0,4,4,600,109.0,104.33,101.0,1,11
1,pat94,d1684088P0421406C_Px_B0Fmm00_PB0PCcZNC0909_B64mA1la0R0vxxxxxx_000A07fBIsc_xBCxxxXxxFgxxn_DQ02_Flipper_550001CE,0,5,5,600,109.0,105.27,101.0,1,2
1,pat94,d1684088P0421406C_Px_B0Fmm00_PB0PCcZNC0909_B64mA1la0R0vxxxxxx_000A07fBIsc_xBCxxxXxxFgxxn_DQ02_Flipper_550001CE,0,6,6,600,102.5,100.56,99.0,0,8
1,pat94,d1684088P0421406C_Px_B0Fmm00_PB0PCcZNC0909_B64mA1la0R0vxxxxxx_000A07fBIsc_xBCxxxXxxFgxxn_DQ02_Flipper_550001CE,0,7,7,600,101.5,99.91,98.0,0,6
1,pat94,d1684088P0421406C_Px_B0Fmm00_PB0PCcZNC0909_B64mA1la0R0vxxxxxx_000A07fBIsc_xBCxxxXxxFgxxn_DQ02_Flipper_550001CE,1,0,8,600,106.5,103.92,101.0,1,0
1,pat94,d1684088P0421406C_Px_B0Fmm00_PB0PCcZNC0909_B64mA1la0R0vxxxxxx_000A07fBIsc_xBCxxxXxxFgxxn_DQ02_Flipper_550001CE,1,1,9,600,106.0,103.31,100.0,0,6
1,pat94,d1684088P0421406C_Px_B0Fmm00_PB0PCcZNC0909_B64mA1la0R0vxxxxxx_000A07fBIsc_xBCxxxXxxFgxxn_DQ02_Flipper_550001CE,1,2,10,600,102.0,100.76,99.5,0,8
1,pat94,d1684088P0421406C_Px_B0Fmm00_PB0PCcZNC0909_B64mA1la0R0vxxxxxx_000A07fBIsc_xBCxxxXxxFgxxn_DQ02_Flipper_550001CE,1,3,11,600,102.0,100.75,99.0,1,7
1,pat94,d1684088P0421406C_Px_B0Fmm00_PB0PCcZNC0909_B64mA1la0R0vxxxxxx_000A07fBIsc_xBCxxxXxxFgxxn_DQ02_Flipper_550001CE,1,4,12,600,106.0,103.66,101.0,0,11
1,pat94,d1684088P0421406C_Px_B0Fmm00_PB0PCcZNC0909_B64mA1la0R0vxxxxxx_000A07fBIsc_xBCxxxXxxFgxxn_DQ02_Flipper_550001CE,1,5,13,600,107.0,104.26,101.0,0,0
1,pat94,d1684088P0421406C_Px_B0Fmm00_PB0PCcZNC0909_B64mA1la0R0vxxxxxx_000A07fBIsc_xBCxxxXxxFgxxn_DQ02_Flipper_550001CE,1,6,14,600,103.0,101.2,98.5,0,1
1,pat94,d1684088P0421406C_Px_B0Fmm00_PB0PCcZNC0909_B64mA1la0R0vxxxxxx_000A07fBIsc_xBCxxxXxxFgxxn_DQ02_Flipper_550001CE,1,7,15,600,102.5,100.41,98.5,0,8
1,pat94,d1684088P0421406C_Px_B0Fmm00_PB0PCcZNC0909_B64mA1la0R0vxxxxxx_000A07fBIsc_xBCxxxXxxFgxxn_DQ02_Flipper_550001CE,2,0,16,600,107.5,105.03,101.5,1,11
1,pat94,d1684088P0421406C_Px_B0Fmm00_PB0PCcZNC0909_B64mA1la0R0vxxxxxx_000A07fBIsc_xBCxxxXxxFgxxn_DQ02_Flipper_550001CE,2,1,17,600,108.5,105.4,102.0,1,2
1,pat94,d1684088P0421406C_Px_B0Fmm00_PB0PCcZNC0909_B64mA1la0R0vxxxxxx_000A07fBIsc_xBCxxxXxxFgxxn_DQ02_Flipper_550001CE,2,2,18,600,103.0,101.25,100.0,1,14
1,pat94,d1684088P0421406C_Px_B0Fmm00_PB0PCcZNC0909_B64mA1la0R0vxxxxxx_000A07fBIsc_xBCxxxXxxFgxxn_DQ02_Flipper_550001CE,2,3,19,600,102.0,101.04,99.0,1,5
1,pat94,d1684088P0421406C_Px_B0Fmm00_PB0PCcZNC0909_B64mA1la0R0vxxxxxx_000A07fBIsc_xBCxxxXxxFgxxn_DQ02_Flipper_550001CE,2,4,20,600,108.5,104.18,101.5,1,11
1,pat94,d1684088P0421406C_Px_B0Fmm00_PB0PCcZNC0909_B64mA1la0R0vxxxxxx_000A07fBIsc_xBCxxxXxxFgxxn_DQ02_Flipper_550001CE,2,5,21,600,107.0,104.64,101.5,1,11
1,pat94,d1684088P0421406C_Px_B0Fmm00_PB0PCcZNC0909_B64mA1la0R0vxxxxxx_000A07fBIsc_xBCxxxXxxFgxxn_DQ02_Flipper_550001CE,2,6,22,600,104.0,101.65,99.5,0,8
1,pat94,d1684088P0421406C_Px_B0Fmm00_PB0PCcZNC0909_B64mA1la0R0vxxxxxx_000A07fBIsc_xBCxxxXxxFgxxn_DQ02_Flipper_550001CE,2,7,23,600,102.0,100.71,98.5,0,8
1,pat94,d1684088P0421406C_Px_B0Fmm00_PB0PCcZNC0909_B64mA1la0R0vxxxxxx_000A07fBIsc_xBCxxxXxxFgxxn_DQ02_Flipper_550001CE,3,0,24,600,105.5,103.52,101.0,1,0
1,pat94,d1684088P0421406C_Px_B0Fmm00_PB0PCcZNC0909_B64mA1la0R0vxxxxxx_000A07fBIsc_xBCxxxXxxFgxxn_DQ02_Flipper_550001CE,3,1,25,600,105.0,103.31,101.0,0,0
1,pat94,d1684088P0421406C_Px_B0Fmm00_PB0PCcZNC0909_B64mA1la0R0vxxxxxx_000A07fBIsc_xBCxxxXxxFgxxn_DQ02_Flipper_550001CE,3,2,26,600,103.0,101.87,100.0,0,6
1,pat94,d1684088P0421406C_Px_B0Fmm00_PB0PCcZNC0909_B64mA1la0R0vxxxxxx_000A07fBIsc_xBCxxxXxxFgxxn_DQ02_Flipper_550001CE,3,3,27,600,103.5,101.13,99.5,0,8
1,pat94,d1684088P0421406C_Px_B0Fmm00_PB0PCcZNC0909_B64mA1la0R0vxxxxxx_000A07fBIsc_xBCxxxXxxFgxxn_DQ02_Flipper_550001CE,3,4,28,600,107.5,104.49,100.5,1,3
1,pat94,d1684088P0421406C_Px_B0Fmm00_PB0PCcZNC0909_B64mA1la0R0vxxxxxx_000A07fBIsc_xBCxxxXxxFgxxn_DQ02_Flipper_550001CE,3,5,29,600,106.5,103.86,102.0,1,0
1,pat94,d1684088P0421406C_Px_B0Fmm00_PB0PCcZNC0909_B64mA1la0R0vxxxxxx_000A07fBIsc_xBCxxxXxxFgxxn_DQ02_Flipper_550001CE,3,6,30,600,103.5,101.76,100.5,0,8
1,pat94,d1684088P0421406C_Px_B0Fmm00_PB0PCcZNC0909_B64mA1la0R0vxxxxxx_000A07fBIsc_xBCxxxXxxFgxxn_DQ02_Flipper_550001CE,3,7,31,600,103.5,101.49,100.0,0,8
2,pat1,d1701150P0774509C_N1_B0Fmm00_PB0PCcZNC0909_B64mA1la0R0vxxxxxx_000A07fBIsc_xBCxxxXxxFgxxn_DM02_Custom_APX_FF282250_better_fix,0,0,0,600,108.5,104.2,99.5,1,2
2,pat1,d1701150P0774509C_N1_B0Fmm00_PB0PCcZNC0909_B64mA1la0R0vxxxxxx_000A07fBIsc_xBCxxxXxxFgxxn_DM02_Custom_APX_FF282250_better_fix,0,1,1,600,110.0,104.77,100.0,1,11
2,pat1,d1701150P0774509C_N1_B0Fmm00_PB0PCcZNC0909_B64mA1la0R0vxxxxxx_000A07fBIsc_xBCxxxXxxFgxxn_DM02_Custom_APX_FF282250_better_fix,0,2,2,600,101.5,100.13,99.0,0,14
2,pat1,d1701150P0774509C_N1_B0Fmm00_PB0PCcZNC0909_B64mA1la0R0vxxxxxx_000A07fBIsc_xBCxxxXxxFgxxn_DM02_Custom_APX_FF282250_better_fix,0,3,3,600,100.5,99.17,97.5,0,8
2,pat1,d1701150P0774509C_N1_B0Fmm00_PB0PCcZNC0909_B64mA1la0R0vxxxxxx_000A07fBIsc_xBCxxxXxxFgxxn_DM02_Custom_APX_FF282250_better_fix,0,4,4,600,109.5,104.74,100.5,1,11
2,pat1,d1701150P0774509C_N1_B0Fmm00_PB0PCcZNC0909_B64mA1la0R0vxxxxxx_000A07fBIsc_xBCxxxXxxFgxxn_DM02_Custom_APX_FF282250_better_fix,0,5,5,600,109.5,105.58,101.5,0,2
2,pat1,d1701150P0774509C_N1_B0Fmm00_PB0PCcZNC0909_B64mA1la0R0vxxxxxx_000A07fBIsc_xBCxxxXxxFgxxn_DM02_Custom_APX_FF282250_better_fix,0,6,6,600,102.0,100.28,98.5,1,13
2,pat1,d1701150P0774509C_N1_B0Fmm00_PB0PCcZNC0909_B64mA1la0R0vxxxxxx_000A07fBIsc_xBCxxxXxxFgxxn_DM02_Custom_APX_FF282250_better_fix,0,7,7,600,101.0,99.57,98.0,0,4
2,pat1,d1701150P0774509C_N1_B0Fmm00_PB0PCcZNC0909_B64mA1la0R0vxxxxxx_000A07fBIsc_xBCxxxXxxFgxxn_DM02_Custom_APX_FF282250_better_fix,1,0,8,600,106.5,104.22,100.5,0,2
2,pat1,d1701150P0774509C_N1_B0Fmm00_PB0PCcZNC0909_B64mA1la0R0vxxxxxx_000A07fBIsc_xBCxxxXxxFgxxn_DM02_Custom_APX_FF282250_better_fix,1,1,9,600,106.0,103.37,99.5,0,0
2,pat1,d1701150P0774509C_N1_B0Fmm00_PB0PCcZNC0909_B64mA1la0R0vxxxxxx_000A07fBIsc_xBCxxxXxxFgxxn_DM02_Custom_APX_FF282250_better_fix,1,2,10,600,102.0,100.42,98.5,0,8
2,pat1,d1701150P0774509C_N1_B0Fmm00_PB0PCcZNC0909_B64mA1la0R0vxxxxxx_000A07fBIsc_xBCxxxXxxFgxxn_DM02_Custom_APX_FF282250_better_fix,1,3,11,600,101.5,100.33,98.5,0,8
2,pat1,d1701150P0774509C_N1_B0Fmm00_PB0PCcZNC0909_B64mA1la0R0vxxxxxx_000A07fBIsc_xBCxxxXxxFgxxn_DM02_Custom_APX_FF282250_better_fix,1,4,12,600,106.5,103.99,101.0,0,11
2,pat1,d1701150P0774509C_N1_B0Fmm00_PB0PCcZNC0909_B64mA1la0R0vxxxxxx_000A07fBIsc_xBCxxxXxxFgxxn_DM02_Custom_APX_FF282250_better_fix,1,5,13,600,107.0,104.41,100.5,0,0
2,pat1,d1701150P0774509C_N1_B0Fmm00_PB0PCcZNC0909_B64mA1la0R0vxxxxxx_000A07fBIsc_xBCxxxXxxFgxxn_DM02_Custom_APX_FF282250_better_fix,1,6,14,600,103.0,100.94,98.0,0,1
2,pat1,d1701150P0774509C_N1_B0Fmm00_PB0PCcZNC0909_B64mA1la0R0vxxxxxx_000A07fBIsc_xBCxxxXxxFgxxn_DM02_Custom_APX_FF282250_better_fix,1,7,15,600,102.5,100.07,98.0,0,8
2,pat1,d1701150P0774509C_N1_B0Fmm00_PB0PCcZNC0909_B64mA1la0R0vxxxxxx_000A07fBIsc_xBCxxxXxxFgxxn_DM02_Custom_APX_FF282250_better_fix,2,0,16,600,108.0,105.31,101.0,0,0
2,pat1,d1701150P0774509C_N1_B0Fmm00_PB0PCcZNC0909_B64mA1la0R0vxxxxxx_000A07fBIsc_xBCxxxXxxFgxxn_DM02_Custom_APX_FF282250_better_fix,2,1,17,600,109.5,105.67,102.0,1,2
2,pat1,d1701150P0774509C_N1_B0Fmm00_PB0PCcZNC0909_B64mA1la0R0vxxxxxx_000A07fBIsc_xBCxxxXxxFgxxn_DM02_Custom_APX_FF282250_better_fix,2,2,18,600,102.5,100.94,99.5,1,14
2,pat1,d1701150P0774509C_N1_B0Fmm00_PB0PCcZNC0909_B64mA1la0R0vxxxxxx_000A07fBIsc_xBCxxxXxxFgxxn_DM02_Custom_APX_FF282250_better_fix,2,3,19,600,102.5,100.8,99.0,1,4
2,pat1,d1701150P0774509C_N1_B0Fmm00_PB0PCcZNC0909_B64mA1la0R0vxxxxxx_000A07fBIsc_xBCxxxXxxFgxxn_DM02_Custom_APX_FF282250_better_fix,2,4,20,600,109.0,104.34,101.5,1,11
2,pat1,d1701150P0774509C_N1_B0Fmm00_PB0PCcZNC0909_B64mA1la0R0vxxxxxx_000A07fBIsc_xBCxxxXxxFgxxn_DM02_Custom_APX_FF282250_better_fix,2,5,21,600,107.0,104.73,101.5,0,10
2,pat1,d1701150P0774509C_N1_B0Fmm00_PB0PCcZNC0909_B64mA1la0R0vxxxxxx_000A07fBIsc_xBCxxxXxxFgxxn_DM02_Custom_APX_FF282250_better_fix,2,6,22,600,104.5,101.42,99.0,0,8
2,pat1,d1701150P0774509C_N1_B0Fmm00_PB0PCcZNC0909_B64mA1la0R0vxxxxxx_000A07fBIsc_xBCxxxXxxFgxxn_DM02_Custom_APX_FF282250_better_fix,2,7,23,600,102.0,100.48,98.5,1,8
2,pat1,d1701150P0774509C_N1_B0Fmm00_PB0PCcZNC0909_B64mA1la0R0vxxxxxx_000A07fBIsc_xBCxxxXxxFgxxn_DM02_Custom_APX_FF282250_better_fix,3,0,24,600,105.5,103.71,101.5,1,0
2,pat1,d1701150P0774509C_N1_B0Fmm00_PB0PCcZNC0909_B64mA1la0R0vxxxxxx_000A07fBIsc_xBCxxxXxxFgxxn_DM02_Custom_APX_FF282250_better_fix,3,1,25,600,105.5,103.34,101.0,0,0
2,pat1,d1701150P0774509C_N1_B0Fmm00_PB0PCcZNC0909_B64mA1la0R0vxxxxxx_000A07fBIsc_xBCxxxXxxFgxxn_DM02_Custom_APX_FF282250_better_fix,3,2,26,600,103.0,101.54,99.5,0,8
2,pat1,d1701150P0774509C_N1_B0Fmm00_PB0PCcZNC0909_B64mA1la0R0vxxxxxx_000A07fBIsc_xBCxxxXxxFgxxn_DM02_Custom_APX_FF282250_better_fix,3,3,27,600,102.5,100.82,99.5,0,8
2,pat1,d1701150P0774509C_N1_B0Fmm00_PB0PCcZNC0909_B64mA1la0R0vxxxxxx_000A07fBIsc_xBCxxxXxxFgxxn_DM02_Custom_APX_FF282250_better_fix,3,4,28,600,108.5,105.1,101.0,1,2
2,pat1,d1701150P0774509C_N1_B0Fmm00_PB0PCcZNC0909_B64mA1la0R0vxxxxxx_000A07fBIsc_xBCxxxXxxFgxxn_DM02_Custom_APX_FF282250_better_fix,3,5,29,600,107.0,104.12,101.5,1,0
2,pat1,d1701150P0774509C_N1_B0Fmm00_PB0PCcZNC0909_B64mA1la0R0vxxxxxx_000A07fBIsc_xBCxxxXxxFgxxn_DM02_Custom_APX_FF282250_better_fix,3,6,30,600,103.5,101.53,100.0,0,8
2,pat1,d1701150P0774509C_N1_B0Fmm00_PB0PCcZNC0909_B64mA1la0R0vxxxxxx_000A07fBIsc_xBCxxxXxxFgxxn_DM02_Custom_APX_FF282250_better_fix,3,7,31,600,103.5,101.19,99.5,0,8
2,pat2,d1682706P0420888C_N1_B0Fmm00_PB0PCcZNC0909_B64mA1la0R0vxxxxxx_000A07fBIsc_xBCxxxXxxFgxxn_DQ02_0Demo_55000171,0,0,0,600,106.0,102.59,98.5,1,2
2,pat2,d1682706P0420888C_N1_B0Fmm00_PB0PCcZNC0909_B64mA1la0R0vxxxxxx_000A07fBIsc_xBCxxxXxxFgxxn_DQ02_0Demo_55000171,0,1,1,600,106.0,102.95,98.5,1,0
2,pat2,d1682706P0420888C_N1_B0Fmm00_PB0PCcZNC0909_B64mA1la0R0vxxxxxx_000A07fBIsc_xBCxxxXxxFgxxn_DQ02_0Demo_55000171,0,2,2,600,101.0,99.85,99.0,0,14
2,pat2,d1682706P0420888C_N1_B0Fmm00_PB0PCcZNC0909_B64mA1la0R0vxxxxxx_000A07fBIsc_xBCxxxXxxFgxxn_DQ02_0Demo_55000171,0,3,3,600,100.5,99.09,97.5,0,8
2,pat2,d1682706P0420888C_N1_B0Fmm00_PB0PCcZNC0909_B64mA1la0R0vxxxxxx_000A07fBIsc_xBCxxxXxxFgxxn_DQ02_0Demo_55000171,0,4,4,600,106.5,103.03,100.0,1,11
2,pat2,d1682706P0420888C_N1_B0Fmm00_PB0PCcZNC0909_B64mA1la0R0vxxxxxx_000A07fBIsc_xBCxxxXxxFgxxn_DQ02_0Demo_55000171,0,5,5,600,107.5,103.77,100.0,0,0
2,pat2,d1682706P0420888C_N1_B0Fmm00_PB0PCcZNC0909_B64mA1la0R0vxxxxxx_000A07fBIsc_xBCxxxXxxFgxxn_DQ02_0Demo_55000171,0,6,6,600,101.5,100.03,98.5,1,13
2,pat2,d1682706P0420888C_N1_B0Fmm00_PB0PCcZNC0909_B64mA1la0R0vxxxxxx_000A07fBIsc_xBCxxxXxxFgxxn_DQ02_0Demo_55000171,0,7,7,600,100.5,99.39,98.0,0,13
2,pat2,d1682706P0420888C_N1_B0Fmm00_PB0PCcZNC0909_B64mA1la0R0vxxxxxx_000A07fBIsc_xBCxxxXxxFgxxn_DQ02_0Demo_55000171,1,0,8,600,104.5,102.32,100.0,1,9
2,pat2,d1682706P0420888C_N1_B0Fmm00_PB0PCcZNC0909_B64mA1la0R0vxxxxxx_000A07fBIsc_xBCxxxXxxFgxxn_DQ02_0Demo_55000171,1,1,9,600,105.0,102.07,99.5,0,10
2,pat2,d1682706P0420888C_N1_B0Fmm00_PB0PCcZNC0909_B64mA1la0R0vxxxxxx_000A07fBIsc_xBCxxxXxxFgxxn_DQ02_0Demo_55000171,1,2,10,600,101.5,100.07,98.5,0,8
2,pat2,d1682706P0420888C_N1_B0Fmm00_PB0PCcZNC0909_B64mA1la0R0vxxxxxx_000A07fBIsc_xBCxxxXxxFgxxn_DQ02_0Demo_55000171,1,3,11,600,101.0,100.01,98.5,0,8
2,pat2,d1682706P0420888C_N1_B0Fmm00_PB0PCcZNC0909_B64mA1la0R0vxxxxxx_000A07fBIsc_xBCxxxXxxFgxxn_DQ02_0Demo_55000171,1,4,12,600,104.5,102.31,100.5,0,0
2,pat2,d1682706P0420888C_N1_B0Fmm00_PB0PCcZNC0909_B64mA1la0R0vxxxxxx_000A07fBIsc_xBCxxxXxxFgxxn_DQ02_0Demo_55000171,1,5,13,600,106.0,102.85,100.0,0,0
2,pat2,d1682706P0420888C_N1_B0Fmm00_PB0PCcZNC0909_B64mA1la0R0vxxxxxx_000A07fBIsc_xBCxxxXxxFgxxn_DQ02_0Demo_55000171,1,6,14,600,102.0,100.43,98.0,0,1
2,pat2,d1682706P0420888C_N1_B0Fmm00_PB0PCcZNC0909_B64mA1la0R0vxxxxxx_000A07fBIsc_xBCxxxXxxFgxxn_DQ02_0Demo_55000171,1,7,15,600,101.5,99.78,97.5,0,8
2,pat2,d1682706P0420888C_N1_B0Fmm00_PB0PCcZNC0909_B64mA1la0R0vxxxxxx_000A07fBIsc_xBCxxxXxxFgxxn_DQ02_0Demo_55000171,2,0,16,600,106.5,103.58,100.5,0,0
2,pat2,d1682706P0420888C_N1_B0Fmm00_PB0PCcZNC0909_B64mA1la0R0vxxxxxx_000A07fBIsc_xBCxxxXxxFgxxn_DQ02_0Demo_55000171,2,1,17,600,106.5,103.89,101.0,0,0
2,pat2,d1682706P0420888C_N1_B0Fmm00_PB0PCcZNC0909_B64mA1la0R0vxxxxxx_000A07fBIsc_xBCxxxXxxFgxxn_DQ02_0Demo_55000171,2,2,18,600,102.0,100.53,99.0,1,14
2,pat2,d1682706P0420888C_N1_B0Fmm00_PB0PCcZNC0909_B64mA1la0R0vxxxxxx_000A07fBIsc_xBCxxxXxxFgxxn_DQ02_0Demo_55000171,2,3,19,600,102.0,100.52,99.0,1,5
2,pat2,d1682706P0420888C_N1_B0Fmm00_PB0PCcZNC0909_B64mA1la0R0vxxxxxx_000A07fBIsc_xBCxxxXxxFgxxn_DQ02_0Demo_55000171,2,4,20,600,106.0,102.94,100.5,1,0
2,pat2,d1682706P0420888C_N1_B0Fmm00_PB0PCcZNC0909_B64mA1la0R0vxxxxxx_000A07fBIsc_xBCxxxXxxFgxxn_DQ02_0Demo_55000171,2,5,21,600,106.0,103.47,100.5,0,10
2,pat2,d1682706P0420888C_N1_B0Fmm00_PB0PCcZNC0909_B64mA1la0R0vxxxxxx_000A07fBIsc_xBCxxxXxxFgxxn_DQ02_0Demo_55000171,2,6,22,600,103.0,100.97,99.0,0,4
2,pat2,d1682706P0420888C_N1_B0Fmm00_PB0PCcZNC0909_B64mA1la0R0vxxxxxx_000A07fBIsc_xBCxxxXxxFgxxn_DQ02_0Demo_55000171,2,7,23,600,101.5,100.14,98.5,1,6
2,pat2,d1682706P0420888C_N1_B0Fmm00_PB0PCcZNC0909_B64mA1la0R0vxxxxxx_000A07fBIsc_xBCxxxXxxFgxxn_DQ02_0Demo_55000171,3,0,24,600,104.5,102.51,100.0,1,0
2,pat2,d1682706P0420888C_N1_B0Fmm00_PB0PCcZNC0909_B64mA1la0R0vxxxxxx_000A07fBIsc_xBCxxxXxxFgxxn_DQ02_0Demo_55000171,3,1,25,600,104.5,102.34,100.5,0,0
2,pat2,d1682706P0420888C_N1_B0Fmm00_PB0PCcZNC0909_B64mA1la0R0vxxxxxx_000A07fBIsc_xBCxxxXxxFgxxn_DQ02_0Demo_55000171,3,2,26,600,102.5,101.05,99.0,0,8
2,pat2,d1682706P0420888C_N1_B0Fmm00_PB0PCcZNC0909_B64mA1la0R0vxxxxxx_000A07fBIsc_xBCxxxXxxFgxxn_DQ02_0Demo_55000171,3,3,27,600,102.0,100.67,99.5,0,8
2,pat2,d1682706P0420888C_N1_B0Fmm00_PB0PCcZNC0909_B64mA1la0R0vxxxxxx_000A07fBIsc_xBCxxxXxxFgxxn_DQ02_0Demo_55000171,3,4,28,600,106.0,103.23,100.0,1,0
2,pat2,d1682706P0420888C_N1_B0Fmm00_PB0PCcZNC0909_B64mA1la0R0vxxxxxx_000A07fBIsc_xBCxxxXxxFgxxn_DQ02_0Demo_55000171,3,5,29,600,105.5,102.91,101.0,1,0
2,pat2,d1682706P0420888C_N1_B0Fmm00_PB0PCcZNC0909_B64mA1la0R0vxxxxxx_000A07fBIsc_xBCxxxXxxFgxxn_DQ02_0Demo_55000171,3,6,30,600,103.0,101.15,99.5,0,6
2,pat2,d1682706P0420888C_N1_B0Fmm00_PB0PCcZNC0909_B64mA1la0R0vxxxxxx_000A07fBIsc_xBCxxxXxxFgxxn_DQ02_0Demo_55000171,3,7,31,600,103.0,100.88,99.5,0,8
2,pat3,d1684732P0421776C_N0_B0Fmm00_PB0PCcZNC0909_B64mA1la0R0vxxxxxx_000A07fBIsc_xBCxxxXxxFgxxn_DQ02_0Sanity_TSC_550002EA,0,0,0,600,105.5,102.25,98.5,1,2
2,pat3,d1684732P0421776C_N0_B0Fmm00_PB0PCcZNC0909_B64mA1la0R0vxxxxxx_000A07fBIsc_xBCxxxXxxFgxxn_DQ02_0Sanity_TSC_550002EA,0,1,1,600,106.0,102.43,98.0,1,2
2,pat3,d1684732P0421776C_N0_B0Fmm00_PB0PCcZNC0909_B64mA1la0R0vxxxxxx_000A07fBIsc_xBCxxxXxxFgxxn_DQ02_0Sanity_TSC_550002EA,0,2,2,600,101.5,99.83,98.5,0,14
2,pat3,d1684732P0421776C_N0_B0Fmm00_PB0PCcZNC0909_B64mA1la0R0vxxxxxx_000A07fBIsc_xBCxxxXxxFgxxn_DQ02_0Sanity_TSC_550002EA,0,3,3,600,100.5,98.91,97.5,0,8
2,pat3,d1684732P0421776C_N0_B0Fmm00_PB0PCcZNC0909_B64mA1la0R0vxxxxxx_000A07fBIsc_xBCxxxXxxFgxxn_DQ02_0Sanity_TSC_550002EA,0,4,4,600,106.0,102.59,99.5,1,11
2,pat3,d1684732P0421776C_N0_B0Fmm00_PB0PCcZNC0909_B64mA1la0R0vxxxxxx_000A07fBIsc_xBCxxxXxxFgxxn_DQ02_0Sanity_TSC_550002EA,0,5,5,600,106.5,103.16,100.0,1,11
2,pat3,d1684732P0421776C_N0_B0Fmm00_PB0PCcZNC0909_B64mA1la0R0vxxxxxx_000A07fBIsc_xBCxxxXxxFgxxn_DQ02_0Sanity_TSC_550002EA,0,6,6,600,102.0,99.96,98.5,1,2
2,pat3,d1684732P0421776C_N0_B0Fmm00_PB0PCcZNC0909_B64mA1la0R0vxxxxxx_000A07fBIsc_xBCxxxXxxFgxxn_DQ02_0Sanity_TSC_550002EA,0,7,7,600,100.5,99.36,97.5,0,6
2,pat3,d1684732P0421776C_N0_B0Fmm00_PB0PCcZNC0909_B64mA1la0R0vxxxxxx_000A07fBIsc_xBCxxxXxxFgxxn_DQ02_0Sanity_TSC_550002EA,1,0,8,600,104.0,101.99,100.0,1,9
2,pat3,d1684732P0421776C_N0_B0Fmm00_PB0PCcZNC0909_B64mA1la0R0vxxxxxx_000A07fBIsc_xBCxxxXxxFgxxn_DQ02_0Sanity_TSC_550002EA,1,1,9,600,104.0,101.61,99.5,0,6
2,pat3,d1684732P0421776C_N0_B0Fmm00_PB0PCcZNC0909_B64mA1la0R0vxxxxxx_000A07fBIsc_xBCxxxXxxFgxxn_DQ02_0Sanity_TSC_550002EA,1,2,10,600,101.5,100.01,98.5,0,8
2,pat3,d1684732P0421776C_N0_B0Fmm00_PB0PCcZNC0909_B64mA1la0R0vxxxxxx_000A07fBIsc_xBCxxxXxxFgxxn_DQ02_0Sanity_TSC_550002EA,1,3,11,600,101.0,99.98,98.5,1,6
2,pat3,d1684732P0421776C_N0_B0Fmm00_PB0PCcZNC0909_B64mA1la0R0vxxxxxx_000A07fBIsc_xBCxxxXxxFgxxn_DQ02_0Sanity_TSC_550002EA,1,4,12,600,104.5,101.91,100.5,1,11
2,pat3,d1684732P0421776C_N0_B0Fmm00_PB0PCcZNC0909_B64mA1la0R0vxxxxxx_000A07fBIsc_xBCxxxXxxFgxxn_DQ02_0Sanity_TSC_550002EA,1,5,13,600,105.0,102.34,100.0,1,2
2,pat3,d1684732P0421776C_N0_B0Fmm00_PB0PCcZNC0909_B64mA1la0R0vxxxxxx_000A07fBIsc_xBCxxxXxxFgxxn_DQ02_0Sanity_TSC_550002EA,1,6,14,600,102.0,100.44,98.0,0,1
2,pat3,d1684732P0421776C_N0_B0Fmm00_PB0PCcZNC0909_B64mA1la0R0vxxxxxx_000A07fBIsc_xBCxxxXxxFgxxn_DQ02_0Sanity_TSC_550002EA,1,7,15,600,102.0,99.69,97.5,0,8
2,pat3,d1684732P0421776C_N0_B0Fmm00_PB0PCcZNC0909_B64mA1la0R0vxxxxxx_000A07fBIsc_xBCxxxXxxFgxxn_DQ02_0Sanity_TSC_550002EA,2,0,16,600,105.5,103.21,100.5,0,11
2,pat3,d1684732P0421776C_N0_B0Fmm00_PB0PCcZNC0909_B64mA1la0R0vxxxxxx_000A07fBIsc_xBCxxxXxxFgxxn_DQ02_0Sanity_TSC_550002EA,2,1,17,600,106.5,103.45,100.5,1,2
2,pat3,d1684732P0421776C_N0_B0Fmm00_PB0PCcZNC0909_B64mA1la0R0vxxxxxx_000A07fBIsc_xBCxxxXxxFgxxn_DQ02_0Sanity_TSC_550002EA,2,2,18,600,102.0,100.51,99.5,0,7
2,pat3,d1684732P0421776C_N0_B0Fmm00_PB0PCcZNC0909_B64mA1la0R0vxxxxxx_000A07fBIsc_xBCxxxXxxFgxxn_DQ02_0Sanity_TSC_550002EA,2,3,19,600,102.0,100.47,98.5,1,9
2,pat3,d1684732P0421776C_N0_B0Fmm00_PB0PCcZNC0909_B64mA1la0R0vxxxxxx_000A07fBIsc_xBCxxxXxxFgxxn_DQ02_0Sanity_TSC_550002EA,2,4,20,600,105.5,102.58,100.5,1,11
2,pat3,d1684732P0421776C_N0_B0Fmm00_PB0PCcZNC0909_B64mA1la0R0vxxxxxx_000A07fBIsc_xBCxxxXxxFgxxn_DQ02_0Sanity_TSC_550002EA,2,5,21,600,105.0,103.08,100.5,1,2
2,pat3,d1684732P0421776C_N0_B0Fmm00_PB0PCcZNC0909_B64mA1la0R0vxxxxxx_000A07fBIsc_xBCxxxXxxFgxxn_DQ02_0Sanity_TSC_550002EA,2,6,22,600,103.0,100.77,98.5,0,4
2,pat3,d1684732P0421776C_N0_B0Fmm00_PB0PCcZNC0909_B64mA1la0R0vxxxxxx_000A07fBIsc_xBCxxxXxxFgxxn_DQ02_0Sanity_TSC_550002EA,2,7,23,600,101.5,99.96,98.5,1,6
2,pat3,d1684732P0421776C_N0_B0Fmm00_PB0PCcZNC0909_B64mA1la0R0vxxxxxx_000A07fBIsc_xBCxxxXxxFgxxn_DQ02_0Sanity_TSC_550002EA,3,0,24,600,103.5,102.15,100.0,1,2
2,pat3,d1684732P0421776C_N0_B0Fmm00_PB0PCcZNC0909_B64mA1la0R0vxxxxxx_000A07fBIsc_xBCxxxXxxFgxxn_DQ02_0Sanity_TSC_550002EA,3,1,25,600,103.5,102.05,100.5,0,10
2,pat3,d1684732P0421776C_N0_B0Fmm00_PB0PCcZNC0909_B64mA1la0R0vxxxxxx_000A07fBIsc_xBCxxxXxxFgxxn_DQ02_0Sanity_TSC_550002EA,3,2,26,600,102.5,100.93,99.0,0,6
2,pat3,d1684732P0421776C_N0_B0Fmm00_PB0PCcZNC0909_B64mA1la0R0vxxxxxx_000A07fBIsc_xBCxxxXxxFgxxn_DQ02_0Sanity_TSC_550002EA,3,3,27,600,102.5,100.65,99.0,0,8
2,pat3,d1684732P0421776C_N0_B0Fmm00_PB0PCcZNC0909_B64mA1la0R0vxxxxxx_000A07fBIsc_xBCxxxXxxFgxxn_DQ02_0Sanity_TSC_550002EA,3,4,28,600,105.0,102.95,100.0,1,0
2,pat3,d1684732P0421776C_N0_B0Fmm00_PB0PCcZNC0909_B64mA1la0R0vxxxxxx_000A07fBIsc_xBCxxxXxxFgxxn_DQ02_0Sanity_TSC_550002EA,3,5,29,600,104.0,102.51,101.0,1,6
2,pat3,d1684732P0421776C_N0_B0Fmm00_PB0PCcZNC0909_B64mA1la0R0vxxxxxx_000A07fBIsc_xBCxxxXxxFgxxn_DQ02_0Sanity_TSC_550002EA,3,6,30,600,102.5,101.04,99.5,0,6
2,pat3,d1684732P0421776C_N0_B0Fmm00_PB0PCcZNC0909_B64mA1la0R0vxxxxxx_000A07fBIsc_xBCxxxXxxFgxxn_DQ02_0Sanity_TSC_550002EA,3,7,31,600,103.0,100.87,99.5,0,8
2,pat4,d1682760P0420999C_N5_B0Fmm00_PB0PCcZNC0909_B64mA1la0R0vxxxxxx_000A07fBIsc_xBCxxxXxxFgxxn_DQ02_0SanityPR_P_550002F0,0,0,0,600,105.0,102.0,98.5,1,2
2,pat4,d1682760P0420999C_N5_B0Fmm00_PB0PCcZNC0909_B64mA1la0R0vxxxxxx_000A07fBIsc_xBCxxxXxxFgxxn_DQ02_0SanityPR_P_550002F0,0,1,1,600,105.5,102.11,98.0,1,2
2,pat4,d1682760P0420999C_N5_B0Fmm00_PB0PCcZNC0909_B64mA1la0R0vxxxxxx_000A07fBIsc_xBCxxxXxxFgxxn_DQ02_0SanityPR_P_550002F0,0,2,2,600,101.5,99.82,98.5,0,14
2,pat4,d1682760P0420999C_N5_B0Fmm00_PB0PCcZNC0909_B64mA1la0R0vxxxxxx_000A07fBIsc_xBCxxxXxxFgxxn_DQ02_0SanityPR_P_550002F0,0,3,3,600,100.0,98.86,97.5,0,10
2,pat4,d1682760P0420999C_N5_B0Fmm00_PB0PCcZNC0909_B64mA1la0R0vxxxxxx_000A07fBIsc_xBCxxxXxxFgxxn_DQ02_0SanityPR_P_550002F0,0,4,4,600,105.5,102.34,99.0,1,11
2,pat4,d1682760P0420999C_N5_B0Fmm00_PB0PCcZNC0909_B64mA1la0R0vxxxxxx_000A07fBIsc_xBCxxxXxxFgxxn_DQ02_0SanityPR_P_550002F0,0,5,5,600,105.5,102.78,98.5,1,2
2,pat4,d1682760P0420999C_N5_B0Fmm00_PB0PCcZNC0909_B64mA1la0R0vxxxxxx_000A07fBIsc_xBCxxxXxxFgxxn_DQ02_0SanityPR_P_550002F0,0,6,6,600,101.5,99.89,98.5,1,13
2,pat4,d1682760P0420999C_N5_B0Fmm00_PB0PCcZNC0909_B64mA1la0R0vxxxxxx_000A07fBIsc_xBCxxxXxxFgxxn_DQ02_0SanityPR_P_550002F0,0,7,7,600,100.5,99.29,97.5,1,6
2,pat4,d1682760P0420999C_N5_B0Fmm00_PB0PCcZNC0909_B64mA1la0R0vxxxxxx_000A07fBIsc_xBCxxxXxxFgxxn_DQ02_0SanityPR_P_550002F0,1,0,8,600,103.5,101.69,99.5,1,9
2,pat4,d1682760P0420999C_N5_B0Fmm00_PB0PCcZNC0909_B64mA1la0R0vxxxxxx_000A07fBIsc_xBCxxxXxxFgxxn_DQ02_0SanityPR_P_550002F0,1,1,9,600,104.0,101.41,99.0,0,6
2,pat4,d1682760P0420999C_N5_B0Fmm00_PB0PCcZNC0909_B64mA1la0R0vxxxxxx_000A07fBIsc_xBCxxxXxxFgxxn_DQ02_0SanityPR_P_550002F0,1,2,10,600,101.5,99.87,98.0,0,8
2,pat4,d1682760P0420999C_N5_B0Fmm00_PB0PCcZNC0909_B64mA1la0R0vxxxxxx_000A07fBIsc_xBCxxxXxxFgxxn_DQ02_0SanityPR_P_550002F0,1,3,11,600,101.0,99.94,98.5,0,0
2,pat4,d1682760P0420999C_N5_B0Fmm00_PB0PCcZNC0909_B64mA1la0R0vxxxxxx_000A07fBIsc_xBCxxxXxxFgxxn_DQ02_0SanityPR_P_550002F0,1,4,12,600,104.0,101.69,100.0,1,11
2,pat4,d1682760P0420999C_N5_B0Fmm00_PB0PCcZNC0909_B64mA1la0R0vxxxxxx_000A07fBIsc_xBCxxxXxxFgxxn_DQ02_0SanityPR_P_550002F0,1,5,13,600,105.0,102.15,100.0,1,2
2,pat4,d1682760P0420999C_N5_B0Fmm00_PB0PCcZNC0909_B64mA1la0R0vxxxxxx_000A07fBIsc_xBCxxxXxxFgxxn_DQ02_0SanityPR_P_550002F0,1,6,14,600,102.0,100.23,98.0,0,1
2,pat4,d1682760P0420999C_N5_B0Fmm00_PB0PCcZNC0909_B64mA1la0R0vxxxxxx_000A07fBIsc_xBCxxxXxxFgxxn_DQ02_0SanityPR_P_550002F0,1,7,15,600,101.5,99.58,97.5,0,8
2,pat4,d1682760P0420999C_N5_B0Fmm00_PB0PCcZNC0909_B64mA1la0R0vxxxxxx_000A07fBIsc_xBCxxxXxxFgxxn_DQ02_0SanityPR_P_550002F0,2,0,16,600,105.0,102.8,100.5,0,0
2,pat4,d1682760P0420999C_N5_B0Fmm00_PB0PCcZNC0909_B64mA1la0R0vxxxxxx_000A07fBIsc_xBCxxxXxxFgxxn_DQ02_0SanityPR_P_550002F0,2,1,17,600,106.0,103.07,100.0,1,2
2,pat4,d1682760P0420999C_N5_B0Fmm00_PB0PCcZNC0909_B64mA1la0R0vxxxxxx_000A07fBIsc_xBCxxxXxxFgxxn_DQ02_0SanityPR_P_550002F0,2,2,18,600,101.5,100.28,99.0,1,14
2,pat4,d1682760P0420999C_N5_B0Fmm00_PB0PCcZNC0909_B64mA1la0R0vxxxxxx_000A07fBIsc_xBCxxxXxxFgxxn_DQ02_0SanityPR_P_550002F0,2,3,19,600,102.0,100.32,98.5,1,11
2,pat4,d1682760P0420999C_N5_B0Fmm00_PB0PCcZNC0909_B64mA1la0R0vxxxxxx_000A07fBIsc_xBCxxxXxxFgxxn_DQ02_0SanityPR_P_550002F0,2,4,20,600,105.5,102.38,100.0,1,11
2,pat4,d1682760P0420999C_N5_B0Fmm00_PB0PCcZNC0909_B64mA1la0R0vxxxxxx_000A07fBIsc_xBCxxxXxxFgxxn_DQ02_0SanityPR_P_550002F0,2,5,21,600,104.5,102.77,100.5,0,0
2,pat4,d1682760P0420999C_N5_B0Fmm00_PB0PCcZNC0909_B64mA1la0R0vxxxxxx_000A07fBIsc_xBCxxxXxxFgxxn_DQ02_0SanityPR_P_550002F0,2,6,22,600,103.0,100.73,98.5,0,8
2,pat4,d1682760P0420999C_N5_B0Fmm00_PB0PCcZNC0909_B64mA1la0R0vxxxxxx_000A07fBIsc_xBCxxxXxxFgxxn_DQ02_0SanityPR_P_550002F0,2,7,23,600,101.0,99.88,98.0,1,6
2,pat4,d1682760P0420999C_N5_B0Fmm00_PB0PCcZNC0909_B64mA1la0R0vxxxxxx_000A07fBIsc_xBCxxxXxxFgxxn_DQ02_0SanityPR_P_550002F0,3,0,24,600,103.0,101.8,100.0,0,1
2,pat4,d1682760P0420999C_N5_B0Fmm00_PB0PCcZNC0909_B64mA1la0R0vxxxxxx_000A07fBIsc_xBCxxxXxxFgxxn_DQ02_0SanityPR_P_550002F0,3,1,25,600,103.5,101.87,100.0,0,10
2,pat4,d1682760P0420999C_N5_B0Fmm00_PB0PCcZNC0909_B64mA1la0R0vxxxxxx_000A07fBIsc_xBCxxxXxxFgxxn_DQ02_0SanityPR_P_550002F0,3,2,26,600,102.5,100.85,99.0,0,8
2,pat4,d1682760P0420999C_N5_B0Fmm00_PB0PCcZNC0909_B64mA1la0R0vxxxxxx_000A07fBIsc_xBCxxxXxxFgxxn_DQ02_0SanityPR_P_550002F0,3,3,27,600,102.0,100.5,99.0,0,8
2,pat4,d1682760P0420999C_N5_B0Fmm00_PB0PCcZNC0909_B64mA1la0R0vxxxxxx_000A07fBIsc_xBCxxxXxxFgxxn_DQ02_0SanityPR_P_550002F0,3,4,28,600,104.5,102.64,100.0,1,0
2,pat4,d1682760P0420999C_N5_B0Fmm00_PB0PCcZNC0909_B64mA1la0R0vxxxxxx_000A07fBIsc_xBCxxxXxxFgxxn_DQ02_0SanityPR_P_550002F0,3,5,29,600,103.5,102.24,101.0,0,11
2,pat4,d1682760P0420999C_N5_B0Fmm00_PB0PCcZNC0909_B64mA1la0R0vxxxxxx_000A07fBIsc_xBCxxxXxxFgxxn_DQ02_0SanityPR_P_550002F0,3,6,30,600,102.5,100.94,99.5,0,6
2,pat4,d1682760P0420999C_N5_B0Fmm00_PB0PCcZNC0909_B64mA1la0R0vxxxxxx_000A07fBIsc_xBCxxxXxxFgxxn_DQ02_0SanityPR_P_550002F0,3,7,31,600,103.0,100.76,99.0,0,8
2,pat5,d1683744P0421332C_Nb_B0Fmm00_PB0PCcZNC0909_B64mA1la0R0vxxxxxx_000A07fBIsc_xBCxxxXxxFgxxn_DQ02_0Sanity_MEM_550002ED,0,0,0,600,105.5,102.12,98.5,1,2
2,pat5,d1683744P0421332C_Nb_B0Fmm00_PB0PCcZNC0909_B64mA1la0R0vxxxxxx_000A07fBIsc_xBCxxxXxxFgxxn_DQ02_0Sanity_MEM_550002ED,0,1,1,600,105.5,102.25,98.0,1,2
2,pat5,d1683744P0421332C_Nb_B0Fmm00_PB0PCcZNC0909_B64mA1la0R0vxxxxxx_000A07fBIsc_xBCxxxXxxFgxxn_DQ02_0Sanity_MEM_550002ED,0,2,2,600,101.0,99.84,98.5,0,14
2,pat5,d1683744P0421332C_Nb_B0Fmm00_PB0PCcZNC0909_B64mA1la0R0vxxxxxx_000A07fBIsc_xBCxxxXxxFgxxn_DQ02_0Sanity_MEM_550002ED,0,3,3,600,100.5,98.92,97.5,1,8
2,pat5,d1683744P0421332C_Nb_B0Fmm00_PB0PCcZNC0909_B64mA1la0R0vxxxxxx_000A07fBIsc_xBCxxxXxxFgxxn_DQ02_0Sanity_MEM_550002ED,0,4,4,600,105.5,102.41,99.5,1,11
2,pat5,d1683744P0421332C_Nb_B0Fmm00_PB0PCcZNC0909_B64mA1la0R0vxxxxxx_000A07fBIsc_xBCxxxXxxFgxxn_DQ02_0Sanity_MEM_550002ED,0,5,5,600,106.0,102.89,100.0,1,11
2,pat5,d1683744P0421332C_Nb_B0Fmm00_PB0PCcZNC0909_B64mA1la0R0vxxxxxx_000A07fBIsc_xBCxxxXxxFgxxn_DQ02_0Sanity_MEM_550002ED,0,6,6,600,101.5,99.95,98.5,1,13
2,pat5,d1683744P0421332C_Nb_B0Fmm00_PB0PCcZNC0909_B64mA1la0R0vxxxxxx_000A07fBIsc_xBCxxxXxxFgxxn_DQ02_0Sanity_MEM_550002ED,0,7,7,600,100.5,99.29,98.0,0,6
2,pat5,d1683744P0421332C_Nb_B0Fmm00_PB0PCcZNC0909_B64mA1la0R0vxxxxxx_000A07fBIsc_xBCxxxXxxFgxxn_DQ02_0Sanity_MEM_550002ED,1,0,8,600,104.0,101.7,99.5,1,9
2,pat5,d1683744P0421332C_Nb_B0Fmm00_PB0PCcZNC0909_B64mA1la0R0vxxxxxx_000A07fBIsc_xBCxxxXxxFgxxn_DQ02_0Sanity_MEM_550002ED,1,1,9,600,104.0,101.54,99.0,0,6
2,pat5,d1683744P0421332C_Nb_B0Fmm00_PB0PCcZNC0909_B64mA1la0R0vxxxxxx_000A07fBIsc_xBCxxxXxxFgxxn_DQ02_0Sanity_MEM_550002ED,1,2,10,600,101.5,99.93,98.0,1,8
2,pat5,d1683744P0421332C_Nb_B0Fmm00_PB0PCcZNC0909_B64mA1la0R0vxxxxxx_000A07fBIsc_xBCxxxXxxFgxxn_DQ02_0Sanity_MEM_550002ED,1,3,11,600,101.0,99.95,98.5,0,5
2,pat5,d1683744P0421332C_Nb_B0Fmm00_PB0PCcZNC0909_B64mA1la0R0vxxxxxx_000A07fBIsc_xBCxxxXxxFgxxn_DQ02_0Sanity_MEM_550002ED,1,4,12,600,104.0,101.76,100.0,1,11
2,pat5,d1683744P0421332C_Nb_B0Fmm00_PB0PCcZNC0909_B64mA1la0R0vxxxxxx_000A07fBIsc_xBCxxxXxxFgxxn_DQ02_0Sanity_MEM_550002ED,1,5,13,600,105.0,102.22,100.0,1,2
2,pat5,d1683744P0421332C_Nb_B0Fmm00_PB0PCcZNC0909_B64mA1la0R0vxxxxxx_000A07fBIsc_xBCxxxXxxFgxxn_DQ02_0Sanity_MEM_550002ED,1,6,14,600,102.0,100.33,97.5,0,1
2,pat5,d1683744P0421332C_Nb_B0Fmm00_PB0PCcZNC0909_B64mA1la0R0vxxxxxx_000A07fBIsc_xBCxxxXxxFgxxn_DQ02_0Sanity_MEM_550002ED,1,7,15,600,101.5,99.68,97.5,0,8
2,pat5,d1683744P0421332C_Nb_B0Fmm00_PB0PCcZNC0909_B64mA1la0R0vxxxxxx_000A07fBIsc_xBCxxxXxxFgxxn_DQ02_0Sanity_MEM_550002ED,2,0,16,600,105.5,102.85,100.5,0,0
2,pat5,d1683744P0421332C_Nb_B0Fmm00_PB0PCcZNC0909_B64mA1la0R0vxxxxxx_000A07fBIsc_xBCxxxXxxFgxxn_DQ02_0Sanity_MEM_550002ED,2,1,17,600,106.0,103.08,100.5,1,2
2,pat5,d1683744P0421332C_Nb_B0Fmm00_PB0PCcZNC0909_B64mA1la0R0vxxxxxx_000A07fBIsc_xBCxxxXxxFgxxn_DQ02_0Sanity_MEM_550002ED,2,2,18,600,102.0,100.22,99.0,0,7
2,pat5,d1683744P0421332C_Nb_B0Fmm00_PB0PCcZNC0909_B64mA1la0R0vxxxxxx_000A07fBIsc_xBCxxxXxxFgxxn_DQ02_0Sanity_MEM_550002ED,2,3,19,600,102.0,100.3,98.5,1,5
2,pat5,d1683744P0421332C_Nb_B0Fmm00_PB0PCcZNC0909_B64mA1la0R0vxxxxxx_000A07fBIsc_xBCxxxXxxFgxxn_DQ02_0Sanity_MEM_550002ED,2,4,20,600,105.5,102.4,100.0,1,11
2,pat5,d1683744P0421332C_Nb_B0Fmm00_PB0PCcZNC0909_B64mA1la0R0vxxxxxx_000A07fBIsc_xBCxxxXxxFgxxn_DQ02_0Sanity_MEM_550002ED,2,5,21,600,104.5,102.84,100.5,0,0
2,pat5,d1683744P0421332C_Nb_B0Fmm00_PB0PCcZNC0909_B64mA1la0R0vxxxxxx_000A07fBIsc_xBCxxxXxxFgxxn_DQ02_0Sanity_MEM_550002ED,2,6,22,600,103.0,100.69,98.5,0,4
2,pat5,d1683744P0421332C_Nb_B0Fmm00_PB0PCcZNC0909_B64mA1la0R0vxxxxxx_000A07fBIsc_xBCxxxXxxFgxxn_DQ02_0Sanity_MEM_550002ED,2,7,23,600,101.5,99.95,98.5,1,6
2,pat5,d1683744P0421332C_Nb_B0Fmm00_PB0PCcZNC0909_B64mA1la0R0vxxxxxx_000A07fBIsc_xBCxxxXxxFgxxn_DQ02_0Sanity_MEM_550002ED,3,0,24,600,103.0,101.91,100.0,1,2
2,pat5,d1683744P0421332C_Nb_B0Fmm00_PB0PCcZNC0909_B64mA1la0R0vxxxxxx_000A07fBIsc_xBCxxxXxxFgxxn_DQ02_0Sanity_MEM_550002ED,3,1,25,600,103.5,101.89,100.0,0,10
2,pat5,d1683744P0421332C_Nb_B0Fmm00_PB0PCcZNC0909_B64mA1la0R0vxxxxxx_000A07fBIsc_xBCxxxXxxFgxxn_DQ02_0Sanity_MEM_550002ED,3,2,26,600,103.0,100.96,99.0,0,8
2,pat5,d1683744P0421332C_Nb_B0Fmm00_PB0PCcZNC0909_B64mA1la0R0vxxxxxx_000A07fBIsc_xBCxxxXxxFgxxn_DQ02_0Sanity_MEM_550002ED,3,3,27,600,102.0,100.5,99.0,0,8
2,pat5,d1683744P0421332C_Nb_B0Fmm00_PB0PCcZNC0909_B64mA1la0R0vxxxxxx_000A07fBIsc_xBCxxxXxxFgxxn_DQ02_0Sanity_MEM_550002ED,3,4,28,600,104.5,102.67,100.0,1,0
2,pat5,d1683744P0421332C_Nb_B0Fmm00_PB0PCcZNC0909_B64mA1la0R0vxxxxxx_000A07fBIsc_xBCxxxXxxFgxxn_DQ02_0Sanity_MEM_550002ED,3,5,29,600,103.5,102.34,101.0,0,11
2,pat5,d1683744P0421332C_Nb_B0Fmm00_PB0PCcZNC0909_B64mA1la0R0vxxxxxx_000A07fBIsc_xBCxxxXxxFgxxn_DQ02_0Sanity_MEM_550002ED,3,6,30,600,102.5,101.0,99.5,0,6
2,pat5,d1683744P0421332C_Nb_B0Fmm00_PB0PCcZNC0909_B64mA1la0R0vxxxxxx_000A07fBIsc_xBCxxxXxxFgxxn_DQ02_0Sanity_MEM_550002ED,3,7,31,600,103.0,100.78,99.0,0,8
2,pat6,d1682686P0420889C_N9_B0Fmm00_PB0PCcZNC0909_B64mA1la0R0vxxxxxx_000A07fBIsc_xBCxxxXxxFgxxn_DQ02_0Sanity_VMX_550002EB,0,0,0,600,105.5,102.4,98.5,1,2
2,pat6,d1682686P0420889C_N9_B0Fmm00_PB0PCcZNC0909_B64mA1la0R0vxxxxxx_000A07fBIsc_xBCxxxXxxFgxxn_DQ02_0Sanity_VMX_550002EB,0,1,1,600,106.0,102.61,98.5,1,2
2,pat6,d1682686P0420889C_N9_B0Fmm00_PB0PCcZNC0909_B64mA1la0R0vxxxxxx_000A07fBIsc_xBCxxxXxxFgxxn_DQ02_0Sanity_VMX_550002EB,0,2,2,600,101.0,99.77,99.0,0,14
2,pat6,d1682686P0420889C_N9_B0Fmm00_PB0PCcZNC0909_B64mA1la0R0vxxxxxx_000A07fBIsc_xBCxxxXxxFgxxn_DQ02_0Sanity_VMX_550002EB,0,3,3,600,100.0,98.77,97.5,0,10
2,pat6,d1682686P0420889C_N9_B0Fmm00_PB0PCcZNC0909_B64mA1la0R0vxxxxxx_000A07fBIsc_xBCxxxXxxFgxxn_DQ02_0Sanity_VMX_550002EB,0,4,4,600,106.0,102.68,99.0,1,11
2,pat6,d1682686P0420889C_N9_B0Fmm00_PB0PCcZNC0909_B64mA1la0R0vxxxxxx_000A07fBIsc_xBCxxxXxxFgxxn_DQ02_0Sanity_VMX_550002EB,0,5,5,600,106.5,103.29,99.5,0,0
2,pat6,d1682686P0420889C_N9_B0Fmm00_PB0PCcZNC0909_B64mA1la0R0vxxxxxx_000A07fBIsc_xBCxxxXxxFgxxn_DQ02_0Sanity_VMX_550002EB,0,6,6,600,101.5,99.96,98.5,1,13
2,pat6,d1682686P0420889C_N9_B0Fmm00_PB0PCcZNC0909_B64mA1la0R0vxxxxxx_000A07fBIsc_xBCxxxXxxFgxxn_DQ02_0Sanity_VMX_550002EB,0,7,7,600,100.5,99.13,97.5,1,8
2,pat6,d1682686P0420889C_N9_B0Fmm00_PB0PCcZNC0909_B64mA1la0R0vxxxxxx_000A07fBIsc_xBCxxxXxxFgxxn_DQ02_0Sanity_VMX_550002EB,1,0,8,600,104.0,102.05,99.5,1,9
2,pat6,d1682686P0420889C_N9_B0Fmm00_PB0PCcZNC0909_B64mA1la0R0vxxxxxx_000A07fBIsc_xBCxxxXxxFgxxn_DQ02_0Sanity_VMX_550002EB,1,1,9,600,104.0,101.84,99.5,0,6
2,pat6,d1682686P0420889C_N9_B0Fmm00_PB0PCcZNC0909_B64mA1la0R0vxxxxxx_000A07fBIsc_xBCxxxXxxFgxxn_DQ02_0Sanity_VMX_550002EB,1,2,10,600,101.5,99.99,98.5,1,8
2,pat6,d1682686P0420889C_N9_B0Fmm00_PB0PCcZNC0909_B64mA1la0R0vxxxxxx_000A07fBIsc_xBCxxxXxxFgxxn_DQ02_0Sanity_VMX_550002EB,1,3,11,600,101.5,99.98,98.0,0,8
2,pat6,d1682686P0420889C_N9_B0Fmm00_PB0PCcZNC0909_B64mA1la0R0vxxxxxx_000A07fBIsc_xBCxxxXxxFgxxn_DQ02_0Sanity_VMX_550002EB,1,4,12,600,104.5,102.1,100.0,1,11
2,pat6,d1682686P0420889C_N9_B0Fmm00_PB0PCcZNC0909_B64mA1la0R0vxxxxxx_000A07fBIsc_xBCxxxXxxFgxxn_DQ02_0Sanity_VMX_550002EB,1,5,13,600,105.0,102.54,99.5,1,2
2,pat6,d1682686P0420889C_N9_B0Fmm00_PB0PCcZNC0909_B64mA1la0R0vxxxxxx_000A07fBIsc_xBCxxxXxxFgxxn_DQ02_0Sanity_VMX_550002EB,1,6,14,600,101.5,100.14,97.5,0,8
2,pat6,d1682686P0420889C_N9_B0Fmm00_PB0PCcZNC0909_B64mA1la0R0vxxxxxx_000A07fBIsc_xBCxxxXxxFgxxn_DQ02_0Sanity_VMX_550002EB,1,7,15,600,102.0,99.72,97.5,0,8
2,pat6,d1682686P0420889C_N9_B0Fmm00_PB0PCcZNC0909_B64mA1la0R0vxxxxxx_000A07fBIsc_xBCxxxXxxFgxxn_DQ02_0Sanity_VMX_550002EB,2,0,16,600,106.0,103.26,100.0,0,2
2,pat6,d1682686P0420889C_N9_B0Fmm00_PB0PCcZNC0909_B64mA1la0R0vxxxxxx_000A07fBIsc_xBCxxxXxxFgxxn_DQ02_0Sanity_VMX_550002EB,2,1,17,600,106.0,103.47,100.5,1,2
2,pat6,d1682686P0420889C_N9_B0Fmm00_PB0PCcZNC0909_B64mA1la0R0vxxxxxx_000A07fBIsc_xBCxxxXxxFgxxn_DQ02_0Sanity_VMX_550002EB,2,2,18,600,101.5,100.22,99.0,0,7
2,pat6,d1682686P0420889C_N9_B0Fmm00_PB0PCcZNC0909_B64mA1la0R0vxxxxxx_000A07fBIsc_xBCxxxXxxFgxxn_DQ02_0Sanity_VMX_550002EB,2,3,19,600,102.0,100.28,98.5,1,5
2,pat6,d1682686P0420889C_N9_B0Fmm00_PB0PCcZNC0909_B64mA1la0R0vxxxxxx_000A07fBIsc_xBCxxxXxxFgxxn_DQ02_0Sanity_VMX_550002EB,2,4,20,600,105.5,102.69,100.5,1,11
2,pat6,d1682686P0420889C_N9_B0Fmm00_PB0PCcZNC0909_B64mA1la0R0vxxxxxx_000A07fBIsc_xBCxxxXxxFgxxn_DQ02_0Sanity_VMX_550002EB,2,5,21,600,105.5,103.1,100.5,0,2
2,pat6,d1682686P0420889C_N9_B0Fmm00_PB0PCcZNC0909_B64mA1la0R0vxxxxxx_000A07fBIsc_xBCxxxXxxFgxxn_DQ02_0Sanity_VMX_550002EB,2,6,22,600,103.0,100.71,98.5,0,4
2,pat6,d1682686P0420889C_N9_B0Fmm00_PB0PCcZNC0909_B64mA1la0R0vxxxxxx_000A07fBIsc_xBCxxxXxxFgxxn_DQ02_0Sanity_VMX_550002EB,2,7,23,600,101.5,99.96,98.5,1,6
2,pat6,d1682686P0420889C_N9_B0Fmm00_PB0PCcZNC0909_B64mA1la0R0vxxxxxx_000A07fBIsc_xBCxxxXxxFgxxn_DQ02_0Sanity_VMX_550002EB,3,0,24,600,103.5,102.19,100.0,1,0
2,pat6,d1682686P0420889C_N9_B0Fmm00_PB0PCcZNC0909_B64mA1la0R0vxxxxxx_000A07fBIsc_xBCxxxXxxFgxxn_DQ02_0Sanity_VMX_550002EB,3,1,25,600,104.0,102.09,100.5,0,10
2,pat6,d1682686P0420889C_N9_B0Fmm00_PB0PCcZNC0909_B64mA1la0R0vxxxxxx_000A07fBIsc_xBCxxxXxxFgxxn_DQ02_0Sanity_VMX_550002EB,3,2,26,600,102.5,100.91,99.0,0,8
2,pat6,d1682686P0420889C_N9_B0Fmm00_PB0PCcZNC0909_B64mA1la0R0vxxxxxx_000A07fBIsc_xBCxxxXxxFgxxn_DQ02_0Sanity_VMX_550002EB,3,3,27,600,102.0,100.49,99.0,0,8
2,pat6,d1682686P0420889C_N9_B0Fmm00_PB0PCcZNC0909_B64mA1la0R0vxxxxxx_000A07fBIsc_xBCxxxXxxFgxxn_DQ02_0Sanity_VMX_550002EB,3,4,28,600,105.0,102.91,100.0,1,0
2,pat6,d1682686P0420889C_N9_B0Fmm00_PB0PCcZNC0909_B64mA1la0R0vxxxxxx_000A07fBIsc_xBCxxxXxxFgxxn_DQ02_0Sanity_VMX_550002EB,3,5,29,600,104.5,102.64,101.0,1,0
2,pat6,d1682686P0420889C_N9_B0Fmm00_PB0PCcZNC0909_B64mA1la0R0vxxxxxx_000A07fBIsc_xBCxxxXxxFgxxn_DQ02_0Sanity_VMX_550002EB,3,6,30,600,102.5,100.98,99.5,0,5
2,pat6,d1682686P0420889C_N9_B0Fmm00_PB0PCcZNC0909_B64mA1la0R0vxxxxxx_000A07fBIsc_xBCxxxXxxFgxxn_DQ02_0Sanity_VMX_550002EB,3,7,31,600,103.0,100.84,99.0,0,8
2,pat7,d1683114P0421110C_Mz_B0Fmm00_PB0PCcZNC0909_B64mA1la0R0vxxxxxx_000A07fBIsc_xBCxxxXxxFgxxn_DQ02_0SanityPR_V_550002EF,0,0,0,600,106.0,102.54,98.5,1,2
2,pat7,d1683114P0421110C_Mz_B0Fmm00_PB0PCcZNC0909_B64mA1la0R0vxxxxxx_000A07fBIsc_xBCxxxXxxFgxxn_DQ02_0SanityPR_V_550002EF,0,1,1,600,106.0,102.82,99.5,1,2
2,pat7,d1683114P0421110C_Mz_B0Fmm00_PB0PCcZNC0909_B64mA1la0R0vxxxxxx_000A07fBIsc_xBCxxxXxxFgxxn_DQ02_0SanityPR_V_550002EF,0,2,2,600,101.0,99.84,98.5,0,14
2,pat7,d1683114P0421110C_Mz_B0Fmm00_PB0PCcZNC0909_B64mA1la0R0vxxxxxx_000A07fBIsc_xBCxxxXxxFgxxn_DQ02_0SanityPR_V_550002EF,0,3,3,600,100.5,98.9,97.5,0,8
2,pat7,d1683114P0421110C_Mz_B0Fmm00_PB0PCcZNC0909_B64mA1la0R0vxxxxxx_000A07fBIsc_xBCxxxXxxFgxxn_DQ02_0SanityPR_V_550002EF,0,4,4,600,106.5,102.86,99.5,1,11
2,pat7,d1683114P0421110C_Mz_B0Fmm00_PB0PCcZNC0909_B64mA1la0R0vxxxxxx_000A07fBIsc_xBCxxxXxxFgxxn_DQ02_0SanityPR_V_550002EF,0,5,5,600,106.5,103.42,99.5,1,11
2,pat7,d1683114P0421110C_Mz_B0Fmm00_PB0PCcZNC0909_B64mA1la0R0vxxxxxx_000A07fBIsc_xBCxxxXxxFgxxn_DQ02_0SanityPR_V_550002EF,0,6,6,600,101.5,100.0,98.5,0,8
2,pat7,d1683114P0421110C_Mz_B0Fmm00_PB0PCcZNC0909_B64mA1la0R0vxxxxxx_000A07fBIsc_xBCxxxXxxFgxxn_DQ02_0SanityPR_V_550002EF,0,7,7,600,100.5,99.31,97.5,1,8
2,pat7,d1683114P0421110C_Mz_B0Fmm00_PB0PCcZNC0909_B64mA1la0R0vxxxxxx_000A07fBIsc_xBCxxxXxxFgxxn_DQ02_0SanityPR_V_550002EF,1,0,8,600,104.5,102.17,99.5,1,9
2,pat7,d1683114P0421110C_Mz_B0Fmm00_PB0PCcZNC0909_B64mA1la0R0vxxxxxx_000A07fBIsc_xBCxxxXxxFgxxn_DQ02_0SanityPR_V_550002EF,1,1,9,600,104.5,102.0,99.5,0,6
2,pat7,d1683114P0421110C_Mz_B0Fmm00_PB0PCcZNC0909_B64mA1la0R0vxxxxxx_000A07fBIsc_xBCxxxXxxFgxxn_DQ02_0SanityPR_V_550002EF,1,2,10,600,101.5,100.03,98.0,0,8
2,pat7,d1683114P0421110C_Mz_B0Fmm00_PB0PCcZNC0909_B64mA1la0R0vxxxxxx_000A07fBIsc_xBCxxxXxxFgxxn_DQ02_0SanityPR_V_550002EF,1,3,11,600,101.5,100.12,98.5,0,8
2,pat7,d1683114P0421110C_Mz_B0Fmm00_PB0PCcZNC0909_B64mA1la0R0vxxxxxx_000A07fBIsc_xBCxxxXxxFgxxn_DQ02_0SanityPR_V_550002EF,1,4,12,600,104.5,102.19,100.0,1,11
2,pat7,d1683114P0421110C_Mz_B0Fmm00_PB0PCcZNC0909_B64mA1la0R0vxxxxxx_000A07fBIsc_xBCxxxXxxFgxxn_DQ02_0SanityPR_V_550002EF,1,5,13,600,105.0,102.66,100.0,1,2
2,pat7,d1683114P0421110C_Mz_B0Fmm00_PB0PCcZNC0909_B64mA1la0R0vxxxxxx_000A07fBIsc_xBCxxxXxxFgxxn_DQ02_0SanityPR_V_550002EF,1,6,14,600,102.0,100.27,97.5,0,1
2,pat7,d1683114P0421110C_Mz_B0Fmm00_PB0PCcZNC0909_B64mA1la0R0vxxxxxx_000A07fBIsc_xBCxxxXxxFgxxn_DQ02_0SanityPR_V_550002EF,1,7,15,600,101.5,99.7,97.5,0,8
2,pat7,d1683114P0421110C_Mz_B0Fmm00_PB0PCcZNC0909_B64mA1la0R0vxxxxxx_000A07fBIsc_xBCxxxXxxFgxxn_DQ02_0SanityPR_V_550002EF,2,0,16,600,106.0,103.41,100.5,0,0
2,pat7,d1683114P0421110C_Mz_B0Fmm00_PB0PCcZNC0909_B64mA1la0R0vxxxxxx_000A07fBIsc_xBCxxxXxxFgxxn_DQ02_0SanityPR_V_550002EF,2,1,17,600,106.0,103.56,100.5,1,2
2,pat7,d1683114P0421110C_Mz_B0Fmm00_PB0PCcZNC0909_B64mA1la0R0vxxxxxx_000A07fBIsc_xBCxxxXxxFgxxn_DQ02_0SanityPR_V_550002EF,2,2,18,600,101.5,100.26,98.5,0,5
2,pat7,d1683114P0421110C_Mz_B0Fmm00_PB0PCcZNC0909_B64mA1la0R0vxxxxxx_000A07fBIsc_xBCxxxXxxFgxxn_DQ02_0SanityPR_V_550002EF,2,3,19,600,102.0,100.34,98.5,1,5
2,pat7,d1683114P0421110C_Mz_B0Fmm00_PB0PCcZNC0909_B64mA1la0R0vxxxxxx_000A07fBIsc_xBCxxxXxxFgxxn_DQ02_0SanityPR_V_550002EF,2,4,20,600,106.0,102.81,100.5,1,11
2,pat7,d1683114P0421110C_Mz_B0Fmm00_PB0PCcZNC0909_B64mA1la0R0vxxxxxx_000A07fBIsc_xBCxxxXxxFgxxn_DQ02_0SanityPR_V_550002EF,2,5,21,600,105.5,103.33,100.5,0,2
2,pat7,d1683114P0421110C_Mz_B0Fmm00_PB0PCcZNC0909_B64mA1la0R0vxxxxxx_000A07fBIsc_xBCxxxXxxFgxxn_DQ02_0SanityPR_V_550002EF,2,6,22,600,103.0,100.77,98.5,0,4
2,pat7,d1683114P0421110C_Mz_B0Fmm00_PB0PCcZNC0909_B64mA1la0R0vxxxxxx_000A07fBIsc_xBCxxxXxxFgxxn_DQ02_0SanityPR_V_550002EF,2,7,23,600,101.5,100.05,98.5,1,9
2,pat7,d1683114P0421110C_Mz_B0Fmm00_PB0PCcZNC0909_B64mA1la0R0vxxxxxx_000A07fBIsc_xBCxxxXxxFgxxn_DQ02_0SanityPR_V_550002EF,3,0,24,600,104.0,102.29,100.0,1,0
2,pat7,d1683114P0421110C_Mz_B0Fmm00_PB0PCcZNC0909_B64mA1la0R0vxxxxxx_000A07fBIsc_xBCxxxXxxFgxxn_DQ02_0SanityPR_V_550002EF,3,1,25,600,104.0,102.16,100.5,0,10
2,pat7,d1683114P0421110C_Mz_B0Fmm00_PB0PCcZNC0909_B64mA1la0R0vxxxxxx_000A07fBIsc_xBCxxxXxxFgxxn_DQ02_0SanityPR_V_550002EF,3,2,26,600,102.5,100.93,99.0,0,8
2,pat7,d1683114P0421110C_Mz_B0Fmm00_PB0PCcZNC0909_B64mA1la0R0vxxxxxx_000A07fBIsc_xBCxxxXxxFgxxn_DQ02_0SanityPR_V_550002EF,3,3,27,600,102.0,100.52,99.0,0,8
2,pat7,d1683114P0421110C_Mz_B0Fmm00_PB0PCcZNC0909_B64mA1la0R0vxxxxxx_000A07fBIsc_xBCxxxXxxFgxxn_DQ02_0SanityPR_V_550002EF,3,4,28,600,105.5,102.99,100.0,1,0
2,pat7,d1683114P0421110C_Mz_B0Fmm00_PB0PCcZNC0909_B64mA1la0R0vxxxxxx_000A07fBIsc_xBCxxxXxxFgxxn_DQ02_0SanityPR_V_550002EF,3,5,29,600,104.5,102.68,101.0,1,0
2,pat7,d1683114P0421110C_Mz_B0Fmm00_PB0PCcZNC0909_B64mA1la0R0vxxxxxx_000A07fBIsc_xBCxxxXxxFgxxn_DQ02_0SanityPR_V_550002EF,3,6,30,600,105.5,101.11,99.5,0,14
2,pat7,d1683114P0421110C_Mz_B0Fmm00_PB0PCcZNC0909_B64mA1la0R0vxxxxxx_000A07fBIsc_xBCxxxXxxFgxxn_DQ02_0SanityPR_V_550002EF,3,7,31,600,103.0,100.83,99.5,0,8
2,pat8,d1684149P0421443C_N2_B0Fmm00_PB0PCcZNC0909_B64mA1la0R0vxxxxxx_000A07fBIsc_xBCxxxXxxFgxxn_DQ02_0Sanity_MSR_550002EE,0,0,0,600,106.0,102.32,98.5,1,2
2,pat8,d1684149P0421443C_N2_B0Fmm00_PB0PCcZNC0909_B64mA1la0R0vxxxxxx_000A07fBIsc_xBCxxxXxxFgxxn_DQ02_0Sanity_MSR_550002EE,0,1,1,600,105.5,102.51,98.5,1,2
2,pat8,d1684149P0421443C_N2_B0Fmm00_PB0PCcZNC0909_B64mA1la0R0vxxxxxx_000A07fBIsc_xBCxxxXxxFgxxn_DQ02_0Sanity_MSR_550002EE,0,2,2,600,101.0,99.83,98.5,0,8
2,pat8,d1684149P0421443C_N2_B0Fmm00_PB0PCcZNC0909_B64mA1la0R0vxxxxxx_000A07fBIsc_xBCxxxXxxFgxxn_DQ02_0Sanity_MSR_550002EE,0,3,3,600,100.5,98.84,97.5,0,8
2,pat8,d1684149P0421443C_N2_B0Fmm00_PB0PCcZNC0909_B64mA1la0R0vxxxxxx_000A07fBIsc_xBCxxxXxxFgxxn_DQ02_0Sanity_MSR_550002EE,0,4,4,600,106.0,102.65,99.5,1,11
2,pat8,d1684149P0421443C_N2_B0Fmm00_PB0PCcZNC0909_B64mA1la0R0vxxxxxx_000A07fBIsc_xBCxxxXxxFgxxn_DQ02_0Sanity_MSR_550002EE,0,5,5,600,106.5,103.3,100.0,1,11
2,pat8,d1684149P0421443C_N2_B0Fmm00_PB0PCcZNC0909_B64mA1la0R0vxxxxxx_000A07fBIsc_xBCxxxXxxFgxxn_DQ02_0Sanity_MSR_550002EE,0,6,6,600,101.5,99.88,98.5,1,13
2,pat8,d1684149P0421443C_N2_B0Fmm00_PB0PCcZNC0909_B64mA1la0R0vxxxxxx_000A07fBIsc_xBCxxxXxxFgxxn_DQ02_0Sanity_MSR_550002EE,0,7,7,600,100.5,99.28,97.5,0,0
2,pat8,d1684149P0421443C_N2_B0Fmm00_PB0PCcZNC0909_B64mA1la0R0vxxxxxx_000A07fBIsc_xBCxxxXxxFgxxn_DQ02_0Sanity_MSR_550002EE,1,0,8,600,104.0,101.9,99.5,1,11
2,pat8,d1684149P0421443C_N2_B0Fmm00_PB0PCcZNC0909_B64mA1la0R0vxxxxxx_000A07fBIsc_xBCxxxXxxFgxxn_DQ02_0Sanity_MSR_550002EE,1,1,9,600,104.0,101.71,99.0,0,6
2,pat8,d1684149P0421443C_N2_B0Fmm00_PB0PCcZNC0909_B64mA1la0R0vxxxxxx_000A07fBIsc_xBCxxxXxxFgxxn_DQ02_0Sanity_MSR_550002EE,1,2,10,600,101.5,100.04,98.0,0,8
2,pat8,d1684149P0421443C_N2_B0Fmm00_PB0PCcZNC0909_B64mA1la0R0vxxxxxx_000A07fBIsc_xBCxxxXxxFgxxn_DQ02_0Sanity_MSR_550002EE,1,3,11,600,101.5,99.98,98.5,0,8
2,pat8,d1684149P0421443C_N2_B0Fmm00_PB0PCcZNC0909_B64mA1la0R0vxxxxxx_000A07fBIsc_xBCxxxXxxFgxxn_DQ02_0Sanity_MSR_550002EE,1,4,12,600,104.5,101.98,100.0,1,11
2,pat8,d1684149P0421443C_N2_B0Fmm00_PB0PCcZNC0909_B64mA1la0R0vxxxxxx_000A07fBIsc_xBCxxxXxxFgxxn_DQ02_0Sanity_MSR_550002EE,1,5,13,600,105.0,102.26,100.0,1,2
2,pat8,d1684149P0421443C_N2_B0Fmm00_PB0PCcZNC0909_B64mA1la0R0vxxxxxx_000A07fBIsc_xBCxxxXxxFgxxn_DQ02_0Sanity_MSR_550002EE,1,6,14,600,102.0,100.28,97.5,0,1
2,pat8,d1684149P0421443C_N2_B0Fmm00_PB0PCcZNC0909_B64mA1la0R0vxxxxxx_000A07fBIsc_xBCxxxXxxFgxxn_DQ02_0Sanity_MSR_550002EE,1,7,15,600,101.5,99.67,97.5,0,8
2,pat8,d1684149P0421443C_N2_B0Fmm00_PB0PCcZNC0909_B64mA1la0R0vxxxxxx_000A07fBIsc_xBCxxxXxxFgxxn_DQ02_0Sanity_MSR_550002EE,2,0,16,600,105.5,103.27,100.5,0,0
2,pat8,d1684149P0421443C_N2_B0Fmm00_PB0PCcZNC0909_B64mA1la0R0vxxxxxx_000A07fBIsc_xBCxxxXxxFgxxn_DQ02_0Sanity_MSR_550002EE,2,1,17,600,106.0,103.35,100.0,1,2
2,pat8,d1684149P0421443C_N2_B0Fmm00_PB0PCcZNC0909_B64mA1la0R0vxxxxxx_000A07fBIsc_xBCxxxXxxFgxxn_DQ02_0Sanity_MSR_550002EE,2,2,18,600,101.5,100.26,99.0,0,7
2,pat8,d1684149P0421443C_N2_B0Fmm00_PB0PCcZNC0909_B64mA1la0R0vxxxxxx_000A07fBIsc_xBCxxxXxxFgxxn_DQ02_0Sanity_MSR_550002EE,2,3,19,600,102.0,100.33,98.5,1,9
2,pat8,d1684149P0421443C_N2_B0Fmm00_PB0PCcZNC0909_B64mA1la0R0vxxxxxx_000A07fBIsc_xBCxxxXxxFgxxn_DQ02_0Sanity_MSR_550002EE,2,4,20,600,105.5,102.6,100.5,1,11
2,pat8,d1684149P0421443C_N2_B0Fmm00_PB0PCcZNC0909_B64mA1la0R0vxxxxxx_000A07fBIsc_xBCxxxXxxFgxxn_DQ02_0Sanity_MSR_550002EE,2,5,21,600,105.0,103.15,100.5,0,2
2,pat8,d1684149P0421443C_N2_B0Fmm00_PB0PCcZNC0909_B64mA1la0R0vxxxxxx_000A07fBIsc_xBCxxxXxxFgxxn_DQ02_0Sanity_MSR_550002EE,2,6,22,600,103.0,100.69,98.5,0,4
2,pat8,d1684149P0421443C_N2_B0Fmm00_PB0PCcZNC0909_B64mA1la0R0vxxxxxx_000A07fBIsc_xBCxxxXxxFgxxn_DQ02_0Sanity_MSR_550002EE,2,7,23,600,101.5,99.96,98.5,1,9
2,pat8,d1684149P0421443C_N2_B0Fmm00_PB0PCcZNC0909_B64mA1la0R0vxxxxxx_000A07fBIsc_xBCxxxXxxFgxxn_DQ02_0Sanity_MSR_550002EE,3,0,24,600,103.5,102.12,100.0,1,2
2,pat8,d1684149P0421443C_N2_B0Fmm00_PB0PCcZNC0909_B64mA1la0R0vxxxxxx_000A07fBIsc_xBCxxxXxxFgxxn_DQ02_0Sanity_MSR_550002EE,3,1,25,600,103.5,102.07,100.5,0,10
2,pat8,d1684149P0421443C_N2_B0Fmm00_PB0PCcZNC0909_B64mA1la0R0vxxxxxx_000A07fBIsc_xBCxxxXxxFgxxn_DQ02_0Sanity_MSR_550002EE,3,2,26,600,102.5,100.93,99.5,0,6
2,pat8,d1684149P0421443C_N2_B0Fmm00_PB0PCcZNC0909_B64mA1la0R0vxxxxxx_000A07fBIsc_xBCxxxXxxFgxxn_DQ02_0Sanity_MSR_550002EE,3,3,27,600,101.5,100.4,99.0,0,8
2,pat8,d1684149P0421443C_N2_B0Fmm00_PB0PCcZNC0909_B64mA1la0R0vxxxxxx_000A07fBIsc_xBCxxxXxxFgxxn_DQ02_0Sanity_MSR_550002EE,3,4,28,600,105.0,102.72,100.0,1,0
2,pat8,d1684149P0421443C_N2_B0Fmm00_PB0PCcZNC0909_B64mA1la0R0vxxxxxx_000A07fBIsc_xBCxxxXxxFgxxn_DQ02_0Sanity_MSR_550002EE,3,5,29,600,104.0,102.51,101.0,1,6
2,pat8,d1684149P0421443C_N2_B0Fmm00_PB0PCcZNC0909_B64mA1la0R0vxxxxxx_000A07fBIsc_xBCxxxXxxFgxxn_DQ02_0Sanity_MSR_550002EE,3,6,30,600,102.5,101.02,99.5,0,6
2,pat8,d1684149P0421443C_N2_B0Fmm00_PB0PCcZNC0909_B64mA1la0R0vxxxxxx_000A07fBIsc_xBCxxxXxxFgxxn_DQ02_0Sanity_MSR_550002EE,3,7,31,600,103.0,100.9,99.5,0,8
2,pat9,d1683471P0421221C_N2_B0Fmm00_PB0PCcZNC0909_B64mA1la0R0vxxxxxx_000A07fBIsc_xBCxxxXxxFgxxn_DQ02_0Sanity_ISA_550002EC,0,0,0,600,105.0,102.02,98.5,1,2
2,pat9,d1683471P0421221C_N2_B0Fmm00_PB0PCcZNC0909_B64mA1la0R0vxxxxxx_000A07fBIsc_xBCxxxXxxFgxxn_DQ02_0Sanity_ISA_550002EC,0,1,1,600,105.5,102.2,98.0,1,2
2,pat9,d1683471P0421221C_N2_B0Fmm00_PB0PCcZNC0909_B64mA1la0R0vxxxxxx_000A07fBIsc_xBCxxxXxxFgxxn_DQ02_0Sanity_ISA_550002EC,0,2,2,600,101.0,99.79,98.5,0,14
2,pat9,d1683471P0421221C_N2_B0Fmm00_PB0PCcZNC0909_B64mA1la0R0vxxxxxx_000A07fBIsc_xBCxxxXxxFgxxn_DQ02_0Sanity_ISA_550002EC,0,3,3,600,100.0,98.84,97.5,0,8
2,pat9,d1683471P0421221C_N2_B0Fmm00_PB0PCcZNC0909_B64mA1la0R0vxxxxxx_000A07fBIsc_xBCxxxXxxFgxxn_DQ02_0Sanity_ISA_550002EC,0,4,4,600,106.0,102.45,99.5,1,11
2,pat9,d1683471P0421221C_N2_B0Fmm00_PB0PCcZNC0909_B64mA1la0R0vxxxxxx_000A07fBIsc_xBCxxxXxxFgxxn_DQ02_0Sanity_ISA_550002EC,0,5,5,600,106.0,102.84,99.5,1,11
2,pat9,d1683471P0421221C_N2_B0Fmm00_PB0PCcZNC0909_B64mA1la0R0vxxxxxx_000A07fBIsc_xBCxxxXxxFgxxn_DQ02_0Sanity_ISA_550002EC,0,6,6,600,101.5,99.87,98.5,1,2
2,pat9,d1683471P0421221C_N2_B0Fmm00_PB0PCcZNC0909_B64mA1la0R0vxxxxxx_000A07fBIsc_xBCxxxXxxFgxxn_DQ02_0Sanity_ISA_550002EC,0,7,7,600,100.5,99.22,97.5,0,6
2,pat9,d1683471P0421221C_N2_B0Fmm00_PB0PCcZNC0909_B64mA1la0R0vxxxxxx_000A07fBIsc_xBCxxxXxxFgxxn_DQ02_0Sanity_ISA_550002EC,1,0,8,600,103.5,101.62,99.5,1,9
2,pat9,d1683471P0421221C_N2_B0Fmm00_PB0PCcZNC0909_B64mA1la0R0vxxxxxx_000A07fBIsc_xBCxxxXxxFgxxn_DQ02_0Sanity_ISA_550002EC,1,1,9,600,103.5,101.57,99.5,0,6
2,pat9,d1683471P0421221C_N2_B0Fmm00_PB0PCcZNC0909_B64mA1la0R0vxxxxxx_000A07fBIsc_xBCxxxXxxFgxxn_DQ02_0Sanity_ISA_550002EC,1,2,10,600,101.5,100.03,98.5,0,8
2,pat9,d1683471P0421221C_N2_B0Fmm00_PB0PCcZNC0909_B64mA1la0R0vxxxxxx_000A07fBIsc_xBCxxxXxxFgxxn_DQ02_0Sanity_ISA_550002EC,1,3,11,600,101.0,99.97,98.5,0,8
2,pat9,d1683471P0421221C_N2_B0Fmm00_PB0PCcZNC0909_B64mA1la0R0vxxxxxx_000A07fBIsc_xBCxxxXxxFgxxn_DQ02_0Sanity_ISA_550002EC,1,4,12,600,104.0,101.78,100.0,1,11
2,pat9,d1683471P0421221C_N2_B0Fmm00_PB0PCcZNC0909_B64mA1la0R0vxxxxxx_000A07fBIsc_xBCxxxXxxFgxxn_DQ02_0Sanity_ISA_550002EC,1,5,13,600,105.0,102.09,100.0,1,2
2,pat9,d1683471P0421221C_N2_B0Fmm00_PB0PCcZNC0909_B64mA1la0R0vxxxxxx_000A07fBIsc_xBCxxxXxxFgxxn_DQ02_0Sanity_ISA_550002EC,1,6,14,600,102.0,100.2,98.0,0,8
2,pat9,d1683471P0421221C_N2_B0Fmm00_PB0PCcZNC0909_B64mA1la0R0vxxxxxx_000A07fBIsc_xBCxxxXxxFgxxn_DQ02_0Sanity_ISA_550002EC,1,7,15,600,101.5,99.64,97.5,0,8
2,pat9,d1683471P0421221C_N2_B0Fmm00_PB0PCcZNC0909_B64mA1la0R0vxxxxxx_000A07fBIsc_xBCxxxXxxFgxxn_DQ02_0Sanity_ISA_550002EC,2,0,16,600,105.5,102.89,100.5,0,11
2,pat9,d1683471P0421221C_N2_B0Fmm00_PB0PCcZNC0909_B64mA1la0R0vxxxxxx_000A07fBIsc_xBCxxxXxxFgxxn_DQ02_0Sanity_ISA_550002EC,2,1,17,600,106.0,103.18,100.5,1,2
2,pat9,d1683471P0421221C_N2_B0Fmm00_PB0PCcZNC0909_B64mA1la0R0vxxxxxx_000A07fBIsc_xBCxxxXxxFgxxn_DQ02_0Sanity_ISA_550002EC,2,2,18,600,101.5,100.14,99.0,1,14
2,pat9,d1683471P0421221C_N2_B0Fmm00_PB0PCcZNC0909_B64mA1la0R0vxxxxxx_000A07fBIsc_xBCxxxXxxFgxxn_DQ02_0Sanity_ISA_550002EC,2,3,19,600,102.0,100.33,98.5,1,9
2,pat9,d1683471P0421221C_N2_B0Fmm00_PB0PCcZNC0909_B64mA1la0R0vxxxxxx_000A07fBIsc_xBCxxxXxxFgxxn_DQ02_0Sanity_ISA_550002EC,2,4,20,600,105.5,102.3,100.0,1,11
2,pat9,d1683471P0421221C_N2_B0Fmm00_PB0PCcZNC0909_B64mA1la0R0vxxxxxx_000A07fBIsc_xBCxxxXxxFgxxn_DQ02_0Sanity_ISA_550002EC,2,5,21,600,104.5,102.84,100.5,0,0
2,pat9,d1683471P0421221C_N2_B0Fmm00_PB0PCcZNC0909_B64mA1la0R0vxxxxxx_000A07fBIsc_xBCxxxXxxFgxxn_DQ02_0Sanity_ISA_550002EC,2,6,22,600,103.0,100.76,98.5,0,4
2,pat9,d1683471P0421221C_N2_B0Fmm00_PB0PCcZNC0909_B64mA1la0R0vxxxxxx_000A07fBIsc_xBCxxxXxxFgxxn_DQ02_0Sanity_ISA_550002EC,2,7,23,600,101.0,99.88,98.5,0,8
2,pat9,d1683471P0421221C_N2_B0Fmm00_PB0PCcZNC0909_B64mA1la0R0vxxxxxx_000A07fBIsc_xBCxxxXxxFgxxn_DQ02_0Sanity_ISA_550002EC,3,0,24,600,103.5,101.92,100.0,1,2
2,pat9,d1683471P0421221C_N2_B0Fmm00_PB0PCcZNC0909_B64mA1la0R0vxxxxxx_000A07fBIsc_xBCxxxXxxFgxxn_DQ02_0Sanity_ISA_550002EC,3,1,25,600,103.5,101.95,100.5,0,10
2,pat9,d1683471P0421221C_N2_B0Fmm00_PB0PCcZNC0909_B64mA1la0R0vxxxxxx_000A07fBIsc_xBCxxxXxxFgxxn_DQ02_0Sanity_ISA_550002EC,3,2,26,600,102.0,100.79,99.0,0,8
2,pat9,d1683471P0421221C_N2_B0Fmm00_PB0PCcZNC0909_B64mA1la0R0vxxxxxx_000A07fBIsc_xBCxxxXxxFgxxn_DQ02_0Sanity_ISA_550002EC,3,3,27,600,102.5,100.49,99.0,0,8
2,pat9,d1683471P0421221C_N2_B0Fmm00_PB0PCcZNC0909_B64mA1la0R0vxxxxxx_000A07fBIsc_xBCxxxXxxFgxxn_DQ02_0Sanity_ISA_550002EC,3,4,28,600,104.5,102.47,100.0,1,0
2,pat9,d1683471P0421221C_N2_B0Fmm00_PB0PCcZNC0909_B64mA1la0R0vxxxxxx_000A07fBIsc_xBCxxxXxxFgxxn_DQ02_0Sanity_ISA_550002EC,3,5,29,600,103.5,102.23,100.5,0,11
2,pat9,d1683471P0421221C_N2_B0Fmm00_PB0PCcZNC0909_B64mA1la0R0vxxxxxx_000A07fBIsc_xBCxxxXxxFgxxn_DQ02_0Sanity_ISA_550002EC,3,6,30,600,102.5,100.94,99.5,0,6
2,pat9,d1683471P0421221C_N2_B0Fmm00_PB0PCcZNC0909_B64mA1la0R0vxxxxxx_000A07fBIsc_xBCxxxXxxFgxxn_DQ02_0Sanity_ISA_550002EC,3,7,31,600,103.0,100.89,99.5,0,8
2,pat10,d1684394P0421554C_NZ_B0Fmm00_PB0PCcZNC0909_B64mA1la0R0vxxxxxx_000A07fBIsc_xBCxxxXxxFgxxn_DQ02_0Sanity_MUC_550002E8,0,0,0,600,105.5,102.06,98.5,1,2
2,pat10,d1684394P0421554C_NZ_B0Fmm00_PB0PCcZNC0909_B64mA1la0R0vxxxxxx_000A07fBIsc_xBCxxxXxxFgxxn_DQ02_0Sanity_MUC_550002E8,0,1,1,600,105.5,102.18,98.0,1,2
2,pat10,d1684394P0421554C_NZ_B0Fmm00_PB0PCcZNC0909_B64mA1la0R0vxxxxxx_000A07fBIsc_xBCxxxXxxFgxxn_DQ02_0Sanity_MUC_550002E8,0,2,2,600,101.5,99.87,98.5,0,14
2,pat10,d1684394P0421554C_NZ_B0Fmm00_PB0PCcZNC0909_B64mA1la0R0vxxxxxx_000A07fBIsc_xBCxxxXxxFgxxn_DQ02_0Sanity_MUC_550002E8,0,3,3,600,100.5,98.82,97.5,0,8
2,pat10,d1684394P0421554C_NZ_B0Fmm00_PB0PCcZNC0909_B64mA1la0R0vxxxxxx_000A07fBIsc_xBCxxxXxxFgxxn_DQ02_0Sanity_MUC_550002E8,0,4,4,600,105.5,102.3,99.5,1,11
2,pat10,d1684394P0421554C_NZ_B0Fmm00_PB0PCcZNC0909_B64mA1la0R0vxxxxxx_000A07fBIsc_xBCxxxXxxFgxxn_DQ02_0Sanity_MUC_550002E8,0,5,5,600,106.0,102.83,99.5,1,2
2,pat10,d1684394P0421554C_NZ_B0Fmm00_PB0PCcZNC0909_B64mA1la0R0vxxxxxx_000A07fBIsc_xBCxxxXxxFgxxn_DQ02_0Sanity_MUC_550002E8,0,6,6,600,101.5,99.88,98.5,1,2
2,pat10,d1684394P0421554C_NZ_B0Fmm00_PB0PCcZNC0909_B64mA1la0R0vxxxxxx_000A07fBIsc_xBCxxxXxxFgxxn_DQ02_0Sanity_MUC_550002E8,0,7,7,600,100.5,99.32,97.5,0,6
2,pat10,d1684394P0421554C_NZ_B0Fmm00_PB0PCcZNC0909_B64mA1la0R0vxxxxxx_000A07fBIsc_xBCxxxXxxFgxxn_DQ02_0Sanity_MUC_550002E8,1,0,8,600,103.5,101.67,99.5,1,9
2,pat10,d1684394P0421554C_NZ_B0Fmm00_PB0PCcZNC0909_B64mA1la0R0vxxxxxx_000A07fBIsc_xBCxxxXxxFgxxn_DQ02_0Sanity_MUC_550002E8,1,1,9,600,104.0,101.51,99.0,0,6
2,pat10,d1684394P0421554C_NZ_B0Fmm00_PB0PCcZNC0909_B64mA1la0R0vxxxxxx_000A07fBIsc_xBCxxxXxxFgxxn_DQ02_0Sanity_MUC_550002E8,1,2,10,600,101.5,99.86,98.0,0,8
2,pat10,d1684394P0421554C_NZ_B0Fmm00_PB0PCcZNC0909_B64mA1la0R0vxxxxxx_000A07fBIsc_xBCxxxXxxFgxxn_DQ02_0Sanity_MUC_550002E8,1,3,11,600,101.0,99.94,98.5,1,9
2,pat10,d1684394P0421554C_NZ_B0Fmm00_PB0PCcZNC0909_B64mA1la0R0vxxxxxx_000A07fBIsc_xBCxxxXxxFgxxn_DQ02_0Sanity_MUC_550002E8,1,4,12,600,104.5,101.72,100.0,1,11
2,pat10,d1684394P0421554C_NZ_B0Fmm00_PB0PCcZNC0909_B64mA1la0R0vxxxxxx_000A07fBIsc_xBCxxxXxxFgxxn_DQ02_0Sanity_MUC_550002E8,1,5,13,600,104.5,102.19,100.0,1,2
2,pat10,d1684394P0421554C_NZ_B0Fmm00_PB0PCcZNC0909_B64mA1la0R0vxxxxxx_000A07fBIsc_xBCxxxXxxFgxxn_DQ02_0Sanity_MUC_550002E8,1,6,14,600,102.0,100.2,97.5,0,1
2,pat10,d1684394P0421554C_NZ_B0Fmm00_PB0PCcZNC0909_B64mA1la0R0vxxxxxx_000A07fBIsc_xBCxxxXxxFgxxn_DQ02_0Sanity_MUC_550002E8,1,7,15,600,101.5,99.68,97.0,0,8
2,pat10,d1684394P0421554C_NZ_B0Fmm00_PB0PCcZNC0909_B64mA1la0R0vxxxxxx_000A07fBIsc_xBCxxxXxxFgxxn_DQ02_0Sanity_MUC_550002E8,2,0,16,600,105.5,102.87,100.0,0,11
2,pat10,d1684394P0421554C_NZ_B0Fmm00_PB0PCcZNC0909_B64mA1la0R0vxxxxxx_000A07fBIsc_xBCxxxXxxFgxxn_DQ02_0Sanity_MUC_550002E8,2,1,17,600,106.0,103.18,100.5,1,2
2,pat10,d1684394P0421554C_NZ_B0Fmm00_PB0PCcZNC0909_B64mA1la0R0vxxxxxx_000A07fBIsc_xBCxxxXxxFgxxn_DQ02_0Sanity_MUC_550002E8,2,2,18,600,101.5,100.12,99.0,0,7
2,pat10,d1684394P0421554C_NZ_B0Fmm00_PB0PCcZNC0909_B64mA1la0R0vxxxxxx_000A07fBIsc_xBCxxxXxxFgxxn_DQ02_0Sanity_MUC_550002E8,2,3,19,600,102.0,100.41,99.0,1,5
2,pat10,d1684394P0421554C_NZ_B0Fmm00_PB0PCcZNC0909_B64mA1la0R0vxxxxxx_000A07fBIsc_xBCxxxXxxFgxxn_DQ02_0Sanity_MUC_550002E8,2,4,20,600,105.5,102.35,100.0,1,11
2,pat10,d1684394P0421554C_NZ_B0Fmm00_PB0PCcZNC0909_B64mA1la0R0vxxxxxx_000A07fBIsc_xBCxxxXxxFgxxn_DQ02_0Sanity_MUC_550002E8,2,5,21,600,104.5,102.88,100.5,0,0
2,pat10,d1684394P0421554C_NZ_B0Fmm00_PB0PCcZNC0909_B64mA1la0R0vxxxxxx_000A07fBIsc_xBCxxxXxxFgxxn_DQ02_0Sanity_MUC_550002E8,2,6,22,600,103.0,100.74,98.5,0,8
2,pat10,d1684394P0421554C_NZ_B0Fmm00_PB0PCcZNC0909_B64mA1la0R0vxxxxxx_000A07fBIsc_xBCxxxXxxFgxxn_DQ02_0Sanity_MUC_550002E8,2,7,23,600,101.5,99.88,98.5,1,6
2,pat10,d1684394P0421554C_NZ_B0Fmm00_PB0PCcZNC0909_B64mA1la0R0vxxxxxx_000A07fBIsc_xBCxxxXxxFgxxn_DQ02_0Sanity_MUC_550002E8,3,0,24,600,103.5,101.93,100.0,1,11
2,pat10,d1684394P0421554C_NZ_B0Fmm00_PB0PCcZNC0909_B64mA1la0R0vxxxxxx_000A07fBIsc_xBCxxxXxxFgxxn_DQ02_0Sanity_MUC_550002E8,3,1,25,600,103.5,101.94,100.5,0,10
2,pat10,d1684394P0421554C_NZ_B0Fmm00_PB0PCcZNC0909_B64mA1la0R0vxxxxxx_000A07fBIsc_xBCxxxXxxFgxxn_DQ02_0Sanity_MUC_550002E8,3,2,26,600,102.5,100.94,99.0,0,8
2,pat10,d1684394P0421554C_NZ_B0Fmm00_PB0PCcZNC0909_B64mA1la0R0vxxxxxx_000A07fBIsc_xBCxxxXxxFgxxn_DQ02_0Sanity_MUC_550002E8,3,3,27,600,102.0,100.53,99.0,0,8
2,pat10,d1684394P0421554C_NZ_B0Fmm00_PB0PCcZNC0909_B64mA1la0R0vxxxxxx_000A07fBIsc_xBCxxxXxxFgxxn_DQ02_0Sanity_MUC_550002E8,3,4,28,600,104.5,102.52,100.0,1,0
2,pat10,d1684394P0421554C_NZ_B0Fmm00_PB0PCcZNC0909_B64mA1la0R0vxxxxxx_000A07fBIsc_xBCxxxXxxFgxxn_DQ02_0Sanity_MUC_550002E8,3,5,29,600,104.0,102.32,101.0,1,6
2,pat10,d1684394P0421554C_NZ_B0Fmm00_PB0PCcZNC0909_B64mA1la0R0vxxxxxx_000A07fBIsc_xBCxxxXxxFgxxn_DQ02_0Sanity_MUC_550002E8,3,6,30,600,103.0,101.08,99.5,0,6
2,pat10,d1684394P0421554C_NZ_B0Fmm00_PB0PCcZNC0909_B64mA1la0R0vxxxxxx_000A07fBIsc_xBCxxxXxxFgxxn_DQ02_0Sanity_MUC_550002E8,3,7,31,600,103.0,100.84,99.0,0,8
2,pat11,d1700360P0421919C_RJ_B0Fmm00_PB0PCcZNC0909_B64mA1la0R0vxxxxxx_000A07fBIsc_xBCxxxXxxFgxxn_DQ02_Blender_Z1J_55100063,0,0,0,600,108.0,103.4,99.0,1,11
2,pat11,d1700360P0421919C_RJ_B0Fmm00_PB0PCcZNC0909_B64mA1la0R0vxxxxxx_000A07fBIsc_xBCxxxXxxFgxxn_DQ02_Blender_Z1J_55100063,0,1,1,600,109.0,103.81,100.0,1,11
2,pat11,d1700360P0421919C_RJ_B0Fmm00_PB0PCcZNC0909_B64mA1la0R0vxxxxxx_000A07fBIsc_xBCxxxXxxFgxxn_DQ02_Blender_Z1J_55100063,0,2,2,600,101.0,100.01,99.0,0,14
2,pat11,d1700360P0421919C_RJ_B0Fmm00_PB0PCcZNC0909_B64mA1la0R0vxxxxxx_000A07fBIsc_xBCxxxXxxFgxxn_DQ02_Blender_Z1J_55100063,0,3,3,600,100.5,98.91,97.5,0,8
2,pat11,d1700360P0421919C_RJ_B0Fmm00_PB0PCcZNC0909_B64mA1la0R0vxxxxxx_000A07fBIsc_xBCxxxXxxFgxxn_DQ02_Blender_Z1J_55100063,0,4,4,600,109.0,103.66,99.5,1,11
2,pat11,d1700360P0421919C_RJ_B0Fmm00_PB0PCcZNC0909_B64mA1la0R0vxxxxxx_000A07fBIsc_xBCxxxXxxFgxxn_DQ02_Blender_Z1J_55100063,0,5,5,600,109.0,104.54,100.5,1,2
2,pat11,d1700360P0421919C_RJ_B0Fmm00_PB0PCcZNC0909_B64mA1la0R0vxxxxxx_000A07fBIsc_xBCxxxXxxFgxxn_DQ02_Blender_Z1J_55100063,0,6,6,600,101.5,100.0,98.5,1,2
2,pat11,d1700360P0421919C_RJ_B0Fmm00_PB0PCcZNC0909_B64mA1la0R0vxxxxxx_000A07fBIsc_xBCxxxXxxFgxxn_DQ02_Blender_Z1J_55100063,0,7,7,600,100.5,99.41,98.0,1,8
2,pat11,d1700360P0421919C_RJ_B0Fmm00_PB0PCcZNC0909_B64mA1la0R0vxxxxxx_000A07fBIsc_xBCxxxXxxFgxxn_DQ02_Blender_Z1J_55100063,1,0,8,600,106.0,102.96,100.0,1,9
2,pat11,d1700360P0421919C_RJ_B0Fmm00_PB0PCcZNC0909_B64mA1la0R0vxxxxxx_000A07fBIsc_xBCxxxXxxFgxxn_DQ02_Blender_Z1J_55100063,1,1,9,600,105.0,102.64,99.5,0,2
2,pat11,d1700360P0421919C_RJ_B0Fmm00_PB0PCcZNC0909_B64mA1la0R0vxxxxxx_000A07fBIsc_xBCxxxXxxFgxxn_DQ02_Blender_Z1J_55100063,1,2,10,600,101.5,100.13,98.0,0,8
2,pat11,d1700360P0421919C_RJ_B0Fmm00_PB0PCcZNC0909_B64mA1la0R0vxxxxxx_000A07fBIsc_xBCxxxXxxFgxxn_DQ02_Blender_Z1J_55100063,1,3,11,600,101.5,100.09,98.5,0,8
2,pat11,d1700360P0421919C_RJ_B0Fmm00_PB0PCcZNC0909_B64mA1la0R0vxxxxxx_000A07fBIsc_xBCxxxXxxFgxxn_DQ02_Blender_Z1J_55100063,1,4,12,600,105.5,102.91,100.0,1,2
2,pat11,d1700360P0421919C_RJ_B0Fmm00_PB0PCcZNC0909_B64mA1la0R0vxxxxxx_000A07fBIsc_xBCxxxXxxFgxxn_DQ02_Blender_Z1J_55100063,1,5,13,600,106.5,103.49,100.0,1,2
2,pat11,d1700360P0421919C_RJ_B0Fmm00_PB0PCcZNC0909_B64mA1la0R0vxxxxxx_000A07fBIsc_xBCxxxXxxFgxxn_DQ02_Blender_Z1J_55100063,1,6,14,600,102.0,100.45,97.5,0,1
2,pat11,d1700360P0421919C_RJ_B0Fmm00_PB0PCcZNC0909_B64mA1la0R0vxxxxxx_000A07fBIsc_xBCxxxXxxFgxxn_DQ02_Blender_Z1J_55100063,1,7,15,600,102.0,99.78,97.5,0,8
2,pat11,d1700360P0421919C_RJ_B0Fmm00_PB0PCcZNC0909_B64mA1la0R0vxxxxxx_000A07fBIsc_xBCxxxXxxFgxxn_DQ02_Blender_Z1J_55100063,2,0,16,600,107.5,104.42,100.5,1,11
2,pat11,d1700360P0421919C_RJ_B0Fmm00_PB0PCcZNC0909_B64mA1la0R0vxxxxxx_000A07fBIsc_xBCxxxXxxFgxxn_DQ02_Blender_Z1J_55100063,2,1,17,600,108.5,104.57,101.0,1,11
2,pat11,d1700360P0421919C_RJ_B0Fmm00_PB0PCcZNC0909_B64mA1la0R0vxxxxxx_000A07fBIsc_xBCxxxXxxFgxxn_DQ02_Blender_Z1J_55100063,2,2,18,600,101.5,100.34,99.0,0,7
2,pat11,d1700360P0421919C_RJ_B0Fmm00_PB0PCcZNC0909_B64mA1la0R0vxxxxxx_000A07fBIsc_xBCxxxXxxFgxxn_DQ02_Blender_Z1J_55100063,2,3,19,600,102.0,100.39,99.0,1,9
2,pat11,d1700360P0421919C_RJ_B0Fmm00_PB0PCcZNC0909_B64mA1la0R0vxxxxxx_000A07fBIsc_xBCxxxXxxFgxxn_DQ02_Blender_Z1J_55100063,2,4,20,600,108.0,103.4,100.5,1,11
2,pat11,d1700360P0421919C_RJ_B0Fmm00_PB0PCcZNC0909_B64mA1la0R0vxxxxxx_000A07fBIsc_xBCxxxXxxFgxxn_DQ02_Blender_Z1J_55100063,2,5,21,600,107.0,104.09,101.0,1,11
2,pat11,d1700360P0421919C_RJ_B0Fmm00_PB0PCcZNC0909_B64mA1la0R0vxxxxxx_000A07fBIsc_xBCxxxXxxFgxxn_DQ02_Blender_Z1J_55100063,2,6,22,600,103.0,100.88,99.0,0,4
2,pat11,d1700360P0421919C_RJ_B0Fmm00_PB0PCcZNC0909_B64mA1la0R0vxxxxxx_000A07fBIsc_xBCxxxXxxFgxxn_DQ02_Blender_Z1J_55100063,2,7,23,600,101.5,99.97,98.5,1,6
2,pat11,d1700360P0421919C_RJ_B0Fmm00_PB0PCcZNC0909_B64mA1la0R0vxxxxxx_000A07fBIsc_xBCxxxXxxFgxxn_DQ02_Blender_Z1J_55100063,3,0,24,600,105.0,102.97,100.5,1,9
2,pat11,d1700360P0421919C_RJ_B0Fmm00_PB0PCcZNC0909_B64mA1la0R0vxxxxxx_000A07fBIsc_xBCxxxXxxFgxxn_DQ02_Blender_Z1J_55100063,3,1,25,600,104.5,102.74,100.5,1,11
2,pat11,d1700360P0421919C_RJ_B0Fmm00_PB0PCcZNC0909_B64mA1la0R0vxxxxxx_000A07fBIsc_xBCxxxXxxFgxxn_DQ02_Blender_Z1J_55100063,3,2,26,600,103.0,101.0,99.0,0,14
2,pat11,d1700360P0421919C_RJ_B0Fmm00_PB0PCcZNC0909_B64mA1la0R0vxxxxxx_000A07fBIsc_xBCxxxXxxFgxxn_DQ02_Blender_Z1J_55100063,3,3,27,600,102.0,100.64,99.0,0,8
2,pat11,d1700360P0421919C_RJ_B0Fmm00_PB0PCcZNC0909_B64mA1la0R0vxxxxxx_000A07fBIsc_xBCxxxXxxFgxxn_DQ02_Blender_Z1J_55100063,3,4,28,600,107.5,103.68,100.0,1,9
2,pat11,d1700360P0421919C_RJ_B0Fmm00_PB0PCcZNC0909_B64mA1la0R0vxxxxxx_000A07fBIsc_xBCxxxXxxFgxxn_DQ02_Blender_Z1J_55100063,3,5,29,600,106.0,103.27,101.0,1,11
2,pat11,d1700360P0421919C_RJ_B0Fmm00_PB0PCcZNC0909_B64mA1la0R0vxxxxxx_000A07fBIsc_xBCxxxXxxFgxxn_DQ02_Blender_Z1J_55100063,3,6,30,600,102.5,101.17,99.5,0,5
2,pat11,d1700360P0421919C_RJ_B0Fmm00_PB0PCcZNC0909_B64mA1la0R0vxxxxxx_000A07fBIsc_xBCxxxXxxFgxxn_DQ02_Blender_Z1J_55100063,3,7,31,600,103.0,100.8,99.0,0,8
2,pat12,d1683148P0421047C_RL_B0Fmm00_PB0PCcZNC0909_B64mA1la0R0vxxxxxx_000A07fBIsc_xBCxxxXxxFgxxn_DQ02_Blender_Z1J_5500007B,0,0,0,600,107.5,103.08,98.5,1,11
2,pat12,d1683148P0421047C_RL_B0Fmm00_PB0PCcZNC0909_B64mA1la0R0vxxxxxx_000A07fBIsc_xBCxxxXxxFgxxn_DQ02_Blender_Z1J_5500007B,0,1,1,600,108.0,103.43,100.0,1,11
2,pat12,d1683148P0421047C_RL_B0Fmm00_PB0PCcZNC0909_B64mA1la0R0vxxxxxx_000A07fBIsc_xBCxxxXxxFgxxn_DQ02_Blender_Z1J_5500007B,0,2,2,600,101.0,99.93,99.0,0,14
2,pat12,d1683148P0421047C_RL_B0Fmm00_PB0PCcZNC0909_B64mA1la0R0vxxxxxx_000A07fBIsc_xBCxxxXxxFgxxn_DQ02_Blender_Z1J_5500007B,0,3,3,600,100.5,98.73,97.5,0,8
2,pat12,d1683148P0421047C_RL_B0Fmm00_PB0PCcZNC0909_B64mA1la0R0vxxxxxx_000A07fBIsc_xBCxxxXxxFgxxn_DQ02_Blender_Z1J_5500007B,0,4,4,600,108.5,103.3,99.5,1,11
2,pat12,d1683148P0421047C_RL_B0Fmm00_PB0PCcZNC0909_B64mA1la0R0vxxxxxx_000A07fBIsc_xBCxxxXxxFgxxn_DQ02_Blender_Z1J_5500007B,0,5,5,600,108.5,104.28,100.5,1,2
2,pat12,d1683148P0421047C_RL_B0Fmm00_PB0PCcZNC0909_B64mA1la0R0vxxxxxx_000A07fBIsc_xBCxxxXxxFgxxn_DQ02_Blender_Z1J_5500007B,0,6,6,600,101.5,99.96,98.5,1,2
2,pat12,d1683148P0421047C_RL_B0Fmm00_PB0PCcZNC0909_B64mA1la0R0vxxxxxx_000A07fBIsc_xBCxxxXxxFgxxn_DQ02_Blender_Z1J_5500007B,0,7,7,600,100.5,99.31,98.0,0,6
2,pat12,d1683148P0421047C_RL_B0Fmm00_PB0PCcZNC0909_B64mA1la0R0vxxxxxx_000A07fBIsc_xBCxxxXxxFgxxn_DQ02_Blender_Z1J_5500007B,1,0,8,600,105.5,102.63,100.0,1,11
2,pat12,d1683148P0421047C_RL_B0Fmm00_PB0PCcZNC0909_B64mA1la0R0vxxxxxx_000A07fBIsc_xBCxxxXxxFgxxn_DQ02_Blender_Z1J_5500007B,1,1,9,600,105.0,102.33,99.5,0,13
2,pat12,d1683148P0421047C_RL_B0Fmm00_PB0PCcZNC0909_B64mA1la0R0vxxxxxx_000A07fBIsc_xBCxxxXxxFgxxn_DQ02_Blender_Z1J_5500007B,1,2,10,600,101.5,100.11,98.0,0,8
2,pat12,d1683148P0421047C_RL_B0Fmm00_PB0PCcZNC0909_B64mA1la0R0vxxxxxx_000A07fBIsc_xBCxxxXxxFgxxn_DQ02_Blender_Z1J_5500007B,1,3,11,600,101.5,100.07,98.5,0,8
2,pat12,d1683148P0421047C_RL_B0Fmm00_PB0PCcZNC0909_B64mA1la0R0vxxxxxx_000A07fBIsc_xBCxxxXxxFgxxn_DQ02_Blender_Z1J_5500007B,1,4,12,600,105.5,102.66,100.0,1,11
2,pat12,d1683148P0421047C_RL_B0Fmm00_PB0PCcZNC0909_B64mA1la0R0vxxxxxx_000A07fBIsc_xBCxxxXxxFgxxn_DQ02_Blender_Z1J_5500007B,1,5,13,600,106.0,103.17,100.0,1,2
2,pat12,d1683148P0421047C_RL_B0Fmm00_PB0PCcZNC0909_B64mA1la0R0vxxxxxx_000A07fBIsc_xBCxxxXxxFgxxn_DQ02_Blender_Z1J_5500007B,1,6,14,600,102.0,100.36,97.5,0,8
2,pat12,d1683148P0421047C_RL_B0Fmm00_PB0PCcZNC0909_B64mA1la0R0vxxxxxx_000A07fBIsc_xBCxxxXxxFgxxn_DQ02_Blender_Z1J_5500007B,1,7,15,600,101.5,99.7,97.5,0,8
2,pat12,d1683148P0421047C_RL_B0Fmm00_PB0PCcZNC0909_B64mA1la0R0vxxxxxx_000A07fBIsc_xBCxxxXxxFgxxn_DQ02_Blender_Z1J_5500007B,2,0,16,600,107.0,104.15,100.5,1,11
2,pat12,d1683148P0421047C_RL_B0Fmm00_PB0PCcZNC0909_B64mA1la0R0vxxxxxx_000A07fBIsc_xBCxxxXxxFgxxn_DQ02_Blender_Z1J_5500007B,2,1,17,600,107.5,104.17,100.5,1,2
2,pat12,d1683148P0421047C_RL_B0Fmm00_PB0PCcZNC0909_B64mA1la0R0vxxxxxx_000A07fBIsc_xBCxxxXxxFgxxn_DQ02_Blender_Z1J_5500007B,2,2,18,600,102.0,100.43,99.0,1,14
2,pat12,d1683148P0421047C_RL_B0Fmm00_PB0PCcZNC0909_B64mA1la0R0vxxxxxx_000A07fBIsc_xBCxxxXxxFgxxn_DQ02_Blender_Z1J_5500007B,2,3,19,600,102.0,100.34,99.0,1,9
2,pat12,d1683148P0421047C_RL_B0Fmm00_PB0PCcZNC0909_B64mA1la0R0vxxxxxx_000A07fBIsc_xBCxxxXxxFgxxn_DQ02_Blender_Z1J_5500007B,2,4,20,600,108.0,103.17,101.0,1,11
2,pat12,d1683148P0421047C_RL_B0Fmm00_PB0PCcZNC0909_B64mA1la0R0vxxxxxx_000A07fBIsc_xBCxxxXxxFgxxn_DQ02_Blender_Z1J_5500007B,2,5,21,600,106.0,103.75,101.0,0,2
2,pat12,d1683148P0421047C_RL_B0Fmm00_PB0PCcZNC0909_B64mA1la0R0vxxxxxx_000A07fBIsc_xBCxxxXxxFgxxn_DQ02_Blender_Z1J_5500007B,2,6,22,600,103.0,100.85,99.0,0,8
2,pat12,d1683148P0421047C_RL_B0Fmm00_PB0PCcZNC0909_B64mA1la0R0vxxxxxx_000A07fBIsc_xBCxxxXxxFgxxn_DQ02_Blender_Z1J_5500007B,2,7,23,600,101.5,99.97,98.5,1,6
2,pat12,d1683148P0421047C_RL_B0Fmm00_PB0PCcZNC0909_B64mA1la0R0vxxxxxx_000A07fBIsc_xBCxxxXxxFgxxn_DQ02_Blender_Z1J_5500007B,3,0,24,600,104.5,102.72,100.5,1,2
2,pat12,d1683148P0421047C_RL_B0Fmm00_PB0PCcZNC0909_B64mA1la0R0vxxxxxx_000A07fBIsc_xBCxxxXxxFgxxn_DQ02_Blender_Z1J_5500007B,3,1,25,600,104.0,102.53,100.5,1,11
2,pat12,d1683148P0421047C_RL_B0Fmm00_PB0PCcZNC0909_B64mA1la0R0vxxxxxx_000A07fBIsc_xBCxxxXxxFgxxn_DQ02_Blender_Z1J_5500007B,3,2,26,600,102.5,101.01,99.5,0,8
2,pat12,d1683148P0421047C_RL_B0Fmm00_PB0PCcZNC0909_B64mA1la0R0vxxxxxx_000A07fBIsc_xBCxxxXxxFgxxn_DQ02_Blender_Z1J_5500007B,3,3,27,600,102.0,100.62,99.0,0,8
2,pat12,d1683148P0421047C_RL_B0Fmm00_PB0PCcZNC0909_B64mA1la0R0vxxxxxx_000A07fBIsc_xBCxxxXxxFgxxn_DQ02_Blender_Z1J_5500007B,3,4,28,600,107.0,103.38,100.0,1,11
2,pat12,d1683148P0421047C_RL_B0Fmm00_PB0PCcZNC0909_B64mA1la0R0vxxxxxx_000A07fBIsc_xBCxxxXxxFgxxn_DQ02_Blender_Z1J_5500007B,3,5,29,600,104.5,103.0,101.0,1,2
2,pat12,d1683148P0421047C_RL_B0Fmm00_PB0PCcZNC0909_B64mA1la0R0vxxxxxx_000A07fBIsc_xBCxxxXxxFgxxn_DQ02_Blender_Z1J_5500007B,3,6,30,600,102.5,101.11,99.5,0,5
2,pat12,d1683148P0421047C_RL_B0Fmm00_PB0PCcZNC0909_B64mA1la0R0vxxxxxx_000A07fBIsc_xBCxxxXxxFgxxn_DQ02_Blender_Z1J_5500007B,3,7,31,600,103.0,100.88,99.5,0,8
2,pat13,d1684185P0421417C_RI_B0Fmm00_PB0PCcZNC0909_B64mA1la0R0vxxxxxx_000A07fBIsc_xBCxxxXxxFgxxn_DQ02_Frenzy_X_550001E4,0,0,0,600,108.0,103.4,99.0,1,2
2,pat13,d1684185P0421417C_RI_B0Fmm00_PB0PCcZNC0909_B64mA1la0R0vxxxxxx_000A07fBIsc_xBCxxxXxxFgxxn_DQ02_Frenzy_X_550001E4,0,1,1,600,109.0,103.81,100.0,1,11
2,pat13,d1684185P0421417C_RI_B0Fmm00_PB0PCcZNC0909_B64mA1la0R0vxxxxxx_000A07fBIsc_xBCxxxXxxFgxxn_DQ02_Frenzy_X_550001E4,0,2,2,600,101.0,100.12,99.0,0,14
2,pat13,d1684185P0421417C_RI_B0Fmm00_PB0PCcZNC0909_B64mA1la0R0vxxxxxx_000A07fBIsc_xBCxxxXxxFgxxn_DQ02_Frenzy_X_550001E4,0,3,3,600,100.5,98.92,97.5,0,8
2,pat13,d1684185P0421417C_RI_B0Fmm00_PB0PCcZNC0909_B64mA1la0R0vxxxxxx_000A07fBIsc_xBCxxxXxxFgxxn_DQ02_Frenzy_X_550001E4,0,4,4,600,109.0,103.63,100.0,1,11
2,pat13,d1684185P0421417C_RI_B0Fmm00_PB0PCcZNC0909_B64mA1la0R0vxxxxxx_000A07fBIsc_xBCxxxXxxFgxxn_DQ02_Frenzy_X_550001E4,0,5,5,600,109.0,104.61,100.5,1,2
2,pat13,d1684185P0421417C_RI_B0Fmm00_PB0PCcZNC0909_B64mA1la0R0vxxxxxx_000A07fBIsc_xBCxxxXxxFgxxn_DQ02_Frenzy_X_550001E4,0,6,6,600,102.0,100.07,98.5,1,2
2,pat13,d1684185P0421417C_RI_B0Fmm00_PB0PCcZNC0909_B64mA1la0R0vxxxxxx_000A07fBIsc_xBCxxxXxxFgxxn_DQ02_Frenzy_X_550001E4,0,7,7,600,100.5,99.47,98.0,0,6
2,pat13,d1684185P0421417C_RI_B0Fmm00_PB0PCcZNC0909_B64mA1la0R0vxxxxxx_000A07fBIsc_xBCxxxXxxFgxxn_DQ02_Frenzy_X_550001E4,1,0,8,600,105.5,103.12,100.5,1,11
2,pat13,d1684185P0421417C_RI_B0Fmm00_PB0PCcZNC0909_B64mA1la0R0vxxxxxx_000A07fBIsc_xBCxxxXxxFgxxn_DQ02_Frenzy_X_550001E4,1,1,9,600,105.5,102.61,99.5,0,2
2,pat13,d1684185P0421417C_RI_B0Fmm00_PB0PCcZNC0909_B64mA1la0R0vxxxxxx_000A07fBIsc_xBCxxxXxxFgxxn_DQ02_Frenzy_X_550001E4,1,2,10,600,101.5,100.11,98.5,0,8
2,pat13,d1684185P0421417C_RI_B0Fmm00_PB0PCcZNC0909_B64mA1la0R0vxxxxxx_000A07fBIsc_xBCxxxXxxFgxxn_DQ02_Frenzy_X_550001E4,1,3,11,600,101.5,100.18,98.5,0,8
2,pat13,d1684185P0421417C_RI_B0Fmm00_PB0PCcZNC0909_B64mA1la0R0vxxxxxx_000A07fBIsc_xBCxxxXxxFgxxn_DQ02_Frenzy_X_550001E4,1,4,12,600,106.0,102.95,100.5,1,11
2,pat13,d1684185P0421417C_RI_B0Fmm00_PB0PCcZNC0909_B64mA1la0R0vxxxxxx_000A07fBIsc_xBCxxxXxxFgxxn_DQ02_Frenzy_X_550001E4,1,5,13,600,106.5,103.34,100.0,1,2
2,pat13,d1684185P0421417C_RI_B0Fmm00_PB0PCcZNC0909_B64mA1la0R0vxxxxxx_000A07fBIsc_xBCxxxXxxFgxxn_DQ02_Frenzy_X_550001E4,1,6,14,600,102.5,100.56,98.0,0,1
2,pat13,d1684185P0421417C_RI_B0Fmm00_PB0PCcZNC0909_B64mA1la0R0vxxxxxx_000A07fBIsc_xBCxxxXxxFgxxn_DQ02_Frenzy_X_550001E4,1,7,15,600,101.5,99.87,97.5,0,8
2,pat13,d1684185P0421417C_RI_B0Fmm00_PB0PCcZNC0909_B64mA1la0R0vxxxxxx_000A07fBIsc_xBCxxxXxxFgxxn_DQ02_Frenzy_X_550001E4,2,0,16,600,107.0,104.33,100.5,1,11
2,pat13,d1684185P0421417C_RI_B0Fmm00_PB0PCcZNC0909_B64mA1la0R0vxxxxxx_000A07fBIsc_xBCxxxXxxFgxxn_DQ02_Frenzy_X_550001E4,2,1,17,600,108.5,104.46,101.0,1,11
2,pat13,d1684185P0421417C_RI_B0Fmm00_PB0PCcZNC0909_B64mA1la0R0vxxxxxx_000A07fBIsc_xBCxxxXxxFgxxn_DQ02_Frenzy_X_550001E4,2,2,18,600,102.0,100.48,99.0,1,14
2,pat13,d1684185P0421417C_RI_B0Fmm00_PB0PCcZNC0909_B64mA1la0R0vxxxxxx_000A07fBIsc_xBCxxxXxxFgxxn_DQ02_Frenzy_X_550001E4,2,3,19,600,102.0,100.51,99.0,1,11
2,pat13,d1684185P0421417C_RI_B0Fmm00_PB0PCcZNC0909_B64mA1la0R0vxxxxxx_000A07fBIsc_xBCxxxXxxFgxxn_DQ02_Frenzy_X_550001E4,2,4,20,600,108.5,103.46,101.0,1,11
2,pat13,d1684185P0421417C_RI_B0Fmm00_PB0PCcZNC0909_B64mA1la0R0vxxxxxx_000A07fBIsc_xBCxxxXxxFgxxn_DQ02_Frenzy_X_550001E4,2,5,21,600,106.5,104.06,101.5,0,2
2,pat13,d1684185P0421417C_RI_B0Fmm00_PB0PCcZNC0909_B64mA1la0R0vxxxxxx_000A07fBIsc_xBCxxxXxxFgxxn_DQ02_Frenzy_X_550001E4,2,6,22,600,103.0,100.96,99.0,0,4
2,pat13,d1684185P0421417C_RI_B0Fmm00_PB0PCcZNC0909_B64mA1la0R0vxxxxxx_000A07fBIsc_xBCxxxXxxFgxxn_DQ02_Frenzy_X_550001E4,2,7,23,600,101.5,100.02,98.5,1,6
2,pat13,d1684185P0421417C_RI_B0Fmm00_PB0PCcZNC0909_B64mA1la0R0vxxxxxx_000A07fBIsc_xBCxxxXxxFgxxn_DQ02_Frenzy_X_550001E4,3,0,24,600,105.0,102.95,100.5,1,11
2,pat13,d1684185P0421417C_RI_B0Fmm00_PB0PCcZNC0909_B64mA1la0R0vxxxxxx_000A07fBIsc_xBCxxxXxxFgxxn_DQ02_Frenzy_X_550001E4,3,1,25,600,104.5,102.69,100.5,1,11
2,pat13,d1684185P0421417C_RI_B0Fmm00_PB0PCcZNC0909_B64mA1la0R0vxxxxxx_000A07fBIsc_xBCxxxXxxFgxxn_DQ02_Frenzy_X_550001E4,3,2,26,600,102.5,101.13,99.5,0,8
2,pat13,d1684185P0421417C_RI_B0Fmm00_PB0PCcZNC0909_B64mA1la0R0vxxxxxx_000A07fBIsc_xBCxxxXxxFgxxn_DQ02_Frenzy_X_550001E4,3,3,27,600,102.0,100.69,99.5,0,8
2,pat13,d1684185P0421417C_RI_B0Fmm00_PB0PCcZNC0909_B64mA1la0R0vxxxxxx_000A07fBIsc_xBCxxxXxxFgxxn_DQ02_Frenzy_X_550001E4,3,4,28,600,107.5,103.76,100.5,1,11
2,pat13,d1684185P0421417C_RI_B0Fmm00_PB0PCcZNC0909_B64mA1la0R0vxxxxxx_000A07fBIsc_xBCxxxXxxFgxxn_DQ02_Frenzy_X_550001E4,3,5,29,600,105.0,103.19,101.0,1,11
2,pat13,d1684185P0421417C_RI_B0Fmm00_PB0PCcZNC0909_B64mA1la0R0vxxxxxx_000A07fBIsc_xBCxxxXxxFgxxn_DQ02_Frenzy_X_550001E4,3,6,30,600,103.0,101.19,99.5,0,6
2,pat13,d1684185P0421417C_RI_B0Fmm00_PB0PCcZNC0909_B64mA1la0R0vxxxxxx_000A07fBIsc_xBCxxxXxxFgxxn_DQ02_Frenzy_X_550001E4,3,7,31,600,103.0,100.9,99.0,0,8
2,pat14,d1684474P0421551C_RL_B0Fmm00_PB0PCcZNC0909_B64mA1la0R0vxxxxxx_000A07fBIsc_xBCxxxXxxFgxxn_DQ02_LeekSpin_Y_550002A6,0,0,0,600,108.0,103.29,98.5,1,11
2,pat14,d1684474P0421551C_RL_B0Fmm00_PB0PCcZNC0909_B64mA1la0R0vxxxxxx_000A07fBIsc_xBCxxxXxxFgxxn_DQ02_LeekSpin_Y_550002A6,0,1,1,600,109.5,103.71,99.5,1,11
2,pat14,d1684474P0421551C_RL_B0Fmm00_PB0PCcZNC0909_B64mA1la0R0vxxxxxx_000A07fBIsc_xBCxxxXxxFgxxn_DQ02_LeekSpin_Y_550002A6,0,2,2,600,101.0,99.91,98.5,0,14
2,pat14,d1684474P0421551C_RL_B0Fmm00_PB0PCcZNC0909_B64mA1la0R0vxxxxxx_000A07fBIsc_xBCxxxXxxFgxxn_DQ02_LeekSpin_Y_550002A6,0,3,3,600,100.5,98.88,97.5,0,8
2,pat14,d1684474P0421551C_RL_B0Fmm00_PB0PCcZNC0909_B64mA1la0R0vxxxxxx_000A07fBIsc_xBCxxxXxxFgxxn_DQ02_LeekSpin_Y_550002A6,0,4,4,600,109.0,103.59,99.5,1,11
2,pat14,d1684474P0421551C_RL_B0Fmm00_PB0PCcZNC0909_B64mA1la0R0vxxxxxx_000A07fBIsc_xBCxxxXxxFgxxn_DQ02_LeekSpin_Y_550002A6,0,5,5,600,109.5,104.49,100.5,1,11
2,pat14,d1684474P0421551C_RL_B0Fmm00_PB0PCcZNC0909_B64mA1la0R0vxxxxxx_000A07fBIsc_xBCxxxXxxFgxxn_DQ02_LeekSpin_Y_550002A6,0,6,6,600,101.5,99.95,98.5,0,8
2,pat14,d1684474P0421551C_RL_B0Fmm00_PB0PCcZNC0909_B64mA1la0R0vxxxxxx_000A07fBIsc_xBCxxxXxxFgxxn_DQ02_LeekSpin_Y_550002A6,0,7,7,600,100.5,99.33,98.0,0,6
2,pat14,d1684474P0421551C_RL_B0Fmm00_PB0PCcZNC0909_B64mA1la0R0vxxxxxx_000A07fBIsc_xBCxxxXxxFgxxn_DQ02_LeekSpin_Y_550002A6,1,0,8,600,106.0,102.97,100.0,1,11
2,pat14,d1684474P0421551C_RL_B0Fmm00_PB0PCcZNC0909_B64mA1la0R0vxxxxxx_000A07fBIsc_xBCxxxXxxFgxxn_DQ02_LeekSpin_Y_550002A6,1,1,9,600,105.5,102.7,99.5,0,2
2,pat14,d1684474P0421551C_RL_B0Fmm00_PB0PCcZNC0909_B64mA1la0R0vxxxxxx_000A07fBIsc_xBCxxxXxxFgxxn_DQ02_LeekSpin_Y_550002A6,1,2,10,600,101.0,99.89,98.5,1,7
2,pat14,d1684474P0421551C_RL_B0Fmm00_PB0PCcZNC0909_B64mA1la0R0vxxxxxx_000A07fBIsc_xBCxxxXxxFgxxn_DQ02_LeekSpin_Y_550002A6,1,3,11,600,101.5,100.05,98.5,0,8
2,pat14,d1684474P0421551C_RL_B0Fmm00_PB0PCcZNC0909_B64mA1la0R0vxxxxxx_000A07fBIsc_xBCxxxXxxFgxxn_DQ02_LeekSpin_Y_550002A6,1,4,12,600,106.5,102.91,100.0,0,11
2,pat14,d1684474P0421551C_RL_B0Fmm00_PB0PCcZNC0909_B64mA1la0R0vxxxxxx_000A07fBIsc_xBCxxxXxxFgxxn_DQ02_LeekSpin_Y_550002A6,1,5,13,600,106.5,103.3,100.0,1,2
2,pat14,d1684474P0421551C_RL_B0Fmm00_PB0PCcZNC0909_B64mA1la0R0vxxxxxx_000A07fBIsc_xBCxxxXxxFgxxn_DQ02_LeekSpin_Y_550002A6,1,6,14,600,102.0,100.47,98.0,1,8
2,pat14,d1684474P0421551C_RL_B0Fmm00_PB0PCcZNC0909_B64mA1la0R0vxxxxxx_000A07fBIsc_xBCxxxXxxFgxxn_DQ02_LeekSpin_Y_550002A6,1,7,15,600,101.5,99.69,97.0,0,8
2,pat14,d1684474P0421551C_RL_B0Fmm00_PB0PCcZNC0909_B64mA1la0R0vxxxxxx_000A07fBIsc_xBCxxxXxxFgxxn_DQ02_LeekSpin_Y_550002A6,2,0,16,600,107.5,104.26,100.5,1,11
2,pat14,d1684474P0421551C_RL_B0Fmm00_PB0PCcZNC0909_B64mA1la0R0vxxxxxx_000A07fBIsc_xBCxxxXxxFgxxn_DQ02_LeekSpin_Y_550002A6,2,1,17,600,108.5,104.36,100.5,1,2
2,pat14,d1684474P0421551C_RL_B0Fmm00_PB0PCcZNC0909_B64mA1la0R0vxxxxxx_000A07fBIsc_xBCxxxXxxFgxxn_DQ02_LeekSpin_Y_550002A6,2,2,18,600,102.0,100.39,99.0,0,7
2,pat14,d1684474P0421551C_RL_B0Fmm00_PB0PCcZNC0909_B64mA1la0R0vxxxxxx_000A07fBIsc_xBCxxxXxxFgxxn_DQ02_LeekSpin_Y_550002A6,2,3,19,600,102.0,100.43,99.0,1,5
2,pat14,d1684474P0421551C_RL_B0Fmm00_PB0PCcZNC0909_B64mA1la0R0vxxxxxx_000A07fBIsc_xBCxxxXxxFgxxn_DQ02_LeekSpin_Y_550002A6,2,4,20,600,109.0,103.49,100.5,1,11
2,pat14,d1684474P0421551C_RL_B0Fmm00_PB0PCcZNC0909_B64mA1la0R0vxxxxxx_000A07fBIsc_xBCxxxXxxFgxxn_DQ02_LeekSpin_Y_550002A6,2,5,21,600,107.0,103.96,101.0,1,11
2,pat14,d1684474P0421551C_RL_B0Fmm00_PB0PCcZNC0909_B64mA1la0R0vxxxxxx_000A07fBIsc_xBCxxxXxxFgxxn_DQ02_LeekSpin_Y_550002A6,2,6,22,600,103.0,100.84,99.0,0,4
2,pat14,d1684474P0421551C_RL_B0Fmm00_PB0PCcZNC0909_B64mA1la0R0vxxxxxx_000A07fBIsc_xBCxxxXxxFgxxn_DQ02_LeekSpin_Y_550002A6,2,7,23,600,101.5,99.98,98.5,1,4
2,pat14,d1684474P0421551C_RL_B0Fmm00_PB0PCcZNC0909_B64mA1la0R0vxxxxxx_000A07fBIsc_xBCxxxXxxFgxxn_DQ02_LeekSpin_Y_550002A6,3,0,24,600,105.0,102.94,100.5,1,11
2,pat14,d1684474P0421551C_RL_B0Fmm00_PB0PCcZNC0909_B64mA1la0R0vxxxxxx_000A07fBIsc_xBCxxxXxxFgxxn_DQ02_LeekSpin_Y_550002A6,3,1,25,600,105.0,102.65,100.5,0,11
2,pat14,d1684474P0421551C_RL_B0Fmm00_PB0PCcZNC0909_B64mA1la0R0vxxxxxx_000A07fBIsc_xBCxxxXxxFgxxn_DQ02_LeekSpin_Y_550002A6,3,2,26,600,102.5,101.05,99.0,0,8
2,pat14,d1684474P0421551C_RL_B0Fmm00_PB0PCcZNC0909_B64mA1la0R0vxxxxxx_000A07fBIsc_xBCxxxXxxFgxxn_DQ02_LeekSpin_Y_550002A6,3,3,27,600,102.0,100.66,99.0,0,8
2,pat14,d1684474P0421551C_RL_B0Fmm00_PB0PCcZNC0909_B64mA1la0R0vxxxxxx_000A07fBIsc_xBCxxxXxxFgxxn_DQ02_LeekSpin_Y_550002A6,3,4,28,600,107.5,103.68,100.0,1,11
2,pat14,d1684474P0421551C_RL_B0Fmm00_PB0PCcZNC0909_B64mA1la0R0vxxxxxx_000A07fBIsc_xBCxxxXxxFgxxn_DQ02_LeekSpin_Y_550002A6,3,5,29,600,106.0,103.26,101.0,1,11
2,pat14,d1684474P0421551C_RL_B0Fmm00_PB0PCcZNC0909_B64mA1la0R0vxxxxxx_000A07fBIsc_xBCxxxXxxFgxxn_DQ02_LeekSpin_Y_550002A6,3,6,30,600,105.0,100.99,99.5,0,14
2,pat14,d1684474P0421551C_RL_B0Fmm00_PB0PCcZNC0909_B64mA1la0R0vxxxxxx_000A07fBIsc_xBCxxxXxxFgxxn_DQ02_LeekSpin_Y_550002A6,3,7,31,600,103.0,100.88,99.5,0,8
2,pat15,d1700809P0422454C_RL_B0Fmm00_PB0PCcZNC0909_B64mA1la0R0vxxxxxx_000A07fBIsc_xBCxxxXxxFgxxn_DQ02_LeekSpin_Y_551002A8,0,0,0,600,107.5,103.36,99.0,1,11
2,pat15,d1700809P0422454C_RL_B0Fmm00_PB0PCcZNC0909_B64mA1la0R0vxxxxxx_000A07fBIsc_xBCxxxXxxFgxxn_DQ02_LeekSpin_Y_551002A8,0,1,1,600,108.0,103.77,100.0,1,2
2,pat15,d1700809P0422454C_RL_B0Fmm00_PB0PCcZNC0909_B64mA1la0R0vxxxxxx_000A07fBIsc_xBCxxxXxxFgxxn_DQ02_LeekSpin_Y_551002A8,0,2,2,600,101.5,100.07,99.0,0,14
2,pat15,d1700809P0422454C_RL_B0Fmm00_PB0PCcZNC0909_B64mA1la0R0vxxxxxx_000A07fBIsc_xBCxxxXxxFgxxn_DQ02_LeekSpin_Y_551002A8,0,3,3,600,100.5,98.97,97.5,0,8
2,pat15,d1700809P0422454C_RL_B0Fmm00_PB0PCcZNC0909_B64mA1la0R0vxxxxxx_000A07fBIsc_xBCxxxXxxFgxxn_DQ02_LeekSpin_Y_551002A8,0,4,4,600,108.0,103.6,100.0,1,11
2,pat15,d1700809P0422454C_RL_B0Fmm00_PB0PCcZNC0909_B64mA1la0R0vxxxxxx_000A07fBIsc_xBCxxxXxxFgxxn_DQ02_LeekSpin_Y_551002A8,0,5,5,600,108.0,104.55,100.5,1,2
2,pat15,d1700809P0422454C_RL_B0Fmm00_PB0PCcZNC0909_B64mA1la0R0vxxxxxx_000A07fBIsc_xBCxxxXxxFgxxn_DQ02_LeekSpin_Y_551002A8,0,6,6,600,101.5,100.11,98.5,1,2
2,pat15,d1700809P0422454C_RL_B0Fmm00_PB0PCcZNC0909_B64mA1la0R0vxxxxxx_000A07fBIsc_xBCxxxXxxFgxxn_DQ02_LeekSpin_Y_551002A8,0,7,7,600,101.0,99.55,98.0,1,8
2,pat15,d1700809P0422454C_RL_B0Fmm00_PB0PCcZNC0909_B64mA1la0R0vxxxxxx_000A07fBIsc_xBCxxxXxxFgxxn_DQ02_LeekSpin_Y_551002A8,1,0,8,600,105.5,102.94,100.0,1,9
2,pat15,d1700809P0422454C_RL_B0Fmm00_PB0PCcZNC0909_B64mA1la0R0vxxxxxx_000A07fBIsc_xBCxxxXxxFgxxn_DQ02_LeekSpin_Y_551002A8,1,1,9,600,105.5,102.59,100.0,0,10
2,pat15,d1700809P0422454C_RL_B0Fmm00_PB0PCcZNC0909_B64mA1la0R0vxxxxxx_000A07fBIsc_xBCxxxXxxFgxxn_DQ02_LeekSpin_Y_551002A8,1,2,10,600,101.5,100.13,98.5,1,7
2,pat15,d1700809P0422454C_RL_B0Fmm00_PB0PCcZNC0909_B64mA1la0R0vxxxxxx_000A07fBIsc_xBCxxxXxxFgxxn_DQ02_LeekSpin_Y_551002A8,1,3,11,600,101.5,100.06,98.5,0,8
2,pat15,d1700809P0422454C_RL_B0Fmm00_PB0PCcZNC0909_B64mA1la0R0vxxxxxx_000A07fBIsc_xBCxxxXxxFgxxn_DQ02_LeekSpin_Y_551002A8,1,4,12,600,105.5,102.97,100.5,1,11
2,pat15,d1700809P0422454C_RL_B0Fmm00_PB0PCcZNC0909_B64mA1la0R0vxxxxxx_000A07fBIsc_xBCxxxXxxFgxxn_DQ02_LeekSpin_Y_551002A8,1,5,13,600,106.5,103.41,100.0,1,11
2,pat15,d1700809P0422454C_RL_B0Fmm00_PB0PCcZNC0909_B64mA1la0R0vxxxxxx_000A07fBIsc_xBCxxxXxxFgxxn_DQ02_LeekSpin_Y_551002A8,1,6,14,600,102.5,100.69,98.0,0,1
2,pat15,d1700809P0422454C_RL_B0Fmm00_PB0PCcZNC0909_B64mA1la0R0vxxxxxx_000A07fBIsc_xBCxxxXxxFgxxn_DQ02_LeekSpin_Y_551002A8,1,7,15,600,101.5,99.89,98.0,0,8
2,pat15,d1700809P0422454C_RL_B0Fmm00_PB0PCcZNC0909_B64mA1la0R0vxxxxxx_000A07fBIsc_xBCxxxXxxFgxxn_DQ02_LeekSpin_Y_551002A8,2,0,16,600,107.0,104.32,100.5,1,11
2,pat15,d1700809P0422454C_RL_B0Fmm00_PB0PCcZNC0909_B64mA1la0R0vxxxxxx_000A07fBIsc_xBCxxxXxxFgxxn_DQ02_LeekSpin_Y_551002A8,2,1,17,600,108.0,104.31,101.0,1,2
2,pat15,d1700809P0422454C_RL_B0Fmm00_PB0PCcZNC0909_B64mA1la0R0vxxxxxx_000A07fBIsc_xBCxxxXxxFgxxn_DQ02_LeekSpin_Y_551002A8,2,2,18,600,102.0,100.59,99.5,1,14
2,pat15,d1700809P0422454C_RL_B0Fmm00_PB0PCcZNC0909_B64mA1la0R0vxxxxxx_000A07fBIsc_xBCxxxXxxFgxxn_DQ02_LeekSpin_Y_551002A8,2,3,19,600,102.0,100.45,99.0,1,9
2,pat15,d1700809P0422454C_RL_B0Fmm00_PB0PCcZNC0909_B64mA1la0R0vxxxxxx_000A07fBIsc_xBCxxxXxxFgxxn_DQ02_LeekSpin_Y_551002A8,2,4,20,600,108.0,103.44,101.0,1,11
2,pat15,d1700809P0422454C_RL_B0Fmm00_PB0PCcZNC0909_B64mA1la0R0vxxxxxx_000A07fBIsc_xBCxxxXxxFgxxn_DQ02_LeekSpin_Y_551002A8,2,5,21,600,106.0,103.93,101.0,0,2
2,pat15,d1700809P0422454C_RL_B0Fmm00_PB0PCcZNC0909_B64mA1la0R0vxxxxxx_000A07fBIsc_xBCxxxXxxFgxxn_DQ02_LeekSpin_Y_551002A8,2,6,22,600,103.0,100.88,98.5,0,4
2,pat15,d1700809P0422454C_RL_B0Fmm00_PB0PCcZNC0909_B64mA1la0R0vxxxxxx_000A07fBIsc_xBCxxxXxxFgxxn_DQ02_LeekSpin_Y_551002A8,2,7,23,600,101.5,100.08,98.5,1,6
2,pat15,d1700809P0422454C_RL_B0Fmm00_PB0PCcZNC0909_B64mA1la0R0vxxxxxx_000A07fBIsc_xBCxxxXxxFgxxn_DQ02_LeekSpin_Y_551002A8,3,0,24,600,105.0,102.95,100.5,1,0
2,pat15,d1700809P0422454C_RL_B0Fmm00_PB0PCcZNC0909_B64mA1la0R0vxxxxxx_000A07fBIsc_xBCxxxXxxFgxxn_DQ02_LeekSpin_Y_551002A8,3,1,25,600,104.5,102.58,100.5,0,0
2,pat15,d1700809P0422454C_RL_B0Fmm00_PB0PCcZNC0909_B64mA1la0R0vxxxxxx_000A07fBIsc_xBCxxxXxxFgxxn_DQ02_LeekSpin_Y_551002A8,3,2,26,600,102.5,101.09,99.0,0,8
2,pat15,d1700809P0422454C_RL_B0Fmm00_PB0PCcZNC0909_B64mA1la0R0vxxxxxx_000A07fBIsc_xBCxxxXxxFgxxn_DQ02_LeekSpin_Y_551002A8,3,3,27,600,102.5,100.68,99.5,0,8
2,pat15,d1700809P0422454C_RL_B0Fmm00_PB0PCcZNC0909_B64mA1la0R0vxxxxxx_000A07fBIsc_xBCxxxXxxFgxxn_DQ02_LeekSpin_Y_551002A8,3,4,28,600,106.5,103.63,100.5,1,9
2,pat15,d1700809P0422454C_RL_B0Fmm00_PB0PCcZNC0909_B64mA1la0R0vxxxxxx_000A07fBIsc_xBCxxxXxxFgxxn_DQ02_LeekSpin_Y_551002A8,3,5,29,600,105.5,103.17,101.0,1,0
2,pat15,d1700809P0422454C_RL_B0Fmm00_PB0PCcZNC0909_B64mA1la0R0vxxxxxx_000A07fBIsc_xBCxxxXxxFgxxn_DQ02_LeekSpin_Y_551002A8,3,6,30,600,102.5,101.13,99.5,0,6
2,pat15,d1700809P0422454C_RL_B0Fmm00_PB0PCcZNC0909_B64mA1la0R0vxxxxxx_000A07fBIsc_xBCxxxXxxFgxxn_DQ02_LeekSpin_Y_551002A8,3,7,31,600,103.0,100.94,99.5,0,8
2,pat16,d1700351P0421886C_Qs_B0Fmm00_PB0PCcZNC0909_B64mA1la0R0vxxxxxx_000A07fBIsc_xBCxxxXxxFgxxn_DQ02_Blender_Z1J_55100029,0,0,0,600,107.5,103.23,98.5,1,11
2,pat16,d1700351P0421886C_Qs_B0Fmm00_PB0PCcZNC0909_B64mA1la0R0vxxxxxx_000A07fBIsc_xBCxxxXxxFgxxn_DQ02_Blender_Z1J_55100029,0,1,1,600,108.5,103.54,100.0,1,11
2,pat16,d1700351P0421886C_Qs_B0Fmm00_PB0PCcZNC0909_B64mA1la0R0vxxxxxx_000A07fBIsc_xBCxxxXxxFgxxn_DQ02_Blender_Z1J_55100029,0,2,2,600,101.0,99.9,99.0,1,7
2,pat16,d1700351P0421886C_Qs_B0Fmm00_PB0PCcZNC0909_B64mA1la0R0vxxxxxx_000A07fBIsc_xBCxxxXxxFgxxn_DQ02_Blender_Z1J_55100029,0,3,3,600,100.5,98.9,97.5,0,8
2,pat16,d1700351P0421886C_Qs_B0Fmm00_PB0PCcZNC0909_B64mA1la0R0vxxxxxx_000A07fBIsc_xBCxxxXxxFgxxn_DQ02_Blender_Z1J_55100029,0,4,4,600,108.5,103.39,99.5,1,11
2,pat16,d1700351P0421886C_Qs_B0Fmm00_PB0PCcZNC0909_B64mA1la0R0vxxxxxx_000A07fBIsc_xBCxxxXxxFgxxn_DQ02_Blender_Z1J_55100029,0,5,5,600,108.5,104.33,100.5,1,2
2,pat16,d1700351P0421886C_Qs_B0Fmm00_PB0PCcZNC0909_B64mA1la0R0vxxxxxx_000A07fBIsc_xBCxxxXxxFgxxn_DQ02_Blender_Z1J_55100029,0,6,6,600,101.5,100.02,98.5,1,2
2,pat16,d1700351P0421886C_Qs_B0Fmm00_PB0PCcZNC0909_B64mA1la0R0vxxxxxx_000A07fBIsc_xBCxxxXxxFgxxn_DQ02_Blender_Z1J_55100029,0,7,7,600,100.5,99.41,97.5,1,8
2,pat16,d1700351P0421886C_Qs_B0Fmm00_PB0PCcZNC0909_B64mA1la0R0vxxxxxx_000A07fBIsc_xBCxxxXxxFgxxn_DQ02_Blender_Z1J_55100029,1,0,8,600,105.5,102.72,99.5,1,11
2,pat16,d1700351P0421886C_Qs_B0Fmm00_PB0PCcZNC0909_B64mA1la0R0vxxxxxx_000A07fBIsc_xBCxxxXxxFgxxn_DQ02_Blender_Z1J_55100029,1,1,9,600,105.0,102.45,99.5,0,2
2,pat16,d1700351P0421886C_Qs_B0Fmm00_PB0PCcZNC0909_B64mA1la0R0vxxxxxx_000A07fBIsc_xBCxxxXxxFgxxn_DQ02_Blender_Z1J_55100029,1,2,10,600,101.5,100.05,98.5,1,8
2,pat16,d1700351P0421886C_Qs_B0Fmm00_PB0PCcZNC0909_B64mA1la0R0vxxxxxx_000A07fBIsc_xBCxxxXxxFgxxn_DQ02_Blender_Z1J_55100029,1,3,11,600,101.5,100.08,98.5,0,8
2,pat16,d1700351P0421886C_Qs_B0Fmm00_PB0PCcZNC0909_B64mA1la0R0vxxxxxx_000A07fBIsc_xBCxxxXxxFgxxn_DQ02_Blender_Z1J_55100029,1,4,12,600,106.0,102.83,100.5,1,11
2,pat16,d1700351P0421886C_Qs_B0Fmm00_PB0PCcZNC0909_B64mA1la0R0vxxxxxx_000A07fBIsc_xBCxxxXxxFgxxn_DQ02_Blender_Z1J_55100029,1,5,13,600,106.0,103.29,100.0,1,2
2,pat16,d1700351P0421886C_Qs_B0Fmm00_PB0PCcZNC0909_B64mA1la0R0vxxxxxx_000A07fBIsc_xBCxxxXxxFgxxn_DQ02_Blender_Z1J_55100029,1,6,14,600,102.0,100.56,98.0,0,1
2,pat16,d1700351P0421886C_Qs_B0Fmm00_PB0PCcZNC0909_B64mA1la0R0vxxxxxx_000A07fBIsc_xBCxxxXxxFgxxn_DQ02_Blender_Z1J_55100029,1,7,15,600,101.5,99.74,97.5,0,8
2,pat16,d1700351P0421886C_Qs_B0Fmm00_PB0PCcZNC0909_B64mA1la0R0vxxxxxx_000A07fBIsc_xBCxxxXxxFgxxn_DQ02_Blender_Z1J_55100029,2,0,16,600,106.5,104.12,100.5,1,11
2,pat16,d1700351P0421886C_Qs_B0Fmm00_PB0PCcZNC0909_B64mA1la0R0vxxxxxx_000A07fBIsc_xBCxxxXxxFgxxn_DQ02_Blender_Z1J_55100029,2,1,17,600,108.0,104.23,100.5,1,2
2,pat16,d1700351P0421886C_Qs_B0Fmm00_PB0PCcZNC0909_B64mA1la0R0vxxxxxx_000A07fBIsc_xBCxxxXxxFgxxn_DQ02_Blender_Z1J_55100029,2,2,18,600,102.0,100.43,99.0,1,14
2,pat16,d1700351P0421886C_Qs_B0Fmm00_PB0PCcZNC0909_B64mA1la0R0vxxxxxx_000A07fBIsc_xBCxxxXxxFgxxn_DQ02_Blender_Z1J_55100029,2,3,19,600,102.0,100.32,98.5,1,9
2,pat16,d1700351P0421886C_Qs_B0Fmm00_PB0PCcZNC0909_B64mA1la0R0vxxxxxx_000A07fBIsc_xBCxxxXxxFgxxn_DQ02_Blender_Z1J_55100029,2,4,20,600,108.0,103.3,101.0,1,11
2,pat16,d1700351P0421886C_Qs_B0Fmm00_PB0PCcZNC0909_B64mA1la0R0vxxxxxx_000A07fBIsc_xBCxxxXxxFgxxn_DQ02_Blender_Z1J_55100029,2,5,21,600,106.5,103.9,101.0,1,11
2,pat16,d1700351P0421886C_Qs_B0Fmm00_PB0PCcZNC0909_B64mA1la0R0vxxxxxx_000A07fBIsc_xBCxxxXxxFgxxn_DQ02_Blender_Z1J_55100029,2,6,22,600,103.0,100.85,98.5,0,4
2,pat16,d1700351P0421886C_Qs_B0Fmm00_PB0PCcZNC0909_B64mA1la0R0vxxxxxx_000A07fBIsc_xBCxxxXxxFgxxn_DQ02_Blender_Z1J_55100029,2,7,23,600,101.5,99.98,98.5,1,9
2,pat16,d1700351P0421886C_Qs_B0Fmm00_PB0PCcZNC0909_B64mA1la0R0vxxxxxx_000A07fBIsc_xBCxxxXxxFgxxn_DQ02_Blender_Z1J_55100029,3,0,24,600,104.5,102.92,100.5,1,0
2,pat16,d1700351P0421886C_Qs_B0Fmm00_PB0PCcZNC0909_B64mA1la0R0vxxxxxx_000A07fBIsc_xBCxxxXxxFgxxn_DQ02_Blender_Z1J_55100029,3,1,25,600,104.5,102.59,100.5,0,0
2,pat16,d1700351P0421886C_Qs_B0Fmm00_PB0PCcZNC0909_B64mA1la0R0vxxxxxx_000A07fBIsc_xBCxxxXxxFgxxn_DQ02_Blender_Z1J_55100029,3,2,26,600,102.5,101.03,99.0,0,8
2,pat16,d1700351P0421886C_Qs_B0Fmm00_PB0PCcZNC0909_B64mA1la0R0vxxxxxx_000A07fBIsc_xBCxxxXxxFgxxn_DQ02_Blender_Z1J_55100029,3,3,27,600,102.0,100.54,99.0,0,8
2,pat16,d1700351P0421886C_Qs_B0Fmm00_PB0PCcZNC0909_B64mA1la0R0vxxxxxx_000A07fBIsc_xBCxxxXxxFgxxn_DQ02_Blender_Z1J_55100029,3,4,28,600,107.0,103.6,100.0,1,11
2,pat16,d1700351P0421886C_Qs_B0Fmm00_PB0PCcZNC0909_B64mA1la0R0vxxxxxx_000A07fBIsc_xBCxxxXxxFgxxn_DQ02_Blender_Z1J_55100029,3,5,29,600,105.5,103.17,101.0,1,0
2,pat16,d1700351P0421886C_Qs_B0Fmm00_PB0PCcZNC0909_B64mA1la0R0vxxxxxx_000A07fBIsc_xBCxxxXxxFgxxn_DQ02_Blender_Z1J_55100029,3,6,30,600,103.0,101.13,99.5,0,6
2,pat16,d1700351P0421886C_Qs_B0Fmm00_PB0PCcZNC0909_B64mA1la0R0vxxxxxx_000A07fBIsc_xBCxxxXxxFgxxn_DQ02_Blender_Z1J_55100029,3,7,31,600,103.0,100.87,99.0,0,8
2,pat17,d1684510P0421637C_No_B0Fmm00_PB0PCcZNC0909_B64mA1la0R0vxxxxxx_000A07fBIsc_xBCxxxXxxFgxxn_DQ02_Scylla_NDX_55000320,0,0,0,600,107.5,103.73,99.5,1,2
2,pat17,d1684510P0421637C_No_B0Fmm00_PB0PCcZNC0909_B64mA1la0R0vxxxxxx_000A07fBIsc_xBCxxxXxxFgxxn_DQ02_Scylla_NDX_55000320,0,1,1,600,108.0,104.07,100.0,1,2
2,pat17,d1684510P0421637C_No_B0Fmm00_PB0PCcZNC0909_B64mA1la0R0vxxxxxx_000A07fBIsc_xBCxxxXxxFgxxn_DQ02_Scylla_NDX_55000320,0,2,2,600,101.5,100.19,99.0,0,14
2,pat17,d1684510P0421637C_No_B0Fmm00_PB0PCcZNC0909_B64mA1la0R0vxxxxxx_000A07fBIsc_xBCxxxXxxFgxxn_DQ02_Scylla_NDX_55000320,0,3,3,600,101.0,99.15,97.5,0,8
2,pat17,d1684510P0421637C_No_B0Fmm00_PB0PCcZNC0909_B64mA1la0R0vxxxxxx_000A07fBIsc_xBCxxxXxxFgxxn_DQ02_Scylla_NDX_55000320,0,4,4,600,108.5,104.18,100.5,1,11
2,pat17,d1684510P0421637C_No_B0Fmm00_PB0PCcZNC0909_B64mA1la0R0vxxxxxx_000A07fBIsc_xBCxxxXxxFgxxn_DQ02_Scylla_NDX_55000320,0,5,5,600,108.5,105.08,101.0,1,2
2,pat17,d1684510P0421637C_No_B0Fmm00_PB0PCcZNC0909_B64mA1la0R0vxxxxxx_000A07fBIsc_xBCxxxXxxFgxxn_DQ02_Scylla_NDX_55000320,0,6,6,600,102.0,100.31,99.0,1,2
2,pat17,d1684510P0421637C_No_B0Fmm00_PB0PCcZNC0909_B64mA1la0R0vxxxxxx_000A07fBIsc_xBCxxxXxxFgxxn_DQ02_Scylla_NDX_55000320,0,7,7,600,100.5,99.6,98.0,0,6
2,pat17,d1684510P0421637C_No_B0Fmm00_PB0PCcZNC0909_B64mA1la0R0vxxxxxx_000A07fBIsc_xBCxxxXxxFgxxn_DQ02_Scylla_NDX_55000320,1,0,8,600,106.0,103.43,100.5,1,9
2,pat17,d1684510P0421637C_No_B0Fmm00_PB0PCcZNC0909_B64mA1la0R0vxxxxxx_000A07fBIsc_xBCxxxXxxFgxxn_DQ02_Scylla_NDX_55000320,1,1,9,600,105.5,102.83,100.0,0,2
2,pat17,d1684510P0421637C_No_B0Fmm00_PB0PCcZNC0909_B64mA1la0R0vxxxxxx_000A07fBIsc_xBCxxxXxxFgxxn_DQ02_Scylla_NDX_55000320,1,2,10,600,101.5,100.36,99.0,0,8
2,pat17,d1684510P0421637C_No_B0Fmm00_PB0PCcZNC0909_B64mA1la0R0vxxxxxx_000A07fBIsc_xBCxxxXxxFgxxn_DQ02_Scylla_NDX_55000320,1,3,11,600,101.5,100.31,98.5,1,6
2,pat17,d1684510P0421637C_No_B0Fmm00_PB0PCcZNC0909_B64mA1la0R0vxxxxxx_000A07fBIsc_xBCxxxXxxFgxxn_DQ02_Scylla_NDX_55000320,1,4,12,600,106.5,103.38,100.5,0,11
2,pat17,d1684510P0421637C_No_B0Fmm00_PB0PCcZNC0909_B64mA1la0R0vxxxxxx_000A07fBIsc_xBCxxxXxxFgxxn_DQ02_Scylla_NDX_55000320,1,5,13,600,106.5,103.86,100.5,1,2
2,pat17,d1684510P0421637C_No_B0Fmm00_PB0PCcZNC0909_B64mA1la0R0vxxxxxx_000A07fBIsc_xBCxxxXxxFgxxn_DQ02_Scylla_NDX_55000320,1,6,14,600,103.5,100.82,98.5,0,8
2,pat17,d1684510P0421637C_No_B0Fmm00_PB0PCcZNC0909_B64mA1la0R0vxxxxxx_000A07fBIsc_xBCxxxXxxFgxxn_DQ02_Scylla_NDX_55000320,1,7,15,600,102.5,99.88,97.5,0,8
2,pat17,d1684510P0421637C_No_B0Fmm00_PB0PCcZNC0909_B64mA1la0R0vxxxxxx_000A07fBIsc_xBCxxxXxxFgxxn_DQ02_Scylla_NDX_55000320,2,0,16,600,107.5,104.7,101.5,1,11
2,pat17,d1684510P0421637C_No_B0Fmm00_PB0PCcZNC0909_B64mA1la0R0vxxxxxx_000A07fBIsc_xBCxxxXxxFgxxn_DQ02_Scylla_NDX_55000320,2,1,17,600,108.5,104.81,101.5,1,2
2,pat17,d1684510P0421637C_No_B0Fmm00_PB0PCcZNC0909_B64mA1la0R0vxxxxxx_000A07fBIsc_xBCxxxXxxFgxxn_DQ02_Scylla_NDX_55000320,2,2,18,600,102.5,100.75,99.0,1,14
2,pat17,d1684510P0421637C_No_B0Fmm00_PB0PCcZNC0909_B64mA1la0R0vxxxxxx_000A07fBIsc_xBCxxxXxxFgxxn_DQ02_Scylla_NDX_55000320,2,3,19,600,102.0,100.56,99.0,1,9
2,pat17,d1684510P0421637C_No_B0Fmm00_PB0PCcZNC0909_B64mA1la0R0vxxxxxx_000A07fBIsc_xBCxxxXxxFgxxn_DQ02_Scylla_NDX_55000320,2,4,20,600,108.0,103.7,101.0,1,11
2,pat17,d1684510P0421637C_No_B0Fmm00_PB0PCcZNC0909_B64mA1la0R0vxxxxxx_000A07fBIsc_xBCxxxXxxFgxxn_DQ02_Scylla_NDX_55000320,2,5,21,600,106.5,104.21,101.5,0,2
2,pat17,d1684510P0421637C_No_B0Fmm00_PB0PCcZNC0909_B64mA1la0R0vxxxxxx_000A07fBIsc_xBCxxxXxxFgxxn_DQ02_Scylla_NDX_55000320,2,6,22,600,104.0,101.18,99.0,0,8
2,pat17,d1684510P0421637C_No_B0Fmm00_PB0PCcZNC0909_B64mA1la0R0vxxxxxx_000A07fBIsc_xBCxxxXxxFgxxn_DQ02_Scylla_NDX_55000320,2,7,23,600,101.5,100.12,98.5,0,8
2,pat17,d1684510P0421637C_No_B0Fmm00_PB0PCcZNC0909_B64mA1la0R0vxxxxxx_000A07fBIsc_xBCxxxXxxFgxxn_DQ02_Scylla_NDX_55000320,3,0,24,600,104.5,103.2,101.0,1,2
2,pat17,d1684510P0421637C_No_B0Fmm00_PB0PCcZNC0909_B64mA1la0R0vxxxxxx_000A07fBIsc_xBCxxxXxxFgxxn_DQ02_Scylla_NDX_55000320,3,1,25,600,104.5,102.79,101.0,0,0
2,pat17,d1684510P0421637C_No_B0Fmm00_PB0PCcZNC0909_B64mA1la0R0vxxxxxx_000A07fBIsc_xBCxxxXxxFgxxn_DQ02_Scylla_NDX_55000320,3,2,26,600,103.0,101.25,99.5,0,8
2,pat17,d1684510P0421637C_No_B0Fmm00_PB0PCcZNC0909_B64mA1la0R0vxxxxxx_000A07fBIsc_xBCxxxXxxFgxxn_DQ02_Scylla_NDX_55000320,3,3,27,600,102.5,100.65,99.0,0,8
2,pat17,d1684510P0421637C_No_B0Fmm00_PB0PCcZNC0909_B64mA1la0R0vxxxxxx_000A07fBIsc_xBCxxxXxxFgxxn_DQ02_Scylla_NDX_55000320,3,4,28,600,107.0,104.12,100.5,1,11
2,pat17,d1684510P0421637C_No_B0Fmm00_PB0PCcZNC0909_B64mA1la0R0vxxxxxx_000A07fBIsc_xBCxxxXxxFgxxn_DQ02_Scylla_NDX_55000320,3,5,29,600,105.0,103.41,101.5,1,0
2,pat17,d1684510P0421637C_No_B0Fmm00_PB0PCcZNC0909_B64mA1la0R0vxxxxxx_000A07fBIsc_xBCxxxXxxFgxxn_DQ02_Scylla_NDX_55000320,3,6,30,600,105.5,101.31,100.0,0,14
2,pat17,d1684510P0421637C_No_B0Fmm00_PB0PCcZNC0909_B64mA1la0R0vxxxxxx_000A07fBIsc_xBCxxxXxxFgxxn_DQ02_Scylla_NDX_55000320,3,7,31,600,103.5,101.04,99.5,0,8
2,pat18,d1700577P0422258C_RL_B0Fmm00_PB0PCcZNC0909_B64mA1la0R0vxxxxxx_000A07fBIsc_xBCxxxXxxFgxxn_DQ02_Aes_DZ_5510000C,0,0,0,600,107.5,103.23,98.5,1,2
2,pat18,d1700577P0422258C_RL_B0Fmm00_PB0PCcZNC0909_B64mA1la0R0vxxxxxx_000A07fBIsc_xBCxxxXxxFgxxn_DQ02_Aes_DZ_5510000C,0,1,1,600,108.5,103.69,99.5,1,11
2,pat18,d1700577P0422258C_RL_B0Fmm00_PB0PCcZNC0909_B64mA1la0R0vxxxxxx_000A07fBIsc_xBCxxxXxxFgxxn_DQ02_Aes_DZ_5510000C,0,2,2,600,101.5,99.95,99.0,0,14
2,pat18,d1700577P0422258C_RL_B0Fmm00_PB0PCcZNC0909_B64mA1la0R0vxxxxxx_000A07fBIsc_xBCxxxXxxFgxxn_DQ02_Aes_DZ_5510000C,0,3,3,600,100.5,98.93,97.5,0,8
2,pat18,d1700577P0422258C_RL_B0Fmm00_PB0PCcZNC0909_B64mA1la0R0vxxxxxx_000A07fBIsc_xBCxxxXxxFgxxn_DQ02_Aes_DZ_5510000C,0,4,4,600,108.5,103.6,100.0,1,11
2,pat18,d1700577P0422258C_RL_B0Fmm00_PB0PCcZNC0909_B64mA1la0R0vxxxxxx_000A07fBIsc_xBCxxxXxxFgxxn_DQ02_Aes_DZ_5510000C,0,5,5,600,109.0,104.39,100.5,1,2
2,pat18,d1700577P0422258C_RL_B0Fmm00_PB0PCcZNC0909_B64mA1la0R0vxxxxxx_000A07fBIsc_xBCxxxXxxFgxxn_DQ02_Aes_DZ_5510000C,0,6,6,600,101.5,99.95,98.5,1,2
2,pat18,d1700577P0422258C_RL_B0Fmm00_PB0PCcZNC0909_B64mA1la0R0vxxxxxx_000A07fBIsc_xBCxxxXxxFgxxn_DQ02_Aes_DZ_5510000C,0,7,7,600,100.5,99.36,98.0,0,6
2,pat18,d1700577P0422258C_RL_B0Fmm00_PB0PCcZNC0909_B64mA1la0R0vxxxxxx_000A07fBIsc_xBCxxxXxxFgxxn_DQ02_Aes_DZ_5510000C,1,0,8,600,105.5,102.88,100.0,1,9
2,pat18,d1700577P0422258C_RL_B0Fmm00_PB0PCcZNC0909_B64mA1la0R0vxxxxxx_000A07fBIsc_xBCxxxXxxFgxxn_DQ02_Aes_DZ_5510000C,1,1,9,600,106.0,102.5,99.5,0,13
2,pat18,d1700577P0422258C_RL_B0Fmm00_PB0PCcZNC0909_B64mA1la0R0vxxxxxx_000A07fBIsc_xBCxxxXxxFgxxn_DQ02_Aes_DZ_5510000C,1,2,10,600,101.5,99.93,98.0,0,8
2,pat18,d1700577P0422258C_RL_B0Fmm00_PB0PCcZNC0909_B64mA1la0R0vxxxxxx_000A07fBIsc_xBCxxxXxxFgxxn_DQ02_Aes_DZ_5510000C,1,3,11,600,101.5,100.07,98.5,0,8
2,pat18,d1700577P0422258C_RL_B0Fmm00_PB0PCcZNC0909_B64mA1la0R0vxxxxxx_000A07fBIsc_xBCxxxXxxFgxxn_DQ02_Aes_DZ_5510000C,1,4,12,600,105.5,103.05,100.5,0,13
2,pat18,d1700577P0422258C_RL_B0Fmm00_PB0PCcZNC0909_B64mA1la0R0vxxxxxx_000A07fBIsc_xBCxxxXxxFgxxn_DQ02_Aes_DZ_5510000C,1,5,13,600,106.0,103.42,100.0,1,2
2,pat18,d1700577P0422258C_RL_B0Fmm00_PB0PCcZNC0909_B64mA1la0R0vxxxxxx_000A07fBIsc_xBCxxxXxxFgxxn_DQ02_Aes_DZ_5510000C,1,6,14,600,102.0,100.55,98.0,0,1
2,pat18,d1700577P0422258C_RL_B0Fmm00_PB0PCcZNC0909_B64mA1la0R0vxxxxxx_000A07fBIsc_xBCxxxXxxFgxxn_DQ02_Aes_DZ_5510000C,1,7,15,600,102.0,99.73,97.5,0,8
2,pat18,d1700577P0422258C_RL_B0Fmm00_PB0PCcZNC0909_B64mA1la0R0vxxxxxx_000A07fBIsc_xBCxxxXxxFgxxn_DQ02_Aes_DZ_5510000C,2,0,16,600,107.0,104.25,100.5,1,11
2,pat18,d1700577P0422258C_RL_B0Fmm00_PB0PCcZNC0909_B64mA1la0R0vxxxxxx_000A07fBIsc_xBCxxxXxxFgxxn_DQ02_Aes_DZ_5510000C,2,1,17,600,108.0,104.31,100.5,1,2
2,pat18,d1700577P0422258C_RL_B0Fmm00_PB0PCcZNC0909_B64mA1la0R0vxxxxxx_000A07fBIsc_xBCxxxXxxFgxxn_DQ02_Aes_DZ_5510000C,2,2,18,600,102.0,100.39,99.0,1,14
2,pat18,d1700577P0422258C_RL_B0Fmm00_PB0PCcZNC0909_B64mA1la0R0vxxxxxx_000A07fBIsc_xBCxxxXxxFgxxn_DQ02_Aes_DZ_5510000C,2,3,19,600,102.0,100.36,98.5,1,9
2,pat18,d1700577P0422258C_RL_B0Fmm00_PB0PCcZNC0909_B64mA1la0R0vxxxxxx_000A07fBIsc_xBCxxxXxxFgxxn_DQ02_Aes_DZ_5510000C,2,4,20,600,108.0,103.57,100.5,1,11
2,pat18,d1700577P0422258C_RL_B0Fmm00_PB0PCcZNC0909_B64mA1la0R0vxxxxxx_000A07fBIsc_xBCxxxXxxFgxxn_DQ02_Aes_DZ_5510000C,2,5,21,600,106.5,103.97,101.0,1,11
2,pat18,d1700577P0422258C_RL_B0Fmm00_PB0PCcZNC0909_B64mA1la0R0vxxxxxx_000A07fBIsc_xBCxxxXxxFgxxn_DQ02_Aes_DZ_5510000C,2,6,22,600,103.0,100.87,98.5,0,4
2,pat18,d1700577P0422258C_RL_B0Fmm00_PB0PCcZNC0909_B64mA1la0R0vxxxxxx_000A07fBIsc_xBCxxxXxxFgxxn_DQ02_Aes_DZ_5510000C,2,7,23,600,101.5,99.95,98.5,1,6
2,pat18,d1700577P0422258C_RL_B0Fmm00_PB0PCcZNC0909_B64mA1la0R0vxxxxxx_000A07fBIsc_xBCxxxXxxFgxxn_DQ02_Aes_DZ_5510000C,3,0,24,600,104.5,102.94,100.5,1,0
2,pat18,d1700577P0422258C_RL_B0Fmm00_PB0PCcZNC0909_B64mA1la0R0vxxxxxx_000A07fBIsc_xBCxxxXxxFgxxn_DQ02_Aes_DZ_5510000C,3,1,25,600,104.5,102.69,100.5,1,13
2,pat18,d1700577P0422258C_RL_B0Fmm00_PB0PCcZNC0909_B64mA1la0R0vxxxxxx_000A07fBIsc_xBCxxxXxxFgxxn_DQ02_Aes_DZ_5510000C,3,2,26,600,103.0,100.98,99.5,0,8
2,pat18,d1700577P0422258C_RL_B0Fmm00_PB0PCcZNC0909_B64mA1la0R0vxxxxxx_000A07fBIsc_xBCxxxXxxFgxxn_DQ02_Aes_DZ_5510000C,3,3,27,600,102.5,100.47,99.0,0,8
2,pat18,d1700577P0422258C_RL_B0Fmm00_PB0PCcZNC0909_B64mA1la0R0vxxxxxx_000A07fBIsc_xBCxxxXxxFgxxn_DQ02_Aes_DZ_5510000C,3,4,28,600,107.5,103.81,100.5,1,11
2,pat18,d1700577P0422258C_RL_B0Fmm00_PB0PCcZNC0909_B64mA1la0R0vxxxxxx_000A07fBIsc_xBCxxxXxxFgxxn_DQ02_Aes_DZ_5510000C,3,5,29,600,105.0,103.12,101.0,1,13
2,pat18,d1700577P0422258C_RL_B0Fmm00_PB0PCcZNC0909_B64mA1la0R0vxxxxxx_000A07fBIsc_xBCxxxXxxFgxxn_DQ02_Aes_DZ_5510000C,3,6,30,600,102.5,101.11,99.5,0,6
2,pat18,d1700577P0422258C_RL_B0Fmm00_PB0PCcZNC0909_B64mA1la0R0vxxxxxx_000A07fBIsc_xBCxxxXxxFgxxn_DQ02_Aes_DZ_5510000C,3,7,31,600,103.0,100.81,99.5,0,8
2,pat19,d1700322P0421946C_RL_B0Fmm00_PB0PCcZNC0909_B64mA1la0R0vxxxxxx_000A07fBIsc_xBCxxxXxxFgxxn_DQ02_Blender_Z1J_5510008B,0,0,0,600,107.5,103.19,99.0,1,11
2,pat19,d1700322P0421946C_RL_B0Fmm00_PB0PCcZNC0909_B64mA1la0R0vxxxxxx_000A07fBIsc_xBCxxxXxxFgxxn_DQ02_Blender_Z1J_5510008B,0,1,1,600,109.5,103.7,100.0,1,11
2,pat19,d1700322P0421946C_RL_B0Fmm00_PB0PCcZNC0909_B64mA1la0R0vxxxxxx_000A07fBIsc_xBCxxxXxxFgxxn_DQ02_Blender_Z1J_5510008B,0,2,2,600,101.5,100.12,99.0,0,14
2,pat19,d1700322P0421946C_RL_B0Fmm00_PB0PCcZNC0909_B64mA1la0R0vxxxxxx_000A07fBIsc_xBCxxxXxxFgxxn_DQ02_Blender_Z1J_5510008B,0,3,3,600,100.5,99.06,97.5,0,8
2,pat19,d1700322P0421946C_RL_B0Fmm00_PB0PCcZNC0909_B64mA1la0R0vxxxxxx_000A07fBIsc_xBCxxxXxxFgxxn_DQ02_Blender_Z1J_5510008B,0,4,4,600,109.0,103.38,99.5,1,11
2,pat19,d1700322P0421946C_RL_B0Fmm00_PB0PCcZNC0909_B64mA1la0R0vxxxxxx_000A07fBIsc_xBCxxxXxxFgxxn_DQ02_Blender_Z1J_5510008B,0,5,5,600,109.0,104.24,100.0,1,2
2,pat19,d1700322P0421946C_RL_B0Fmm00_PB0PCcZNC0909_B64mA1la0R0vxxxxxx_000A07fBIsc_xBCxxxXxxFgxxn_DQ02_Blender_Z1J_5510008B,0,6,6,600,101.5,100.05,98.5,1,2
2,pat19,d1700322P0421946C_RL_B0Fmm00_PB0PCcZNC0909_B64mA1la0R0vxxxxxx_000A07fBIsc_xBCxxxXxxFgxxn_DQ02_Blender_Z1J_5510008B,0,7,7,600,101.0,99.44,98.0,0,6
2,pat19,d1700322P0421946C_RL_B0Fmm00_PB0PCcZNC0909_B64mA1la0R0vxxxxxx_000A07fBIsc_xBCxxxXxxFgxxn_DQ02_Blender_Z1J_5510008B,1,0,8,600,106.0,102.72,99.5,1,11
2,pat19,d1700322P0421946C_RL_B0Fmm00_PB0PCcZNC0909_B64mA1la0R0vxxxxxx_000A07fBIsc_xBCxxxXxxFgxxn_DQ02_Blender_Z1J_5510008B,1,1,9,600,105.0,102.36,99.5,0,2
2,pat19,d1700322P0421946C_RL_B0Fmm00_PB0PCcZNC0909_B64mA1la0R0vxxxxxx_000A07fBIsc_xBCxxxXxxFgxxn_DQ02_Blender_Z1J_5510008B,1,2,10,600,101.5,100.0,98.5,1,7
2,pat19,d1700322P0421946C_RL_B0Fmm00_PB0PCcZNC0909_B64mA1la0R0vxxxxxx_000A07fBIsc_xBCxxxXxxFgxxn_DQ02_Blender_Z1J_5510008B,1,3,11,600,101.5,100.17,98.5,0,8
2,pat19,d1700322P0421946C_RL_B0Fmm00_PB0PCcZNC0909_B64mA1la0R0vxxxxxx_000A07fBIsc_xBCxxxXxxFgxxn_DQ02_Blender_Z1J_5510008B,1,4,12,600,106.5,102.79,100.0,0,11
2,pat19,d1700322P0421946C_RL_B0Fmm00_PB0PCcZNC0909_B64mA1la0R0vxxxxxx_000A07fBIsc_xBCxxxXxxFgxxn_DQ02_Blender_Z1J_5510008B,1,5,13,600,106.5,103.19,100.0,1,2
2,pat19,d1700322P0421946C_RL_B0Fmm00_PB0PCcZNC0909_B64mA1la0R0vxxxxxx_000A07fBIsc_xBCxxxXxxFgxxn_DQ02_Blender_Z1J_5510008B,1,6,14,600,102.0,100.57,98.0,0,1
2,pat19,d1700322P0421946C_RL_B0Fmm00_PB0PCcZNC0909_B64mA1la0R0vxxxxxx_000A07fBIsc_xBCxxxXxxFgxxn_DQ02_Blender_Z1J_5510008B,1,7,15,600,101.5,99.67,97.5,0,8
2,pat19,d1700322P0421946C_RL_B0Fmm00_PB0PCcZNC0909_B64mA1la0R0vxxxxxx_000A07fBIsc_xBCxxxXxxFgxxn_DQ02_Blender_Z1J_5510008B,2,0,16,600,107.5,104.06,101.0,1,11
2,pat19,d1700322P0421946C_RL_B0Fmm00_PB0PCcZNC0909_B64mA1la0R0vxxxxxx_000A07fBIsc_xBCxxxXxxFgxxn_DQ02_Blender_Z1J_5510008B,2,1,17,600,108.5,104.28,100.5,1,11
2,pat19,d1700322P0421946C_RL_B0Fmm00_PB0PCcZNC0909_B64mA1la0R0vxxxxxx_000A07fBIsc_xBCxxxXxxFgxxn_DQ02_Blender_Z1J_5510008B,2,2,18,600,102.0,100.45,99.0,1,14
2,pat19,d1700322P0421946C_RL_B0Fmm00_PB0PCcZNC0909_B64mA1la0R0vxxxxxx_000A07fBIsc_xBCxxxXxxFgxxn_DQ02_Blender_Z1J_5510008B,2,3,19,600,102.0,100.51,99.0,1,9
2,pat19,d1700322P0421946C_RL_B0Fmm00_PB0PCcZNC0909_B64mA1la0R0vxxxxxx_000A07fBIsc_xBCxxxXxxFgxxn_DQ02_Blender_Z1J_5510008B,2,4,20,600,109.0,103.33,100.5,1,11
2,pat19,d1700322P0421946C_RL_B0Fmm00_PB0PCcZNC0909_B64mA1la0R0vxxxxxx_000A07fBIsc_xBCxxxXxxFgxxn_DQ02_Blender_Z1J_5510008B,2,5,21,600,107.0,103.72,101.0,1,11
2,pat19,d1700322P0421946C_RL_B0Fmm00_PB0PCcZNC0909_B64mA1la0R0vxxxxxx_000A07fBIsc_xBCxxxXxxFgxxn_DQ02_Blender_Z1J_5510008B,2,6,22,600,103.0,100.89,98.5,0,4
2,pat19,d1700322P0421946C_RL_B0Fmm00_PB0PCcZNC0909_B64mA1la0R0vxxxxxx_000A07fBIsc_xBCxxxXxxFgxxn_DQ02_Blender_Z1J_5510008B,2,7,23,600,101.5,100.02,98.5,1,6
2,pat19,d1700322P0421946C_RL_B0Fmm00_PB0PCcZNC0909_B64mA1la0R0vxxxxxx_000A07fBIsc_xBCxxxXxxFgxxn_DQ02_Blender_Z1J_5510008B,3,0,24,600,105.5,102.8,100.5,1,11
2,pat19,d1700322P0421946C_RL_B0Fmm00_PB0PCcZNC0909_B64mA1la0R0vxxxxxx_000A07fBIsc_xBCxxxXxxFgxxn_DQ02_Blender_Z1J_5510008B,3,1,25,600,104.5,102.58,100.5,0,11
2,pat19,d1700322P0421946C_RL_B0Fmm00_PB0PCcZNC0909_B64mA1la0R0vxxxxxx_000A07fBIsc_xBCxxxXxxFgxxn_DQ02_Blender_Z1J_5510008B,3,2,26,600,103.0,101.06,99.0,0,8
2,pat19,d1700322P0421946C_RL_B0Fmm00_PB0PCcZNC0909_B64mA1la0R0vxxxxxx_000A07fBIsc_xBCxxxXxxFgxxn_DQ02_Blender_Z1J_5510008B,3,3,27,600,102.0,100.5,99.0,0,8
2,pat19,d1700322P0421946C_RL_B0Fmm00_PB0PCcZNC0909_B64mA1la0R0vxxxxxx_000A07fBIsc_xBCxxxXxxFgxxn_DQ02_Blender_Z1J_5510008B,3,4,28,600,107.5,103.45,100.0,1,11
2,pat19,d1700322P0421946C_RL_B0Fmm00_PB0PCcZNC0909_B64mA1la0R0vxxxxxx_000A07fBIsc_xBCxxxXxxFgxxn_DQ02_Blender_Z1J_5510008B,3,5,29,600,105.5,103.03,101.0,1,11
2,pat19,d1700322P0421946C_RL_B0Fmm00_PB0PCcZNC0909_B64mA1la0R0vxxxxxx_000A07fBIsc_xBCxxxXxxFgxxn_DQ02_Blender_Z1J_5510008B,3,6,30,600,102.5,101.06,99.5,0,6
2,pat19,d1700322P0421946C_RL_B0Fmm00_PB0PCcZNC0909_B64mA1la0R0vxxxxxx_000A07fBIsc_xBCxxxXxxFgxxn_DQ02_Blender_Z1J_5510008B,3,7,31,600,102.5,100.86,99.5,0,8
2,pat20,d1684770P0421691C_RL_B0Fmm00_PB0PCcZNC0909_B64mA1la0R0vxxxxxx_000A07fBIsc_xBCxxxXxxFgxxn_DQ02_Skipper_Y_5500033D,0,0,0,600,107.0,103.25,98.5,1,11
2,pat20,d1684770P0421691C_RL_B0Fmm00_PB0PCcZNC0909_B64mA1la0R0vxxxxxx_000A07fBIsc_xBCxxxXxxFgxxn_DQ02_Skipper_Y_5500033D,0,1,1,600,108.5,103.75,99.5,1,2
2,pat20,d1684770P0421691C_RL_B0Fmm00_PB0PCcZNC0909_B64mA1la0R0vxxxxxx_000A07fBIsc_xBCxxxXxxFgxxn_DQ02_Skipper_Y_5500033D,0,2,2,600,101.5,100.06,99.0,0,14
2,pat20,d1684770P0421691C_RL_B0Fmm00_PB0PCcZNC0909_B64mA1la0R0vxxxxxx_000A07fBIsc_xBCxxxXxxFgxxn_DQ02_Skipper_Y_5500033D,0,3,3,600,100.5,98.87,97.5,0,8
2,pat20,d1684770P0421691C_RL_B0Fmm00_PB0PCcZNC0909_B64mA1la0R0vxxxxxx_000A07fBIsc_xBCxxxXxxFgxxn_DQ02_Skipper_Y_5500033D,0,4,4,600,108.5,103.57,99.5,1,11
2,pat20,d1684770P0421691C_RL_B0Fmm00_PB0PCcZNC0909_B64mA1la0R0vxxxxxx_000A07fBIsc_xBCxxxXxxFgxxn_DQ02_Skipper_Y_5500033D,0,5,5,600,108.5,104.5,100.5,1,2
2,pat20,d1684770P0421691C_RL_B0Fmm00_PB0PCcZNC0909_B64mA1la0R0vxxxxxx_000A07fBIsc_xBCxxxXxxFgxxn_DQ02_Skipper_Y_5500033D,0,6,6,600,101.5,99.91,98.5,1,2
2,pat20,d1684770P0421691C_RL_B0Fmm00_PB0PCcZNC0909_B64mA1la0R0vxxxxxx_000A07fBIsc_xBCxxxXxxFgxxn_DQ02_Skipper_Y_5500033D,0,7,7,600,100.5,99.37,98.0,0,6
2,pat20,d1684770P0421691C_RL_B0Fmm00_PB0PCcZNC0909_B64mA1la0R0vxxxxxx_000A07fBIsc_xBCxxxXxxFgxxn_DQ02_Skipper_Y_5500033D,1,0,8,600,105.5,102.82,99.5,1,11
2,pat20,d1684770P0421691C_RL_B0Fmm00_PB0PCcZNC0909_B64mA1la0R0vxxxxxx_000A07fBIsc_xBCxxxXxxFgxxn_DQ02_Skipper_Y_5500033D,1,1,9,600,105.5,102.61,99.5,0,10
2,pat20,d1684770P0421691C_RL_B0Fmm00_PB0PCcZNC0909_B64mA1la0R0vxxxxxx_000A07fBIsc_xBCxxxXxxFgxxn_DQ02_Skipper_Y_5500033D,1,2,10,600,101.5,99.93,98.0,0,8
2,pat20,d1684770P0421691C_RL_B0Fmm00_PB0PCcZNC0909_B64mA1la0R0vxxxxxx_000A07fBIsc_xBCxxxXxxFgxxn_DQ02_Skipper_Y_5500033D,1,3,11,600,101.5,100.07,98.5,0,8
2,pat20,d1684770P0421691C_RL_B0Fmm00_PB0PCcZNC0909_B64mA1la0R0vxxxxxx_000A07fBIsc_xBCxxxXxxFgxxn_DQ02_Skipper_Y_5500033D,1,4,12,600,106.0,102.99,100.0,1,11
2,pat20,d1684770P0421691C_RL_B0Fmm00_PB0PCcZNC0909_B64mA1la0R0vxxxxxx_000A07fBIsc_xBCxxxXxxFgxxn_DQ02_Skipper_Y_5500033D,1,5,13,600,106.5,103.38,100.0,0,0
2,pat20,d1684770P0421691C_RL_B0Fmm00_PB0PCcZNC0909_B64mA1la0R0vxxxxxx_000A07fBIsc_xBCxxxXxxFgxxn_DQ02_Skipper_Y_5500033D,1,6,14,600,102.0,100.42,98.0,0,8
2,pat20,d1684770P0421691C_RL_B0Fmm00_PB0PCcZNC0909_B64mA1la0R0vxxxxxx_000A07fBIsc_xBCxxxXxxFgxxn_DQ02_Skipper_Y_5500033D,1,7,15,600,101.5,99.68,97.5,0,8
2,pat20,d1684770P0421691C_RL_B0Fmm00_PB0PCcZNC0909_B64mA1la0R0vxxxxxx_000A07fBIsc_xBCxxxXxxFgxxn_DQ02_Skipper_Y_5500033D,2,0,16,600,107.0,104.07,100.5,0,0
2,pat20,d1684770P0421691C_RL_B0Fmm00_PB0PCcZNC0909_B64mA1la0R0vxxxxxx_000A07fBIsc_xBCxxxXxxFgxxn_DQ02_Skipper_Y_5500033D,2,1,17,600,107.5,104.37,100.5,1,2
2,pat20,d1684770P0421691C_RL_B0Fmm00_PB0PCcZNC0909_B64mA1la0R0vxxxxxx_000A07fBIsc_xBCxxxXxxFgxxn_DQ02_Skipper_Y_5500033D,2,2,18,600,102.0,100.44,99.0,1,14
2,pat20,d1684770P0421691C_RL_B0Fmm00_PB0PCcZNC0909_B64mA1la0R0vxxxxxx_000A07fBIsc_xBCxxxXxxFgxxn_DQ02_Skipper_Y_5500033D,2,3,19,600,102.0,100.34,98.5,1,9
2,pat20,d1684770P0421691C_RL_B0Fmm00_PB0PCcZNC0909_B64mA1la0R0vxxxxxx_000A07fBIsc_xBCxxxXxxFgxxn_DQ02_Skipper_Y_5500033D,2,4,20,600,108.0,103.39,100.0,1,11
2,pat20,d1684770P0421691C_RL_B0Fmm00_PB0PCcZNC0909_B64mA1la0R0vxxxxxx_000A07fBIsc_xBCxxxXxxFgxxn_DQ02_Skipper_Y_5500033D,2,5,21,600,107.0,103.98,101.0,1,11
2,pat20,d1684770P0421691C_RL_B0Fmm00_PB0PCcZNC0909_B64mA1la0R0vxxxxxx_000A07fBIsc_xBCxxxXxxFgxxn_DQ02_Skipper_Y_5500033D,2,6,22,600,103.0,100.86,98.5,0,4
2,pat20,d1684770P0421691C_RL_B0Fmm00_PB0PCcZNC0909_B64mA1la0R0vxxxxxx_000A07fBIsc_xBCxxxXxxFgxxn_DQ02_Skipper_Y_5500033D,2,7,23,600,101.0,99.88,98.5,1,6
2,pat20,d1684770P0421691C_RL_B0Fmm00_PB0PCcZNC0909_B64mA1la0R0vxxxxxx_000A07fBIsc_xBCxxxXxxFgxxn_DQ02_Skipper_Y_5500033D,3,0,24,600,105.5,102.92,100.5,1,0
2,pat20,d1684770P0421691C_RL_B0Fmm00_PB0PCcZNC0909_B64mA1la0R0vxxxxxx_000A07fBIsc_xBCxxxXxxFgxxn_DQ02_Skipper_Y_5500033D,3,1,25,600,105.0,102.7,100.5,0,0
2,pat20,d1684770P0421691C_RL_B0Fmm00_PB0PCcZNC0909_B64mA1la0R0vxxxxxx_000A07fBIsc_xBCxxxXxxFgxxn_DQ02_Skipper_Y_5500033D,3,2,26,600,102.5,100.91,99.0,0,8
2,pat20,d1684770P0421691C_RL_B0Fmm00_PB0PCcZNC0909_B64mA1la0R0vxxxxxx_000A07fBIsc_xBCxxxXxxFgxxn_DQ02_Skipper_Y_5500033D,3,3,27,600,102.0,100.47,99.0,0,8
2,pat20,d1684770P0421691C_RL_B0Fmm00_PB0PCcZNC0909_B64mA1la0R0vxxxxxx_000A07fBIsc_xBCxxxXxxFgxxn_DQ02_Skipper_Y_5500033D,3,4,28,600,107.0,103.75,100.0,1,11
2,pat20,d1684770P0421691C_RL_B0Fmm00_PB0PCcZNC0909_B64mA1la0R0vxxxxxx_000A07fBIsc_xBCxxxXxxFgxxn_DQ02_Skipper_Y_5500033D,3,5,29,600,106.5,103.15,101.0,1,0
2,pat20,d1684770P0421691C_RL_B0Fmm00_PB0PCcZNC0909_B64mA1la0R0vxxxxxx_000A07fBIsc_xBCxxxXxxFgxxn_DQ02_Skipper_Y_5500033D,3,6,30,600,103.0,101.05,99.5,0,14
2,pat20,d1684770P0421691C_RL_B0Fmm00_PB0PCcZNC0909_B64mA1la0R0vxxxxxx_000A07fBIsc_xBCxxxXxxFgxxn_DQ02_Skipper_Y_5500033D,3,7,31,600,103.0,100.78,99.0,0,8
2,pat21,d1700290P0421951C_RL_B0Fmm00_PB0PCcZNC0909_B64mA1la0R0vxxxxxx_000A07fBIsc_xBCxxxXxxFgxxn_DQ02_Blender_Z1J_55100093,0,0,0,600,107.5,103.35,98.5,1,11
2,pat21,d1700290P0421951C_RL_B0Fmm00_PB0PCcZNC0909_B64mA1la0R0vxxxxxx_000A07fBIsc_xBCxxxXxxFgxxn_DQ02_Blender_Z1J_55100093,0,1,1,600,109.5,103.82,99.5,1,11
2,pat21,d1700290P0421951C_RL_B0Fmm00_PB0PCcZNC0909_B64mA1la0R0vxxxxxx_000A07fBIsc_xBCxxxXxxFgxxn_DQ02_Blender_Z1J_55100093,0,2,2,600,101.0,99.95,99.0,0,14
2,pat21,d1700290P0421951C_RL_B0Fmm00_PB0PCcZNC0909_B64mA1la0R0vxxxxxx_000A07fBIsc_xBCxxxXxxFgxxn_DQ02_Blender_Z1J_55100093,0,3,3,600,101.0,99.01,97.5,0,8
2,pat21,d1700290P0421951C_RL_B0Fmm00_PB0PCcZNC0909_B64mA1la0R0vxxxxxx_000A07fBIsc_xBCxxxXxxFgxxn_DQ02_Blender_Z1J_55100093,0,4,4,600,109.0,103.57,99.5,1,11
2,pat21,d1700290P0421951C_RL_B0Fmm00_PB0PCcZNC0909_B64mA1la0R0vxxxxxx_000A07fBIsc_xBCxxxXxxFgxxn_DQ02_Blender_Z1J_55100093,0,5,5,600,109.5,104.52,100.0,1,11
2,pat21,d1700290P0421951C_RL_B0Fmm00_PB0PCcZNC0909_B64mA1la0R0vxxxxxx_000A07fBIsc_xBCxxxXxxFgxxn_DQ02_Blender_Z1J_55100093,0,6,6,600,101.5,100.01,98.5,0,8
2,pat21,d1700290P0421951C_RL_B0Fmm00_PB0PCcZNC0909_B64mA1la0R0vxxxxxx_000A07fBIsc_xBCxxxXxxFgxxn_DQ02_Blender_Z1J_55100093,0,7,7,600,100.5,99.3,98.0,1,8
2,pat21,d1700290P0421951C_RL_B0Fmm00_PB0PCcZNC0909_B64mA1la0R0vxxxxxx_000A07fBIsc_xBCxxxXxxFgxxn_DQ02_Blender_Z1J_55100093,1,0,8,600,106.0,102.9,99.5,1,11
2,pat21,d1700290P0421951C_RL_B0Fmm00_PB0PCcZNC0909_B64mA1la0R0vxxxxxx_000A07fBIsc_xBCxxxXxxFgxxn_DQ02_Blender_Z1J_55100093,1,1,9,600,105.5,102.57,99.5,1,11
2,pat21,d1700290P0421951C_RL_B0Fmm00_PB0PCcZNC0909_B64mA1la0R0vxxxxxx_000A07fBIsc_xBCxxxXxxFgxxn_DQ02_Blender_Z1J_55100093,1,2,10,600,101.5,99.97,98.0,0,8
2,pat21,d1700290P0421951C_RL_B0Fmm00_PB0PCcZNC0909_B64mA1la0R0vxxxxxx_000A07fBIsc_xBCxxxXxxFgxxn_DQ02_Blender_Z1J_55100093,1,3,11,600,101.5,99.97,98.0,0,8
2,pat21,d1700290P0421951C_RL_B0Fmm00_PB0PCcZNC0909_B64mA1la0R0vxxxxxx_000A07fBIsc_xBCxxxXxxFgxxn_DQ02_Blender_Z1J_55100093,1,4,12,600,106.5,103.07,100.5,0,11
2,pat21,d1700290P0421951C_RL_B0Fmm00_PB0PCcZNC0909_B64mA1la0R0vxxxxxx_000A07fBIsc_xBCxxxXxxFgxxn_DQ02_Blender_Z1J_55100093,1,5,13,600,106.5,103.48,100.0,1,2
2,pat21,d1700290P0421951C_RL_B0Fmm00_PB0PCcZNC0909_B64mA1la0R0vxxxxxx_000A07fBIsc_xBCxxxXxxFgxxn_DQ02_Blender_Z1J_55100093,1,6,14,600,102.0,100.5,98.0,0,1
2,pat21,d1700290P0421951C_RL_B0Fmm00_PB0PCcZNC0909_B64mA1la0R0vxxxxxx_000A07fBIsc_xBCxxxXxxFgxxn_DQ02_Blender_Z1J_55100093,1,7,15,600,101.5,99.61,97.5,0,8
2,pat21,d1700290P0421951C_RL_B0Fmm00_PB0PCcZNC0909_B64mA1la0R0vxxxxxx_000A07fBIsc_xBCxxxXxxFgxxn_DQ02_Blender_Z1J_55100093,2,0,16,600,107.5,104.08,100.5,1,11
2,pat21,d1700290P0421951C_RL_B0Fmm00_PB0PCcZNC0909_B64mA1la0R0vxxxxxx_000A07fBIsc_xBCxxxXxxFgxxn_DQ02_Blender_Z1J_55100093,2,1,17,600,108.5,104.41,100.5,1,2
2,pat21,d1700290P0421951C_RL_B0Fmm00_PB0PCcZNC0909_B64mA1la0R0vxxxxxx_000A07fBIsc_xBCxxxXxxFgxxn_DQ02_Blender_Z1J_55100093,2,2,18,600,102.0,100.45,99.0,1,14
2,pat21,d1700290P0421951C_RL_B0Fmm00_PB0PCcZNC0909_B64mA1la0R0vxxxxxx_000A07fBIsc_xBCxxxXxxFgxxn_DQ02_Blender_Z1J_55100093,2,3,19,600,102.0,100.39,99.0,1,5
2,pat21,d1700290P0421951C_RL_B0Fmm00_PB0PCcZNC0909_B64mA1la0R0vxxxxxx_000A07fBIsc_xBCxxxXxxFgxxn_DQ02_Blender_Z1J_55100093,2,4,20,600,108.5,103.38,101.0,1,11
2,pat21,d1700290P0421951C_RL_B0Fmm00_PB0PCcZNC0909_B64mA1la0R0vxxxxxx_000A07fBIsc_xBCxxxXxxFgxxn_DQ02_Blender_Z1J_55100093,2,5,21,600,107.0,103.93,101.0,1,11
2,pat21,d1700290P0421951C_RL_B0Fmm00_PB0PCcZNC0909_B64mA1la0R0vxxxxxx_000A07fBIsc_xBCxxxXxxFgxxn_DQ02_Blender_Z1J_55100093,2,6,22,600,103.5,100.92,98.5,0,8
2,pat21,d1700290P0421951C_RL_B0Fmm00_PB0PCcZNC0909_B64mA1la0R0vxxxxxx_000A07fBIsc_xBCxxxXxxFgxxn_DQ02_Blender_Z1J_55100093,2,7,23,600,101.5,100.06,98.5,1,8
2,pat21,d1700290P0421951C_RL_B0Fmm00_PB0PCcZNC0909_B64mA1la0R0vxxxxxx_000A07fBIsc_xBCxxxXxxFgxxn_DQ02_Blender_Z1J_55100093,3,0,24,600,105.0,102.94,100.5,1,11
2,pat21,d1700290P0421951C_RL_B0Fmm00_PB0PCcZNC0909_B64mA1la0R0vxxxxxx_000A07fBIsc_xBCxxxXxxFgxxn_DQ02_Blender_Z1J_55100093,3,1,25,600,104.5,102.64,100.5,1,11
2,pat21,d1700290P0421951C_RL_B0Fmm00_PB0PCcZNC0909_B64mA1la0R0vxxxxxx_000A07fBIsc_xBCxxxXxxFgxxn_DQ02_Blender_Z1J_55100093,3,2,26,600,102.5,100.94,99.0,0,6
2,pat21,d1700290P0421951C_RL_B0Fmm00_PB0PCcZNC0909_B64mA1la0R0vxxxxxx_000A07fBIsc_xBCxxxXxxFgxxn_DQ02_Blender_Z1J_55100093,3,3,27,600,102.0,100.5,99.0,0,8
2,pat21,d1700290P0421951C_RL_B0Fmm00_PB0PCcZNC0909_B64mA1la0R0vxxxxxx_000A07fBIsc_xBCxxxXxxFgxxn_DQ02_Blender_Z1J_55100093,3,4,28,600,107.5,103.84,100.5,1,11
2,pat21,d1700290P0421951C_RL_B0Fmm00_PB0PCcZNC0909_B64mA1la0R0vxxxxxx_000A07fBIsc_xBCxxxXxxFgxxn_DQ02_Blender_Z1J_55100093,3,5,29,600,105.0,103.21,101.0,1,11
2,pat21,d1700290P0421951C_RL_B0Fmm00_PB0PCcZNC0909_B64mA1la0R0vxxxxxx_000A07fBIsc_xBCxxxXxxFgxxn_DQ02_Blender_Z1J_55100093,3,6,30,600,102.5,101.1,99.5,0,6
2,pat21,d1700290P0421951C_RL_B0Fmm00_PB0PCcZNC0909_B64mA1la0R0vxxxxxx_000A07fBIsc_xBCxxxXxxFgxxn_DQ02_Blender_Z1J_55100093,3,7,31,600,102.5,100.8,99.0,1,8
2,pat22,d1684319P0421655C_O2_B0Fmm00_PB0PCcZNC0909_B64mA1la0R0vxxxxxx_000A07fBIsc_xBCxxxXxxFgxxn_DQ02_Scylla_NDY_55000327,0,0,0,600,107.0,102.74,98.5,1,11
2,pat22,d1684319P0421655C_O2_B0Fmm00_PB0PCcZNC0909_B64mA1la0R0vxxxxxx_000A07fBIsc_xBCxxxXxxFgxxn_DQ02_Scylla_NDY_55000327,0,1,1,600,108.5,103.07,99.5,1,11
2,pat22,d1684319P0421655C_O2_B0Fmm00_PB0PCcZNC0909_B64mA1la0R0vxxxxxx_000A07fBIsc_xBCxxxXxxFgxxn_DQ02_Scylla_NDY_55000327,0,2,2,600,101.0,99.83,99.0,0,14
2,pat22,d1684319P0421655C_O2_B0Fmm00_PB0PCcZNC0909_B64mA1la0R0vxxxxxx_000A07fBIsc_xBCxxxXxxFgxxn_DQ02_Scylla_NDY_55000327,0,3,3,600,101.0,98.95,97.5,0,8
2,pat22,d1684319P0421655C_O2_B0Fmm00_PB0PCcZNC0909_B64mA1la0R0vxxxxxx_000A07fBIsc_xBCxxxXxxFgxxn_DQ02_Scylla_NDY_55000327,0,4,4,600,108.0,102.85,99.0,1,11
2,pat22,d1684319P0421655C_O2_B0Fmm00_PB0PCcZNC0909_B64mA1la0R0vxxxxxx_000A07fBIsc_xBCxxxXxxFgxxn_DQ02_Scylla_NDY_55000327,0,5,5,600,108.5,103.7,99.5,1,2
2,pat22,d1684319P0421655C_O2_B0Fmm00_PB0PCcZNC0909_B64mA1la0R0vxxxxxx_000A07fBIsc_xBCxxxXxxFgxxn_DQ02_Scylla_NDY_55000327,0,6,6,600,101.5,99.81,98.5,1,2
2,pat22,d1684319P0421655C_O2_B0Fmm00_PB0PCcZNC0909_B64mA1la0R0vxxxxxx_000A07fBIsc_xBCxxxXxxFgxxn_DQ02_Scylla_NDY_55000327,0,7,7,600,100.5,99.16,97.5,1,8
2,pat22,d1684319P0421655C_O2_B0Fmm00_PB0PCcZNC0909_B64mA1la0R0vxxxxxx_000A07fBIsc_xBCxxxXxxFgxxn_DQ02_Scylla_NDY_55000327,1,0,8,600,105.5,102.34,99.5,1,11
2,pat22,d1684319P0421655C_O2_B0Fmm00_PB0PCcZNC0909_B64mA1la0R0vxxxxxx_000A07fBIsc_xBCxxxXxxFgxxn_DQ02_Scylla_NDY_55000327,1,1,9,600,105.0,102.11,99.5,0,2
2,pat22,d1684319P0421655C_O2_B0Fmm00_PB0PCcZNC0909_B64mA1la0R0vxxxxxx_000A07fBIsc_xBCxxxXxxFgxxn_DQ02_Scylla_NDY_55000327,1,2,10,600,101.0,99.87,98.0,1,7
2,pat22,d1684319P0421655C_O2_B0Fmm00_PB0PCcZNC0909_B64mA1la0R0vxxxxxx_000A07fBIsc_xBCxxxXxxFgxxn_DQ02_Scylla_NDY_55000327,1,3,11,600,101.0,99.92,98.5,0,8
2,pat22,d1684319P0421655C_O2_B0Fmm00_PB0PCcZNC0909_B64mA1la0R0vxxxxxx_000A07fBIsc_xBCxxxXxxFgxxn_DQ02_Scylla_NDY_55000327,1,4,12,600,105.5,102.47,100.0,1,11
2,pat22,d1684319P0421655C_O2_B0Fmm00_PB0PCcZNC0909_B64mA1la0R0vxxxxxx_000A07fBIsc_xBCxxxXxxFgxxn_DQ02_Scylla_NDY_55000327,1,5,13,600,106.5,102.97,100.0,1,2
2,pat22,d1684319P0421655C_O2_B0Fmm00_PB0PCcZNC0909_B64mA1la0R0vxxxxxx_000A07fBIsc_xBCxxxXxxFgxxn_DQ02_Scylla_NDY_55000327,1,6,14,600,101.5,100.36,98.0,0,1
2,pat22,d1684319P0421655C_O2_B0Fmm00_PB0PCcZNC0909_B64mA1la0R0vxxxxxx_000A07fBIsc_xBCxxxXxxFgxxn_DQ02_Scylla_NDY_55000327,1,7,15,600,101.0,99.44,97.0,1,4
2,pat22,d1684319P0421655C_O2_B0Fmm00_PB0PCcZNC0909_B64mA1la0R0vxxxxxx_000A07fBIsc_xBCxxxXxxFgxxn_DQ02_Scylla_NDY_55000327,2,0,16,600,107.0,103.59,100.5,1,11
2,pat22,d1684319P0421655C_O2_B0Fmm00_PB0PCcZNC0909_B64mA1la0R0vxxxxxx_000A07fBIsc_xBCxxxXxxFgxxn_DQ02_Scylla_NDY_55000327,2,1,17,600,108.0,103.88,100.5,1,2
2,pat22,d1684319P0421655C_O2_B0Fmm00_PB0PCcZNC0909_B64mA1la0R0vxxxxxx_000A07fBIsc_xBCxxxXxxFgxxn_DQ02_Scylla_NDY_55000327,2,2,18,600,102.0,100.36,99.0,0,7
2,pat22,d1684319P0421655C_O2_B0Fmm00_PB0PCcZNC0909_B64mA1la0R0vxxxxxx_000A07fBIsc_xBCxxxXxxFgxxn_DQ02_Scylla_NDY_55000327,2,3,19,600,102.0,100.22,98.5,1,9
2,pat22,d1684319P0421655C_O2_B0Fmm00_PB0PCcZNC0909_B64mA1la0R0vxxxxxx_000A07fBIsc_xBCxxxXxxFgxxn_DQ02_Scylla_NDY_55000327,2,4,20,600,108.0,102.99,100.0,1,11
2,pat22,d1684319P0421655C_O2_B0Fmm00_PB0PCcZNC0909_B64mA1la0R0vxxxxxx_000A07fBIsc_xBCxxxXxxFgxxn_DQ02_Scylla_NDY_55000327,2,5,21,600,106.5,103.4,100.5,1,11
2,pat22,d1684319P0421655C_O2_B0Fmm00_PB0PCcZNC0909_B64mA1la0R0vxxxxxx_000A07fBIsc_xBCxxxXxxFgxxn_DQ02_Scylla_NDY_55000327,2,6,22,600,103.0,100.76,98.5,0,8
2,pat22,d1684319P0421655C_O2_B0Fmm00_PB0PCcZNC0909_B64mA1la0R0vxxxxxx_000A07fBIsc_xBCxxxXxxFgxxn_DQ02_Scylla_NDY_55000327,2,7,23,600,101.5,99.91,98.5,1,6
2,pat22,d1684319P0421655C_O2_B0Fmm00_PB0PCcZNC0909_B64mA1la0R0vxxxxxx_000A07fBIsc_xBCxxxXxxFgxxn_DQ02_Scylla_NDY_55000327,3,0,24,600,104.5,102.62,100.0,1,2
2,pat22,d1684319P0421655C_O2_B0Fmm00_PB0PCcZNC0909_B64mA1la0R0vxxxxxx_000A07fBIsc_xBCxxxXxxFgxxn_DQ02_Scylla_NDY_55000327,3,1,25,600,104.5,102.41,100.5,0,11
2,pat22,d1684319P0421655C_O2_B0Fmm00_PB0PCcZNC0909_B64mA1la0R0vxxxxxx_000A07fBIsc_xBCxxxXxxFgxxn_DQ02_Scylla_NDY_55000327,3,2,26,600,102.5,100.89,99.0,0,8
2,pat22,d1684319P0421655C_O2_B0Fmm00_PB0PCcZNC0909_B64mA1la0R0vxxxxxx_000A07fBIsc_xBCxxxXxxFgxxn_DQ02_Scylla_NDY_55000327,3,3,27,600,102.0,100.46,99.0,0,8
2,pat22,d1684319P0421655C_O2_B0Fmm00_PB0PCcZNC0909_B64mA1la0R0vxxxxxx_000A07fBIsc_xBCxxxXxxFgxxn_DQ02_Scylla_NDY_55000327,3,4,28,600,107.5,103.23,100.0,1,11
2,pat22,d1684319P0421655C_O2_B0Fmm00_PB0PCcZNC0909_B64mA1la0R0vxxxxxx_000A07fBIsc_xBCxxxXxxFgxxn_DQ02_Scylla_NDY_55000327,3,5,29,600,105.5,102.86,101.0,1,11
2,pat22,d1684319P0421655C_O2_B0Fmm00_PB0PCcZNC0909_B64mA1la0R0vxxxxxx_000A07fBIsc_xBCxxxXxxFgxxn_DQ02_Scylla_NDY_55000327,3,6,30,600,102.5,101.01,99.5,0,6
2,pat22,d1684319P0421655C_O2_B0Fmm00_PB0PCcZNC0909_B64mA1la0R0vxxxxxx_000A07fBIsc_xBCxxxXxxFgxxn_DQ02_Scylla_NDY_55000327,3,7,31,600,103.0,100.71,99.0,0,8
2,pat23,d1682933P0420925C_RL_B0Fmm00_PB0PCcZNC0909_B64mA1la0R0vxxxxxx_000A07fBIsc_xBCxxxXxxFgxxn_DQ02_Blender_A1J_5500010D,0,0,0,600,107.0,103.62,98.5,1,11
2,pat23,d1682933P0420925C_RL_B0Fmm00_PB0PCcZNC0909_B64mA1la0R0vxxxxxx_000A07fBIsc_xBCxxxXxxFgxxn_DQ02_Blender_A1J_5500010D,0,1,1,600,108.5,104.07,100.0,1,3
2,pat23,d1682933P0420925C_RL_B0Fmm00_PB0PCcZNC0909_B64mA1la0R0vxxxxxx_000A07fBIsc_xBCxxxXxxFgxxn_DQ02_Blender_A1J_5500010D,0,2,2,600,101.5,100.04,99.0,0,14
2,pat23,d1682933P0420925C_RL_B0Fmm00_PB0PCcZNC0909_B64mA1la0R0vxxxxxx_000A07fBIsc_xBCxxxXxxFgxxn_DQ02_Blender_A1J_5500010D,0,3,3,600,100.5,99.02,97.5,0,8
2,pat23,d1682933P0420925C_RL_B0Fmm00_PB0PCcZNC0909_B64mA1la0R0vxxxxxx_000A07fBIsc_xBCxxxXxxFgxxn_DQ02_Blender_A1J_5500010D,0,4,4,600,108.5,103.81,99.5,1,11
2,pat23,d1682933P0420925C_RL_B0Fmm00_PB0PCcZNC0909_B64mA1la0R0vxxxxxx_000A07fBIsc_xBCxxxXxxFgxxn_DQ02_Blender_A1J_5500010D,0,5,5,600,109.0,104.8,100.5,0,3
2,pat23,d1682933P0420925C_RL_B0Fmm00_PB0PCcZNC0909_B64mA1la0R0vxxxxxx_000A07fBIsc_xBCxxxXxxFgxxn_DQ02_Blender_A1J_5500010D,0,6,6,600,102.0,100.07,98.5,1,2
2,pat23,d1682933P0420925C_RL_B0Fmm00_PB0PCcZNC0909_B64mA1la0R0vxxxxxx_000A07fBIsc_xBCxxxXxxFgxxn_DQ02_Blender_A1J_5500010D,0,7,7,600,101.0,99.42,97.5,0,6
2,pat23,d1682933P0420925C_RL_B0Fmm00_PB0PCcZNC0909_B64mA1la0R0vxxxxxx_000A07fBIsc_xBCxxxXxxFgxxn_DQ02_Blender_A1J_5500010D,1,0,8,600,106.0,103.29,100.0,1,0
2,pat23,d1682933P0420925C_RL_B0Fmm00_PB0PCcZNC0909_B64mA1la0R0vxxxxxx_000A07fBIsc_xBCxxxXxxFgxxn_DQ02_Blender_A1J_5500010D,1,1,9,600,106.0,102.97,99.5,0,3
2,pat23,d1682933P0420925C_RL_B0Fmm00_PB0PCcZNC0909_B64mA1la0R0vxxxxxx_000A07fBIsc_xBCxxxXxxFgxxn_DQ02_Blender_A1J_5500010D,1,2,10,600,101.5,100.11,98.5,0,8
2,pat23,d1682933P0420925C_RL_B0Fmm00_PB0PCcZNC0909_B64mA1la0R0vxxxxxx_000A07fBIsc_xBCxxxXxxFgxxn_DQ02_Blender_A1J_5500010D,1,3,11,600,101.5,100.22,98.5,0,8
2,pat23,d1682933P0420925C_RL_B0Fmm00_PB0PCcZNC0909_B64mA1la0R0vxxxxxx_000A07fBIsc_xBCxxxXxxFgxxn_DQ02_Blender_A1J_5500010D,1,4,12,600,106.0,103.36,100.0,1,11
2,pat23,d1682933P0420925C_RL_B0Fmm00_PB0PCcZNC0909_B64mA1la0R0vxxxxxx_000A07fBIsc_xBCxxxXxxFgxxn_DQ02_Blender_A1J_5500010D,1,5,13,600,107.0,103.82,100.0,0,0
2,pat23,d1682933P0420925C_RL_B0Fmm00_PB0PCcZNC0909_B64mA1la0R0vxxxxxx_000A07fBIsc_xBCxxxXxxFgxxn_DQ02_Blender_A1J_5500010D,1,6,14,600,102.0,100.58,98.0,0,1
2,pat23,d1682933P0420925C_RL_B0Fmm00_PB0PCcZNC0909_B64mA1la0R0vxxxxxx_000A07fBIsc_xBCxxxXxxFgxxn_DQ02_Blender_A1J_5500010D,1,7,15,600,102.0,99.69,97.5,0,8
2,pat23,d1682933P0420925C_RL_B0Fmm00_PB0PCcZNC0909_B64mA1la0R0vxxxxxx_000A07fBIsc_xBCxxxXxxFgxxn_DQ02_Blender_A1J_5500010D,2,0,16,600,107.5,104.38,100.5,0,0
2,pat23,d1682933P0420925C_RL_B0Fmm00_PB0PCcZNC0909_B64mA1la0R0vxxxxxx_000A07fBIsc_xBCxxxXxxFgxxn_DQ02_Blender_A1J_5500010D,2,1,17,600,107.5,104.73,101.0,1,2
2,pat23,d1682933P0420925C_RL_B0Fmm00_PB0PCcZNC0909_B64mA1la0R0vxxxxxx_000A07fBIsc_xBCxxxXxxFgxxn_DQ02_Blender_A1J_5500010D,2,2,18,600,102.0,100.54,99.5,0,7
2,pat23,d1682933P0420925C_RL_B0Fmm00_PB0PCcZNC0909_B64mA1la0R0vxxxxxx_000A07fBIsc_xBCxxxXxxFgxxn_DQ02_Blender_A1J_5500010D,2,3,19,600,102.0,100.44,98.5,1,9
2,pat23,d1682933P0420925C_RL_B0Fmm00_PB0PCcZNC0909_B64mA1la0R0vxxxxxx_000A07fBIsc_xBCxxxXxxFgxxn_DQ02_Blender_A1J_5500010D,2,4,20,600,108.5,103.69,100.5,1,11
2,pat23,d1682933P0420925C_RL_B0Fmm00_PB0PCcZNC0909_B64mA1la0R0vxxxxxx_000A07fBIsc_xBCxxxXxxFgxxn_DQ02_Blender_A1J_5500010D,2,5,21,600,107.5,104.25,101.0,1,3
2,pat23,d1682933P0420925C_RL_B0Fmm00_PB0PCcZNC0909_B64mA1la0R0vxxxxxx_000A07fBIsc_xBCxxxXxxFgxxn_DQ02_Blender_A1J_5500010D,2,6,22,600,103.0,100.88,98.5,0,4
2,pat23,d1682933P0420925C_RL_B0Fmm00_PB0PCcZNC0909_B64mA1la0R0vxxxxxx_000A07fBIsc_xBCxxxXxxFgxxn_DQ02_Blender_A1J_5500010D,2,7,23,600,102.0,100.11,98.5,0,8
2,pat23,d1682933P0420925C_RL_B0Fmm00_PB0PCcZNC0909_B64mA1la0R0vxxxxxx_000A07fBIsc_xBCxxxXxxFgxxn_DQ02_Blender_A1J_5500010D,3,0,24,600,105.5,103.23,100.5,1,0
2,pat23,d1682933P0420925C_RL_B0Fmm00_PB0PCcZNC0909_B64mA1la0R0vxxxxxx_000A07fBIsc_xBCxxxXxxFgxxn_DQ02_Blender_A1J_5500010D,3,1,25,600,105.5,102.85,100.5,0,0
2,pat23,d1682933P0420925C_RL_B0Fmm00_PB0PCcZNC0909_B64mA1la0R0vxxxxxx_000A07fBIsc_xBCxxxXxxFgxxn_DQ02_Blender_A1J_5500010D,3,2,26,600,103.0,101.09,99.5,0,8
2,pat23,d1682933P0420925C_RL_B0Fmm00_PB0PCcZNC0909_B64mA1la0R0vxxxxxx_000A07fBIsc_xBCxxxXxxFgxxn_DQ02_Blender_A1J_5500010D,3,3,27,600,102.0,100.55,99.5,0,8
2,pat23,d1682933P0420925C_RL_B0Fmm00_PB0PCcZNC0909_B64mA1la0R0vxxxxxx_000A07fBIsc_xBCxxxXxxFgxxn_DQ02_Blender_A1J_5500010D,3,4,28,600,108.0,104.01,100.5,1,3
2,pat23,d1682933P0420925C_RL_B0Fmm00_PB0PCcZNC0909_B64mA1la0R0vxxxxxx_000A07fBIsc_xBCxxxXxxFgxxn_DQ02_Blender_A1J_5500010D,3,5,29,600,106.5,103.5,101.5,1,0
2,pat23,d1682933P0420925C_RL_B0Fmm00_PB0PCcZNC0909_B64mA1la0R0vxxxxxx_000A07fBIsc_xBCxxxXxxFgxxn_DQ02_Blender_A1J_5500010D,3,6,30,600,102.5,101.15,99.5,0,6
2,pat23,d1682933P0420925C_RL_B0Fmm00_PB0PCcZNC0909_B64mA1la0R0vxxxxxx_000A07fBIsc_xBCxxxXxxFgxxn_DQ02_Blender_A1J_5500010D,3,7,31,600,103.0,100.86,99.0,0,8
2,pat24,d1683992P0421356C_RL_B0Fmm00_PB0PCcZNC0909_B64mA1la0R0vxxxxxx_000A07fBIsc_xBCxxxXxxFgxxn_DQ02_FRM_SqrtSZ_55000273,0,0,0,600,108.0,103.09,98.5,1,11
2,pat24,d1683992P0421356C_RL_B0Fmm00_PB0PCcZNC0909_B64mA1la0R0vxxxxxx_000A07fBIsc_xBCxxxXxxFgxxn_DQ02_FRM_SqrtSZ_55000273,0,1,1,600,109.0,103.49,99.5,1,11
2,pat24,d1683992P0421356C_RL_B0Fmm00_PB0PCcZNC0909_B64mA1la0R0vxxxxxx_000A07fBIsc_xBCxxxXxxFgxxn_DQ02_FRM_SqrtSZ_55000273,0,2,2,600,101.5,99.89,99.0,0,14
2,pat24,d1683992P0421356C_RL_B0Fmm00_PB0PCcZNC0909_B64mA1la0R0vxxxxxx_000A07fBIsc_xBCxxxXxxFgxxn_DQ02_FRM_SqrtSZ_55000273,0,3,3,600,100.0,98.88,97.5,0,7
2,pat24,d1683992P0421356C_RL_B0Fmm00_PB0PCcZNC0909_B64mA1la0R0vxxxxxx_000A07fBIsc_xBCxxxXxxFgxxn_DQ02_FRM_SqrtSZ_55000273,0,4,4,600,109.0,103.3,99.5,1,11
2,pat24,d1683992P0421356C_RL_B0Fmm00_PB0PCcZNC0909_B64mA1la0R0vxxxxxx_000A07fBIsc_xBCxxxXxxFgxxn_DQ02_FRM_SqrtSZ_55000273,0,5,5,600,109.0,104.1,99.5,1,11
2,pat24,d1683992P0421356C_RL_B0Fmm00_PB0PCcZNC0909_B64mA1la0R0vxxxxxx_000A07fBIsc_xBCxxxXxxFgxxn_DQ02_FRM_SqrtSZ_55000273,0,6,6,600,101.5,99.93,98.5,1,2
2,pat24,d1683992P0421356C_RL_B0Fmm00_PB0PCcZNC0909_B64mA1la0R0vxxxxxx_000A07fBIsc_xBCxxxXxxFgxxn_DQ02_FRM_SqrtSZ_55000273,0,7,7,600,100.5,99.27,97.5,0,6
2,pat24,d1683992P0421356C_RL_B0Fmm00_PB0PCcZNC0909_B64mA1la0R0vxxxxxx_000A07fBIsc_xBCxxxXxxFgxxn_DQ02_FRM_SqrtSZ_55000273,1,0,8,600,106.0,102.72,99.5,1,11
2,pat24,d1683992P0421356C_RL_B0Fmm00_PB0PCcZNC0909_B64mA1la0R0vxxxxxx_000A07fBIsc_xBCxxxXxxFgxxn_DQ02_FRM_SqrtSZ_55000273,1,1,9,600,105.5,102.3,99.5,0,2
2,pat24,d1683992P0421356C_RL_B0Fmm00_PB0PCcZNC0909_B64mA1la0R0vxxxxxx_000A07fBIsc_xBCxxxXxxFgxxn_DQ02_FRM_SqrtSZ_55000273,1,2,10,600,101.5,99.92,98.0,0,8
2,pat24,d1683992P0421356C_RL_B0Fmm00_PB0PCcZNC0909_B64mA1la0R0vxxxxxx_000A07fBIsc_xBCxxxXxxFgxxn_DQ02_FRM_SqrtSZ_55000273,1,3,11,600,101.5,100.05,98.5,0,8
2,pat24,d1683992P0421356C_RL_B0Fmm00_PB0PCcZNC0909_B64mA1la0R0vxxxxxx_000A07fBIsc_xBCxxxXxxFgxxn_DQ02_FRM_SqrtSZ_55000273,1,4,12,600,106.5,102.81,100.0,1,11
2,pat24,d1683992P0421356C_RL_B0Fmm00_PB0PCcZNC0909_B64mA1la0R0vxxxxxx_000A07fBIsc_xBCxxxXxxFgxxn_DQ02_FRM_SqrtSZ_55000273,1,5,13,600,106.5,103.17,100.0,1,2
2,pat24,d1683992P0421356C_RL_B0Fmm00_PB0PCcZNC0909_B64mA1la0R0vxxxxxx_000A07fBIsc_xBCxxxXxxFgxxn_DQ02_FRM_SqrtSZ_55000273,1,6,14,600,102.0,100.49,98.0,0,1
2,pat24,d1683992P0421356C_RL_B0Fmm00_PB0PCcZNC0909_B64mA1la0R0vxxxxxx_000A07fBIsc_xBCxxxXxxFgxxn_DQ02_FRM_SqrtSZ_55000273,1,7,15,600,101.5,99.69,97.5,0,8
2,pat24,d1683992P0421356C_RL_B0Fmm00_PB0PCcZNC0909_B64mA1la0R0vxxxxxx_000A07fBIsc_xBCxxxXxxFgxxn_DQ02_FRM_SqrtSZ_55000273,2,0,16,600,107.0,103.83,100.5,1,11
2,pat24,d1683992P0421356C_RL_B0Fmm00_PB0PCcZNC0909_B64mA1la0R0vxxxxxx_000A07fBIsc_xBCxxxXxxFgxxn_DQ02_FRM_SqrtSZ_55000273,2,1,17,600,108.5,104.2,100.5,1,11
2,pat24,d1683992P0421356C_RL_B0Fmm00_PB0PCcZNC0909_B64mA1la0R0vxxxxxx_000A07fBIsc_xBCxxxXxxFgxxn_DQ02_FRM_SqrtSZ_55000273,2,2,18,600,102.0,100.32,99.0,1,14
2,pat24,d1683992P0421356C_RL_B0Fmm00_PB0PCcZNC0909_B64mA1la0R0vxxxxxx_000A07fBIsc_xBCxxxXxxFgxxn_DQ02_FRM_SqrtSZ_55000273,2,3,19,600,102.0,100.33,98.5,1,9
2,pat24,d1683992P0421356C_RL_B0Fmm00_PB0PCcZNC0909_B64mA1la0R0vxxxxxx_000A07fBIsc_xBCxxxXxxFgxxn_DQ02_FRM_SqrtSZ_55000273,2,4,20,600,108.5,103.16,100.0,1,11
2,pat24,d1683992P0421356C_RL_B0Fmm00_PB0PCcZNC0909_B64mA1la0R0vxxxxxx_000A07fBIsc_xBCxxxXxxFgxxn_DQ02_FRM_SqrtSZ_55000273,2,5,21,600,107.0,103.74,101.0,1,11
2,pat24,d1683992P0421356C_RL_B0Fmm00_PB0PCcZNC0909_B64mA1la0R0vxxxxxx_000A07fBIsc_xBCxxxXxxFgxxn_DQ02_FRM_SqrtSZ_55000273,2,6,22,600,103.0,100.71,98.5,0,13
2,pat24,d1683992P0421356C_RL_B0Fmm00_PB0PCcZNC0909_B64mA1la0R0vxxxxxx_000A07fBIsc_xBCxxxXxxFgxxn_DQ02_FRM_SqrtSZ_55000273,2,7,23,600,101.5,99.92,98.5,0,8
2,pat24,d1683992P0421356C_RL_B0Fmm00_PB0PCcZNC0909_B64mA1la0R0vxxxxxx_000A07fBIsc_xBCxxxXxxFgxxn_DQ02_FRM_SqrtSZ_55000273,3,0,24,600,105.0,102.79,100.5,1,11
2,pat24,d1683992P0421356C_RL_B0Fmm00_PB0PCcZNC0909_B64mA1la0R0vxxxxxx_000A07fBIsc_xBCxxxXxxFgxxn_DQ02_FRM_SqrtSZ_55000273,3,1,25,600,105.0,102.48,100.5,1,11
2,pat24,d1683992P0421356C_RL_B0Fmm00_PB0PCcZNC0909_B64mA1la0R0vxxxxxx_000A07fBIsc_xBCxxxXxxFgxxn_DQ02_FRM_SqrtSZ_55000273,3,2,26,600,103.0,101.03,99.5,0,8
2,pat24,d1683992P0421356C_RL_B0Fmm00_PB0PCcZNC0909_B64mA1la0R0vxxxxxx_000A07fBIsc_xBCxxxXxxFgxxn_DQ02_FRM_SqrtSZ_55000273,3,3,27,600,102.0,100.46,99.0,0,8
2,pat24,d1683992P0421356C_RL_B0Fmm00_PB0PCcZNC0909_B64mA1la0R0vxxxxxx_000A07fBIsc_xBCxxxXxxFgxxn_DQ02_FRM_SqrtSZ_55000273,3,4,28,600,107.5,103.59,100.0,1,11
2,pat24,d1683992P0421356C_RL_B0Fmm00_PB0PCcZNC0909_B64mA1la0R0vxxxxxx_000A07fBIsc_xBCxxxXxxFgxxn_DQ02_FRM_SqrtSZ_55000273,3,5,29,600,105.5,103.07,101.0,1,11
2,pat24,d1683992P0421356C_RL_B0Fmm00_PB0PCcZNC0909_B64mA1la0R0vxxxxxx_000A07fBIsc_xBCxxxXxxFgxxn_DQ02_FRM_SqrtSZ_55000273,3,6,30,600,102.5,101.02,99.5,0,6
2,pat24,d1683992P0421356C_RL_B0Fmm00_PB0PCcZNC0909_B64mA1la0R0vxxxxxx_000A07fBIsc_xBCxxxXxxFgxxn_DQ02_FRM_SqrtSZ_55000273,3,7,31,600,103.0,100.75,99.0,0,8
2,pat25,d1684969P0421790C_RL_B0Fmm00_PB0PCcZNC0909_B64mA1la0R0vxxxxxx_000A07fBIsc_xBCxxxXxxFgxxn_DQ02_Blender_A1J_55000099,0,0,0,600,109.0,103.34,98.5,1,11
2,pat25,d1684969P0421790C_RL_B0Fmm00_PB0PCcZNC0909_B64mA1la0R0vxxxxxx_000A07fBIsc_xBCxxxXxxFgxxn_DQ02_Blender_A1J_55000099,0,1,1,600,109.5,103.74,99.5,1,11
2,pat25,d1684969P0421790C_RL_B0Fmm00_PB0PCcZNC0909_B64mA1la0R0vxxxxxx_000A07fBIsc_xBCxxxXxxFgxxn_DQ02_Blender_A1J_55000099,0,2,2,600,101.5,100.05,99.0,0,14
2,pat25,d1684969P0421790C_RL_B0Fmm00_PB0PCcZNC0909_B64mA1la0R0vxxxxxx_000A07fBIsc_xBCxxxXxxFgxxn_DQ02_Blender_A1J_55000099,0,3,3,600,100.5,98.98,97.5,0,8
2,pat25,d1684969P0421790C_RL_B0Fmm00_PB0PCcZNC0909_B64mA1la0R0vxxxxxx_000A07fBIsc_xBCxxxXxxFgxxn_DQ02_Blender_A1J_55000099,0,4,4,600,109.0,103.53,99.5,1,11
2,pat25,d1684969P0421790C_RL_B0Fmm00_PB0PCcZNC0909_B64mA1la0R0vxxxxxx_000A07fBIsc_xBCxxxXxxFgxxn_DQ02_Blender_A1J_55000099,0,5,5,600,109.5,104.36,100.0,1,11
2,pat25,d1684969P0421790C_RL_B0Fmm00_PB0PCcZNC0909_B64mA1la0R0vxxxxxx_000A07fBIsc_xBCxxxXxxFgxxn_DQ02_Blender_A1J_55000099,0,6,6,600,101.5,100.07,98.5,1,2
2,pat25,d1684969P0421790C_RL_B0Fmm00_PB0PCcZNC0909_B64mA1la0R0vxxxxxx_000A07fBIsc_xBCxxxXxxFgxxn_DQ02_Blender_A1J_55000099,0,7,7,600,100.5,99.45,98.0,0,6
2,pat25,d1684969P0421790C_RL_B0Fmm00_PB0PCcZNC0909_B64mA1la0R0vxxxxxx_000A07fBIsc_xBCxxxXxxFgxxn_DQ02_Blender_A1J_55000099,1,0,8,600,106.0,102.98,100.0,1,11
2,pat25,d1684969P0421790C_RL_B0Fmm00_PB0PCcZNC0909_B64mA1la0R0vxxxxxx_000A07fBIsc_xBCxxxXxxFgxxn_DQ02_Blender_A1J_55000099,1,1,9,600,105.5,102.57,99.5,0,2
2,pat25,d1684969P0421790C_RL_B0Fmm00_PB0PCcZNC0909_B64mA1la0R0vxxxxxx_000A07fBIsc_xBCxxxXxxFgxxn_DQ02_Blender_A1J_55000099,1,2,10,600,101.5,100.05,98.5,1,8
2,pat25,d1684969P0421790C_RL_B0Fmm00_PB0PCcZNC0909_B64mA1la0R0vxxxxxx_000A07fBIsc_xBCxxxXxxFgxxn_DQ02_Blender_A1J_55000099,1,3,11,600,101.5,100.16,98.5,0,8
2,pat25,d1684969P0421790C_RL_B0Fmm00_PB0PCcZNC0909_B64mA1la0R0vxxxxxx_000A07fBIsc_xBCxxxXxxFgxxn_DQ02_Blender_A1J_55000099,1,4,12,600,107.0,102.94,100.5,1,11
2,pat25,d1684969P0421790C_RL_B0Fmm00_PB0PCcZNC0909_B64mA1la0R0vxxxxxx_000A07fBIsc_xBCxxxXxxFgxxn_DQ02_Blender_A1J_55000099,1,5,13,600,106.5,103.34,100.0,1,2
2,pat25,d1684969P0421790C_RL_B0Fmm00_PB0PCcZNC0909_B64mA1la0R0vxxxxxx_000A07fBIsc_xBCxxxXxxFgxxn_DQ02_Blender_A1J_55000099,1,6,14,600,102.5,100.59,98.0,0,1
2,pat25,d1684969P0421790C_RL_B0Fmm00_PB0PCcZNC0909_B64mA1la0R0vxxxxxx_000A07fBIsc_xBCxxxXxxFgxxn_DQ02_Blender_A1J_55000099,1,7,15,600,102.0,99.79,98.0,0,8
2,pat25,d1684969P0421790C_RL_B0Fmm00_PB0PCcZNC0909_B64mA1la0R0vxxxxxx_000A07fBIsc_xBCxxxXxxFgxxn_DQ02_Blender_A1J_55000099,2,0,16,600,107.5,104.02,100.5,1,11
2,pat25,d1684969P0421790C_RL_B0Fmm00_PB0PCcZNC0909_B64mA1la0R0vxxxxxx_000A07fBIsc_xBCxxxXxxFgxxn_DQ02_Blender_A1J_55000099,2,1,17,600,109.0,104.55,100.5,1,2
2,pat25,d1684969P0421790C_RL_B0Fmm00_PB0PCcZNC0909_B64mA1la0R0vxxxxxx_000A07fBIsc_xBCxxxXxxFgxxn_DQ02_Blender_A1J_55000099,2,2,18,600,102.0,100.55,99.0,1,14
2,pat25,d1684969P0421790C_RL_B0Fmm00_PB0PCcZNC0909_B64mA1la0R0vxxxxxx_000A07fBIsc_xBCxxxXxxFgxxn_DQ02_Blender_A1J_55000099,2,3,19,600,102.0,100.43,98.5,1,5
2,pat25,d1684969P0421790C_RL_B0Fmm00_PB0PCcZNC0909_B64mA1la0R0vxxxxxx_000A07fBIsc_xBCxxxXxxFgxxn_DQ02_Blender_A1J_55000099,2,4,20,600,108.5,103.42,100.5,1,11
2,pat25,d1684969P0421790C_RL_B0Fmm00_PB0PCcZNC0909_B64mA1la0R0vxxxxxx_000A07fBIsc_xBCxxxXxxFgxxn_DQ02_Blender_A1J_55000099,2,5,21,600,107.0,103.86,101.0,1,11
2,pat25,d1684969P0421790C_RL_B0Fmm00_PB0PCcZNC0909_B64mA1la0R0vxxxxxx_000A07fBIsc_xBCxxxXxxFgxxn_DQ02_Blender_A1J_55000099,2,6,22,600,103.0,100.75,98.5,0,4
2,pat25,d1684969P0421790C_RL_B0Fmm00_PB0PCcZNC0909_B64mA1la0R0vxxxxxx_000A07fBIsc_xBCxxxXxxFgxxn_DQ02_Blender_A1J_55000099,2,7,23,600,101.5,100.04,98.5,1,6
2,pat25,d1684969P0421790C_RL_B0Fmm00_PB0PCcZNC0909_B64mA1la0R0vxxxxxx_000A07fBIsc_xBCxxxXxxFgxxn_DQ02_Blender_A1J_55000099,3,0,24,600,105.5,103.0,100.5,1,11
2,pat25,d1684969P0421790C_RL_B0Fmm00_PB0PCcZNC0909_B64mA1la0R0vxxxxxx_000A07fBIsc_xBCxxxXxxFgxxn_DQ02_Blender_A1J_55000099,3,1,25,600,105.0,102.72,100.5,0,9
2,pat25,d1684969P0421790C_RL_B0Fmm00_PB0PCcZNC0909_B64mA1la0R0vxxxxxx_000A07fBIsc_xBCxxxXxxFgxxn_DQ02_Blender_A1J_55000099,3,2,26,600,103.0,101.06,99.5,0,8
2,pat25,d1684969P0421790C_RL_B0Fmm00_PB0PCcZNC0909_B64mA1la0R0vxxxxxx_000A07fBIsc_xBCxxxXxxFgxxn_DQ02_Blender_A1J_55000099,3,3,27,600,102.0,100.53,99.0,0,8
2,pat25,d1684969P0421790C_RL_B0Fmm00_PB0PCcZNC0909_B64mA1la0R0vxxxxxx_000A07fBIsc_xBCxxxXxxFgxxn_DQ02_Blender_A1J_55000099,3,4,28,600,107.5,103.74,100.0,1,11
2,pat25,d1684969P0421790C_RL_B0Fmm00_PB0PCcZNC0909_B64mA1la0R0vxxxxxx_000A07fBIsc_xBCxxxXxxFgxxn_DQ02_Blender_A1J_55000099,3,5,29,600,105.5,103.18,101.0,1,11
2,pat25,d1684969P0421790C_RL_B0Fmm00_PB0PCcZNC0909_B64mA1la0R0vxxxxxx_000A07fBIsc_xBCxxxXxxFgxxn_DQ02_Blender_A1J_55000099,3,6,30,600,102.5,101.18,99.5,0,6
2,pat25,d1684969P0421790C_RL_B0Fmm00_PB0PCcZNC0909_B64mA1la0R0vxxxxxx_000A07fBIsc_xBCxxxXxxFgxxn_DQ02_Blender_A1J_55000099,3,7,31,600,103.0,100.85,99.5,0,8
2,pat26,d1701070P0422519C_RL_B0Fmm00_PB0PCcZNC0909_B64mA1la0R0vxxxxxx_000A07fBIsc_xBCxxxXxxFgxxn_DQ02_Satsuma_Z_551002F2,0,0,0,600,108.0,103.22,99.0,1,11
2,pat26,d1701070P0422519C_RL_B0Fmm00_PB0PCcZNC0909_B64mA1la0R0vxxxxxx_000A07fBIsc_xBCxxxXxxFgxxn_DQ02_Satsuma_Z_551002F2,0,1,1,600,109.0,103.63,100.0,1,11
2,pat26,d1701070P0422519C_RL_B0Fmm00_PB0PCcZNC0909_B64mA1la0R0vxxxxxx_000A07fBIsc_xBCxxxXxxFgxxn_DQ02_Satsuma_Z_551002F2,0,2,2,600,101.5,100.04,99.0,0,14
2,pat26,d1701070P0422519C_RL_B0Fmm00_PB0PCcZNC0909_B64mA1la0R0vxxxxxx_000A07fBIsc_xBCxxxXxxFgxxn_DQ02_Satsuma_Z_551002F2,0,3,3,600,100.0,98.9,97.5,0,8
2,pat26,d1701070P0422519C_RL_B0Fmm00_PB0PCcZNC0909_B64mA1la0R0vxxxxxx_000A07fBIsc_xBCxxxXxxFgxxn_DQ02_Satsuma_Z_551002F2,0,4,4,600,109.0,103.43,99.5,1,11
2,pat26,d1701070P0422519C_RL_B0Fmm00_PB0PCcZNC0909_B64mA1la0R0vxxxxxx_000A07fBIsc_xBCxxxXxxFgxxn_DQ02_Satsuma_Z_551002F2,0,5,5,600,109.0,104.13,100.0,1,2
2,pat26,d1701070P0422519C_RL_B0Fmm00_PB0PCcZNC0909_B64mA1la0R0vxxxxxx_000A07fBIsc_xBCxxxXxxFgxxn_DQ02_Satsuma_Z_551002F2,0,6,6,600,101.5,100.06,98.5,1,2
2,pat26,d1701070P0422519C_RL_B0Fmm00_PB0PCcZNC0909_B64mA1la0R0vxxxxxx_000A07fBIsc_xBCxxxXxxFgxxn_DQ02_Satsuma_Z_551002F2,0,7,7,600,100.5,99.44,98.0,0,6
2,pat26,d1701070P0422519C_RL_B0Fmm00_PB0PCcZNC0909_B64mA1la0R0vxxxxxx_000A07fBIsc_xBCxxxXxxFgxxn_DQ02_Satsuma_Z_551002F2,1,0,8,600,106.0,102.83,100.0,1,11
2,pat26,d1701070P0422519C_RL_B0Fmm00_PB0PCcZNC0909_B64mA1la0R0vxxxxxx_000A07fBIsc_xBCxxxXxxFgxxn_DQ02_Satsuma_Z_551002F2,1,1,9,600,105.5,102.47,99.5,0,2
2,pat26,d1701070P0422519C_RL_B0Fmm00_PB0PCcZNC0909_B64mA1la0R0vxxxxxx_000A07fBIsc_xBCxxxXxxFgxxn_DQ02_Satsuma_Z_551002F2,1,2,10,600,101.5,100.07,98.5,0,8
2,pat26,d1701070P0422519C_RL_B0Fmm00_PB0PCcZNC0909_B64mA1la0R0vxxxxxx_000A07fBIsc_xBCxxxXxxFgxxn_DQ02_Satsuma_Z_551002F2,1,3,11,600,101.5,100.11,98.5,0,8
2,pat26,d1701070P0422519C_RL_B0Fmm00_PB0PCcZNC0909_B64mA1la0R0vxxxxxx_000A07fBIsc_xBCxxxXxxFgxxn_DQ02_Satsuma_Z_551002F2,1,4,12,600,106.0,102.84,100.5,1,11
2,pat26,d1701070P0422519C_RL_B0Fmm00_PB0PCcZNC0909_B64mA1la0R0vxxxxxx_000A07fBIsc_xBCxxxXxxFgxxn_DQ02_Satsuma_Z_551002F2,1,5,13,600,106.5,103.23,100.0,0,11
2,pat26,d1701070P0422519C_RL_B0Fmm00_PB0PCcZNC0909_B64mA1la0R0vxxxxxx_000A07fBIsc_xBCxxxXxxFgxxn_DQ02_Satsuma_Z_551002F2,1,6,14,600,102.5,100.57,98.5,0,8
2,pat26,d1701070P0422519C_RL_B0Fmm00_PB0PCcZNC0909_B64mA1la0R0vxxxxxx_000A07fBIsc_xBCxxxXxxFgxxn_DQ02_Satsuma_Z_551002F2,1,7,15,600,102.0,99.81,98.0,0,8
2,pat26,d1701070P0422519C_RL_B0Fmm00_PB0PCcZNC0909_B64mA1la0R0vxxxxxx_000A07fBIsc_xBCxxxXxxFgxxn_DQ02_Satsuma_Z_551002F2,2,0,16,600,107.5,104.05,100.5,1,11
2,pat26,d1701070P0422519C_RL_B0Fmm00_PB0PCcZNC0909_B64mA1la0R0vxxxxxx_000A07fBIsc_xBCxxxXxxFgxxn_DQ02_Satsuma_Z_551002F2,2,1,17,600,108.5,104.35,101.0,1,2
2,pat26,d1701070P0422519C_RL_B0Fmm00_PB0PCcZNC0909_B64mA1la0R0vxxxxxx_000A07fBIsc_xBCxxxXxxFgxxn_DQ02_Satsuma_Z_551002F2,2,2,18,600,102.0,100.53,99.5,1,14
2,pat26,d1701070P0422519C_RL_B0Fmm00_PB0PCcZNC0909_B64mA1la0R0vxxxxxx_000A07fBIsc_xBCxxxXxxFgxxn_DQ02_Satsuma_Z_551002F2,2,3,19,600,102.0,100.44,98.5,1,5
2,pat26,d1701070P0422519C_RL_B0Fmm00_PB0PCcZNC0909_B64mA1la0R0vxxxxxx_000A07fBIsc_xBCxxxXxxFgxxn_DQ02_Satsuma_Z_551002F2,2,4,20,600,108.5,103.32,100.5,1,11
2,pat26,d1701070P0422519C_RL_B0Fmm00_PB0PCcZNC0909_B64mA1la0R0vxxxxxx_000A07fBIsc_xBCxxxXxxFgxxn_DQ02_Satsuma_Z_551002F2,2,5,21,600,107.0,103.84,101.0,1,11
2,pat26,d1701070P0422519C_RL_B0Fmm00_PB0PCcZNC0909_B64mA1la0R0vxxxxxx_000A07fBIsc_xBCxxxXxxFgxxn_DQ02_Satsuma_Z_551002F2,2,6,22,600,103.0,100.78,99.0,0,4
2,pat26,d1701070P0422519C_RL_B0Fmm00_PB0PCcZNC0909_B64mA1la0R0vxxxxxx_000A07fBIsc_xBCxxxXxxFgxxn_DQ02_Satsuma_Z_551002F2,2,7,23,600,101.5,100.01,98.5,0,8
2,pat26,d1701070P0422519C_RL_B0Fmm00_PB0PCcZNC0909_B64mA1la0R0vxxxxxx_000A07fBIsc_xBCxxxXxxFgxxn_DQ02_Satsuma_Z_551002F2,3,0,24,600,105.0,102.92,100.5,1,11
2,pat26,d1701070P0422519C_RL_B0Fmm00_PB0PCcZNC0909_B64mA1la0R0vxxxxxx_000A07fBIsc_xBCxxxXxxFgxxn_DQ02_Satsuma_Z_551002F2,3,1,25,600,105.0,102.66,101.0,0,11
2,pat26,d1701070P0422519C_RL_B0Fmm00_PB0PCcZNC0909_B64mA1la0R0vxxxxxx_000A07fBIsc_xBCxxxXxxFgxxn_DQ02_Satsuma_Z_551002F2,3,2,26,600,102.5,101.04,99.0,0,8
2,pat26,d1701070P0422519C_RL_B0Fmm00_PB0PCcZNC0909_B64mA1la0R0vxxxxxx_000A07fBIsc_xBCxxxXxxFgxxn_DQ02_Satsuma_Z_551002F2,3,3,27,600,102.0,100.55,99.0,0,8
2,pat26,d1701070P0422519C_RL_B0Fmm00_PB0PCcZNC0909_B64mA1la0R0vxxxxxx_000A07fBIsc_xBCxxxXxxFgxxn_DQ02_Satsuma_Z_551002F2,3,4,28,600,107.5,103.7,100.5,1,11
2,pat26,d1701070P0422519C_RL_B0Fmm00_PB0PCcZNC0909_B64mA1la0R0vxxxxxx_000A07fBIsc_xBCxxxXxxFgxxn_DQ02_Satsuma_Z_551002F2,3,5,29,600,105.5,103.11,101.0,1,11
2,pat26,d1701070P0422519C_RL_B0Fmm00_PB0PCcZNC0909_B64mA1la0R0vxxxxxx_000A07fBIsc_xBCxxxXxxFgxxn_DQ02_Satsuma_Z_551002F2,3,6,30,600,103.0,101.23,100.0,0,6
2,pat26,d1701070P0422519C_RL_B0Fmm00_PB0PCcZNC0909_B64mA1la0R0vxxxxxx_000A07fBIsc_xBCxxxXxxFgxxn_DQ02_Satsuma_Z_551002F2,3,7,31,600,103.0,100.9,99.5,0,8
2,pat27,d1700801P0422468C_RL_B0Fmm00_PB0PCcZNC0909_B64mA1la0R0vxxxxxx_000A07fBIsc_xBCxxxXxxFgxxn_DQ02_LeekSpin_Z_5510029E,0,0,0,600,107.5,103.28,99.0,1,11
2,pat27,d1700801P0422468C_RL_B0Fmm00_PB0PCcZNC0909_B64mA1la0R0vxxxxxx_000A07fBIsc_xBCxxxXxxFgxxn_DQ02_LeekSpin_Z_5510029E,0,1,1,600,109.0,103.71,100.0,1,11
2,pat27,d1700801P0422468C_RL_B0Fmm00_PB0PCcZNC0909_B64mA1la0R0vxxxxxx_000A07fBIsc_xBCxxxXxxFgxxn_DQ02_LeekSpin_Z_5510029E,0,2,2,600,101.5,100.03,99.0,0,14
2,pat27,d1700801P0422468C_RL_B0Fmm00_PB0PCcZNC0909_B64mA1la0R0vxxxxxx_000A07fBIsc_xBCxxxXxxFgxxn_DQ02_LeekSpin_Z_5510029E,0,3,3,600,100.5,98.96,97.5,0,8
2,pat27,d1700801P0422468C_RL_B0Fmm00_PB0PCcZNC0909_B64mA1la0R0vxxxxxx_000A07fBIsc_xBCxxxXxxFgxxn_DQ02_LeekSpin_Z_5510029E,0,4,4,600,109.0,103.58,100.0,1,11
2,pat27,d1700801P0422468C_RL_B0Fmm00_PB0PCcZNC0909_B64mA1la0R0vxxxxxx_000A07fBIsc_xBCxxxXxxFgxxn_DQ02_LeekSpin_Z_5510029E,0,5,5,600,109.0,104.25,100.0,1,2
2,pat27,d1700801P0422468C_RL_B0Fmm00_PB0PCcZNC0909_B64mA1la0R0vxxxxxx_000A07fBIsc_xBCxxxXxxFgxxn_DQ02_LeekSpin_Z_5510029E,0,6,6,600,101.5,100.05,98.5,1,2
2,pat27,d1700801P0422468C_RL_B0Fmm00_PB0PCcZNC0909_B64mA1la0R0vxxxxxx_000A07fBIsc_xBCxxxXxxFgxxn_DQ02_LeekSpin_Z_5510029E,0,7,7,600,100.5,99.43,98.0,1,6
2,pat27,d1700801P0422468C_RL_B0Fmm00_PB0PCcZNC0909_B64mA1la0R0vxxxxxx_000A07fBIsc_xBCxxxXxxFgxxn_DQ02_LeekSpin_Z_5510029E,1,0,8,600,106.0,102.99,100.5,1,11
2,pat27,d1700801P0422468C_RL_B0Fmm00_PB0PCcZNC0909_B64mA1la0R0vxxxxxx_000A07fBIsc_xBCxxxXxxFgxxn_DQ02_LeekSpin_Z_5510029E,1,1,9,600,105.5,102.52,99.5,1,11
2,pat27,d1700801P0422468C_RL_B0Fmm00_PB0PCcZNC0909_B64mA1la0R0vxxxxxx_000A07fBIsc_xBCxxxXxxFgxxn_DQ02_LeekSpin_Z_5510029E,1,2,10,600,101.5,100.09,98.5,1,8
2,pat27,d1700801P0422468C_RL_B0Fmm00_PB0PCcZNC0909_B64mA1la0R0vxxxxxx_000A07fBIsc_xBCxxxXxxFgxxn_DQ02_LeekSpin_Z_5510029E,1,3,11,600,101.5,100.12,98.5,0,8
2,pat27,d1700801P0422468C_RL_B0Fmm00_PB0PCcZNC0909_B64mA1la0R0vxxxxxx_000A07fBIsc_xBCxxxXxxFgxxn_DQ02_LeekSpin_Z_5510029E,1,4,12,600,106.0,102.98,100.5,1,2
2,pat27,d1700801P0422468C_RL_B0Fmm00_PB0PCcZNC0909_B64mA1la0R0vxxxxxx_000A07fBIsc_xBCxxxXxxFgxxn_DQ02_LeekSpin_Z_5510029E,1,5,13,600,106.5,103.38,100.0,1,2
2,pat27,d1700801P0422468C_RL_B0Fmm00_PB0PCcZNC0909_B64mA1la0R0vxxxxxx_000A07fBIsc_xBCxxxXxxFgxxn_DQ02_LeekSpin_Z_5510029E,1,6,14,600,102.0,100.53,98.0,0,1
2,pat27,d1700801P0422468C_RL_B0Fmm00_PB0PCcZNC0909_B64mA1la0R0vxxxxxx_000A07fBIsc_xBCxxxXxxFgxxn_DQ02_LeekSpin_Z_5510029E,1,7,15,600,102.0,99.8,97.5,0,8
2,pat27,d1700801P0422468C_RL_B0Fmm00_PB0PCcZNC0909_B64mA1la0R0vxxxxxx_000A07fBIsc_xBCxxxXxxFgxxn_DQ02_LeekSpin_Z_5510029E,2,0,16,600,107.5,104.23,100.5,1,2
2,pat27,d1700801P0422468C_RL_B0Fmm00_PB0PCcZNC0909_B64mA1la0R0vxxxxxx_000A07fBIsc_xBCxxxXxxFgxxn_DQ02_LeekSpin_Z_5510029E,2,1,17,600,108.5,104.47,100.5,1,11
2,pat27,d1700801P0422468C_RL_B0Fmm00_PB0PCcZNC0909_B64mA1la0R0vxxxxxx_000A07fBIsc_xBCxxxXxxFgxxn_DQ02_LeekSpin_Z_5510029E,2,2,18,600,102.0,100.49,99.5,1,14
2,pat27,d1700801P0422468C_RL_B0Fmm00_PB0PCcZNC0909_B64mA1la0R0vxxxxxx_000A07fBIsc_xBCxxxXxxFgxxn_DQ02_LeekSpin_Z_5510029E,2,3,19,600,102.0,100.45,98.5,1,5
2,pat27,d1700801P0422468C_RL_B0Fmm00_PB0PCcZNC0909_B64mA1la0R0vxxxxxx_000A07fBIsc_xBCxxxXxxFgxxn_DQ02_LeekSpin_Z_5510029E,2,4,20,600,108.5,103.42,100.5,1,11
2,pat27,d1700801P0422468C_RL_B0Fmm00_PB0PCcZNC0909_B64mA1la0R0vxxxxxx_000A07fBIsc_xBCxxxXxxFgxxn_DQ02_LeekSpin_Z_5510029E,2,5,21,600,107.0,103.97,101.0,1,11
2,pat27,d1700801P0422468C_RL_B0Fmm00_PB0PCcZNC0909_B64mA1la0R0vxxxxxx_000A07fBIsc_xBCxxxXxxFgxxn_DQ02_LeekSpin_Z_5510029E,2,6,22,600,103.0,100.83,98.5,0,4
2,pat27,d1700801P0422468C_RL_B0Fmm00_PB0PCcZNC0909_B64mA1la0R0vxxxxxx_000A07fBIsc_xBCxxxXxxFgxxn_DQ02_LeekSpin_Z_5510029E,2,7,23,600,101.5,100.04,98.5,0,8
2,pat27,d1700801P0422468C_RL_B0Fmm00_PB0PCcZNC0909_B64mA1la0R0vxxxxxx_000A07fBIsc_xBCxxxXxxFgxxn_DQ02_LeekSpin_Z_5510029E,3,0,24,600,105.0,102.99,100.5,1,2
2,pat27,d1700801P0422468C_RL_B0Fmm00_PB0PCcZNC0909_B64mA1la0R0vxxxxxx_000A07fBIsc_xBCxxxXxxFgxxn_DQ02_LeekSpin_Z_5510029E,3,1,25,600,105.0,102.64,101.0,0,0
2,pat27,d1700801P0422468C_RL_B0Fmm00_PB0PCcZNC0909_B64mA1la0R0vxxxxxx_000A07fBIsc_xBCxxxXxxFgxxn_DQ02_LeekSpin_Z_5510029E,3,2,26,600,103.0,101.07,99.5,0,6
2,pat27,d1700801P0422468C_RL_B0Fmm00_PB0PCcZNC0909_B64mA1la0R0vxxxxxx_000A07fBIsc_xBCxxxXxxFgxxn_DQ02_LeekSpin_Z_5510029E,3,3,27,600,102.0,100.48,99.0,0,8
2,pat27,d1700801P0422468C_RL_B0Fmm00_PB0PCcZNC0909_B64mA1la0R0vxxxxxx_000A07fBIsc_xBCxxxXxxFgxxn_DQ02_LeekSpin_Z_5510029E,3,4,28,600,107.5,103.77,100.5,1,11
2,pat27,d1700801P0422468C_RL_B0Fmm00_PB0PCcZNC0909_B64mA1la0R0vxxxxxx_000A07fBIsc_xBCxxxXxxFgxxn_DQ02_LeekSpin_Z_5510029E,3,5,29,600,105.5,103.14,101.0,1,11
2,pat27,d1700801P0422468C_RL_B0Fmm00_PB0PCcZNC0909_B64mA1la0R0vxxxxxx_000A07fBIsc_xBCxxxXxxFgxxn_DQ02_LeekSpin_Z_5510029E,3,6,30,600,102.5,101.12,99.5,0,6
2,pat27,d1700801P0422468C_RL_B0Fmm00_PB0PCcZNC0909_B64mA1la0R0vxxxxxx_000A07fBIsc_xBCxxxXxxFgxxn_DQ02_LeekSpin_Z_5510029E,3,7,31,600,103.0,100.86,99.5,0,8
2,pat28,d1683139P0421038C_RL_B0Fmm00_PB0PCcZNC0909_B64mA1la0R0vxxxxxx_000A07fBIsc_xBCxxxXxxFgxxn_DQ02_Blender_Z1J_55000071,0,0,0,600,108.0,103.5,99.0,1,11
2,pat28,d1683139P0421038C_RL_B0Fmm00_PB0PCcZNC0909_B64mA1la0R0vxxxxxx_000A07fBIsc_xBCxxxXxxFgxxn_DQ02_Blender_Z1J_55000071,0,1,1,600,109.0,104.0,100.0,1,11
2,pat28,d1683139P0421038C_RL_B0Fmm00_PB0PCcZNC0909_B64mA1la0R0vxxxxxx_000A07fBIsc_xBCxxxXxxFgxxn_DQ02_Blender_Z1J_55000071,0,2,2,600,101.0,100.03,99.0,0,8
2,pat28,d1683139P0421038C_RL_B0Fmm00_PB0PCcZNC0909_B64mA1la0R0vxxxxxx_000A07fBIsc_xBCxxxXxxFgxxn_DQ02_Blender_Z1J_55000071,0,3,3,600,101.0,98.93,97.5,0,14
2,pat28,d1683139P0421038C_RL_B0Fmm00_PB0PCcZNC0909_B64mA1la0R0vxxxxxx_000A07fBIsc_xBCxxxXxxFgxxn_DQ02_Blender_Z1J_55000071,0,4,4,600,109.0,103.81,99.5,1,11
2,pat28,d1683139P0421038C_RL_B0Fmm00_PB0PCcZNC0909_B64mA1la0R0vxxxxxx_000A07fBIsc_xBCxxxXxxFgxxn_DQ02_Blender_Z1J_55000071,0,5,5,600,109.5,104.58,100.0,1,11
2,pat28,d1683139P0421038C_RL_B0Fmm00_PB0PCcZNC0909_B64mA1la0R0vxxxxxx_000A07fBIsc_xBCxxxXxxFgxxn_DQ02_Blender_Z1J_55000071,0,6,6,600,101.5,100.0,98.5,1,2
2,pat28,d1683139P0421038C_RL_B0Fmm00_PB0PCcZNC0909_B64mA1la0R0vxxxxxx_000A07fBIsc_xBCxxxXxxFgxxn_DQ02_Blender_Z1J_55000071,0,7,7,600,100.5,99.61,98.0,0,6
2,pat28,d1683139P0421038C_RL_B0Fmm00_PB0PCcZNC0909_B64mA1la0R0vxxxxxx_000A07fBIsc_xBCxxxXxxFgxxn_DQ02_Blender_Z1J_55000071,1,0,8,600,106.0,103.2,100.0,1,9
2,pat28,d1683139P0421038C_RL_B0Fmm00_PB0PCcZNC0909_B64mA1la0R0vxxxxxx_000A07fBIsc_xBCxxxXxxFgxxn_DQ02_Blender_Z1J_55000071,1,1,9,600,105.5,102.86,99.5,1,11
2,pat28,d1683139P0421038C_RL_B0Fmm00_PB0PCcZNC0909_B64mA1la0R0vxxxxxx_000A07fBIsc_xBCxxxXxxFgxxn_DQ02_Blender_Z1J_55000071,1,2,10,600,101.5,100.03,98.5,0,8
2,pat28,d1683139P0421038C_RL_B0Fmm00_PB0PCcZNC0909_B64mA1la0R0vxxxxxx_000A07fBIsc_xBCxxxXxxFgxxn_DQ02_Blender_Z1J_55000071,1,3,11,600,101.5,100.22,98.5,0,8
2,pat28,d1683139P0421038C_RL_B0Fmm00_PB0PCcZNC0909_B64mA1la0R0vxxxxxx_000A07fBIsc_xBCxxxXxxFgxxn_DQ02_Blender_Z1J_55000071,1,4,12,600,106.5,103.2,100.5,1,11
2,pat28,d1683139P0421038C_RL_B0Fmm00_PB0PCcZNC0909_B64mA1la0R0vxxxxxx_000A07fBIsc_xBCxxxXxxFgxxn_DQ02_Blender_Z1J_55000071,1,5,13,600,107.0,103.68,100.0,1,11
2,pat28,d1683139P0421038C_RL_B0Fmm00_PB0PCcZNC0909_B64mA1la0R0vxxxxxx_000A07fBIsc_xBCxxxXxxFgxxn_DQ02_Blender_Z1J_55000071,1,6,14,600,102.0,100.57,97.5,0,8
2,pat28,d1683139P0421038C_RL_B0Fmm00_PB0PCcZNC0909_B64mA1la0R0vxxxxxx_000A07fBIsc_xBCxxxXxxFgxxn_DQ02_Blender_Z1J_55000071,1,7,15,600,102.0,99.78,97.5,0,8
2,pat28,d1683139P0421038C_RL_B0Fmm00_PB0PCcZNC0909_B64mA1la0R0vxxxxxx_000A07fBIsc_xBCxxxXxxFgxxn_DQ02_Blender_Z1J_55000071,2,0,16,600,107.0,104.36,100.5,1,11
2,pat28,d1683139P0421038C_RL_B0Fmm00_PB0PCcZNC0909_B64mA1la0R0vxxxxxx_000A07fBIsc_xBCxxxXxxFgxxn_DQ02_Blender_Z1J_55000071,2,1,17,600,108.5,104.87,101.0,1,2
2,pat28,d1683139P0421038C_RL_B0Fmm00_PB0PCcZNC0909_B64mA1la0R0vxxxxxx_000A07fBIsc_xBCxxxXxxFgxxn_DQ02_Blender_Z1J_55000071,2,2,18,600,102.0,100.51,99.0,1,14
2,pat28,d1683139P0421038C_RL_B0Fmm00_PB0PCcZNC0909_B64mA1la0R0vxxxxxx_000A07fBIsc_xBCxxxXxxFgxxn_DQ02_Blender_Z1J_55000071,2,3,19,600,102.0,100.57,99.0,1,5
2,pat28,d1683139P0421038C_RL_B0Fmm00_PB0PCcZNC0909_B64mA1la0R0vxxxxxx_000A07fBIsc_xBCxxxXxxFgxxn_DQ02_Blender_Z1J_55000071,2,4,20,600,108.5,103.62,100.5,1,11
2,pat28,d1683139P0421038C_RL_B0Fmm00_PB0PCcZNC0909_B64mA1la0R0vxxxxxx_000A07fBIsc_xBCxxxXxxFgxxn_DQ02_Blender_Z1J_55000071,2,5,21,600,107.0,104.21,101.0,1,11
2,pat28,d1683139P0421038C_RL_B0Fmm00_PB0PCcZNC0909_B64mA1la0R0vxxxxxx_000A07fBIsc_xBCxxxXxxFgxxn_DQ02_Blender_Z1J_55000071,2,6,22,600,103.0,100.9,98.5,0,4
2,pat28,d1683139P0421038C_RL_B0Fmm00_PB0PCcZNC0909_B64mA1la0R0vxxxxxx_000A07fBIsc_xBCxxxXxxFgxxn_DQ02_Blender_Z1J_55000071,2,7,23,600,101.5,100.0,98.5,1,8
2,pat28,d1683139P0421038C_RL_B0Fmm00_PB0PCcZNC0909_B64mA1la0R0vxxxxxx_000A07fBIsc_xBCxxxXxxFgxxn_DQ02_Blender_Z1J_55000071,3,0,24,600,105.0,103.2,100.5,1,0
2,pat28,d1683139P0421038C_RL_B0Fmm00_PB0PCcZNC0909_B64mA1la0R0vxxxxxx_000A07fBIsc_xBCxxxXxxFgxxn_DQ02_Blender_Z1J_55000071,3,1,25,600,105.0,102.88,101.0,0,0
2,pat28,d1683139P0421038C_RL_B0Fmm00_PB0PCcZNC0909_B64mA1la0R0vxxxxxx_000A07fBIsc_xBCxxxXxxFgxxn_DQ02_Blender_Z1J_55000071,3,2,26,600,103.0,101.1,99.5,0,8
2,pat28,d1683139P0421038C_RL_B0Fmm00_PB0PCcZNC0909_B64mA1la0R0vxxxxxx_000A07fBIsc_xBCxxxXxxFgxxn_DQ02_Blender_Z1J_55000071,3,3,27,600,102.0,100.55,99.5,0,8
2,pat28,d1683139P0421038C_RL_B0Fmm00_PB0PCcZNC0909_B64mA1la0R0vxxxxxx_000A07fBIsc_xBCxxxXxxFgxxn_DQ02_Blender_Z1J_55000071,3,4,28,600,107.5,104.09,100.5,1,11
2,pat28,d1683139P0421038C_RL_B0Fmm00_PB0PCcZNC0909_B64mA1la0R0vxxxxxx_000A07fBIsc_xBCxxxXxxFgxxn_DQ02_Blender_Z1J_55000071,3,5,29,600,106.0,103.46,101.0,1,0
2,pat28,d1683139P0421038C_RL_B0Fmm00_PB0PCcZNC0909_B64mA1la0R0vxxxxxx_000A07fBIsc_xBCxxxXxxFgxxn_DQ02_Blender_Z1J_55000071,3,6,30,600,102.5,101.15,99.5,0,6
2,pat28,d1683139P0421038C_RL_B0Fmm00_PB0PCcZNC0909_B64mA1la0R0vxxxxxx_000A07fBIsc_xBCxxxXxxFgxxn_DQ02_Blender_Z1J_55000071,3,7,31,600,103.0,100.89,99.0,0,8
2,pat29,d1682942P0420998C_RJ_B0Fmm00_PB0PCcZNC0909_B64mA1la0R0vxxxxxx_000A07fBIsc_xBCxxxXxxFgxxn_DQ02_Blender_Z1J_55000035,0,0,0,600,108.0,103.68,99.0,1,11
2,pat29,d1682942P0420998C_RJ_B0Fmm00_PB0PCcZNC0909_B64mA1la0R0vxxxxxx_000A07fBIsc_xBCxxxXxxFgxxn_DQ02_Blender_Z1J_55000035,0,1,1,600,109.0,103.99,100.0,1,11
2,pat29,d1682942P0420998C_RJ_B0Fmm00_PB0PCcZNC0909_B64mA1la0R0vxxxxxx_000A07fBIsc_xBCxxxXxxFgxxn_DQ02_Blender_Z1J_55000035,0,2,2,600,101.5,100.09,99.0,0,14
2,pat29,d1682942P0420998C_RJ_B0Fmm00_PB0PCcZNC0909_B64mA1la0R0vxxxxxx_000A07fBIsc_xBCxxxXxxFgxxn_DQ02_Blender_Z1J_55000035,0,3,3,600,100.5,98.99,97.5,0,8
2,pat29,d1682942P0420998C_RJ_B0Fmm00_PB0PCcZNC0909_B64mA1la0R0vxxxxxx_000A07fBIsc_xBCxxxXxxFgxxn_DQ02_Blender_Z1J_55000035,0,4,4,600,109.0,103.86,100.0,1,11
2,pat29,d1682942P0420998C_RJ_B0Fmm00_PB0PCcZNC0909_B64mA1la0R0vxxxxxx_000A07fBIsc_xBCxxxXxxFgxxn_DQ02_Blender_Z1J_55000035,0,5,5,600,109.0,104.62,100.5,1,2
2,pat29,d1682942P0420998C_RJ_B0Fmm00_PB0PCcZNC0909_B64mA1la0R0vxxxxxx_000A07fBIsc_xBCxxxXxxFgxxn_DQ02_Blender_Z1J_55000035,0,6,6,600,101.5,100.01,98.5,1,2
2,pat29,d1682942P0420998C_RJ_B0Fmm00_PB0PCcZNC0909_B64mA1la0R0vxxxxxx_000A07fBIsc_xBCxxxXxxFgxxn_DQ02_Blender_Z1J_55000035,0,7,7,600,100.5,99.56,98.0,1,6
2,pat29,d1682942P0420998C_RJ_B0Fmm00_PB0PCcZNC0909_B64mA1la0R0vxxxxxx_000A07fBIsc_xBCxxxXxxFgxxn_DQ02_Blender_Z1J_55000035,1,0,8,600,106.0,103.33,100.5,1,9
2,pat29,d1682942P0420998C_RJ_B0Fmm00_PB0PCcZNC0909_B64mA1la0R0vxxxxxx_000A07fBIsc_xBCxxxXxxFgxxn_DQ02_Blender_Z1J_55000035,1,1,9,600,105.0,102.8,99.5,0,13
2,pat29,d1682942P0420998C_RJ_B0Fmm00_PB0PCcZNC0909_B64mA1la0R0vxxxxxx_000A07fBIsc_xBCxxxXxxFgxxn_DQ02_Blender_Z1J_55000035,1,2,10,600,101.5,100.02,98.0,0,8
2,pat29,d1682942P0420998C_RJ_B0Fmm00_PB0PCcZNC0909_B64mA1la0R0vxxxxxx_000A07fBIsc_xBCxxxXxxFgxxn_DQ02_Blender_Z1J_55000035,1,3,11,600,101.0,100.0,98.5,0,8
2,pat29,d1682942P0420998C_RJ_B0Fmm00_PB0PCcZNC0909_B64mA1la0R0vxxxxxx_000A07fBIsc_xBCxxxXxxFgxxn_DQ02_Blender_Z1J_55000035,1,4,12,600,106.0,103.1,100.5,1,11
2,pat29,d1682942P0420998C_RJ_B0Fmm00_PB0PCcZNC0909_B64mA1la0R0vxxxxxx_000A07fBIsc_xBCxxxXxxFgxxn_DQ02_Blender_Z1J_55000035,1,5,13,600,106.5,103.66,100.0,1,2
2,pat29,d1682942P0420998C_RJ_B0Fmm00_PB0PCcZNC0909_B64mA1la0R0vxxxxxx_000A07fBIsc_xBCxxxXxxFgxxn_DQ02_Blender_Z1J_55000035,1,6,14,600,102.5,100.57,98.0,0,1
2,pat29,d1682942P0420998C_RJ_B0Fmm00_PB0PCcZNC0909_B64mA1la0R0vxxxxxx_000A07fBIsc_xBCxxxXxxFgxxn_DQ02_Blender_Z1J_55000035,1,7,15,600,102.0,99.76,97.5,0,8
2,pat29,d1682942P0420998C_RJ_B0Fmm00_PB0PCcZNC0909_B64mA1la0R0vxxxxxx_000A07fBIsc_xBCxxxXxxFgxxn_DQ02_Blender_Z1J_55000035,2,0,16,600,107.0,104.36,100.5,0,10
2,pat29,d1682942P0420998C_RJ_B0Fmm00_PB0PCcZNC0909_B64mA1la0R0vxxxxxx_000A07fBIsc_xBCxxxXxxFgxxn_DQ02_Blender_Z1J_55000035,2,1,17,600,109.0,104.86,100.5,1,11
2,pat29,d1682942P0420998C_RJ_B0Fmm00_PB0PCcZNC0909_B64mA1la0R0vxxxxxx_000A07fBIsc_xBCxxxXxxFgxxn_DQ02_Blender_Z1J_55000035,2,2,18,600,102.0,100.56,99.5,1,14
2,pat29,d1682942P0420998C_RJ_B0Fmm00_PB0PCcZNC0909_B64mA1la0R0vxxxxxx_000A07fBIsc_xBCxxxXxxFgxxn_DQ02_Blender_Z1J_55000035,2,3,19,600,102.0,100.47,99.0,1,9
2,pat29,d1682942P0420998C_RJ_B0Fmm00_PB0PCcZNC0909_B64mA1la0R0vxxxxxx_000A07fBIsc_xBCxxxXxxFgxxn_DQ02_Blender_Z1J_55000035,2,4,20,600,108.5,103.58,100.5,1,11
2,pat29,d1682942P0420998C_RJ_B0Fmm00_PB0PCcZNC0909_B64mA1la0R0vxxxxxx_000A07fBIsc_xBCxxxXxxFgxxn_DQ02_Blender_Z1J_55000035,2,5,21,600,106.5,104.19,101.0,1,11
2,pat29,d1682942P0420998C_RJ_B0Fmm00_PB0PCcZNC0909_B64mA1la0R0vxxxxxx_000A07fBIsc_xBCxxxXxxFgxxn_DQ02_Blender_Z1J_55000035,2,6,22,600,103.0,100.85,98.5,0,4
2,pat29,d1682942P0420998C_RJ_B0Fmm00_PB0PCcZNC0909_B64mA1la0R0vxxxxxx_000A07fBIsc_xBCxxxXxxFgxxn_DQ02_Blender_Z1J_55000035,2,7,23,600,101.5,100.03,98.5,1,6
2,pat29,d1682942P0420998C_RJ_B0Fmm00_PB0PCcZNC0909_B64mA1la0R0vxxxxxx_000A07fBIsc_xBCxxxXxxFgxxn_DQ02_Blender_Z1J_55000035,3,0,24,600,104.5,103.01,100.5,1,2
2,pat29,d1682942P0420998C_RJ_B0Fmm00_PB0PCcZNC0909_B64mA1la0R0vxxxxxx_000A07fBIsc_xBCxxxXxxFgxxn_DQ02_Blender_Z1J_55000035,3,1,25,600,105.0,102.75,101.0,0,10
2,pat29,d1682942P0420998C_RJ_B0Fmm00_PB0PCcZNC0909_B64mA1la0R0vxxxxxx_000A07fBIsc_xBCxxxXxxFgxxn_DQ02_Blender_Z1J_55000035,3,2,26,600,103.0,101.06,99.0,0,14
2,pat29,d1682942P0420998C_RJ_B0Fmm00_PB0PCcZNC0909_B64mA1la0R0vxxxxxx_000A07fBIsc_xBCxxxXxxFgxxn_DQ02_Blender_Z1J_55000035,3,3,27,600,102.0,100.52,99.0,0,8
2,pat29,d1682942P0420998C_RJ_B0Fmm00_PB0PCcZNC0909_B64mA1la0R0vxxxxxx_000A07fBIsc_xBCxxxXxxFgxxn_DQ02_Blender_Z1J_55000035,3,4,28,600,107.5,103.97,100.5,1,11
2,pat29,d1682942P0420998C_RJ_B0Fmm00_PB0PCcZNC0909_B64mA1la0R0vxxxxxx_000A07fBIsc_xBCxxxXxxFgxxn_DQ02_Blender_Z1J_55000035,3,5,29,600,105.5,103.3,101.0,1,0
2,pat29,d1682942P0420998C_RJ_B0Fmm00_PB0PCcZNC0909_B64mA1la0R0vxxxxxx_000A07fBIsc_xBCxxxXxxFgxxn_DQ02_Blender_Z1J_55000035,3,6,30,600,102.5,101.09,99.5,0,6
2,pat29,d1682942P0420998C_RJ_B0Fmm00_PB0PCcZNC0909_B64mA1la0R0vxxxxxx_000A07fBIsc_xBCxxxXxxFgxxn_DQ02_Blender_Z1J_55000035,3,7,31,600,103.0,100.82,99.0,0,8
2,pat30,d1684369P0421610C_RL_B0Fmm00_PB0PCcZNC0909_B64mA1la0R0vxxxxxx_000A07fBIsc_xBCxxxXxxFgxxn_DQ02_Blender_A1J_55000048,0,0,0,600,107.5,103.06,99.0,1,11
2,pat30,d1684369P0421610C_RL_B0Fmm00_PB0PCcZNC0909_B64mA1la0R0vxxxxxx_000A07fBIsc_xBCxxxXxxFgxxn_DQ02_Blender_A1J_55000048,0,1,1,600,108.5,103.42,100.0,1,11
2,pat30,d1684369P0421610C_RL_B0Fmm00_PB0PCcZNC0909_B64mA1la0R0vxxxxxx_000A07fBIsc_xBCxxxXxxFgxxn_DQ02_Blender_A1J_55000048,0,2,2,600,101.0,99.92,99.0,0,14
2,pat30,d1684369P0421610C_RL_B0Fmm00_PB0PCcZNC0909_B64mA1la0R0vxxxxxx_000A07fBIsc_xBCxxxXxxFgxxn_DQ02_Blender_A1J_55000048,0,3,3,600,100.0,98.86,97.5,0,7
2,pat30,d1684369P0421610C_RL_B0Fmm00_PB0PCcZNC0909_B64mA1la0R0vxxxxxx_000A07fBIsc_xBCxxxXxxFgxxn_DQ02_Blender_A1J_55000048,0,4,4,600,108.5,103.3,99.5,1,11
2,pat30,d1684369P0421610C_RL_B0Fmm00_PB0PCcZNC0909_B64mA1la0R0vxxxxxx_000A07fBIsc_xBCxxxXxxFgxxn_DQ02_Blender_A1J_55000048,0,5,5,600,108.5,103.95,100.0,1,2
2,pat30,d1684369P0421610C_RL_B0Fmm00_PB0PCcZNC0909_B64mA1la0R0vxxxxxx_000A07fBIsc_xBCxxxXxxFgxxn_DQ02_Blender_A1J_55000048,0,6,6,600,101.5,99.99,98.5,1,2
2,pat30,d1684369P0421610C_RL_B0Fmm00_PB0PCcZNC0909_B64mA1la0R0vxxxxxx_000A07fBIsc_xBCxxxXxxFgxxn_DQ02_Blender_A1J_55000048,0,7,7,600,100.5,99.5,98.0,1,6
2,pat30,d1684369P0421610C_RL_B0Fmm00_PB0PCcZNC0909_B64mA1la0R0vxxxxxx_000A07fBIsc_xBCxxxXxxFgxxn_DQ02_Blender_A1J_55000048,1,0,8,600,106.0,102.73,100.0,1,11
2,pat30,d1684369P0421610C_RL_B0Fmm00_PB0PCcZNC0909_B64mA1la0R0vxxxxxx_000A07fBIsc_xBCxxxXxxFgxxn_DQ02_Blender_A1J_55000048,1,1,9,600,105.5,102.42,99.5,1,11
2,pat30,d1684369P0421610C_RL_B0Fmm00_PB0PCcZNC0909_B64mA1la0R0vxxxxxx_000A07fBIsc_xBCxxxXxxFgxxn_DQ02_Blender_A1J_55000048,1,2,10,600,101.5,99.92,98.0,1,8
2,pat30,d1684369P0421610C_RL_B0Fmm00_PB0PCcZNC0909_B64mA1la0R0vxxxxxx_000A07fBIsc_xBCxxxXxxFgxxn_DQ02_Blender_A1J_55000048,1,3,11,600,101.0,99.95,98.0,0,8
2,pat30,d1684369P0421610C_RL_B0Fmm00_PB0PCcZNC0909_B64mA1la0R0vxxxxxx_000A07fBIsc_xBCxxxXxxFgxxn_DQ02_Blender_A1J_55000048,1,4,12,600,106.5,102.65,100.0,0,11
2,pat30,d1684369P0421610C_RL_B0Fmm00_PB0PCcZNC0909_B64mA1la0R0vxxxxxx_000A07fBIsc_xBCxxxXxxFgxxn_DQ02_Blender_A1J_55000048,1,5,13,600,106.5,103.09,100.0,1,2
2,pat30,d1684369P0421610C_RL_B0Fmm00_PB0PCcZNC0909_B64mA1la0R0vxxxxxx_000A07fBIsc_xBCxxxXxxFgxxn_DQ02_Blender_A1J_55000048,1,6,14,600,102.0,100.47,98.0,0,8
2,pat30,d1684369P0421610C_RL_B0Fmm00_PB0PCcZNC0909_B64mA1la0R0vxxxxxx_000A07fBIsc_xBCxxxXxxFgxxn_DQ02_Blender_A1J_55000048,1,7,15,600,101.5,99.74,97.5,0,8
2,pat30,d1684369P0421610C_RL_B0Fmm00_PB0PCcZNC0909_B64mA1la0R0vxxxxxx_000A07fBIsc_xBCxxxXxxFgxxn_DQ02_Blender_A1J_55000048,2,0,16,600,107.0,103.81,100.5,1,11
2,pat30,d1684369P0421610C_RL_B0Fmm00_PB0PCcZNC0909_B64mA1la0R0vxxxxxx_000A07fBIsc_xBCxxxXxxFgxxn_DQ02_Blender_A1J_55000048,2,1,17,600,108.0,104.29,101.0,1,11
2,pat30,d1684369P0421610C_RL_B0Fmm00_PB0PCcZNC0909_B64mA1la0R0vxxxxxx_000A07fBIsc_xBCxxxXxxFgxxn_DQ02_Blender_A1J_55000048,2,2,18,600,102.0,100.43,99.0,1,14
2,pat30,d1684369P0421610C_RL_B0Fmm00_PB0PCcZNC0909_B64mA1la0R0vxxxxxx_000A07fBIsc_xBCxxxXxxFgxxn_DQ02_Blender_A1J_55000048,2,3,19,600,102.0,100.47,98.5,1,9
2,pat30,d1684369P0421610C_RL_B0Fmm00_PB0PCcZNC0909_B64mA1la0R0vxxxxxx_000A07fBIsc_xBCxxxXxxFgxxn_DQ02_Blender_A1J_55000048,2,4,20,600,108.5,103.21,101.0,1,11
2,pat30,d1684369P0421610C_RL_B0Fmm00_PB0PCcZNC0909_B64mA1la0R0vxxxxxx_000A07fBIsc_xBCxxxXxxFgxxn_DQ02_Blender_A1J_55000048,2,5,21,600,107.0,103.78,101.0,1,11
2,pat30,d1684369P0421610C_RL_B0Fmm00_PB0PCcZNC0909_B64mA1la0R0vxxxxxx_000A07fBIsc_xBCxxxXxxFgxxn_DQ02_Blender_A1J_55000048,2,6,22,600,103.0,100.88,99.0,0,4
2,pat30,d1684369P0421610C_RL_B0Fmm00_PB0PCcZNC0909_B64mA1la0R0vxxxxxx_000A07fBIsc_xBCxxxXxxFgxxn_DQ02_Blender_A1J_55000048,2,7,23,600,101.5,100.01,98.5,1,8
2,pat30,d1684369P0421610C_RL_B0Fmm00_PB0PCcZNC0909_B64mA1la0R0vxxxxxx_000A07fBIsc_xBCxxxXxxFgxxn_DQ02_Blender_A1J_55000048,3,0,24,600,105.0,102.71,100.5,1,11
2,pat30,d1684369P0421610C_RL_B0Fmm00_PB0PCcZNC0909_B64mA1la0R0vxxxxxx_000A07fBIsc_xBCxxxXxxFgxxn_DQ02_Blender_A1J_55000048,3,1,25,600,104.5,102.48,100.5,1,11
2,pat30,d1684369P0421610C_RL_B0Fmm00_PB0PCcZNC0909_B64mA1la0R0vxxxxxx_000A07fBIsc_xBCxxxXxxFgxxn_DQ02_Blender_A1J_55000048,3,2,26,600,103.0,101.03,99.0,0,8
2,pat30,d1684369P0421610C_RL_B0Fmm00_PB0PCcZNC0909_B64mA1la0R0vxxxxxx_000A07fBIsc_xBCxxxXxxFgxxn_DQ02_Blender_A1J_55000048,3,3,27,600,102.5,100.52,99.0,0,8
2,pat30,d1684369P0421610C_RL_B0Fmm00_PB0PCcZNC0909_B64mA1la0R0vxxxxxx_000A07fBIsc_xBCxxxXxxFgxxn_DQ02_Blender_A1J_55000048,3,4,28,600,107.5,103.56,100.5,1,11
2,pat30,d1684369P0421610C_RL_B0Fmm00_PB0PCcZNC0909_B64mA1la0R0vxxxxxx_000A07fBIsc_xBCxxxXxxFgxxn_DQ02_Blender_A1J_55000048,3,5,29,600,105.5,102.99,101.0,1,11
2,pat30,d1684369P0421610C_RL_B0Fmm00_PB0PCcZNC0909_B64mA1la0R0vxxxxxx_000A07fBIsc_xBCxxxXxxFgxxn_DQ02_Blender_A1J_55000048,3,6,30,600,102.5,101.1,99.5,0,6
2,pat30,d1684369P0421610C_RL_B0Fmm00_PB0PCcZNC0909_B64mA1la0R0vxxxxxx_000A07fBIsc_xBCxxxXxxFgxxn_DQ02_Blender_A1J_55000048,3,7,31,600,103.5,100.93,99.5,0,8
2,pat31,d1700648P0422247C_RL_B0Fmm00_PB0PCcZNC0909_B64mA1la0R0vxxxxxx_000A07fBIsc_xBCxxxXxxFgxxn_DQ02_Aes_DZ_55100008,0,0,0,600,107.0,103.08,98.5,1,11
2,pat31,d1700648P0422247C_RL_B0Fmm00_PB0PCcZNC0909_B64mA1la0R0vxxxxxx_000A07fBIsc_xBCxxxXxxFgxxn_DQ02_Aes_DZ_55100008,0,1,1,600,108.0,103.48,99.5,1,2
2,pat31,d1700648P0422247C_RL_B0Fmm00_PB0PCcZNC0909_B64mA1la0R0vxxxxxx_000A07fBIsc_xBCxxxXxxFgxxn_DQ02_Aes_DZ_55100008,0,2,2,600,101.0,99.91,99.0,0,14
2,pat31,d1700648P0422247C_RL_B0Fmm00_PB0PCcZNC0909_B64mA1la0R0vxxxxxx_000A07fBIsc_xBCxxxXxxFgxxn_DQ02_Aes_DZ_55100008,0,3,3,600,100.5,98.95,97.5,0,8
2,pat31,d1700648P0422247C_RL_B0Fmm00_PB0PCcZNC0909_B64mA1la0R0vxxxxxx_000A07fBIsc_xBCxxxXxxFgxxn_DQ02_Aes_DZ_55100008,0,4,4,600,108.5,103.41,99.5,1,11
2,pat31,d1700648P0422247C_RL_B0Fmm00_PB0PCcZNC0909_B64mA1la0R0vxxxxxx_000A07fBIsc_xBCxxxXxxFgxxn_DQ02_Aes_DZ_55100008,0,5,5,600,108.5,104.15,100.0,1,2
2,pat31,d1700648P0422247C_RL_B0Fmm00_PB0PCcZNC0909_B64mA1la0R0vxxxxxx_000A07fBIsc_xBCxxxXxxFgxxn_DQ02_Aes_DZ_55100008,0,6,6,600,102.0,99.97,98.5,1,2
2,pat31,d1700648P0422247C_RL_B0Fmm00_PB0PCcZNC0909_B64mA1la0R0vxxxxxx_000A07fBIsc_xBCxxxXxxFgxxn_DQ02_Aes_DZ_55100008,0,7,7,600,100.5,99.52,98.0,1,8
2,pat31,d1700648P0422247C_RL_B0Fmm00_PB0PCcZNC0909_B64mA1la0R0vxxxxxx_000A07fBIsc_xBCxxxXxxFgxxn_DQ02_Aes_DZ_55100008,1,0,8,600,105.5,102.83,100.0,1,9
2,pat31,d1700648P0422247C_RL_B0Fmm00_PB0PCcZNC0909_B64mA1la0R0vxxxxxx_000A07fBIsc_xBCxxxXxxFgxxn_DQ02_Aes_DZ_55100008,1,1,9,600,105.0,102.42,99.5,0,13
2,pat31,d1700648P0422247C_RL_B0Fmm00_PB0PCcZNC0909_B64mA1la0R0vxxxxxx_000A07fBIsc_xBCxxxXxxFgxxn_DQ02_Aes_DZ_55100008,1,2,10,600,101.0,99.9,98.5,1,7
2,pat31,d1700648P0422247C_RL_B0Fmm00_PB0PCcZNC0909_B64mA1la0R0vxxxxxx_000A07fBIsc_xBCxxxXxxFgxxn_DQ02_Aes_DZ_55100008,1,3,11,600,101.5,100.03,98.0,0,8
2,pat31,d1700648P0422247C_RL_B0Fmm00_PB0PCcZNC0909_B64mA1la0R0vxxxxxx_000A07fBIsc_xBCxxxXxxFgxxn_DQ02_Aes_DZ_55100008,1,4,12,600,105.5,102.76,100.0,1,2
2,pat31,d1700648P0422247C_RL_B0Fmm00_PB0PCcZNC0909_B64mA1la0R0vxxxxxx_000A07fBIsc_xBCxxxXxxFgxxn_DQ02_Aes_DZ_55100008,1,5,13,600,106.0,103.18,100.0,1,2
2,pat31,d1700648P0422247C_RL_B0Fmm00_PB0PCcZNC0909_B64mA1la0R0vxxxxxx_000A07fBIsc_xBCxxxXxxFgxxn_DQ02_Aes_DZ_55100008,1,6,14,600,102.0,100.33,97.5,0,1
2,pat31,d1700648P0422247C_RL_B0Fmm00_PB0PCcZNC0909_B64mA1la0R0vxxxxxx_000A07fBIsc_xBCxxxXxxFgxxn_DQ02_Aes_DZ_55100008,1,7,15,600,101.5,99.75,97.5,0,8
2,pat31,d1700648P0422247C_RL_B0Fmm00_PB0PCcZNC0909_B64mA1la0R0vxxxxxx_000A07fBIsc_xBCxxxXxxFgxxn_DQ02_Aes_DZ_55100008,2,0,16,600,106.5,103.97,100.5,1,11
2,pat31,d1700648P0422247C_RL_B0Fmm00_PB0PCcZNC0909_B64mA1la0R0vxxxxxx_000A07fBIsc_xBCxxxXxxFgxxn_DQ02_Aes_DZ_55100008,2,1,17,600,108.0,104.45,101.0,1,2
2,pat31,d1700648P0422247C_RL_B0Fmm00_PB0PCcZNC0909_B64mA1la0R0vxxxxxx_000A07fBIsc_xBCxxxXxxFgxxn_DQ02_Aes_DZ_55100008,2,2,18,600,102.0,100.37,99.0,1,14
2,pat31,d1700648P0422247C_RL_B0Fmm00_PB0PCcZNC0909_B64mA1la0R0vxxxxxx_000A07fBIsc_xBCxxxXxxFgxxn_DQ02_Aes_DZ_55100008,2,3,19,600,102.0,100.41,98.5,1,11
2,pat31,d1700648P0422247C_RL_B0Fmm00_PB0PCcZNC0909_B64mA1la0R0vxxxxxx_000A07fBIsc_xBCxxxXxxFgxxn_DQ02_Aes_DZ_55100008,2,4,20,600,107.5,103.23,101.0,1,11
2,pat31,d1700648P0422247C_RL_B0Fmm00_PB0PCcZNC0909_B64mA1la0R0vxxxxxx_000A07fBIsc_xBCxxxXxxFgxxn_DQ02_Aes_DZ_55100008,2,5,21,600,106.5,103.77,101.0,1,11
2,pat31,d1700648P0422247C_RL_B0Fmm00_PB0PCcZNC0909_B64mA1la0R0vxxxxxx_000A07fBIsc_xBCxxxXxxFgxxn_DQ02_Aes_DZ_55100008,2,6,22,600,103.0,100.75,98.5,0,4
2,pat31,d1700648P0422247C_RL_B0Fmm00_PB0PCcZNC0909_B64mA1la0R0vxxxxxx_000A07fBIsc_xBCxxxXxxFgxxn_DQ02_Aes_DZ_55100008,2,7,23,600,101.5,99.93,98.5,0,8
2,pat31,d1700648P0422247C_RL_B0Fmm00_PB0PCcZNC0909_B64mA1la0R0vxxxxxx_000A07fBIsc_xBCxxxXxxFgxxn_DQ02_Aes_DZ_55100008,3,0,24,600,104.5,102.77,100.5,1,3
2,pat31,d1700648P0422247C_RL_B0Fmm00_PB0PCcZNC0909_B64mA1la0R0vxxxxxx_000A07fBIsc_xBCxxxXxxFgxxn_DQ02_Aes_DZ_55100008,3,1,25,600,104.0,102.44,100.5,1,13
2,pat31,d1700648P0422247C_RL_B0Fmm00_PB0PCcZNC0909_B64mA1la0R0vxxxxxx_000A07fBIsc_xBCxxxXxxFgxxn_DQ02_Aes_DZ_55100008,3,2,26,600,102.5,101.01,99.0,0,8
2,pat31,d1700648P0422247C_RL_B0Fmm00_PB0PCcZNC0909_B64mA1la0R0vxxxxxx_000A07fBIsc_xBCxxxXxxFgxxn_DQ02_Aes_DZ_55100008,3,3,27,600,102.0,100.5,99.0,0,8
2,pat31,d1700648P0422247C_RL_B0Fmm00_PB0PCcZNC0909_B64mA1la0R0vxxxxxx_000A07fBIsc_xBCxxxXxxFgxxn_DQ02_Aes_DZ_55100008,3,4,28,600,107.5,103.59,100.5,1,9
2,pat31,d1700648P0422247C_RL_B0Fmm00_PB0PCcZNC0909_B64mA1la0R0vxxxxxx_000A07fBIsc_xBCxxxXxxFgxxn_DQ02_Aes_DZ_55100008,3,5,29,600,104.5,102.91,101.0,1,2
2,pat31,d1700648P0422247C_RL_B0Fmm00_PB0PCcZNC0909_B64mA1la0R0vxxxxxx_000A07fBIsc_xBCxxxXxxFgxxn_DQ02_Aes_DZ_55100008,3,6,30,600,102.5,101.05,99.5,0,6
2,pat31,d1700648P0422247C_RL_B0Fmm00_PB0PCcZNC0909_B64mA1la0R0vxxxxxx_000A07fBIsc_xBCxxxXxxFgxxn_DQ02_Aes_DZ_55100008,3,7,31,600,103.0,100.85,99.5,0,8
2,pat32,d1682976P0421009C_RJ_B0Fmm00_PB0PCcZNC0909_B64mA1la0R0vxxxxxx_000A07fBIsc_xBCxxxXxxFgxxn_DQ02_Blender_Z1J_55000047,0,0,0,600,108.0,103.17,98.5,1,11
2,pat32,d1682976P0421009C_RJ_B0Fmm00_PB0PCcZNC0909_B64mA1la0R0vxxxxxx_000A07fBIsc_xBCxxxXxxFgxxn_DQ02_Blender_Z1J_55000047,0,1,1,600,109.0,103.48,99.5,1,11
2,pat32,d1682976P0421009C_RJ_B0Fmm00_PB0PCcZNC0909_B64mA1la0R0vxxxxxx_000A07fBIsc_xBCxxxXxxFgxxn_DQ02_Blender_Z1J_55000047,0,2,2,600,101.5,99.98,98.5,0,14
2,pat32,d1682976P0421009C_RJ_B0Fmm00_PB0PCcZNC0909_B64mA1la0R0vxxxxxx_000A07fBIsc_xBCxxxXxxFgxxn_DQ02_Blender_Z1J_55000047,0,3,3,600,101.0,99.02,97.5,0,10
2,pat32,d1682976P0421009C_RJ_B0Fmm00_PB0PCcZNC0909_B64mA1la0R0vxxxxxx_000A07fBIsc_xBCxxxXxxFgxxn_DQ02_Blender_Z1J_55000047,0,4,4,600,109.0,103.47,100.0,1,11
2,pat32,d1682976P0421009C_RJ_B0Fmm00_PB0PCcZNC0909_B64mA1la0R0vxxxxxx_000A07fBIsc_xBCxxxXxxFgxxn_DQ02_Blender_Z1J_55000047,0,5,5,600,109.0,104.17,100.0,1,2
2,pat32,d1682976P0421009C_RJ_B0Fmm00_PB0PCcZNC0909_B64mA1la0R0vxxxxxx_000A07fBIsc_xBCxxxXxxFgxxn_DQ02_Blender_Z1J_55000047,0,6,6,600,101.5,100.01,98.5,1,2
2,pat32,d1682976P0421009C_RJ_B0Fmm00_PB0PCcZNC0909_B64mA1la0R0vxxxxxx_000A07fBIsc_xBCxxxXxxFgxxn_DQ02_Blender_Z1J_55000047,0,7,7,600,100.5,99.49,98.0,1,6
2,pat32,d1682976P0421009C_RJ_B0Fmm00_PB0PCcZNC0909_B64mA1la0R0vxxxxxx_000A07fBIsc_xBCxxxXxxFgxxn_DQ02_Blender_Z1J_55000047,1,0,8,600,106.0,102.83,100.0,1,11
2,pat32,d1682976P0421009C_RJ_B0Fmm00_PB0PCcZNC0909_B64mA1la0R0vxxxxxx_000A07fBIsc_xBCxxxXxxFgxxn_DQ02_Blender_Z1J_55000047,1,1,9,600,105.5,102.45,99.5,1,11
2,pat32,d1682976P0421009C_RJ_B0Fmm00_PB0PCcZNC0909_B64mA1la0R0vxxxxxx_000A07fBIsc_xBCxxxXxxFgxxn_DQ02_Blender_Z1J_55000047,1,2,10,600,101.0,99.94,98.0,0,8
2,pat32,d1682976P0421009C_RJ_B0Fmm00_PB0PCcZNC0909_B64mA1la0R0vxxxxxx_000A07fBIsc_xBCxxxXxxFgxxn_DQ02_Blender_Z1J_55000047,1,3,11,600,101.5,100.03,98.0,1,12
2,pat32,d1682976P0421009C_RJ_B0Fmm00_PB0PCcZNC0909_B64mA1la0R0vxxxxxx_000A07fBIsc_xBCxxxXxxFgxxn_DQ02_Blender_Z1J_55000047,1,4,12,600,106.0,102.79,100.0,1,11
2,pat32,d1682976P0421009C_RJ_B0Fmm00_PB0PCcZNC0909_B64mA1la0R0vxxxxxx_000A07fBIsc_xBCxxxXxxFgxxn_DQ02_Blender_Z1J_55000047,1,5,13,600,106.5,103.24,100.0,1,2
2,pat32,d1682976P0421009C_RJ_B0Fmm00_PB0PCcZNC0909_B64mA1la0R0vxxxxxx_000A07fBIsc_xBCxxxXxxFgxxn_DQ02_Blender_Z1J_55000047,1,6,14,600,102.0,100.44,97.5,0,1
2,pat32,d1682976P0421009C_RJ_B0Fmm00_PB0PCcZNC0909_B64mA1la0R0vxxxxxx_000A07fBIsc_xBCxxxXxxFgxxn_DQ02_Blender_Z1J_55000047,1,7,15,600,102.0,99.81,97.5,0,8
2,pat32,d1682976P0421009C_RJ_B0Fmm00_PB0PCcZNC0909_B64mA1la0R0vxxxxxx_000A07fBIsc_xBCxxxXxxFgxxn_DQ02_Blender_Z1J_55000047,2,0,16,600,107.5,103.99,100.5,1,11
2,pat32,d1682976P0421009C_RJ_B0Fmm00_PB0PCcZNC0909_B64mA1la0R0vxxxxxx_000A07fBIsc_xBCxxxXxxFgxxn_DQ02_Blender_Z1J_55000047,2,1,17,600,108.5,104.37,100.5,1,11
2,pat32,d1682976P0421009C_RJ_B0Fmm00_PB0PCcZNC0909_B64mA1la0R0vxxxxxx_000A07fBIsc_xBCxxxXxxFgxxn_DQ02_Blender_Z1J_55000047,2,2,18,600,102.0,100.48,99.0,1,14
2,pat32,d1682976P0421009C_RJ_B0Fmm00_PB0PCcZNC0909_B64mA1la0R0vxxxxxx_000A07fBIsc_xBCxxxXxxFgxxn_DQ02_Blender_Z1J_55000047,2,3,19,600,102.0,100.45,99.0,1,5
2,pat32,d1682976P0421009C_RJ_B0Fmm00_PB0PCcZNC0909_B64mA1la0R0vxxxxxx_000A07fBIsc_xBCxxxXxxFgxxn_DQ02_Blender_Z1J_55000047,2,4,20,600,108.5,103.3,100.5,1,11
2,pat32,d1682976P0421009C_RJ_B0Fmm00_PB0PCcZNC0909_B64mA1la0R0vxxxxxx_000A07fBIsc_xBCxxxXxxFgxxn_DQ02_Blender_Z1J_55000047,2,5,21,600,107.0,103.88,101.0,1,11
2,pat32,d1682976P0421009C_RJ_B0Fmm00_PB0PCcZNC0909_B64mA1la0R0vxxxxxx_000A07fBIsc_xBCxxxXxxFgxxn_DQ02_Blender_Z1J_55000047,2,6,22,600,103.0,100.87,98.5,0,4
2,pat32,d1682976P0421009C_RJ_B0Fmm00_PB0PCcZNC0909_B64mA1la0R0vxxxxxx_000A07fBIsc_xBCxxxXxxFgxxn_DQ02_Blender_Z1J_55000047,2,7,23,600,101.5,100.0,98.5,1,8
2,pat32,d1682976P0421009C_RJ_B0Fmm00_PB0PCcZNC0909_B64mA1la0R0vxxxxxx_000A07fBIsc_xBCxxxXxxFgxxn_DQ02_Blender_Z1J_55000047,3,0,24,600,105.0,102.76,100.5,1,11
2,pat32,d1682976P0421009C_RJ_B0Fmm00_PB0PCcZNC0909_B64mA1la0R0vxxxxxx_000A07fBIsc_xBCxxxXxxFgxxn_DQ02_Blender_Z1J_55000047,3,1,25,600,104.5,102.45,100.5,0,11
2,pat32,d1682976P0421009C_RJ_B0Fmm00_PB0PCcZNC0909_B64mA1la0R0vxxxxxx_000A07fBIsc_xBCxxxXxxFgxxn_DQ02_Blender_Z1J_55000047,3,2,26,600,102.5,101.07,99.0,0,6
2,pat32,d1682976P0421009C_RJ_B0Fmm00_PB0PCcZNC0909_B64mA1la0R0vxxxxxx_000A07fBIsc_xBCxxxXxxFgxxn_DQ02_Blender_Z1J_55000047,3,3,27,600,102.0,100.55,99.0,0,8
2,pat32,d1682976P0421009C_RJ_B0Fmm00_PB0PCcZNC0909_B64mA1la0R0vxxxxxx_000A07fBIsc_xBCxxxXxxFgxxn_DQ02_Blender_Z1J_55000047,3,4,28,600,107.5,103.69,100.5,1,11
2,pat32,d1682976P0421009C_RJ_B0Fmm00_PB0PCcZNC0909_B64mA1la0R0vxxxxxx_000A07fBIsc_xBCxxxXxxFgxxn_DQ02_Blender_Z1J_55000047,3,5,29,600,105.5,103.05,101.0,1,11
2,pat32,d1682976P0421009C_RJ_B0Fmm00_PB0PCcZNC0909_B64mA1la0R0vxxxxxx_000A07fBIsc_xBCxxxXxxFgxxn_DQ02_Blender_Z1J_55000047,3,6,30,600,102.5,101.06,99.5,0,6
2,pat32,d1682976P0421009C_RJ_B0Fmm00_PB0PCcZNC0909_B64mA1la0R0vxxxxxx_000A07fBIsc_xBCxxxXxxFgxxn_DQ02_Blender_Z1J_55000047,3,7,31,600,103.0,100.93,99.5,0,8
2,pat33,d1683985P0421352C_RL_B0Fmm00_PB0PCcZNC0909_B64mA1la0R0vxxxxxx_000A07fBIsc_xBCxxxXxxFgxxn_DQ02_FRM_SqrtSZ_5500022B,0,0,0,600,107.5,103.07,98.5,1,11
2,pat33,d1683985P0421352C_RL_B0Fmm00_PB0PCcZNC0909_B64mA1la0R0vxxxxxx_000A07fBIsc_xBCxxxXxxFgxxn_DQ02_FRM_SqrtSZ_5500022B,0,1,1,600,109.0,103.26,99.0,1,11
2,pat33,d1683985P0421352C_RL_B0Fmm00_PB0PCcZNC0909_B64mA1la0R0vxxxxxx_000A07fBIsc_xBCxxxXxxFgxxn_DQ02_FRM_SqrtSZ_5500022B,0,2,2,600,101.5,99.84,98.5,0,14
2,pat33,d1683985P0421352C_RL_B0Fmm00_PB0PCcZNC0909_B64mA1la0R0vxxxxxx_000A07fBIsc_xBCxxxXxxFgxxn_DQ02_FRM_SqrtSZ_5500022B,0,3,3,600,100.5,99.0,97.5,0,8
2,pat33,d1683985P0421352C_RL_B0Fmm00_PB0PCcZNC0909_B64mA1la0R0vxxxxxx_000A07fBIsc_xBCxxxXxxFgxxn_DQ02_FRM_SqrtSZ_5500022B,0,4,4,600,108.5,103.27,99.5,1,11
2,pat33,d1683985P0421352C_RL_B0Fmm00_PB0PCcZNC0909_B64mA1la0R0vxxxxxx_000A07fBIsc_xBCxxxXxxFgxxn_DQ02_FRM_SqrtSZ_5500022B,0,5,5,600,108.0,104.01,99.5,1,2
2,pat33,d1683985P0421352C_RL_B0Fmm00_PB0PCcZNC0909_B64mA1la0R0vxxxxxx_000A07fBIsc_xBCxxxXxxFgxxn_DQ02_FRM_SqrtSZ_5500022B,0,6,6,600,102.0,99.92,98.5,1,2
2,pat33,d1683985P0421352C_RL_B0Fmm00_PB0PCcZNC0909_B64mA1la0R0vxxxxxx_000A07fBIsc_xBCxxxXxxFgxxn_DQ02_FRM_SqrtSZ_5500022B,0,7,7,600,101.0,99.42,98.0,1,8
2,pat33,d1683985P0421352C_RL_B0Fmm00_PB0PCcZNC0909_B64mA1la0R0vxxxxxx_000A07fBIsc_xBCxxxXxxFgxxn_DQ02_FRM_SqrtSZ_5500022B,1,0,8,600,105.5,102.7,100.0,1,11
2,pat33,d1683985P0421352C_RL_B0Fmm00_PB0PCcZNC0909_B64mA1la0R0vxxxxxx_000A07fBIsc_xBCxxxXxxFgxxn_DQ02_FRM_SqrtSZ_5500022B,1,1,9,600,105.0,102.32,99.5,0,2
2,pat33,d1683985P0421352C_RL_B0Fmm00_PB0PCcZNC0909_B64mA1la0R0vxxxxxx_000A07fBIsc_xBCxxxXxxFgxxn_DQ02_FRM_SqrtSZ_5500022B,1,2,10,600,101.0,99.92,98.0,0,8
2,pat33,d1683985P0421352C_RL_B0Fmm00_PB0PCcZNC0909_B64mA1la0R0vxxxxxx_000A07fBIsc_xBCxxxXxxFgxxn_DQ02_FRM_SqrtSZ_5500022B,1,3,11,600,101.5,99.96,98.0,0,8
2,pat33,d1683985P0421352C_RL_B0Fmm00_PB0PCcZNC0909_B64mA1la0R0vxxxxxx_000A07fBIsc_xBCxxxXxxFgxxn_DQ02_FRM_SqrtSZ_5500022B,1,4,12,600,105.5,102.62,100.0,1,2
2,pat33,d1683985P0421352C_RL_B0Fmm00_PB0PCcZNC0909_B64mA1la0R0vxxxxxx_000A07fBIsc_xBCxxxXxxFgxxn_DQ02_FRM_SqrtSZ_5500022B,1,5,13,600,106.0,103.03,100.0,1,2
2,pat33,d1683985P0421352C_RL_B0Fmm00_PB0PCcZNC0909_B64mA1la0R0vxxxxxx_000A07fBIsc_xBCxxxXxxFgxxn_DQ02_FRM_SqrtSZ_5500022B,1,6,14,600,102.0,100.33,97.5,0,1
2,pat33,d1683985P0421352C_RL_B0Fmm00_PB0PCcZNC0909_B64mA1la0R0vxxxxxx_000A07fBIsc_xBCxxxXxxFgxxn_DQ02_FRM_SqrtSZ_5500022B,1,7,15,600,102.0,99.75,97.5,0,8
2,pat33,d1683985P0421352C_RL_B0Fmm00_PB0PCcZNC0909_B64mA1la0R0vxxxxxx_000A07fBIsc_xBCxxxXxxFgxxn_DQ02_FRM_SqrtSZ_5500022B,2,0,16,600,106.5,103.72,100.0,1,11
2,pat33,d1683985P0421352C_RL_B0Fmm00_PB0PCcZNC0909_B64mA1la0R0vxxxxxx_000A07fBIsc_xBCxxxXxxFgxxn_DQ02_FRM_SqrtSZ_5500022B,2,1,17,600,108.0,104.14,100.5,1,2
2,pat33,d1683985P0421352C_RL_B0Fmm00_PB0PCcZNC0909_B64mA1la0R0vxxxxxx_000A07fBIsc_xBCxxxXxxFgxxn_DQ02_FRM_SqrtSZ_5500022B,2,2,18,600,102.0,100.47,99.0,1,14
2,pat33,d1683985P0421352C_RL_B0Fmm00_PB0PCcZNC0909_B64mA1la0R0vxxxxxx_000A07fBIsc_xBCxxxXxxFgxxn_DQ02_FRM_SqrtSZ_5500022B,2,3,19,600,102.0,100.42,99.0,1,9
2,pat33,d1683985P0421352C_RL_B0Fmm00_PB0PCcZNC0909_B64mA1la0R0vxxxxxx_000A07fBIsc_xBCxxxXxxFgxxn_DQ02_FRM_SqrtSZ_5500022B,2,4,20,600,107.5,103.05,100.5,1,11
2,pat33,d1683985P0421352C_RL_B0Fmm00_PB0PCcZNC0909_B64mA1la0R0vxxxxxx_000A07fBIsc_xBCxxxXxxFgxxn_DQ02_FRM_SqrtSZ_5500022B,2,5,21,600,107.0,103.68,100.5,1,11
2,pat33,d1683985P0421352C_RL_B0Fmm00_PB0PCcZNC0909_B64mA1la0R0vxxxxxx_000A07fBIsc_xBCxxxXxxFgxxn_DQ02_FRM_SqrtSZ_5500022B,2,6,22,600,103.0,100.71,98.5,0,4
2,pat33,d1683985P0421352C_RL_B0Fmm00_PB0PCcZNC0909_B64mA1la0R0vxxxxxx_000A07fBIsc_xBCxxxXxxFgxxn_DQ02_FRM_SqrtSZ_5500022B,2,7,23,600,101.5,99.93,98.5,1,9
2,pat33,d1683985P0421352C_RL_B0Fmm00_PB0PCcZNC0909_B64mA1la0R0vxxxxxx_000A07fBIsc_xBCxxxXxxFgxxn_DQ02_FRM_SqrtSZ_5500022B,3,0,24,600,105.0,102.67,100.5,1,11
2,pat33,d1683985P0421352C_RL_B0Fmm00_PB0PCcZNC0909_B64mA1la0R0vxxxxxx_000A07fBIsc_xBCxxxXxxFgxxn_DQ02_FRM_SqrtSZ_5500022B,3,1,25,600,104.0,102.34,100.5,1,11
2,pat33,d1683985P0421352C_RL_B0Fmm00_PB0PCcZNC0909_B64mA1la0R0vxxxxxx_000A07fBIsc_xBCxxxXxxFgxxn_DQ02_FRM_SqrtSZ_5500022B,3,2,26,600,102.5,101.05,99.5,0,8
2,pat33,d1683985P0421352C_RL_B0Fmm00_PB0PCcZNC0909_B64mA1la0R0vxxxxxx_000A07fBIsc_xBCxxxXxxFgxxn_DQ02_FRM_SqrtSZ_5500022B,3,3,27,600,102.0,100.48,99.0,0,8
2,pat33,d1683985P0421352C_RL_B0Fmm00_PB0PCcZNC0909_B64mA1la0R0vxxxxxx_000A07fBIsc_xBCxxxXxxFgxxn_DQ02_FRM_SqrtSZ_5500022B,3,4,28,600,107.5,103.41,100.0,1,11
2,pat33,d1683985P0421352C_RL_B0Fmm00_PB0PCcZNC0909_B64mA1la0R0vxxxxxx_000A07fBIsc_xBCxxxXxxFgxxn_DQ02_FRM_SqrtSZ_5500022B,3,5,29,600,105.0,102.89,101.0,1,11
2,pat33,d1683985P0421352C_RL_B0Fmm00_PB0PCcZNC0909_B64mA1la0R0vxxxxxx_000A07fBIsc_xBCxxxXxxFgxxn_DQ02_FRM_SqrtSZ_5500022B,3,6,30,600,102.5,100.98,99.5,0,6
2,pat33,d1683985P0421352C_RL_B0Fmm00_PB0PCcZNC0909_B64mA1la0R0vxxxxxx_000A07fBIsc_xBCxxxXxxFgxxn_DQ02_FRM_SqrtSZ_5500022B,3,7,31,600,103.0,100.8,99.0,0,8
2,pat34,d1684458P0421539C_RL_B0Fmm00_PB0PCcZNC0909_B64mA1la0R0vxxxxxx_000A07fBIsc_xBCxxxXxxFgxxn_DQ02_LeekSpin_X_550002B3,0,0,0,600,107.5,103.42,99.0,1,2
2,pat34,d1684458P0421539C_RL_B0Fmm00_PB0PCcZNC0909_B64mA1la0R0vxxxxxx_000A07fBIsc_xBCxxxXxxFgxxn_DQ02_LeekSpin_X_550002B3,0,1,1,600,109.0,103.64,100.0,1,2
2,pat34,d1684458P0421539C_RL_B0Fmm00_PB0PCcZNC0909_B64mA1la0R0vxxxxxx_000A07fBIsc_xBCxxxXxxFgxxn_DQ02_LeekSpin_X_550002B3,0,2,2,600,101.5,100.0,99.0,0,14
2,pat34,d1684458P0421539C_RL_B0Fmm00_PB0PCcZNC0909_B64mA1la0R0vxxxxxx_000A07fBIsc_xBCxxxXxxFgxxn_DQ02_LeekSpin_X_550002B3,0,3,3,600,100.5,99.08,97.5,0,8
2,pat34,d1684458P0421539C_RL_B0Fmm00_PB0PCcZNC0909_B64mA1la0R0vxxxxxx_000A07fBIsc_xBCxxxXxxFgxxn_DQ02_LeekSpin_X_550002B3,0,4,4,600,108.5,103.67,100.0,1,11
2,pat34,d1684458P0421539C_RL_B0Fmm00_PB0PCcZNC0909_B64mA1la0R0vxxxxxx_000A07fBIsc_xBCxxxXxxFgxxn_DQ02_LeekSpin_X_550002B3,0,5,5,600,109.0,104.34,100.0,1,2
2,pat34,d1684458P0421539C_RL_B0Fmm00_PB0PCcZNC0909_B64mA1la0R0vxxxxxx_000A07fBIsc_xBCxxxXxxFgxxn_DQ02_LeekSpin_X_550002B3,0,6,6,600,102.0,100.08,98.5,1,2
2,pat34,d1684458P0421539C_RL_B0Fmm00_PB0PCcZNC0909_B64mA1la0R0vxxxxxx_000A07fBIsc_xBCxxxXxxFgxxn_DQ02_LeekSpin_X_550002B3,0,7,7,600,100.5,99.55,98.0,0,6
2,pat34,d1684458P0421539C_RL_B0Fmm00_PB0PCcZNC0909_B64mA1la0R0vxxxxxx_000A07fBIsc_xBCxxxXxxFgxxn_DQ02_LeekSpin_X_550002B3,1,0,8,600,105.5,102.94,100.0,1,11
2,pat34,d1684458P0421539C_RL_B0Fmm00_PB0PCcZNC0909_B64mA1la0R0vxxxxxx_000A07fBIsc_xBCxxxXxxFgxxn_DQ02_LeekSpin_X_550002B3,1,1,9,600,105.5,102.65,99.5,0,2
2,pat34,d1684458P0421539C_RL_B0Fmm00_PB0PCcZNC0909_B64mA1la0R0vxxxxxx_000A07fBIsc_xBCxxxXxxFgxxn_DQ02_LeekSpin_X_550002B3,1,2,10,600,101.5,99.99,98.5,0,8
2,pat34,d1684458P0421539C_RL_B0Fmm00_PB0PCcZNC0909_B64mA1la0R0vxxxxxx_000A07fBIsc_xBCxxxXxxFgxxn_DQ02_LeekSpin_X_550002B3,1,3,11,600,101.5,100.1,98.5,0,8
2,pat34,d1684458P0421539C_RL_B0Fmm00_PB0PCcZNC0909_B64mA1la0R0vxxxxxx_000A07fBIsc_xBCxxxXxxFgxxn_DQ02_LeekSpin_X_550002B3,1,4,12,600,106.0,103.02,100.5,0,11
2,pat34,d1684458P0421539C_RL_B0Fmm00_PB0PCcZNC0909_B64mA1la0R0vxxxxxx_000A07fBIsc_xBCxxxXxxFgxxn_DQ02_LeekSpin_X_550002B3,1,5,13,600,106.5,103.4,100.0,1,2
2,pat34,d1684458P0421539C_RL_B0Fmm00_PB0PCcZNC0909_B64mA1la0R0vxxxxxx_000A07fBIsc_xBCxxxXxxFgxxn_DQ02_LeekSpin_X_550002B3,1,6,14,600,102.0,100.49,98.0,0,8
2,pat34,d1684458P0421539C_RL_B0Fmm00_PB0PCcZNC0909_B64mA1la0R0vxxxxxx_000A07fBIsc_xBCxxxXxxFgxxn_DQ02_LeekSpin_X_550002B3,1,7,15,600,102.0,99.94,98.0,0,14
2,pat34,d1684458P0421539C_RL_B0Fmm00_PB0PCcZNC0909_B64mA1la0R0vxxxxxx_000A07fBIsc_xBCxxxXxxFgxxn_DQ02_LeekSpin_X_550002B3,2,0,16,600,106.5,104.03,100.5,0,2
2,pat34,d1684458P0421539C_RL_B0Fmm00_PB0PCcZNC0909_B64mA1la0R0vxxxxxx_000A07fBIsc_xBCxxxXxxFgxxn_DQ02_LeekSpin_X_550002B3,2,1,17,600,108.5,104.61,101.0,1,2
2,pat34,d1684458P0421539C_RL_B0Fmm00_PB0PCcZNC0909_B64mA1la0R0vxxxxxx_000A07fBIsc_xBCxxxXxxFgxxn_DQ02_LeekSpin_X_550002B3,2,2,18,600,102.5,100.58,99.5,1,14
2,pat34,d1684458P0421539C_RL_B0Fmm00_PB0PCcZNC0909_B64mA1la0R0vxxxxxx_000A07fBIsc_xBCxxxXxxFgxxn_DQ02_LeekSpin_X_550002B3,2,3,19,600,102.0,100.5,99.0,1,5
2,pat34,d1684458P0421539C_RL_B0Fmm00_PB0PCcZNC0909_B64mA1la0R0vxxxxxx_000A07fBIsc_xBCxxxXxxFgxxn_DQ02_LeekSpin_X_550002B3,2,4,20,600,108.5,103.42,100.5,1,11
2,pat34,d1684458P0421539C_RL_B0Fmm00_PB0PCcZNC0909_B64mA1la0R0vxxxxxx_000A07fBIsc_xBCxxxXxxFgxxn_DQ02_LeekSpin_X_550002B3,2,5,21,600,106.5,103.92,101.0,1,11
2,pat34,d1684458P0421539C_RL_B0Fmm00_PB0PCcZNC0909_B64mA1la0R0vxxxxxx_000A07fBIsc_xBCxxxXxxFgxxn_DQ02_LeekSpin_X_550002B3,2,6,22,600,103.5,100.89,99.0,0,8
2,pat34,d1684458P0421539C_RL_B0Fmm00_PB0PCcZNC0909_B64mA1la0R0vxxxxxx_000A07fBIsc_xBCxxxXxxFgxxn_DQ02_LeekSpin_X_550002B3,2,7,23,600,101.5,100.01,98.5,1,9
2,pat34,d1684458P0421539C_RL_B0Fmm00_PB0PCcZNC0909_B64mA1la0R0vxxxxxx_000A07fBIsc_xBCxxxXxxFgxxn_DQ02_LeekSpin_X_550002B3,3,0,24,600,105.0,102.87,100.5,1,0
2,pat34,d1684458P0421539C_RL_B0Fmm00_PB0PCcZNC0909_B64mA1la0R0vxxxxxx_000A07fBIsc_xBCxxxXxxFgxxn_DQ02_LeekSpin_X_550002B3,3,1,25,600,104.5,102.65,100.5,0,0
2,pat34,d1684458P0421539C_RL_B0Fmm00_PB0PCcZNC0909_B64mA1la0R0vxxxxxx_000A07fBIsc_xBCxxxXxxFgxxn_DQ02_LeekSpin_X_550002B3,3,2,26,600,103.0,101.14,99.0,0,8
2,pat34,d1684458P0421539C_RL_B0Fmm00_PB0PCcZNC0909_B64mA1la0R0vxxxxxx_000A07fBIsc_xBCxxxXxxFgxxn_DQ02_LeekSpin_X_550002B3,3,3,27,600,102.0,100.53,99.0,0,8
2,pat34,d1684458P0421539C_RL_B0Fmm00_PB0PCcZNC0909_B64mA1la0R0vxxxxxx_000A07fBIsc_xBCxxxXxxFgxxn_DQ02_LeekSpin_X_550002B3,3,4,28,600,107.5,103.67,100.0,1,11
2,pat34,d1684458P0421539C_RL_B0Fmm00_PB0PCcZNC0909_B64mA1la0R0vxxxxxx_000A07fBIsc_xBCxxxXxxFgxxn_DQ02_LeekSpin_X_550002B3,3,5,29,600,105.5,103.22,101.5,1,0
2,pat34,d1684458P0421539C_RL_B0Fmm00_PB0PCcZNC0909_B64mA1la0R0vxxxxxx_000A07fBIsc_xBCxxxXxxFgxxn_DQ02_LeekSpin_X_550002B3,3,6,30,600,102.5,101.07,99.5,0,6
2,pat34,d1684458P0421539C_RL_B0Fmm00_PB0PCcZNC0909_B64mA1la0R0vxxxxxx_000A07fBIsc_xBCxxxXxxFgxxn_DQ02_LeekSpin_X_550002B3,3,7,31,600,103.5,100.92,99.5,0,8
2,pat35,d1700669P0422260C_RL_B0Fmm00_PB0PCcZNC0909_B64mA1la0R0vxxxxxx_000A07fBIsc_xBCxxxXxxFgxxn_DQ02_FRM_SqrtSZ_55100263,0,0,0,600,107.5,103.21,99.0,1,11
2,pat35,d1700669P0422260C_RL_B0Fmm00_PB0PCcZNC0909_B64mA1la0R0vxxxxxx_000A07fBIsc_xBCxxxXxxFgxxn_DQ02_FRM_SqrtSZ_55100263,0,1,1,600,108.0,103.44,99.5,1,11
2,pat35,d1700669P0422260C_RL_B0Fmm00_PB0PCcZNC0909_B64mA1la0R0vxxxxxx_000A07fBIsc_xBCxxxXxxFgxxn_DQ02_FRM_SqrtSZ_55100263,0,2,2,600,101.5,99.91,98.5,0,14
2,pat35,d1700669P0422260C_RL_B0Fmm00_PB0PCcZNC0909_B64mA1la0R0vxxxxxx_000A07fBIsc_xBCxxxXxxFgxxn_DQ02_FRM_SqrtSZ_55100263,0,3,3,600,100.5,98.99,97.5,0,8
2,pat35,d1700669P0422260C_RL_B0Fmm00_PB0PCcZNC0909_B64mA1la0R0vxxxxxx_000A07fBIsc_xBCxxxXxxFgxxn_DQ02_FRM_SqrtSZ_55100263,0,4,4,600,108.5,103.48,100.0,1,11
2,pat35,d1700669P0422260C_RL_B0Fmm00_PB0PCcZNC0909_B64mA1la0R0vxxxxxx_000A07fBIsc_xBCxxxXxxFgxxn_DQ02_FRM_SqrtSZ_55100263,0,5,5,600,108.0,104.09,100.0,1,2
2,pat35,d1700669P0422260C_RL_B0Fmm00_PB0PCcZNC0909_B64mA1la0R0vxxxxxx_000A07fBIsc_xBCxxxXxxFgxxn_DQ02_FRM_SqrtSZ_55100263,0,6,6,600,101.5,99.94,98.5,1,2
2,pat35,d1700669P0422260C_RL_B0Fmm00_PB0PCcZNC0909_B64mA1la0R0vxxxxxx_000A07fBIsc_xBCxxxXxxFgxxn_DQ02_FRM_SqrtSZ_55100263,0,7,7,600,100.5,99.35,97.5,0,6
2,pat35,d1700669P0422260C_RL_B0Fmm00_PB0PCcZNC0909_B64mA1la0R0vxxxxxx_000A07fBIsc_xBCxxxXxxFgxxn_DQ02_FRM_SqrtSZ_55100263,1,0,8,600,105.5,102.81,100.0,1,11
2,pat35,d1700669P0422260C_RL_B0Fmm00_PB0PCcZNC0909_B64mA1la0R0vxxxxxx_000A07fBIsc_xBCxxxXxxFgxxn_DQ02_FRM_SqrtSZ_55100263,1,1,9,600,104.5,102.36,99.5,1,0
2,pat35,d1700669P0422260C_RL_B0Fmm00_PB0PCcZNC0909_B64mA1la0R0vxxxxxx_000A07fBIsc_xBCxxxXxxFgxxn_DQ02_FRM_SqrtSZ_55100263,1,2,10,600,101.5,99.88,98.0,0,8
2,pat35,d1700669P0422260C_RL_B0Fmm00_PB0PCcZNC0909_B64mA1la0R0vxxxxxx_000A07fBIsc_xBCxxxXxxFgxxn_DQ02_FRM_SqrtSZ_55100263,1,3,11,600,101.5,99.99,98.5,0,8
2,pat35,d1700669P0422260C_RL_B0Fmm00_PB0PCcZNC0909_B64mA1la0R0vxxxxxx_000A07fBIsc_xBCxxxXxxFgxxn_DQ02_FRM_SqrtSZ_55100263,1,4,12,600,105.5,102.85,100.5,1,2
2,pat35,d1700669P0422260C_RL_B0Fmm00_PB0PCcZNC0909_B64mA1la0R0vxxxxxx_000A07fBIsc_xBCxxxXxxFgxxn_DQ02_FRM_SqrtSZ_55100263,1,5,13,600,106.0,103.09,100.0,1,2
2,pat35,d1700669P0422260C_RL_B0Fmm00_PB0PCcZNC0909_B64mA1la0R0vxxxxxx_000A07fBIsc_xBCxxxXxxFgxxn_DQ02_FRM_SqrtSZ_55100263,1,6,14,600,102.5,100.36,97.5,0,1
2,pat35,d1700669P0422260C_RL_B0Fmm00_PB0PCcZNC0909_B64mA1la0R0vxxxxxx_000A07fBIsc_xBCxxxXxxFgxxn_DQ02_FRM_SqrtSZ_55100263,1,7,15,600,101.5,99.79,97.5,0,14
2,pat35,d1700669P0422260C_RL_B0Fmm00_PB0PCcZNC0909_B64mA1la0R0vxxxxxx_000A07fBIsc_xBCxxxXxxFgxxn_DQ02_FRM_SqrtSZ_55100263,2,0,16,600,107.0,103.88,100.5,0,0
2,pat35,d1700669P0422260C_RL_B0Fmm00_PB0PCcZNC0909_B64mA1la0R0vxxxxxx_000A07fBIsc_xBCxxxXxxFgxxn_DQ02_FRM_SqrtSZ_55100263,2,1,17,600,108.0,104.39,101.0,1,2
2,pat35,d1700669P0422260C_RL_B0Fmm00_PB0PCcZNC0909_B64mA1la0R0vxxxxxx_000A07fBIsc_xBCxxxXxxFgxxn_DQ02_FRM_SqrtSZ_55100263,2,2,18,600,102.0,100.42,99.5,1,14
2,pat35,d1700669P0422260C_RL_B0Fmm00_PB0PCcZNC0909_B64mA1la0R0vxxxxxx_000A07fBIsc_xBCxxxXxxFgxxn_DQ02_FRM_SqrtSZ_55100263,2,3,19,600,102.0,100.36,99.0,1,5
2,pat35,d1700669P0422260C_RL_B0Fmm00_PB0PCcZNC0909_B64mA1la0R0vxxxxxx_000A07fBIsc_xBCxxxXxxFgxxn_DQ02_FRM_SqrtSZ_55100263,2,4,20,600,107.5,103.26,100.5,1,11
2,pat35,d1700669P0422260C_RL_B0Fmm00_PB0PCcZNC0909_B64mA1la0R0vxxxxxx_000A07fBIsc_xBCxxxXxxFgxxn_DQ02_FRM_SqrtSZ_55100263,2,5,21,600,106.5,103.71,101.0,1,11
2,pat35,d1700669P0422260C_RL_B0Fmm00_PB0PCcZNC0909_B64mA1la0R0vxxxxxx_000A07fBIsc_xBCxxxXxxFgxxn_DQ02_FRM_SqrtSZ_55100263,2,6,22,600,103.0,100.76,98.5,0,4
2,pat35,d1700669P0422260C_RL_B0Fmm00_PB0PCcZNC0909_B64mA1la0R0vxxxxxx_000A07fBIsc_xBCxxxXxxFgxxn_DQ02_FRM_SqrtSZ_55100263,2,7,23,600,101.0,99.94,98.0,0,8
2,pat35,d1700669P0422260C_RL_B0Fmm00_PB0PCcZNC0909_B64mA1la0R0vxxxxxx_000A07fBIsc_xBCxxxXxxFgxxn_DQ02_FRM_SqrtSZ_55100263,3,0,24,600,105.0,102.72,100.5,1,0
2,pat35,d1700669P0422260C_RL_B0Fmm00_PB0PCcZNC0909_B64mA1la0R0vxxxxxx_000A07fBIsc_xBCxxxXxxFgxxn_DQ02_FRM_SqrtSZ_55100263,3,1,25,600,104.5,102.51,100.5,0,0
2,pat35,d1700669P0422260C_RL_B0Fmm00_PB0PCcZNC0909_B64mA1la0R0vxxxxxx_000A07fBIsc_xBCxxxXxxFgxxn_DQ02_FRM_SqrtSZ_55100263,3,2,26,600,103.0,101.09,99.5,0,8
2,pat35,d1700669P0422260C_RL_B0Fmm00_PB0PCcZNC0909_B64mA1la0R0vxxxxxx_000A07fBIsc_xBCxxxXxxFgxxn_DQ02_FRM_SqrtSZ_55100263,3,3,27,600,102.0,100.47,99.0,0,8
2,pat35,d1700669P0422260C_RL_B0Fmm00_PB0PCcZNC0909_B64mA1la0R0vxxxxxx_000A07fBIsc_xBCxxxXxxFgxxn_DQ02_FRM_SqrtSZ_55100263,3,4,28,600,107.0,103.49,100.0,1,11
2,pat35,d1700669P0422260C_RL_B0Fmm00_PB0PCcZNC0909_B64mA1la0R0vxxxxxx_000A07fBIsc_xBCxxxXxxFgxxn_DQ02_FRM_SqrtSZ_55100263,3,5,29,600,105.5,103.12,101.0,1,0
2,pat35,d1700669P0422260C_RL_B0Fmm00_PB0PCcZNC0909_B64mA1la0R0vxxxxxx_000A07fBIsc_xBCxxxXxxFgxxn_DQ02_FRM_SqrtSZ_55100263,3,6,30,600,102.5,100.98,99.5,0,6
2,pat35,d1700669P0422260C_RL_B0Fmm00_PB0PCcZNC0909_B64mA1la0R0vxxxxxx_000A07fBIsc_xBCxxxXxxFgxxn_DQ02_FRM_SqrtSZ_55100263,3,7,31,600,103.5,100.85,99.0,0,8
2,pat36,d1684485P0421631C_Nt_B0Fmm00_PB0PCcZNC0909_B64mA1la0R0vxxxxxx_000A07fBIsc_xBCxxxXxxFgxxn_DQ02_Scylla_NDX_55000302,0,0,0,600,106.5,102.59,99.0,1,2
2,pat36,d1684485P0421631C_Nt_B0Fmm00_PB0PCcZNC0909_B64mA1la0R0vxxxxxx_000A07fBIsc_xBCxxxXxxFgxxn_DQ02_Scylla_NDX_55000302,0,1,1,600,107.5,102.83,98.5,1,2
2,pat36,d1684485P0421631C_Nt_B0Fmm00_PB0PCcZNC0909_B64mA1la0R0vxxxxxx_000A07fBIsc_xBCxxxXxxFgxxn_DQ02_Scylla_NDX_55000302,0,2,2,600,101.5,99.97,99.0,0,14
2,pat36,d1684485P0421631C_Nt_B0Fmm00_PB0PCcZNC0909_B64mA1la0R0vxxxxxx_000A07fBIsc_xBCxxxXxxFgxxn_DQ02_Scylla_NDX_55000302,0,3,3,600,100.5,99.03,97.5,0,8
2,pat36,d1684485P0421631C_Nt_B0Fmm00_PB0PCcZNC0909_B64mA1la0R0vxxxxxx_000A07fBIsc_xBCxxxXxxFgxxn_DQ02_Scylla_NDX_55000302,0,4,4,600,107.0,102.94,99.0,1,2
2,pat36,d1684485P0421631C_Nt_B0Fmm00_PB0PCcZNC0909_B64mA1la0R0vxxxxxx_000A07fBIsc_xBCxxxXxxFgxxn_DQ02_Scylla_NDX_55000302,0,5,5,600,108.0,103.57,99.5,1,2
2,pat36,d1684485P0421631C_Nt_B0Fmm00_PB0PCcZNC0909_B64mA1la0R0vxxxxxx_000A07fBIsc_xBCxxxXxxFgxxn_DQ02_Scylla_NDX_55000302,0,6,6,600,101.5,99.95,98.0,1,13
2,pat36,d1684485P0421631C_Nt_B0Fmm00_PB0PCcZNC0909_B64mA1la0R0vxxxxxx_000A07fBIsc_xBCxxxXxxFgxxn_DQ02_Scylla_NDX_55000302,0,7,7,600,100.5,99.41,97.5,0,6
2,pat36,d1684485P0421631C_Nt_B0Fmm00_PB0PCcZNC0909_B64mA1la0R0vxxxxxx_000A07fBIsc_xBCxxxXxxFgxxn_DQ02_Scylla_NDX_55000302,1,0,8,600,104.5,102.21,99.5,1,2
2,pat36,d1684485P0421631C_Nt_B0Fmm00_PB0PCcZNC0909_B64mA1la0R0vxxxxxx_000A07fBIsc_xBCxxxXxxFgxxn_DQ02_Scylla_NDX_55000302,1,1,9,600,104.5,101.97,99.5,0,2
2,pat36,d1684485P0421631C_Nt_B0Fmm00_PB0PCcZNC0909_B64mA1la0R0vxxxxxx_000A07fBIsc_xBCxxxXxxFgxxn_DQ02_Scylla_NDX_55000302,1,2,10,600,101.5,99.89,98.0,0,8
2,pat36,d1684485P0421631C_Nt_B0Fmm00_PB0PCcZNC0909_B64mA1la0R0vxxxxxx_000A07fBIsc_xBCxxxXxxFgxxn_DQ02_Scylla_NDX_55000302,1,3,11,600,101.5,100.03,98.5,0,8
2,pat36,d1684485P0421631C_Nt_B0Fmm00_PB0PCcZNC0909_B64mA1la0R0vxxxxxx_000A07fBIsc_xBCxxxXxxFgxxn_DQ02_Scylla_NDX_55000302,1,4,12,600,105.0,102.35,100.0,1,2
2,pat36,d1684485P0421631C_Nt_B0Fmm00_PB0PCcZNC0909_B64mA1la0R0vxxxxxx_000A07fBIsc_xBCxxxXxxFgxxn_DQ02_Scylla_NDX_55000302,1,5,13,600,106.0,102.75,100.0,1,2
2,pat36,d1684485P0421631C_Nt_B0Fmm00_PB0PCcZNC0909_B64mA1la0R0vxxxxxx_000A07fBIsc_xBCxxxXxxFgxxn_DQ02_Scylla_NDX_55000302,1,6,14,600,102.0,100.41,98.0,0,1
2,pat36,d1684485P0421631C_Nt_B0Fmm00_PB0PCcZNC0909_B64mA1la0R0vxxxxxx_000A07fBIsc_xBCxxxXxxFgxxn_DQ02_Scylla_NDX_55000302,1,7,15,600,101.5,99.78,97.5,0,8
2,pat36,d1684485P0421631C_Nt_B0Fmm00_PB0PCcZNC0909_B64mA1la0R0vxxxxxx_000A07fBIsc_xBCxxxXxxFgxxn_DQ02_Scylla_NDX_55000302,2,0,16,600,106.0,103.4,100.0,0,2
2,pat36,d1684485P0421631C_Nt_B0Fmm00_PB0PCcZNC0909_B64mA1la0R0vxxxxxx_000A07fBIsc_xBCxxxXxxFgxxn_DQ02_Scylla_NDX_55000302,2,1,17,600,107.5,103.74,100.5,1,2
2,pat36,d1684485P0421631C_Nt_B0Fmm00_PB0PCcZNC0909_B64mA1la0R0vxxxxxx_000A07fBIsc_xBCxxxXxxFgxxn_DQ02_Scylla_NDX_55000302,2,2,18,600,102.0,100.42,99.0,0,7
2,pat36,d1684485P0421631C_Nt_B0Fmm00_PB0PCcZNC0909_B64mA1la0R0vxxxxxx_000A07fBIsc_xBCxxxXxxFgxxn_DQ02_Scylla_NDX_55000302,2,3,19,600,102.0,100.34,98.5,1,9
2,pat36,d1684485P0421631C_Nt_B0Fmm00_PB0PCcZNC0909_B64mA1la0R0vxxxxxx_000A07fBIsc_xBCxxxXxxFgxxn_DQ02_Scylla_NDX_55000302,2,4,20,600,106.5,102.8,100.0,1,11
2,pat36,d1684485P0421631C_Nt_B0Fmm00_PB0PCcZNC0909_B64mA1la0R0vxxxxxx_000A07fBIsc_xBCxxxXxxFgxxn_DQ02_Scylla_NDX_55000302,2,5,21,600,106.0,103.3,100.5,0,2
2,pat36,d1684485P0421631C_Nt_B0Fmm00_PB0PCcZNC0909_B64mA1la0R0vxxxxxx_000A07fBIsc_xBCxxxXxxFgxxn_DQ02_Scylla_NDX_55000302,2,6,22,600,103.0,100.7,98.5,0,4
2,pat36,d1684485P0421631C_Nt_B0Fmm00_PB0PCcZNC0909_B64mA1la0R0vxxxxxx_000A07fBIsc_xBCxxxXxxFgxxn_DQ02_Scylla_NDX_55000302,2,7,23,600,101.0,99.97,98.5,0,8
2,pat36,d1684485P0421631C_Nt_B0Fmm00_PB0PCcZNC0909_B64mA1la0R0vxxxxxx_000A07fBIsc_xBCxxxXxxFgxxn_DQ02_Scylla_NDX_55000302,3,0,24,600,104.5,102.42,100.0,1,2
2,pat36,d1684485P0421631C_Nt_B0Fmm00_PB0PCcZNC0909_B64mA1la0R0vxxxxxx_000A07fBIsc_xBCxxxXxxFgxxn_DQ02_Scylla_NDX_55000302,3,1,25,600,104.0,102.24,100.5,0,0
2,pat36,d1684485P0421631C_Nt_B0Fmm00_PB0PCcZNC0909_B64mA1la0R0vxxxxxx_000A07fBIsc_xBCxxxXxxFgxxn_DQ02_Scylla_NDX_55000302,3,2,26,600,102.5,100.99,99.5,0,8
2,pat36,d1684485P0421631C_Nt_B0Fmm00_PB0PCcZNC0909_B64mA1la0R0vxxxxxx_000A07fBIsc_xBCxxxXxxFgxxn_DQ02_Scylla_NDX_55000302,3,3,27,600,102.5,100.51,99.0,0,8
2,pat36,d1684485P0421631C_Nt_B0Fmm00_PB0PCcZNC0909_B64mA1la0R0vxxxxxx_000A07fBIsc_xBCxxxXxxFgxxn_DQ02_Scylla_NDX_55000302,3,4,28,600,105.5,103.03,100.0,1,2
2,pat36,d1684485P0421631C_Nt_B0Fmm00_PB0PCcZNC0909_B64mA1la0R0vxxxxxx_000A07fBIsc_xBCxxxXxxFgxxn_DQ02_Scylla_NDX_55000302,3,5,29,600,104.5,102.67,101.0,1,2
2,pat36,d1684485P0421631C_Nt_B0Fmm00_PB0PCcZNC0909_B64mA1la0R0vxxxxxx_000A07fBIsc_xBCxxxXxxFgxxn_DQ02_Scylla_NDX_55000302,3,6,30,600,102.5,101.05,99.5,0,6
2,pat36,d1684485P0421631C_Nt_B0Fmm00_PB0PCcZNC0909_B64mA1la0R0vxxxxxx_000A07fBIsc_xBCxxxXxxFgxxn_DQ02_Scylla_NDX_55000302,3,7,31,600,103.0,100.86,99.0,0,8
2,pat37,d1683272P0421101C_RK_B0Fmm00_PB0PCcZNC0909_B64mA1la0R0vxxxxxx_000A07fBIsc_xBCxxxXxxFgxxn_DQ02_Blender_Z1J_550000E2,0,0,0,600,107.5,103.26,99.0,1,11
2,pat37,d1683272P0421101C_RK_B0Fmm00_PB0PCcZNC0909_B64mA1la0R0vxxxxxx_000A07fBIsc_xBCxxxXxxFgxxn_DQ02_Blender_Z1J_550000E2,0,1,1,600,109.5,103.74,99.5,1,11
2,pat37,d1683272P0421101C_RK_B0Fmm00_PB0PCcZNC0909_B64mA1la0R0vxxxxxx_000A07fBIsc_xBCxxxXxxFgxxn_DQ02_Blender_Z1J_550000E2,0,2,2,600,101.0,99.98,99.0,0,14
2,pat37,d1683272P0421101C_RK_B0Fmm00_PB0PCcZNC0909_B64mA1la0R0vxxxxxx_000A07fBIsc_xBCxxxXxxFgxxn_DQ02_Blender_Z1J_550000E2,0,3,3,600,100.5,99.02,97.5,0,8
2,pat37,d1683272P0421101C_RK_B0Fmm00_PB0PCcZNC0909_B64mA1la0R0vxxxxxx_000A07fBIsc_xBCxxxXxxFgxxn_DQ02_Blender_Z1J_550000E2,0,4,4,600,109.0,103.66,100.0,1,11
2,pat37,d1683272P0421101C_RK_B0Fmm00_PB0PCcZNC0909_B64mA1la0R0vxxxxxx_000A07fBIsc_xBCxxxXxxFgxxn_DQ02_Blender_Z1J_550000E2,0,5,5,600,109.5,104.45,100.0,1,11
2,pat37,d1683272P0421101C_RK_B0Fmm00_PB0PCcZNC0909_B64mA1la0R0vxxxxxx_000A07fBIsc_xBCxxxXxxFgxxn_DQ02_Blender_Z1J_550000E2,0,6,6,600,102.0,100.07,98.5,0,8
2,pat37,d1683272P0421101C_RK_B0Fmm00_PB0PCcZNC0909_B64mA1la0R0vxxxxxx_000A07fBIsc_xBCxxxXxxFgxxn_DQ02_Blender_Z1J_550000E2,0,7,7,600,100.5,99.49,98.0,1,6
2,pat37,d1683272P0421101C_RK_B0Fmm00_PB0PCcZNC0909_B64mA1la0R0vxxxxxx_000A07fBIsc_xBCxxxXxxFgxxn_DQ02_Blender_Z1J_550000E2,1,0,8,600,105.5,102.92,100.0,1,9
2,pat37,d1683272P0421101C_RK_B0Fmm00_PB0PCcZNC0909_B64mA1la0R0vxxxxxx_000A07fBIsc_xBCxxxXxxFgxxn_DQ02_Blender_Z1J_550000E2,1,1,9,600,105.0,102.69,99.5,0,2
2,pat37,d1683272P0421101C_RK_B0Fmm00_PB0PCcZNC0909_B64mA1la0R0vxxxxxx_000A07fBIsc_xBCxxxXxxFgxxn_DQ02_Blender_Z1J_550000E2,1,2,10,600,101.5,100.0,98.0,0,8
2,pat37,d1683272P0421101C_RK_B0Fmm00_PB0PCcZNC0909_B64mA1la0R0vxxxxxx_000A07fBIsc_xBCxxxXxxFgxxn_DQ02_Blender_Z1J_550000E2,1,3,11,600,101.5,100.02,98.5,0,8
2,pat37,d1683272P0421101C_RK_B0Fmm00_PB0PCcZNC0909_B64mA1la0R0vxxxxxx_000A07fBIsc_xBCxxxXxxFgxxn_DQ02_Blender_Z1J_550000E2,1,4,12,600,106.0,103.11,100.5,1,11
2,pat37,d1683272P0421101C_RK_B0Fmm00_PB0PCcZNC0909_B64mA1la0R0vxxxxxx_000A07fBIsc_xBCxxxXxxFgxxn_DQ02_Blender_Z1J_550000E2,1,5,13,600,106.5,103.42,100.0,1,11
2,pat37,d1683272P0421101C_RK_B0Fmm00_PB0PCcZNC0909_B64mA1la0R0vxxxxxx_000A07fBIsc_xBCxxxXxxFgxxn_DQ02_Blender_Z1J_550000E2,1,6,14,600,102.0,100.53,98.0,0,1
2,pat37,d1683272P0421101C_RK_B0Fmm00_PB0PCcZNC0909_B64mA1la0R0vxxxxxx_000A07fBIsc_xBCxxxXxxFgxxn_DQ02_Blender_Z1J_550000E2,1,7,15,600,102.0,99.8,98.0,0,8
2,pat37,d1683272P0421101C_RK_B0Fmm00_PB0PCcZNC0909_B64mA1la0R0vxxxxxx_000A07fBIsc_xBCxxxXxxFgxxn_DQ02_Blender_Z1J_550000E2,2,0,16,600,107.5,104.22,100.5,1,11
2,pat37,d1683272P0421101C_RK_B0Fmm00_PB0PCcZNC0909_B64mA1la0R0vxxxxxx_000A07fBIsc_xBCxxxXxxFgxxn_DQ02_Blender_Z1J_550000E2,2,1,17,600,108.0,104.51,101.0,1,2
2,pat37,d1683272P0421101C_RK_B0Fmm00_PB0PCcZNC0909_B64mA1la0R0vxxxxxx_000A07fBIsc_xBCxxxXxxFgxxn_DQ02_Blender_Z1J_550000E2,2,2,18,600,102.0,100.56,99.5,1,14
2,pat37,d1683272P0421101C_RK_B0Fmm00_PB0PCcZNC0909_B64mA1la0R0vxxxxxx_000A07fBIsc_xBCxxxXxxFgxxn_DQ02_Blender_Z1J_550000E2,2,3,19,600,102.0,100.41,99.0,1,9
2,pat37,d1683272P0421101C_RK_B0Fmm00_PB0PCcZNC0909_B64mA1la0R0vxxxxxx_000A07fBIsc_xBCxxxXxxFgxxn_DQ02_Blender_Z1J_550000E2,2,4,20,600,108.5,103.48,100.5,1,11
2,pat37,d1683272P0421101C_RK_B0Fmm00_PB0PCcZNC0909_B64mA1la0R0vxxxxxx_000A07fBIsc_xBCxxxXxxFgxxn_DQ02_Blender_Z1J_550000E2,2,5,21,600,107.0,103.91,101.0,1,11
2,pat37,d1683272P0421101C_RK_B0Fmm00_PB0PCcZNC0909_B64mA1la0R0vxxxxxx_000A07fBIsc_xBCxxxXxxFgxxn_DQ02_Blender_Z1J_550000E2,2,6,22,600,103.0,100.85,98.5,0,4
2,pat37,d1683272P0421101C_RK_B0Fmm00_PB0PCcZNC0909_B64mA1la0R0vxxxxxx_000A07fBIsc_xBCxxxXxxFgxxn_DQ02_Blender_Z1J_550000E2,2,7,23,600,101.5,100.05,98.5,0,8
2,pat37,d1683272P0421101C_RK_B0Fmm00_PB0PCcZNC0909_B64mA1la0R0vxxxxxx_000A07fBIsc_xBCxxxXxxFgxxn_DQ02_Blender_Z1J_550000E2,3,0,24,600,105.0,102.91,100.5,0,9
2,pat37,d1683272P0421101C_RK_B0Fmm00_PB0PCcZNC0909_B64mA1la0R0vxxxxxx_000A07fBIsc_xBCxxxXxxFgxxn_DQ02_Blender_Z1J_550000E2,3,1,25,600,104.5,102.67,100.5,0,10
2,pat37,d1683272P0421101C_RK_B0Fmm00_PB0PCcZNC0909_B64mA1la0R0vxxxxxx_000A07fBIsc_xBCxxxXxxFgxxn_DQ02_Blender_Z1J_550000E2,3,2,26,600,102.5,101.06,99.0,0,8
2,pat37,d1683272P0421101C_RK_B0Fmm00_PB0PCcZNC0909_B64mA1la0R0vxxxxxx_000A07fBIsc_xBCxxxXxxFgxxn_DQ02_Blender_Z1J_550000E2,3,3,27,600,102.0,100.52,99.0,0,8
2,pat37,d1683272P0421101C_RK_B0Fmm00_PB0PCcZNC0909_B64mA1la0R0vxxxxxx_000A07fBIsc_xBCxxxXxxFgxxn_DQ02_Blender_Z1J_550000E2,3,4,28,600,107.5,103.68,100.0,1,11
2,pat37,d1683272P0421101C_RK_B0Fmm00_PB0PCcZNC0909_B64mA1la0R0vxxxxxx_000A07fBIsc_xBCxxxXxxFgxxn_DQ02_Blender_Z1J_550000E2,3,5,29,600,105.0,103.18,101.0,1,11
2,pat37,d1683272P0421101C_RK_B0Fmm00_PB0PCcZNC0909_B64mA1la0R0vxxxxxx_000A07fBIsc_xBCxxxXxxFgxxn_DQ02_Blender_Z1J_550000E2,3,6,30,600,104.5,101.01,99.5,0,14
2,pat37,d1683272P0421101C_RK_B0Fmm00_PB0PCcZNC0909_B64mA1la0R0vxxxxxx_000A07fBIsc_xBCxxxXxxFgxxn_DQ02_Blender_Z1J_550000E2,3,7,31,600,103.0,101.02,99.5,0,8
2,pat38,d1682887P0420905C_RL_B0Fmm00_PB0PCcZNC0909_B64mA1la0R0vxxxxxx_000A07fBIsc_xBCxxxXxxFgxxn_DQ02_Blender_A1J_550000E3,0,0,0,600,107.0,103.2,99.0,1,11
2,pat38,d1682887P0420905C_RL_B0Fmm00_PB0PCcZNC0909_B64mA1la0R0vxxxxxx_000A07fBIsc_xBCxxxXxxFgxxn_DQ02_Blender_A1J_550000E3,0,1,1,600,107.5,103.48,99.5,1,11
2,pat38,d1682887P0420905C_RL_B0Fmm00_PB0PCcZNC0909_B64mA1la0R0vxxxxxx_000A07fBIsc_xBCxxxXxxFgxxn_DQ02_Blender_A1J_550000E3,0,2,2,600,101.5,100.0,99.0,0,14
2,pat38,d1682887P0420905C_RL_B0Fmm00_PB0PCcZNC0909_B64mA1la0R0vxxxxxx_000A07fBIsc_xBCxxxXxxFgxxn_DQ02_Blender_A1J_550000E3,0,3,3,600,100.5,98.97,97.5,0,8
2,pat38,d1682887P0420905C_RL_B0Fmm00_PB0PCcZNC0909_B64mA1la0R0vxxxxxx_000A07fBIsc_xBCxxxXxxFgxxn_DQ02_Blender_A1J_550000E3,0,4,4,600,108.5,103.53,99.5,1,11
2,pat38,d1682887P0420905C_RL_B0Fmm00_PB0PCcZNC0909_B64mA1la0R0vxxxxxx_000A07fBIsc_xBCxxxXxxFgxxn_DQ02_Blender_A1J_550000E3,0,5,5,600,108.5,104.29,100.5,1,2
2,pat38,d1682887P0420905C_RL_B0Fmm00_PB0PCcZNC0909_B64mA1la0R0vxxxxxx_000A07fBIsc_xBCxxxXxxFgxxn_DQ02_Blender_A1J_550000E3,0,6,6,600,101.5,100.07,98.5,1,2
2,pat38,d1682887P0420905C_RL_B0Fmm00_PB0PCcZNC0909_B64mA1la0R0vxxxxxx_000A07fBIsc_xBCxxxXxxFgxxn_DQ02_Blender_A1J_550000E3,0,7,7,600,101.0,99.51,98.0,1,6
2,pat38,d1682887P0420905C_RL_B0Fmm00_PB0PCcZNC0909_B64mA1la0R0vxxxxxx_000A07fBIsc_xBCxxxXxxFgxxn_DQ02_Blender_A1J_550000E3,1,0,8,600,105.0,102.76,100.0,1,11
2,pat38,d1682887P0420905C_RL_B0Fmm00_PB0PCcZNC0909_B64mA1la0R0vxxxxxx_000A07fBIsc_xBCxxxXxxFgxxn_DQ02_Blender_A1J_550000E3,1,1,9,600,105.0,102.55,99.5,0,13
2,pat38,d1682887P0420905C_RL_B0Fmm00_PB0PCcZNC0909_B64mA1la0R0vxxxxxx_000A07fBIsc_xBCxxxXxxFgxxn_DQ02_Blender_A1J_550000E3,1,2,10,600,101.5,100.01,98.0,0,8
2,pat38,d1682887P0420905C_RL_B0Fmm00_PB0PCcZNC0909_B64mA1la0R0vxxxxxx_000A07fBIsc_xBCxxxXxxFgxxn_DQ02_Blender_A1J_550000E3,1,3,11,600,101.5,100.12,98.0,0,8
2,pat38,d1682887P0420905C_RL_B0Fmm00_PB0PCcZNC0909_B64mA1la0R0vxxxxxx_000A07fBIsc_xBCxxxXxxFgxxn_DQ02_Blender_A1J_550000E3,1,4,12,600,105.5,102.98,100.5,1,2
2,pat38,d1682887P0420905C_RL_B0Fmm00_PB0PCcZNC0909_B64mA1la0R0vxxxxxx_000A07fBIsc_xBCxxxXxxFgxxn_DQ02_Blender_A1J_550000E3,1,5,13,600,106.0,103.27,100.0,1,2
2,pat38,d1682887P0420905C_RL_B0Fmm00_PB0PCcZNC0909_B64mA1la0R0vxxxxxx_000A07fBIsc_xBCxxxXxxFgxxn_DQ02_Blender_A1J_550000E3,1,6,14,600,102.0,100.58,98.0,0,1
2,pat38,d1682887P0420905C_RL_B0Fmm00_PB0PCcZNC0909_B64mA1la0R0vxxxxxx_000A07fBIsc_xBCxxxXxxFgxxn_DQ02_Blender_A1J_550000E3,1,7,15,600,102.0,99.85,98.0,0,8
2,pat38,d1682887P0420905C_RL_B0Fmm00_PB0PCcZNC0909_B64mA1la0R0vxxxxxx_000A07fBIsc_xBCxxxXxxFgxxn_DQ02_Blender_A1J_550000E3,2,0,16,600,106.5,104.11,100.5,1,2
2,pat38,d1682887P0420905C_RL_B0Fmm00_PB0PCcZNC0909_B64mA1la0R0vxxxxxx_000A07fBIsc_xBCxxxXxxFgxxn_DQ02_Blender_A1J_550000E3,2,1,17,600,107.5,104.3,100.5,1,2
2,pat38,d1682887P0420905C_RL_B0Fmm00_PB0PCcZNC0909_B64mA1la0R0vxxxxxx_000A07fBIsc_xBCxxxXxxFgxxn_DQ02_Blender_A1J_550000E3,2,2,18,600,102.0,100.57,99.5,1,14
2,pat38,d1682887P0420905C_RL_B0Fmm00_PB0PCcZNC0909_B64mA1la0R0vxxxxxx_000A07fBIsc_xBCxxxXxxFgxxn_DQ02_Blender_A1J_550000E3,2,3,19,600,102.0,100.45,99.0,1,5
2,pat38,d1682887P0420905C_RL_B0Fmm00_PB0PCcZNC0909_B64mA1la0R0vxxxxxx_000A07fBIsc_xBCxxxXxxFgxxn_DQ02_Blender_A1J_550000E3,2,4,20,600,108.0,103.42,100.5,1,11
2,pat38,d1682887P0420905C_RL_B0Fmm00_PB0PCcZNC0909_B64mA1la0R0vxxxxxx_000A07fBIsc_xBCxxxXxxFgxxn_DQ02_Blender_A1J_550000E3,2,5,21,600,106.5,103.84,101.0,1,11
2,pat38,d1682887P0420905C_RL_B0Fmm00_PB0PCcZNC0909_B64mA1la0R0vxxxxxx_000A07fBIsc_xBCxxxXxxFgxxn_DQ02_Blender_A1J_550000E3,2,6,22,600,103.0,100.85,98.5,0,4
2,pat38,d1682887P0420905C_RL_B0Fmm00_PB0PCcZNC0909_B64mA1la0R0vxxxxxx_000A07fBIsc_xBCxxxXxxFgxxn_DQ02_Blender_A1J_550000E3,2,7,23,600,101.5,100.02,98.5,0,8
2,pat38,d1682887P0420905C_RL_B0Fmm00_PB0PCcZNC0909_B64mA1la0R0vxxxxxx_000A07fBIsc_xBCxxxXxxFgxxn_DQ02_Blender_A1J_550000E3,3,0,24,600,104.5,102.82,100.5,1,2
2,pat38,d1682887P0420905C_RL_B0Fmm00_PB0PCcZNC0909_B64mA1la0R0vxxxxxx_000A07fBIsc_xBCxxxXxxFgxxn_DQ02_Blender_A1J_550000E3,3,1,25,600,104.0,102.55,100.5,0,10
2,pat38,d1682887P0420905C_RL_B0Fmm00_PB0PCcZNC0909_B64mA1la0R0vxxxxxx_000A07fBIsc_xBCxxxXxxFgxxn_DQ02_Blender_A1J_550000E3,3,2,26,600,103.0,101.12,99.5,0,14
2,pat38,d1682887P0420905C_RL_B0Fmm00_PB0PCcZNC0909_B64mA1la0R0vxxxxxx_000A07fBIsc_xBCxxxXxxFgxxn_DQ02_Blender_A1J_550000E3,3,3,27,600,102.0,100.51,99.0,0,8
2,pat38,d1682887P0420905C_RL_B0Fmm00_PB0PCcZNC0909_B64mA1la0R0vxxxxxx_000A07fBIsc_xBCxxxXxxFgxxn_DQ02_Blender_A1J_550000E3,3,4,28,600,107.0,103.52,100.0,1,9
2,pat38,d1682887P0420905C_RL_B0Fmm00_PB0PCcZNC0909_B64mA1la0R0vxxxxxx_000A07fBIsc_xBCxxxXxxFgxxn_DQ02_Blender_A1J_550000E3,3,5,29,600,104.5,103.05,101.0,1,4
2,pat38,d1682887P0420905C_RL_B0Fmm00_PB0PCcZNC0909_B64mA1la0R0vxxxxxx_000A07fBIsc_xBCxxxXxxFgxxn_DQ02_Blender_A1J_550000E3,3,6,30,600,102.5,101.02,99.5,0,6
2,pat38,d1682887P0420905C_RL_B0Fmm00_PB0PCcZNC0909_B64mA1la0R0vxxxxxx_000A07fBIsc_xBCxxxXxxFgxxn_DQ02_Blender_A1J_550000E3,3,7,31,600,103.5,101.01,99.5,0,8
2,pat39,d1683232P0421076C_RL_B0Fmm00_PB0PCcZNC0909_B64mA1la0R0vxxxxxx_000A07fBIsc_xBCxxxXxxFgxxn_DQ02_Blender_Z1J_550000B5,0,0,0,600,108.0,103.65,99.0,1,11
2,pat39,d1683232P0421076C_RL_B0Fmm00_PB0PCcZNC0909_B64mA1la0R0vxxxxxx_000A07fBIsc_xBCxxxXxxFgxxn_DQ02_Blender_Z1J_550000B5,0,1,1,600,109.0,103.96,100.0,1,2
2,pat39,d1683232P0421076C_RL_B0Fmm00_PB0PCcZNC0909_B64mA1la0R0vxxxxxx_000A07fBIsc_xBCxxxXxxFgxxn_DQ02_Blender_Z1J_550000B5,0,2,2,600,101.0,99.97,98.5,0,14
2,pat39,d1683232P0421076C_RL_B0Fmm00_PB0PCcZNC0909_B64mA1la0R0vxxxxxx_000A07fBIsc_xBCxxxXxxFgxxn_DQ02_Blender_Z1J_550000B5,0,3,3,600,100.5,99.09,97.5,0,8
2,pat39,d1683232P0421076C_RL_B0Fmm00_PB0PCcZNC0909_B64mA1la0R0vxxxxxx_000A07fBIsc_xBCxxxXxxFgxxn_DQ02_Blender_Z1J_550000B5,0,4,4,600,109.5,103.87,99.5,1,11
2,pat39,d1683232P0421076C_RL_B0Fmm00_PB0PCcZNC0909_B64mA1la0R0vxxxxxx_000A07fBIsc_xBCxxxXxxFgxxn_DQ02_Blender_Z1J_550000B5,0,5,5,600,110.0,104.71,100.5,1,11
2,pat39,d1683232P0421076C_RL_B0Fmm00_PB0PCcZNC0909_B64mA1la0R0vxxxxxx_000A07fBIsc_xBCxxxXxxFgxxn_DQ02_Blender_Z1J_550000B5,0,6,6,600,101.5,100.0,98.5,1,2
2,pat39,d1683232P0421076C_RL_B0Fmm00_PB0PCcZNC0909_B64mA1la0R0vxxxxxx_000A07fBIsc_xBCxxxXxxFgxxn_DQ02_Blender_Z1J_550000B5,0,7,7,600,101.0,99.54,98.0,0,0
2,pat39,d1683232P0421076C_RL_B0Fmm00_PB0PCcZNC0909_B64mA1la0R0vxxxxxx_000A07fBIsc_xBCxxxXxxFgxxn_DQ02_Blender_Z1J_550000B5,1,0,8,600,106.0,103.19,99.5,1,9
2,pat39,d1683232P0421076C_RL_B0Fmm00_PB0PCcZNC0909_B64mA1la0R0vxxxxxx_000A07fBIsc_xBCxxxXxxFgxxn_DQ02_Blender_Z1J_550000B5,1,1,9,600,105.5,102.87,99.5,0,0
2,pat39,d1683232P0421076C_RL_B0Fmm00_PB0PCcZNC0909_B64mA1la0R0vxxxxxx_000A07fBIsc_xBCxxxXxxFgxxn_DQ02_Blender_Z1J_550000B5,1,2,10,600,101.5,99.95,98.0,0,8
2,pat39,d1683232P0421076C_RL_B0Fmm00_PB0PCcZNC0909_B64mA1la0R0vxxxxxx_000A07fBIsc_xBCxxxXxxFgxxn_DQ02_Blender_Z1J_550000B5,1,3,11,600,101.5,100.13,98.5,0,8
2,pat39,d1683232P0421076C_RL_B0Fmm00_PB0PCcZNC0909_B64mA1la0R0vxxxxxx_000A07fBIsc_xBCxxxXxxFgxxn_DQ02_Blender_Z1J_550000B5,1,4,12,600,106.5,103.36,100.5,1,11
2,pat39,d1683232P0421076C_RL_B0Fmm00_PB0PCcZNC0909_B64mA1la0R0vxxxxxx_000A07fBIsc_xBCxxxXxxFgxxn_DQ02_Blender_Z1J_550000B5,1,5,13,600,107.0,103.71,100.0,1,11
2,pat39,d1683232P0421076C_RL_B0Fmm00_PB0PCcZNC0909_B64mA1la0R0vxxxxxx_000A07fBIsc_xBCxxxXxxFgxxn_DQ02_Blender_Z1J_550000B5,1,6,14,600,102.0,100.62,98.5,0,8
2,pat39,d1683232P0421076C_RL_B0Fmm00_PB0PCcZNC0909_B64mA1la0R0vxxxxxx_000A07fBIsc_xBCxxxXxxFgxxn_DQ02_Blender_Z1J_550000B5,1,7,15,600,102.0,99.85,98.0,0,8
2,pat39,d1683232P0421076C_RL_B0Fmm00_PB0PCcZNC0909_B64mA1la0R0vxxxxxx_000A07fBIsc_xBCxxxXxxFgxxn_DQ02_Blender_Z1J_550000B5,2,0,16,600,107.5,104.63,100.5,0,0
2,pat39,d1683232P0421076C_RL_B0Fmm00_PB0PCcZNC0909_B64mA1la0R0vxxxxxx_000A07fBIsc_xBCxxxXxxFgxxn_DQ02_Blender_Z1J_550000B5,2,1,17,600,108.5,104.89,101.0,1,11
2,pat39,d1683232P0421076C_RL_B0Fmm00_PB0PCcZNC0909_B64mA1la0R0vxxxxxx_000A07fBIsc_xBCxxxXxxFgxxn_DQ02_Blender_Z1J_550000B5,2,2,18,600,102.0,100.42,99.0,1,14
2,pat39,d1683232P0421076C_RL_B0Fmm00_PB0PCcZNC0909_B64mA1la0R0vxxxxxx_000A07fBIsc_xBCxxxXxxFgxxn_DQ02_Blender_Z1J_550000B5,2,3,19,600,102.0,100.45,99.0,1,9
2,pat39,d1683232P0421076C_RL_B0Fmm00_PB0PCcZNC0909_B64mA1la0R0vxxxxxx_000A07fBIsc_xBCxxxXxxFgxxn_DQ02_Blender_Z1J_550000B5,2,4,20,600,109.0,103.93,101.0,1,11
2,pat39,d1683232P0421076C_RL_B0Fmm00_PB0PCcZNC0909_B64mA1la0R0vxxxxxx_000A07fBIsc_xBCxxxXxxFgxxn_DQ02_Blender_Z1J_550000B5,2,5,21,600,107.0,104.23,101.0,1,11
2,pat39,d1683232P0421076C_RL_B0Fmm00_PB0PCcZNC0909_B64mA1la0R0vxxxxxx_000A07fBIsc_xBCxxxXxxFgxxn_DQ02_Blender_Z1J_550000B5,2,6,22,600,103.0,100.95,99.0,0,8
2,pat39,d1683232P0421076C_RL_B0Fmm00_PB0PCcZNC0909_B64mA1la0R0vxxxxxx_000A07fBIsc_xBCxxxXxxFgxxn_DQ02_Blender_Z1J_550000B5,2,7,23,600,101.5,100.11,98.5,1,6
2,pat39,d1683232P0421076C_RL_B0Fmm00_PB0PCcZNC0909_B64mA1la0R0vxxxxxx_000A07fBIsc_xBCxxxXxxFgxxn_DQ02_Blender_Z1J_550000B5,3,0,24,600,105.5,103.21,100.5,1,0
2,pat39,d1683232P0421076C_RL_B0Fmm00_PB0PCcZNC0909_B64mA1la0R0vxxxxxx_000A07fBIsc_xBCxxxXxxFgxxn_DQ02_Blender_Z1J_550000B5,3,1,25,600,105.0,102.92,100.5,0,0
2,pat39,d1683232P0421076C_RL_B0Fmm00_PB0PCcZNC0909_B64mA1la0R0vxxxxxx_000A07fBIsc_xBCxxxXxxFgxxn_DQ02_Blender_Z1J_550000B5,3,2,26,600,103.0,101.1,99.5,0,8
2,pat39,d1683232P0421076C_RL_B0Fmm00_PB0PCcZNC0909_B64mA1la0R0vxxxxxx_000A07fBIsc_xBCxxxXxxFgxxn_DQ02_Blender_Z1J_550000B5,3,3,27,600,102.0,100.59,99.5,0,8
2,pat39,d1683232P0421076C_RL_B0Fmm00_PB0PCcZNC0909_B64mA1la0R0vxxxxxx_000A07fBIsc_xBCxxxXxxFgxxn_DQ02_Blender_Z1J_550000B5,3,4,28,600,107.5,104.06,100.0,1,11
2,pat39,d1683232P0421076C_RL_B0Fmm00_PB0PCcZNC0909_B64mA1la0R0vxxxxxx_000A07fBIsc_xBCxxxXxxFgxxn_DQ02_Blender_Z1J_550000B5,3,5,29,600,106.0,103.45,101.0,1,0
2,pat39,d1683232P0421076C_RL_B0Fmm00_PB0PCcZNC0909_B64mA1la0R0vxxxxxx_000A07fBIsc_xBCxxxXxxFgxxn_DQ02_Blender_Z1J_550000B5,3,6,30,600,102.5,101.0,99.5,0,6
2,pat39,d1683232P0421076C_RL_B0Fmm00_PB0PCcZNC0909_B64mA1la0R0vxxxxxx_000A07fBIsc_xBCxxxXxxFgxxn_DQ02_Blender_Z1J_550000B5,3,7,31,600,103.5,101.05,99.5,0,8
2,pat40,d1701139P0422605C_RL_B0Fmm00_PB0PCcZNC0909_B64mA1la0R0vxxxxxx_000A07fBIsc_xBCxxxXxxFgxxn_DQ02_Skipper_Z_55100334,0,0,0,600,108.5,103.76,99.0,1,11
2,pat40,d1701139P0422605C_RL_B0Fmm00_PB0PCcZNC0909_B64mA1la0R0vxxxxxx_000A07fBIsc_xBCxxxXxxFgxxn_DQ02_Skipper_Z_55100334,0,1,1,600,109.5,104.06,99.5,1,11
2,pat40,d1701139P0422605C_RL_B0Fmm00_PB0PCcZNC0909_B64mA1la0R0vxxxxxx_000A07fBIsc_xBCxxxXxxFgxxn_DQ02_Skipper_Z_55100334,0,2,2,600,101.5,100.13,99.5,0,14
2,pat40,d1701139P0422605C_RL_B0Fmm00_PB0PCcZNC0909_B64mA1la0R0vxxxxxx_000A07fBIsc_xBCxxxXxxFgxxn_DQ02_Skipper_Z_55100334,0,3,3,600,101.0,99.14,97.5,0,8
2,pat40,d1701139P0422605C_RL_B0Fmm00_PB0PCcZNC0909_B64mA1la0R0vxxxxxx_000A07fBIsc_xBCxxxXxxFgxxn_DQ02_Skipper_Z_55100334,0,4,4,600,109.0,104.1,100.0,1,11
2,pat40,d1701139P0422605C_RL_B0Fmm00_PB0PCcZNC0909_B64mA1la0R0vxxxxxx_000A07fBIsc_xBCxxxXxxFgxxn_DQ02_Skipper_Z_55100334,0,5,5,600,109.5,104.96,100.5,1,11
2,pat40,d1701139P0422605C_RL_B0Fmm00_PB0PCcZNC0909_B64mA1la0R0vxxxxxx_000A07fBIsc_xBCxxxXxxFgxxn_DQ02_Skipper_Z_55100334,0,6,6,600,101.5,100.06,98.5,1,2
2,pat40,d1701139P0422605C_RL_B0Fmm00_PB0PCcZNC0909_B64mA1la0R0vxxxxxx_000A07fBIsc_xBCxxxXxxFgxxn_DQ02_Skipper_Z_55100334,0,7,7,600,100.5,99.51,97.5,0,13
2,pat40,d1701139P0422605C_RL_B0Fmm00_PB0PCcZNC0909_B64mA1la0R0vxxxxxx_000A07fBIsc_xBCxxxXxxFgxxn_DQ02_Skipper_Z_55100334,1,0,8,600,106.5,103.36,100.0,1,0
2,pat40,d1701139P0422605C_RL_B0Fmm00_PB0PCcZNC0909_B64mA1la0R0vxxxxxx_000A07fBIsc_xBCxxxXxxFgxxn_DQ02_Skipper_Z_55100334,1,1,9,600,106.0,102.99,99.5,1,11
2,pat40,d1701139P0422605C_RL_B0Fmm00_PB0PCcZNC0909_B64mA1la0R0vxxxxxx_000A07fBIsc_xBCxxxXxxFgxxn_DQ02_Skipper_Z_55100334,1,2,10,600,102.0,100.06,98.5,0,8
2,pat40,d1701139P0422605C_RL_B0Fmm00_PB0PCcZNC0909_B64mA1la0R0vxxxxxx_000A07fBIsc_xBCxxxXxxFgxxn_DQ02_Skipper_Z_55100334,1,3,11,600,101.5,100.06,98.5,0,8
2,pat40,d1701139P0422605C_RL_B0Fmm00_PB0PCcZNC0909_B64mA1la0R0vxxxxxx_000A07fBIsc_xBCxxxXxxFgxxn_DQ02_Skipper_Z_55100334,1,4,12,600,107.0,103.49,100.5,1,11
2,pat40,d1701139P0422605C_RL_B0Fmm00_PB0PCcZNC0909_B64mA1la0R0vxxxxxx_000A07fBIsc_xBCxxxXxxFgxxn_DQ02_Skipper_Z_55100334,1,5,13,600,107.0,103.84,100.0,0,0
2,pat40,d1701139P0422605C_RL_B0Fmm00_PB0PCcZNC0909_B64mA1la0R0vxxxxxx_000A07fBIsc_xBCxxxXxxFgxxn_DQ02_Skipper_Z_55100334,1,6,14,600,102.5,100.63,98.5,0,1
2,pat40,d1701139P0422605C_RL_B0Fmm00_PB0PCcZNC0909_B64mA1la0R0vxxxxxx_000A07fBIsc_xBCxxxXxxFgxxn_DQ02_Skipper_Z_55100334,1,7,15,600,102.0,99.91,98.0,0,8
2,pat40,d1701139P0422605C_RL_B0Fmm00_PB0PCcZNC0909_B64mA1la0R0vxxxxxx_000A07fBIsc_xBCxxxXxxFgxxn_DQ02_Skipper_Z_55100334,2,0,16,600,108.0,104.74,100.5,0,0
2,pat40,d1701139P0422605C_RL_B0Fmm00_PB0PCcZNC0909_B64mA1la0R0vxxxxxx_000A07fBIsc_xBCxxxXxxFgxxn_DQ02_Skipper_Z_55100334,2,1,17,600,108.5,104.95,101.0,1,2
2,pat40,d1701139P0422605C_RL_B0Fmm00_PB0PCcZNC0909_B64mA1la0R0vxxxxxx_000A07fBIsc_xBCxxxXxxFgxxn_DQ02_Skipper_Z_55100334,2,2,18,600,102.0,100.46,99.0,1,14
2,pat40,d1701139P0422605C_RL_B0Fmm00_PB0PCcZNC0909_B64mA1la0R0vxxxxxx_000A07fBIsc_xBCxxxXxxFgxxn_DQ02_Skipper_Z_55100334,2,3,19,600,102.0,100.5,99.0,1,9
2,pat40,d1701139P0422605C_RL_B0Fmm00_PB0PCcZNC0909_B64mA1la0R0vxxxxxx_000A07fBIsc_xBCxxxXxxFgxxn_DQ02_Skipper_Z_55100334,2,4,20,600,109.5,104.0,101.0,1,11
2,pat40,d1701139P0422605C_RL_B0Fmm00_PB0PCcZNC0909_B64mA1la0R0vxxxxxx_000A07fBIsc_xBCxxxXxxFgxxn_DQ02_Skipper_Z_55100334,2,5,21,600,107.0,104.35,101.0,1,11
2,pat40,d1701139P0422605C_RL_B0Fmm00_PB0PCcZNC0909_B64mA1la0R0vxxxxxx_000A07fBIsc_xBCxxxXxxFgxxn_DQ02_Skipper_Z_55100334,2,6,22,600,103.5,100.94,98.5,0,8
2,pat40,d1701139P0422605C_RL_B0Fmm00_PB0PCcZNC0909_B64mA1la0R0vxxxxxx_000A07fBIsc_xBCxxxXxxFgxxn_DQ02_Skipper_Z_55100334,2,7,23,600,101.5,100.11,98.5,0,8
2,pat40,d1701139P0422605C_RL_B0Fmm00_PB0PCcZNC0909_B64mA1la0R0vxxxxxx_000A07fBIsc_xBCxxxXxxFgxxn_DQ02_Skipper_Z_55100334,3,0,24,600,105.5,103.3,100.5,1,0
2,pat40,d1701139P0422605C_RL_B0Fmm00_PB0PCcZNC0909_B64mA1la0R0vxxxxxx_000A07fBIsc_xBCxxxXxxFgxxn_DQ02_Skipper_Z_55100334,3,1,25,600,106.0,103.04,101.0,0,0
2,pat40,d1701139P0422605C_RL_B0Fmm00_PB0PCcZNC0909_B64mA1la0R0vxxxxxx_000A07fBIsc_xBCxxxXxxFgxxn_DQ02_Skipper_Z_55100334,3,2,26,600,103.0,101.13,99.5,0,8
2,pat40,d1701139P0422605C_RL_B0Fmm00_PB0PCcZNC0909_B64mA1la0R0vxxxxxx_000A07fBIsc_xBCxxxXxxFgxxn_DQ02_Skipper_Z_55100334,3,3,27,600,102.0,100.56,99.0,0,8
2,pat40,d1701139P0422605C_RL_B0Fmm00_PB0PCcZNC0909_B64mA1la0R0vxxxxxx_000A07fBIsc_xBCxxxXxxFgxxn_DQ02_Skipper_Z_55100334,3,4,28,600,107.5,104.22,100.5,1,9
2,pat40,d1701139P0422605C_RL_B0Fmm00_PB0PCcZNC0909_B64mA1la0R0vxxxxxx_000A07fBIsc_xBCxxxXxxFgxxn_DQ02_Skipper_Z_55100334,3,5,29,600,106.5,103.47,101.0,1,0
2,pat40,d1701139P0422605C_RL_B0Fmm00_PB0PCcZNC0909_B64mA1la0R0vxxxxxx_000A07fBIsc_xBCxxxXxxFgxxn_DQ02_Skipper_Z_55100334,3,6,30,600,102.5,101.05,99.5,0,5
2,pat40,d1701139P0422605C_RL_B0Fmm00_PB0PCcZNC0909_B64mA1la0R0vxxxxxx_000A07fBIsc_xBCxxxXxxFgxxn_DQ02_Skipper_Z_55100334,3,7,31,600,103.5,100.98,99.5,0,8
2,pat41,d1700291P0421800C_RL_B0Fmm00_PB0PCcZNC0909_B64mA1la0R0vxxxxxx_000A07fBIsc_xBCxxxXxxFgxxn_DQ02_Blender_A1J_551000BF,0,0,0,600,108.0,103.24,99.0,1,11
2,pat41,d1700291P0421800C_RL_B0Fmm00_PB0PCcZNC0909_B64mA1la0R0vxxxxxx_000A07fBIsc_xBCxxxXxxFgxxn_DQ02_Blender_A1J_551000BF,0,1,1,600,108.5,103.46,99.5,1,11
2,pat41,d1700291P0421800C_RL_B0Fmm00_PB0PCcZNC0909_B64mA1la0R0vxxxxxx_000A07fBIsc_xBCxxxXxxFgxxn_DQ02_Blender_A1J_551000BF,0,2,2,600,101.5,99.98,99.0,0,14
2,pat41,d1700291P0421800C_RL_B0Fmm00_PB0PCcZNC0909_B64mA1la0R0vxxxxxx_000A07fBIsc_xBCxxxXxxFgxxn_DQ02_Blender_A1J_551000BF,0,3,3,600,100.5,99.04,97.5,0,8
2,pat41,d1700291P0421800C_RL_B0Fmm00_PB0PCcZNC0909_B64mA1la0R0vxxxxxx_000A07fBIsc_xBCxxxXxxFgxxn_DQ02_Blender_A1J_551000BF,0,4,4,600,108.5,103.42,100.0,1,11
2,pat41,d1700291P0421800C_RL_B0Fmm00_PB0PCcZNC0909_B64mA1la0R0vxxxxxx_000A07fBIsc_xBCxxxXxxFgxxn_DQ02_Blender_A1J_551000BF,0,5,5,600,108.5,104.22,100.5,1,2
2,pat41,d1700291P0421800C_RL_B0Fmm00_PB0PCcZNC0909_B64mA1la0R0vxxxxxx_000A07fBIsc_xBCxxxXxxFgxxn_DQ02_Blender_A1J_551000BF,0,6,6,600,102.0,100.07,98.5,1,2
2,pat41,d1700291P0421800C_RL_B0Fmm00_PB0PCcZNC0909_B64mA1la0R0vxxxxxx_000A07fBIsc_xBCxxxXxxFgxxn_DQ02_Blender_A1J_551000BF,0,7,7,600,100.5,99.47,98.0,0,6
2,pat41,d1700291P0421800C_RL_B0Fmm00_PB0PCcZNC0909_B64mA1la0R0vxxxxxx_000A07fBIsc_xBCxxxXxxFgxxn_DQ02_Blender_A1J_551000BF,1,0,8,600,105.5,102.67,100.0,1,9
2,pat41,d1700291P0421800C_RL_B0Fmm00_PB0PCcZNC0909_B64mA1la0R0vxxxxxx_000A07fBIsc_xBCxxxXxxFgxxn_DQ02_Blender_A1J_551000BF,1,1,9,600,105.0,102.44,99.5,0,2
2,pat41,d1700291P0421800C_RL_B0Fmm00_PB0PCcZNC0909_B64mA1la0R0vxxxxxx_000A07fBIsc_xBCxxxXxxFgxxn_DQ02_Blender_A1J_551000BF,1,2,10,600,101.5,99.93,98.0,0,8
2,pat41,d1700291P0421800C_RL_B0Fmm00_PB0PCcZNC0909_B64mA1la0R0vxxxxxx_000A07fBIsc_xBCxxxXxxFgxxn_DQ02_Blender_A1J_551000BF,1,3,11,600,101.5,100.15,98.5,0,8
2,pat41,d1700291P0421800C_RL_B0Fmm00_PB0PCcZNC0909_B64mA1la0R0vxxxxxx_000A07fBIsc_xBCxxxXxxFgxxn_DQ02_Blender_A1J_551000BF,1,4,12,600,105.5,102.9,100.5,1,2
2,pat41,d1700291P0421800C_RL_B0Fmm00_PB0PCcZNC0909_B64mA1la0R0vxxxxxx_000A07fBIsc_xBCxxxXxxFgxxn_DQ02_Blender_A1J_551000BF,1,5,13,600,106.5,103.15,100.0,1,2
2,pat41,d1700291P0421800C_RL_B0Fmm00_PB0PCcZNC0909_B64mA1la0R0vxxxxxx_000A07fBIsc_xBCxxxXxxFgxxn_DQ02_Blender_A1J_551000BF,1,6,14,600,102.0,100.54,98.0,0,8
2,pat41,d1700291P0421800C_RL_B0Fmm00_PB0PCcZNC0909_B64mA1la0R0vxxxxxx_000A07fBIsc_xBCxxxXxxFgxxn_DQ02_Blender_A1J_551000BF,1,7,15,600,102.0,99.82,98.0,0,8
2,pat41,d1700291P0421800C_RL_B0Fmm00_PB0PCcZNC0909_B64mA1la0R0vxxxxxx_000A07fBIsc_xBCxxxXxxFgxxn_DQ02_Blender_A1J_551000BF,2,0,16,600,107.0,104.06,100.5,1,11
2,pat41,d1700291P0421800C_RL_B0Fmm00_PB0PCcZNC0909_B64mA1la0R0vxxxxxx_000A07fBIsc_xBCxxxXxxFgxxn_DQ02_Blender_A1J_551000BF,2,1,17,600,108.0,104.38,101.0,1,2
2,pat41,d1700291P0421800C_RL_B0Fmm00_PB0PCcZNC0909_B64mA1la0R0vxxxxxx_000A07fBIsc_xBCxxxXxxFgxxn_DQ02_Blender_A1J_551000BF,2,2,18,600,102.0,100.49,99.0,1,14
2,pat41,d1700291P0421800C_RL_B0Fmm00_PB0PCcZNC0909_B64mA1la0R0vxxxxxx_000A07fBIsc_xBCxxxXxxFgxxn_DQ02_Blender_A1J_551000BF,2,3,19,600,102.0,100.4,99.0,1,9
2,pat41,d1700291P0421800C_RL_B0Fmm00_PB0PCcZNC0909_B64mA1la0R0vxxxxxx_000A07fBIsc_xBCxxxXxxFgxxn_DQ02_Blender_A1J_551000BF,2,4,20,600,108.5,103.54,101.0,1,11
2,pat41,d1700291P0421800C_RL_B0Fmm00_PB0PCcZNC0909_B64mA1la0R0vxxxxxx_000A07fBIsc_xBCxxxXxxFgxxn_DQ02_Blender_A1J_551000BF,2,5,21,600,106.5,103.88,101.0,1,11
2,pat41,d1700291P0421800C_RL_B0Fmm00_PB0PCcZNC0909_B64mA1la0R0vxxxxxx_000A07fBIsc_xBCxxxXxxFgxxn_DQ02_Blender_A1J_551000BF,2,6,22,600,103.0,100.93,99.0,0,4
2,pat41,d1700291P0421800C_RL_B0Fmm00_PB0PCcZNC0909_B64mA1la0R0vxxxxxx_000A07fBIsc_xBCxxxXxxFgxxn_DQ02_Blender_A1J_551000BF,2,7,23,600,101.5,100.11,98.5,0,8
2,pat41,d1700291P0421800C_RL_B0Fmm00_PB0PCcZNC0909_B64mA1la0R0vxxxxxx_000A07fBIsc_xBCxxxXxxFgxxn_DQ02_Blender_A1J_551000BF,3,0,24,600,105.0,102.78,100.5,1,9
2,pat41,d1700291P0421800C_RL_B0Fmm00_PB0PCcZNC0909_B64mA1la0R0vxxxxxx_000A07fBIsc_xBCxxxXxxFgxxn_DQ02_Blender_A1J_551000BF,3,1,25,600,104.5,102.55,100.5,0,9
2,pat41,d1700291P0421800C_RL_B0Fmm00_PB0PCcZNC0909_B64mA1la0R0vxxxxxx_000A07fBIsc_xBCxxxXxxFgxxn_DQ02_Blender_A1J_551000BF,3,2,26,600,102.5,101.08,99.0,0,1
2,pat41,d1700291P0421800C_RL_B0Fmm00_PB0PCcZNC0909_B64mA1la0R0vxxxxxx_000A07fBIsc_xBCxxxXxxFgxxn_DQ02_Blender_A1J_551000BF,3,3,27,600,102.0,100.52,99.0,0,8
2,pat41,d1700291P0421800C_RL_B0Fmm00_PB0PCcZNC0909_B64mA1la0R0vxxxxxx_000A07fBIsc_xBCxxxXxxFgxxn_DQ02_Blender_A1J_551000BF,3,4,28,600,107.0,103.6,100.0,1,9
2,pat41,d1700291P0421800C_RL_B0Fmm00_PB0PCcZNC0909_B64mA1la0R0vxxxxxx_000A07fBIsc_xBCxxxXxxFgxxn_DQ02_Blender_A1J_551000BF,3,5,29,600,105.0,102.98,101.0,1,9
2,pat41,d1700291P0421800C_RL_B0Fmm00_PB0PCcZNC0909_B64mA1la0R0vxxxxxx_000A07fBIsc_xBCxxxXxxFgxxn_DQ02_Blender_A1J_551000BF,3,6,30,600,102.5,101.04,99.5,0,6
2,pat41,d1700291P0421800C_RL_B0Fmm00_PB0PCcZNC0909_B64mA1la0R0vxxxxxx_000A07fBIsc_xBCxxxXxxFgxxn_DQ02_Blender_A1J_551000BF,3,7,31,600,103.5,101.05,99.5,0,8
2,pat42,d1684234P0421444C_RL_B0Fmm00_PB0PCcZNC0909_B64mA1la0R0vxxxxxx_000A07fBIsc_xBCxxxXxxFgxxn_DQ02_Aes_SDZ_5500000E,0,0,0,600,108.5,103.84,99.0,1,2
2,pat42,d1684234P0421444C_RL_B0Fmm00_PB0PCcZNC0909_B64mA1la0R0vxxxxxx_000A07fBIsc_xBCxxxXxxFgxxn_DQ02_Aes_SDZ_5500000E,0,1,1,600,109.0,104.24,100.0,1,11
2,pat42,d1684234P0421444C_RL_B0Fmm00_PB0PCcZNC0909_B64mA1la0R0vxxxxxx_000A07fBIsc_xBCxxxXxxFgxxn_DQ02_Aes_SDZ_5500000E,0,2,2,600,101.5,100.15,99.0,0,14
2,pat42,d1684234P0421444C_RL_B0Fmm00_PB0PCcZNC0909_B64mA1la0R0vxxxxxx_000A07fBIsc_xBCxxxXxxFgxxn_DQ02_Aes_SDZ_5500000E,0,3,3,600,101.0,99.12,97.5,0,8
2,pat42,d1684234P0421444C_RL_B0Fmm00_PB0PCcZNC0909_B64mA1la0R0vxxxxxx_000A07fBIsc_xBCxxxXxxFgxxn_DQ02_Aes_SDZ_5500000E,0,4,4,600,109.5,104.1,100.0,1,11
2,pat42,d1684234P0421444C_RL_B0Fmm00_PB0PCcZNC0909_B64mA1la0R0vxxxxxx_000A07fBIsc_xBCxxxXxxFgxxn_DQ02_Aes_SDZ_5500000E,0,5,5,600,109.5,105.14,101.0,1,2
2,pat42,d1684234P0421444C_RL_B0Fmm00_PB0PCcZNC0909_B64mA1la0R0vxxxxxx_000A07fBIsc_xBCxxxXxxFgxxn_DQ02_Aes_SDZ_5500000E,0,6,6,600,102.0,100.18,98.5,1,2
2,pat42,d1684234P0421444C_RL_B0Fmm00_PB0PCcZNC0909_B64mA1la0R0vxxxxxx_000A07fBIsc_xBCxxxXxxFgxxn_DQ02_Aes_SDZ_5500000E,0,7,7,600,101.0,99.58,98.0,0,0
2,pat42,d1684234P0421444C_RL_B0Fmm00_PB0PCcZNC0909_B64mA1la0R0vxxxxxx_000A07fBIsc_xBCxxxXxxFgxxn_DQ02_Aes_SDZ_5500000E,1,0,8,600,106.0,103.43,100.5,1,9
2,pat42,d1684234P0421444C_RL_B0Fmm00_PB0PCcZNC0909_B64mA1la0R0vxxxxxx_000A07fBIsc_xBCxxxXxxFgxxn_DQ02_Aes_SDZ_5500000E,1,1,9,600,105.5,103.08,100.0,0,2
2,pat42,d1684234P0421444C_RL_B0Fmm00_PB0PCcZNC0909_B64mA1la0R0vxxxxxx_000A07fBIsc_xBCxxxXxxFgxxn_DQ02_Aes_SDZ_5500000E,1,2,10,600,102.0,100.16,98.5,0,8
2,pat42,d1684234P0421444C_RL_B0Fmm00_PB0PCcZNC0909_B64mA1la0R0vxxxxxx_000A07fBIsc_xBCxxxXxxFgxxn_DQ02_Aes_SDZ_5500000E,1,3,11,600,101.5,100.15,98.5,0,8
2,pat42,d1684234P0421444C_RL_B0Fmm00_PB0PCcZNC0909_B64mA1la0R0vxxxxxx_000A07fBIsc_xBCxxxXxxFgxxn_DQ02_Aes_SDZ_5500000E,1,4,12,600,107.0,103.66,100.5,1,11
2,pat42,d1684234P0421444C_RL_B0Fmm00_PB0PCcZNC0909_B64mA1la0R0vxxxxxx_000A07fBIsc_xBCxxxXxxFgxxn_DQ02_Aes_SDZ_5500000E,1,5,13,600,106.5,103.85,100.5,1,2
2,pat42,d1684234P0421444C_RL_B0Fmm00_PB0PCcZNC0909_B64mA1la0R0vxxxxxx_000A07fBIsc_xBCxxxXxxFgxxn_DQ02_Aes_SDZ_5500000E,1,6,14,600,102.0,100.78,99.0,0,1
2,pat42,d1684234P0421444C_RL_B0Fmm00_PB0PCcZNC0909_B64mA1la0R0vxxxxxx_000A07fBIsc_xBCxxxXxxFgxxn_DQ02_Aes_SDZ_5500000E,1,7,15,600,102.5,99.92,98.0,0,8
2,pat42,d1684234P0421444C_RL_B0Fmm00_PB0PCcZNC0909_B64mA1la0R0vxxxxxx_000A07fBIsc_xBCxxxXxxFgxxn_DQ02_Aes_SDZ_5500000E,2,0,16,600,107.5,104.69,101.0,1,11
2,pat42,d1684234P0421444C_RL_B0Fmm00_PB0PCcZNC0909_B64mA1la0R0vxxxxxx_000A07fBIsc_xBCxxxXxxFgxxn_DQ02_Aes_SDZ_5500000E,2,1,17,600,109.0,105.1,101.5,1,2
2,pat42,d1684234P0421444C_RL_B0Fmm00_PB0PCcZNC0909_B64mA1la0R0vxxxxxx_000A07fBIsc_xBCxxxXxxFgxxn_DQ02_Aes_SDZ_5500000E,2,2,18,600,102.5,100.61,99.5,0,7
2,pat42,d1684234P0421444C_RL_B0Fmm00_PB0PCcZNC0909_B64mA1la0R0vxxxxxx_000A07fBIsc_xBCxxxXxxFgxxn_DQ02_Aes_SDZ_5500000E,2,3,19,600,102.5,100.62,99.0,1,9
2,pat42,d1684234P0421444C_RL_B0Fmm00_PB0PCcZNC0909_B64mA1la0R0vxxxxxx_000A07fBIsc_xBCxxxXxxFgxxn_DQ02_Aes_SDZ_5500000E,2,4,20,600,109.5,104.05,101.0,1,11
2,pat42,d1684234P0421444C_RL_B0Fmm00_PB0PCcZNC0909_B64mA1la0R0vxxxxxx_000A07fBIsc_xBCxxxXxxFgxxn_DQ02_Aes_SDZ_5500000E,2,5,21,600,107.5,104.5,101.5,1,11
2,pat42,d1684234P0421444C_RL_B0Fmm00_PB0PCcZNC0909_B64mA1la0R0vxxxxxx_000A07fBIsc_xBCxxxXxxFgxxn_DQ02_Aes_SDZ_5500000E,2,6,22,600,103.5,101.05,98.5,0,4
2,pat42,d1684234P0421444C_RL_B0Fmm00_PB0PCcZNC0909_B64mA1la0R0vxxxxxx_000A07fBIsc_xBCxxxXxxFgxxn_DQ02_Aes_SDZ_5500000E,2,7,23,600,102.0,100.17,98.5,0,8
2,pat42,d1684234P0421444C_RL_B0Fmm00_PB0PCcZNC0909_B64mA1la0R0vxxxxxx_000A07fBIsc_xBCxxxXxxFgxxn_DQ02_Aes_SDZ_5500000E,3,0,24,600,105.0,103.3,101.0,1,11
2,pat42,d1684234P0421444C_RL_B0Fmm00_PB0PCcZNC0909_B64mA1la0R0vxxxxxx_000A07fBIsc_xBCxxxXxxFgxxn_DQ02_Aes_SDZ_5500000E,3,1,25,600,104.5,102.92,101.0,0,0
2,pat42,d1684234P0421444C_RL_B0Fmm00_PB0PCcZNC0909_B64mA1la0R0vxxxxxx_000A07fBIsc_xBCxxxXxxFgxxn_DQ02_Aes_SDZ_5500000E,3,2,26,600,103.0,101.14,99.5,0,8
2,pat42,d1684234P0421444C_RL_B0Fmm00_PB0PCcZNC0909_B64mA1la0R0vxxxxxx_000A07fBIsc_xBCxxxXxxFgxxn_DQ02_Aes_SDZ_5500000E,3,3,27,600,102.0,100.66,99.0,0,8
2,pat42,d1684234P0421444C_RL_B0Fmm00_PB0PCcZNC0909_B64mA1la0R0vxxxxxx_000A07fBIsc_xBCxxxXxxFgxxn_DQ02_Aes_SDZ_5500000E,3,4,28,600,107.5,104.26,100.5,1,9
2,pat42,d1684234P0421444C_RL_B0Fmm00_PB0PCcZNC0909_B64mA1la0R0vxxxxxx_000A07fBIsc_xBCxxxXxxFgxxn_DQ02_Aes_SDZ_5500000E,3,5,29,600,105.5,103.5,101.5,1,0
2,pat42,d1684234P0421444C_RL_B0Fmm00_PB0PCcZNC0909_B64mA1la0R0vxxxxxx_000A07fBIsc_xBCxxxXxxFgxxn_DQ02_Aes_SDZ_5500000E,3,6,30,600,102.5,101.14,99.5,0,6
2,pat42,d1684234P0421444C_RL_B0Fmm00_PB0PCcZNC0909_B64mA1la0R0vxxxxxx_000A07fBIsc_xBCxxxXxxFgxxn_DQ02_Aes_SDZ_5500000E,3,7,31,600,103.5,101.23,99.5,0,8
2,pat43,d1700759P0422194C_RL_B0Fmm00_PB0PCcZNC0909_B64mA1la0R0vxxxxxx_000A07fBIsc_xBCxxxXxxFgxxn_DQ02_FRM_CMultSZ_55100232,0,0,0,600,108.5,103.26,98.5,1,11
2,pat43,d1700759P0422194C_RL_B0Fmm00_PB0PCcZNC0909_B64mA1la0R0vxxxxxx_000A07fBIsc_xBCxxxXxxFgxxn_DQ02_FRM_CMultSZ_55100232,0,1,1,600,109.5,103.59,99.5,1,2
2,pat43,d1700759P0422194C_RL_B0Fmm00_PB0PCcZNC0909_B64mA1la0R0vxxxxxx_000A07fBIsc_xBCxxxXxxFgxxn_DQ02_FRM_CMultSZ_55100232,0,2,2,600,101.5,99.86,99.0,0,14
2,pat43,d1700759P0422194C_RL_B0Fmm00_PB0PCcZNC0909_B64mA1la0R0vxxxxxx_000A07fBIsc_xBCxxxXxxFgxxn_DQ02_FRM_CMultSZ_55100232,0,3,3,600,100.5,99.02,97.5,0,8
2,pat43,d1700759P0422194C_RL_B0Fmm00_PB0PCcZNC0909_B64mA1la0R0vxxxxxx_000A07fBIsc_xBCxxxXxxFgxxn_DQ02_FRM_CMultSZ_55100232,0,4,4,600,109.0,103.49,99.5,1,11
2,pat43,d1700759P0422194C_RL_B0Fmm00_PB0PCcZNC0909_B64mA1la0R0vxxxxxx_000A07fBIsc_xBCxxxXxxFgxxn_DQ02_FRM_CMultSZ_55100232,0,5,5,600,109.5,104.3,100.0,1,11
2,pat43,d1700759P0422194C_RL_B0Fmm00_PB0PCcZNC0909_B64mA1la0R0vxxxxxx_000A07fBIsc_xBCxxxXxxFgxxn_DQ02_FRM_CMultSZ_55100232,0,6,6,600,102.0,100.05,98.5,1,13
2,pat43,d1700759P0422194C_RL_B0Fmm00_PB0PCcZNC0909_B64mA1la0R0vxxxxxx_000A07fBIsc_xBCxxxXxxFgxxn_DQ02_FRM_CMultSZ_55100232,0,7,7,600,100.5,99.37,98.0,0,6
2,pat43,d1700759P0422194C_RL_B0Fmm00_PB0PCcZNC0909_B64mA1la0R0vxxxxxx_000A07fBIsc_xBCxxxXxxFgxxn_DQ02_FRM_CMultSZ_55100232,1,0,8,600,106.0,102.9,100.0,1,11
2,pat43,d1700759P0422194C_RL_B0Fmm00_PB0PCcZNC0909_B64mA1la0R0vxxxxxx_000A07fBIsc_xBCxxxXxxFgxxn_DQ02_FRM_CMultSZ_55100232,1,1,9,600,106.0,102.63,99.5,0,2
2,pat43,d1700759P0422194C_RL_B0Fmm00_PB0PCcZNC0909_B64mA1la0R0vxxxxxx_000A07fBIsc_xBCxxxXxxFgxxn_DQ02_FRM_CMultSZ_55100232,1,2,10,600,101.5,99.89,98.0,0,8
2,pat43,d1700759P0422194C_RL_B0Fmm00_PB0PCcZNC0909_B64mA1la0R0vxxxxxx_000A07fBIsc_xBCxxxXxxFgxxn_DQ02_FRM_CMultSZ_55100232,1,3,11,600,101.5,100.0,98.0,1,12
2,pat43,d1700759P0422194C_RL_B0Fmm00_PB0PCcZNC0909_B64mA1la0R0vxxxxxx_000A07fBIsc_xBCxxxXxxFgxxn_DQ02_FRM_CMultSZ_55100232,1,4,12,600,107.0,103.11,100.5,1,11
2,pat43,d1700759P0422194C_RL_B0Fmm00_PB0PCcZNC0909_B64mA1la0R0vxxxxxx_000A07fBIsc_xBCxxxXxxFgxxn_DQ02_FRM_CMultSZ_55100232,1,5,13,600,107.0,103.25,100.0,1,11
2,pat43,d1700759P0422194C_RL_B0Fmm00_PB0PCcZNC0909_B64mA1la0R0vxxxxxx_000A07fBIsc_xBCxxxXxxFgxxn_DQ02_FRM_CMultSZ_55100232,1,6,14,600,102.0,100.47,98.5,0,8
2,pat43,d1700759P0422194C_RL_B0Fmm00_PB0PCcZNC0909_B64mA1la0R0vxxxxxx_000A07fBIsc_xBCxxxXxxFgxxn_DQ02_FRM_CMultSZ_55100232,1,7,15,600,102.0,99.78,97.5,0,8
2,pat43,d1700759P0422194C_RL_B0Fmm00_PB0PCcZNC0909_B64mA1la0R0vxxxxxx_000A07fBIsc_xBCxxxXxxFgxxn_DQ02_FRM_CMultSZ_55100232,2,0,16,600,107.5,104.08,100.5,1,11
2,pat43,d1700759P0422194C_RL_B0Fmm00_PB0PCcZNC0909_B64mA1la0R0vxxxxxx_000A07fBIsc_xBCxxxXxxFgxxn_DQ02_FRM_CMultSZ_55100232,2,1,17,600,109.0,104.48,100.5,1,11
2,pat43,d1700759P0422194C_RL_B0Fmm00_PB0PCcZNC0909_B64mA1la0R0vxxxxxx_000A07fBIsc_xBCxxxXxxFgxxn_DQ02_FRM_CMultSZ_55100232,2,2,18,600,101.5,100.37,99.0,0,5
2,pat43,d1700759P0422194C_RL_B0Fmm00_PB0PCcZNC0909_B64mA1la0R0vxxxxxx_000A07fBIsc_xBCxxxXxxFgxxn_DQ02_FRM_CMultSZ_55100232,2,3,19,600,102.5,100.48,99.0,1,9
2,pat43,d1700759P0422194C_RL_B0Fmm00_PB0PCcZNC0909_B64mA1la0R0vxxxxxx_000A07fBIsc_xBCxxxXxxFgxxn_DQ02_FRM_CMultSZ_55100232,2,4,20,600,109.0,103.5,101.0,1,11
2,pat43,d1700759P0422194C_RL_B0Fmm00_PB0PCcZNC0909_B64mA1la0R0vxxxxxx_000A07fBIsc_xBCxxxXxxFgxxn_DQ02_FRM_CMultSZ_55100232,2,5,21,600,107.0,103.97,101.0,1,11
2,pat43,d1700759P0422194C_RL_B0Fmm00_PB0PCcZNC0909_B64mA1la0R0vxxxxxx_000A07fBIsc_xBCxxxXxxFgxxn_DQ02_FRM_CMultSZ_55100232,2,6,22,600,103.0,100.8,99.0,0,4
2,pat43,d1700759P0422194C_RL_B0Fmm00_PB0PCcZNC0909_B64mA1la0R0vxxxxxx_000A07fBIsc_xBCxxxXxxFgxxn_DQ02_FRM_CMultSZ_55100232,2,7,23,600,101.0,99.88,98.0,1,1
2,pat43,d1700759P0422194C_RL_B0Fmm00_PB0PCcZNC0909_B64mA1la0R0vxxxxxx_000A07fBIsc_xBCxxxXxxFgxxn_DQ02_FRM_CMultSZ_55100232,3,0,24,600,105.0,102.86,100.0,1,11
2,pat43,d1700759P0422194C_RL_B0Fmm00_PB0PCcZNC0909_B64mA1la0R0vxxxxxx_000A07fBIsc_xBCxxxXxxFgxxn_DQ02_FRM_CMultSZ_55100232,3,1,25,600,104.5,102.55,100.5,0,11
2,pat43,d1700759P0422194C_RL_B0Fmm00_PB0PCcZNC0909_B64mA1la0R0vxxxxxx_000A07fBIsc_xBCxxxXxxFgxxn_DQ02_FRM_CMultSZ_55100232,3,2,26,600,102.5,100.97,99.0,0,8
2,pat43,d1700759P0422194C_RL_B0Fmm00_PB0PCcZNC0909_B64mA1la0R0vxxxxxx_000A07fBIsc_xBCxxxXxxFgxxn_DQ02_FRM_CMultSZ_55100232,3,3,27,600,102.0,100.56,99.0,0,8
2,pat43,d1700759P0422194C_RL_B0Fmm00_PB0PCcZNC0909_B64mA1la0R0vxxxxxx_000A07fBIsc_xBCxxxXxxFgxxn_DQ02_FRM_CMultSZ_55100232,3,4,28,600,107.5,103.69,100.0,1,11
2,pat43,d1700759P0422194C_RL_B0Fmm00_PB0PCcZNC0909_B64mA1la0R0vxxxxxx_000A07fBIsc_xBCxxxXxxFgxxn_DQ02_FRM_CMultSZ_55100232,3,5,29,600,106.0,103.06,101.0,1,11
2,pat43,d1700759P0422194C_RL_B0Fmm00_PB0PCcZNC0909_B64mA1la0R0vxxxxxx_000A07fBIsc_xBCxxxXxxFgxxn_DQ02_FRM_CMultSZ_55100232,3,6,30,600,105.0,101.04,99.5,0,14
2,pat43,d1700759P0422194C_RL_B0Fmm00_PB0PCcZNC0909_B64mA1la0R0vxxxxxx_000A07fBIsc_xBCxxxXxxFgxxn_DQ02_FRM_CMultSZ_55100232,3,7,31,600,103.5,101.04,99.5,0,8
2,pat44,d1700349P0421917C_RL_B0Fmm00_PB0PCcZNC0909_B64mA1la0R0vxxxxxx_000A07fBIsc_xBCxxxXxxFgxxn_DQ02_Blender_Z1J_5510005E,0,0,0,600,108.0,103.3,99.0,1,11
2,pat44,d1700349P0421917C_RL_B0Fmm00_PB0PCcZNC0909_B64mA1la0R0vxxxxxx_000A07fBIsc_xBCxxxXxxFgxxn_DQ02_Blender_Z1J_5510005E,0,1,1,600,109.0,103.65,99.5,1,11
2,pat44,d1700349P0421917C_RL_B0Fmm00_PB0PCcZNC0909_B64mA1la0R0vxxxxxx_000A07fBIsc_xBCxxxXxxFgxxn_DQ02_Blender_Z1J_5510005E,0,2,2,600,101.5,100.04,99.0,0,14
2,pat44,d1700349P0421917C_RL_B0Fmm00_PB0PCcZNC0909_B64mA1la0R0vxxxxxx_000A07fBIsc_xBCxxxXxxFgxxn_DQ02_Blender_Z1J_5510005E,0,3,3,600,100.5,99.03,97.5,0,8
2,pat44,d1700349P0421917C_RL_B0Fmm00_PB0PCcZNC0909_B64mA1la0R0vxxxxxx_000A07fBIsc_xBCxxxXxxFgxxn_DQ02_Blender_Z1J_5510005E,0,4,4,600,109.0,103.58,100.0,1,11
2,pat44,d1700349P0421917C_RL_B0Fmm00_PB0PCcZNC0909_B64mA1la0R0vxxxxxx_000A07fBIsc_xBCxxxXxxFgxxn_DQ02_Blender_Z1J_5510005E,0,5,5,600,109.0,104.36,100.0,1,2
2,pat44,d1700349P0421917C_RL_B0Fmm00_PB0PCcZNC0909_B64mA1la0R0vxxxxxx_000A07fBIsc_xBCxxxXxxFgxxn_DQ02_Blender_Z1J_5510005E,0,6,6,600,102.0,100.18,98.5,1,2
2,pat44,d1700349P0421917C_RL_B0Fmm00_PB0PCcZNC0909_B64mA1la0R0vxxxxxx_000A07fBIsc_xBCxxxXxxFgxxn_DQ02_Blender_Z1J_5510005E,0,7,7,600,101.0,99.54,98.0,1,8
2,pat44,d1700349P0421917C_RL_B0Fmm00_PB0PCcZNC0909_B64mA1la0R0vxxxxxx_000A07fBIsc_xBCxxxXxxFgxxn_DQ02_Blender_Z1J_5510005E,1,0,8,600,105.5,102.92,100.0,1,11
2,pat44,d1700349P0421917C_RL_B0Fmm00_PB0PCcZNC0909_B64mA1la0R0vxxxxxx_000A07fBIsc_xBCxxxXxxFgxxn_DQ02_Blender_Z1J_5510005E,1,1,9,600,105.5,102.64,99.5,0,2
2,pat44,d1700349P0421917C_RL_B0Fmm00_PB0PCcZNC0909_B64mA1la0R0vxxxxxx_000A07fBIsc_xBCxxxXxxFgxxn_DQ02_Blender_Z1J_5510005E,1,2,10,600,101.5,100.0,98.0,1,8
2,pat44,d1700349P0421917C_RL_B0Fmm00_PB0PCcZNC0909_B64mA1la0R0vxxxxxx_000A07fBIsc_xBCxxxXxxFgxxn_DQ02_Blender_Z1J_5510005E,1,3,11,600,101.5,100.12,98.0,1,5
2,pat44,d1700349P0421917C_RL_B0Fmm00_PB0PCcZNC0909_B64mA1la0R0vxxxxxx_000A07fBIsc_xBCxxxXxxFgxxn_DQ02_Blender_Z1J_5510005E,1,4,12,600,106.0,103.09,100.5,1,11
2,pat44,d1700349P0421917C_RL_B0Fmm00_PB0PCcZNC0909_B64mA1la0R0vxxxxxx_000A07fBIsc_xBCxxxXxxFgxxn_DQ02_Blender_Z1J_5510005E,1,5,13,600,106.5,103.23,100.0,1,2
2,pat44,d1700349P0421917C_RL_B0Fmm00_PB0PCcZNC0909_B64mA1la0R0vxxxxxx_000A07fBIsc_xBCxxxXxxFgxxn_DQ02_Blender_Z1J_5510005E,1,6,14,600,102.5,100.6,98.0,0,1
2,pat44,d1700349P0421917C_RL_B0Fmm00_PB0PCcZNC0909_B64mA1la0R0vxxxxxx_000A07fBIsc_xBCxxxXxxFgxxn_DQ02_Blender_Z1J_5510005E,1,7,15,600,102.0,99.92,98.0,0,8
2,pat44,d1700349P0421917C_RL_B0Fmm00_PB0PCcZNC0909_B64mA1la0R0vxxxxxx_000A07fBIsc_xBCxxxXxxFgxxn_DQ02_Blender_Z1J_5510005E,2,0,16,600,107.0,104.14,101.0,1,11
2,pat44,d1700349P0421917C_RL_B0Fmm00_PB0PCcZNC0909_B64mA1la0R0vxxxxxx_000A07fBIsc_xBCxxxXxxFgxxn_DQ02_Blender_Z1J_5510005E,2,1,17,600,108.5,104.51,100.5,1,2
2,pat44,d1700349P0421917C_RL_B0Fmm00_PB0PCcZNC0909_B64mA1la0R0vxxxxxx_000A07fBIsc_xBCxxxXxxFgxxn_DQ02_Blender_Z1J_5510005E,2,2,18,600,102.0,100.45,99.0,0,7
2,pat44,d1700349P0421917C_RL_B0Fmm00_PB0PCcZNC0909_B64mA1la0R0vxxxxxx_000A07fBIsc_xBCxxxXxxFgxxn_DQ02_Blender_Z1J_5510005E,2,3,19,600,102.0,100.5,98.5,1,9
2,pat44,d1700349P0421917C_RL_B0Fmm00_PB0PCcZNC0909_B64mA1la0R0vxxxxxx_000A07fBIsc_xBCxxxXxxFgxxn_DQ02_Blender_Z1J_5510005E,2,4,20,600,108.5,103.41,100.5,1,11
2,pat44,d1700349P0421917C_RL_B0Fmm00_PB0PCcZNC0909_B64mA1la0R0vxxxxxx_000A07fBIsc_xBCxxxXxxFgxxn_DQ02_Blender_Z1J_5510005E,2,5,21,600,107.0,104.02,101.0,1,11
2,pat44,d1700349P0421917C_RL_B0Fmm00_PB0PCcZNC0909_B64mA1la0R0vxxxxxx_000A07fBIsc_xBCxxxXxxFgxxn_DQ02_Blender_Z1J_5510005E,2,6,22,600,103.5,101.05,99.0,0,8
2,pat44,d1700349P0421917C_RL_B0Fmm00_PB0PCcZNC0909_B64mA1la0R0vxxxxxx_000A07fBIsc_xBCxxxXxxFgxxn_DQ02_Blender_Z1J_5510005E,2,7,23,600,101.5,100.0,98.5,0,8
2,pat44,d1700349P0421917C_RL_B0Fmm00_PB0PCcZNC0909_B64mA1la0R0vxxxxxx_000A07fBIsc_xBCxxxXxxFgxxn_DQ02_Blender_Z1J_5510005E,3,0,24,600,105.0,102.94,100.5,1,11
2,pat44,d1700349P0421917C_RL_B0Fmm00_PB0PCcZNC0909_B64mA1la0R0vxxxxxx_000A07fBIsc_xBCxxxXxxFgxxn_DQ02_Blender_Z1J_5510005E,3,1,25,600,104.0,102.62,100.5,1,11
2,pat44,d1700349P0421917C_RL_B0Fmm00_PB0PCcZNC0909_B64mA1la0R0vxxxxxx_000A07fBIsc_xBCxxxXxxFgxxn_DQ02_Blender_Z1J_5510005E,3,2,26,600,102.5,100.98,99.0,0,6
2,pat44,d1700349P0421917C_RL_B0Fmm00_PB0PCcZNC0909_B64mA1la0R0vxxxxxx_000A07fBIsc_xBCxxxXxxFgxxn_DQ02_Blender_Z1J_5510005E,3,3,27,600,102.0,100.55,99.0,0,8
2,pat44,d1700349P0421917C_RL_B0Fmm00_PB0PCcZNC0909_B64mA1la0R0vxxxxxx_000A07fBIsc_xBCxxxXxxFgxxn_DQ02_Blender_Z1J_5510005E,3,4,28,600,107.5,103.77,100.0,1,11
2,pat44,d1700349P0421917C_RL_B0Fmm00_PB0PCcZNC0909_B64mA1la0R0vxxxxxx_000A07fBIsc_xBCxxxXxxFgxxn_DQ02_Blender_Z1J_5510005E,3,5,29,600,105.0,103.11,101.0,1,11
2,pat44,d1700349P0421917C_RL_B0Fmm00_PB0PCcZNC0909_B64mA1la0R0vxxxxxx_000A07fBIsc_xBCxxxXxxFgxxn_DQ02_Blender_Z1J_5510005E,3,6,30,600,102.5,101.06,99.5,0,6
2,pat44,d1700349P0421917C_RL_B0Fmm00_PB0PCcZNC0909_B64mA1la0R0vxxxxxx_000A07fBIsc_xBCxxxXxxFgxxn_DQ02_Blender_Z1J_5510005E,3,7,31,600,103.5,101.06,99.5,0,8
2,pat45,d1683290P0421108C_Qr_B0Fmm00_PB0PCcZNC0909_B64mA1la0R0vxxxxxx_000A07fBIsc_xBCxxxXxxFgxxn_DQ02_Blender_Z1J_550000F1,0,0,0,600,108.0,103.42,99.0,1,11
2,pat45,d1683290P0421108C_Qr_B0Fmm00_PB0PCcZNC0909_B64mA1la0R0vxxxxxx_000A07fBIsc_xBCxxxXxxFgxxn_DQ02_Blender_Z1J_550000F1,0,1,1,600,109.0,103.71,99.5,1,11
2,pat45,d1683290P0421108C_Qr_B0Fmm00_PB0PCcZNC0909_B64mA1la0R0vxxxxxx_000A07fBIsc_xBCxxxXxxFgxxn_DQ02_Blender_Z1J_550000F1,0,2,2,600,101.5,100.01,99.0,0,14
2,pat45,d1683290P0421108C_Qr_B0Fmm00_PB0PCcZNC0909_B64mA1la0R0vxxxxxx_000A07fBIsc_xBCxxxXxxFgxxn_DQ02_Blender_Z1J_550000F1,0,3,3,600,100.5,99.01,97.5,0,8
2,pat45,d1683290P0421108C_Qr_B0Fmm00_PB0PCcZNC0909_B64mA1la0R0vxxxxxx_000A07fBIsc_xBCxxxXxxFgxxn_DQ02_Blender_Z1J_550000F1,0,4,4,600,109.0,103.63,100.0,1,11
2,pat45,d1683290P0421108C_Qr_B0Fmm00_PB0PCcZNC0909_B64mA1la0R0vxxxxxx_000A07fBIsc_xBCxxxXxxFgxxn_DQ02_Blender_Z1J_550000F1,0,5,5,600,108.5,104.36,100.5,1,2
2,pat45,d1683290P0421108C_Qr_B0Fmm00_PB0PCcZNC0909_B64mA1la0R0vxxxxxx_000A07fBIsc_xBCxxxXxxFgxxn_DQ02_Blender_Z1J_550000F1,0,6,6,600,102.0,100.13,99.0,1,13
2,pat45,d1683290P0421108C_Qr_B0Fmm00_PB0PCcZNC0909_B64mA1la0R0vxxxxxx_000A07fBIsc_xBCxxxXxxFgxxn_DQ02_Blender_Z1J_550000F1,0,7,7,600,100.5,99.45,98.0,1,8
2,pat45,d1683290P0421108C_Qr_B0Fmm00_PB0PCcZNC0909_B64mA1la0R0vxxxxxx_000A07fBIsc_xBCxxxXxxFgxxn_DQ02_Blender_Z1J_550000F1,1,0,8,600,106.0,103.03,100.5,1,11
2,pat45,d1683290P0421108C_Qr_B0Fmm00_PB0PCcZNC0909_B64mA1la0R0vxxxxxx_000A07fBIsc_xBCxxxXxxFgxxn_DQ02_Blender_Z1J_550000F1,1,1,9,600,105.0,102.66,99.5,0,13
2,pat45,d1683290P0421108C_Qr_B0Fmm00_PB0PCcZNC0909_B64mA1la0R0vxxxxxx_000A07fBIsc_xBCxxxXxxFgxxn_DQ02_Blender_Z1J_550000F1,1,2,10,600,101.5,99.93,98.0,0,8
2,pat45,d1683290P0421108C_Qr_B0Fmm00_PB0PCcZNC0909_B64mA1la0R0vxxxxxx_000A07fBIsc_xBCxxxXxxFgxxn_DQ02_Blender_Z1J_550000F1,1,3,11,600,101.0,100.01,98.5,1,5
2,pat45,d1683290P0421108C_Qr_B0Fmm00_PB0PCcZNC0909_B64mA1la0R0vxxxxxx_000A07fBIsc_xBCxxxXxxFgxxn_DQ02_Blender_Z1J_550000F1,1,4,12,600,106.5,103.19,100.5,1,11
2,pat45,d1683290P0421108C_Qr_B0Fmm00_PB0PCcZNC0909_B64mA1la0R0vxxxxxx_000A07fBIsc_xBCxxxXxxFgxxn_DQ02_Blender_Z1J_550000F1,1,5,13,600,106.5,103.3,100.0,1,11
2,pat45,d1683290P0421108C_Qr_B0Fmm00_PB0PCcZNC0909_B64mA1la0R0vxxxxxx_000A07fBIsc_xBCxxxXxxFgxxn_DQ02_Blender_Z1J_550000F1,1,6,14,600,102.0,100.52,98.5,1,8
2,pat45,d1683290P0421108C_Qr_B0Fmm00_PB0PCcZNC0909_B64mA1la0R0vxxxxxx_000A07fBIsc_xBCxxxXxxFgxxn_DQ02_Blender_Z1J_550000F1,1,7,15,600,102.5,99.92,98.0,0,8
2,pat45,d1683290P0421108C_Qr_B0Fmm00_PB0PCcZNC0909_B64mA1la0R0vxxxxxx_000A07fBIsc_xBCxxxXxxFgxxn_DQ02_Blender_Z1J_550000F1,2,0,16,600,107.5,104.18,100.5,1,11
2,pat45,d1683290P0421108C_Qr_B0Fmm00_PB0PCcZNC0909_B64mA1la0R0vxxxxxx_000A07fBIsc_xBCxxxXxxFgxxn_DQ02_Blender_Z1J_550000F1,2,1,17,600,108.5,104.61,101.0,1,2
2,pat45,d1683290P0421108C_Qr_B0Fmm00_PB0PCcZNC0909_B64mA1la0R0vxxxxxx_000A07fBIsc_xBCxxxXxxFgxxn_DQ02_Blender_Z1J_550000F1,2,2,18,600,102.0,100.49,99.0,1,14
2,pat45,d1683290P0421108C_Qr_B0Fmm00_PB0PCcZNC0909_B64mA1la0R0vxxxxxx_000A07fBIsc_xBCxxxXxxFgxxn_DQ02_Blender_Z1J_550000F1,2,3,19,600,102.0,100.44,99.0,1,9
2,pat45,d1683290P0421108C_Qr_B0Fmm00_PB0PCcZNC0909_B64mA1la0R0vxxxxxx_000A07fBIsc_xBCxxxXxxFgxxn_DQ02_Blender_Z1J_550000F1,2,4,20,600,108.5,103.52,101.0,1,11
2,pat45,d1683290P0421108C_Qr_B0Fmm00_PB0PCcZNC0909_B64mA1la0R0vxxxxxx_000A07fBIsc_xBCxxxXxxFgxxn_DQ02_Blender_Z1J_550000F1,2,5,21,600,107.0,104.08,101.0,1,2
2,pat45,d1683290P0421108C_Qr_B0Fmm00_PB0PCcZNC0909_B64mA1la0R0vxxxxxx_000A07fBIsc_xBCxxxXxxFgxxn_DQ02_Blender_Z1J_550000F1,2,6,22,600,103.0,101.06,99.0,0,4
2,pat45,d1683290P0421108C_Qr_B0Fmm00_PB0PCcZNC0909_B64mA1la0R0vxxxxxx_000A07fBIsc_xBCxxxXxxFgxxn_DQ02_Blender_Z1J_550000F1,2,7,23,600,101.5,99.98,98.5,0,8
2,pat45,d1683290P0421108C_Qr_B0Fmm00_PB0PCcZNC0909_B64mA1la0R0vxxxxxx_000A07fBIsc_xBCxxxXxxFgxxn_DQ02_Blender_Z1J_550000F1,3,0,24,600,105.0,102.98,100.5,1,11
2,pat45,d1683290P0421108C_Qr_B0Fmm00_PB0PCcZNC0909_B64mA1la0R0vxxxxxx_000A07fBIsc_xBCxxxXxxFgxxn_DQ02_Blender_Z1J_550000F1,3,1,25,600,104.5,102.61,100.5,1,11
2,pat45,d1683290P0421108C_Qr_B0Fmm00_PB0PCcZNC0909_B64mA1la0R0vxxxxxx_000A07fBIsc_xBCxxxXxxFgxxn_DQ02_Blender_Z1J_550000F1,3,2,26,600,102.5,101.04,99.0,0,8
2,pat45,d1683290P0421108C_Qr_B0Fmm00_PB0PCcZNC0909_B64mA1la0R0vxxxxxx_000A07fBIsc_xBCxxxXxxFgxxn_DQ02_Blender_Z1J_550000F1,3,3,27,600,102.5,100.56,99.0,0,8
2,pat45,d1683290P0421108C_Qr_B0Fmm00_PB0PCcZNC0909_B64mA1la0R0vxxxxxx_000A07fBIsc_xBCxxxXxxFgxxn_DQ02_Blender_Z1J_550000F1,3,4,28,600,107.5,103.88,100.5,1,11
2,pat45,d1683290P0421108C_Qr_B0Fmm00_PB0PCcZNC0909_B64mA1la0R0vxxxxxx_000A07fBIsc_xBCxxxXxxFgxxn_DQ02_Blender_Z1J_550000F1,3,5,29,600,105.0,103.19,101.5,1,11
2,pat45,d1683290P0421108C_Qr_B0Fmm00_PB0PCcZNC0909_B64mA1la0R0vxxxxxx_000A07fBIsc_xBCxxxXxxFgxxn_DQ02_Blender_Z1J_550000F1,3,6,30,600,105.0,101.11,99.5,0,14
2,pat45,d1683290P0421108C_Qr_B0Fmm00_PB0PCcZNC0909_B64mA1la0R0vxxxxxx_000A07fBIsc_xBCxxxXxxFgxxn_DQ02_Blender_Z1J_550000F1,3,7,31,600,103.5,101.0,99.5,0,8
2,pat46,d1700448P0421846C_RL_B0Fmm00_PB0PCcZNC0909_B64mA1la0R0vxxxxxx_000A07fBIsc_xBCxxxXxxFgxxn_DQ02_Blender_W1J_5510009A,0,0,0,600,108.5,103.4,99.0,1,11
2,pat46,d1700448P0421846C_RL_B0Fmm00_PB0PCcZNC0909_B64mA1la0R0vxxxxxx_000A07fBIsc_xBCxxxXxxFgxxn_DQ02_Blender_W1J_5510009A,0,1,1,600,108.5,103.48,99.5,1,11
2,pat46,d1700448P0421846C_RL_B0Fmm00_PB0PCcZNC0909_B64mA1la0R0vxxxxxx_000A07fBIsc_xBCxxxXxxFgxxn_DQ02_Blender_W1J_5510009A,0,2,2,600,101.5,99.95,99.0,0,14
2,pat46,d1700448P0421846C_RL_B0Fmm00_PB0PCcZNC0909_B64mA1la0R0vxxxxxx_000A07fBIsc_xBCxxxXxxFgxxn_DQ02_Blender_W1J_5510009A,0,3,3,600,101.0,99.05,97.5,0,8
2,pat46,d1700448P0421846C_RL_B0Fmm00_PB0PCcZNC0909_B64mA1la0R0vxxxxxx_000A07fBIsc_xBCxxxXxxFgxxn_DQ02_Blender_W1J_5510009A,0,4,4,600,109.0,103.53,99.5,1,11
2,pat46,d1700448P0421846C_RL_B0Fmm00_PB0PCcZNC0909_B64mA1la0R0vxxxxxx_000A07fBIsc_xBCxxxXxxFgxxn_DQ02_Blender_W1J_5510009A,0,5,5,600,109.0,104.22,100.0,1,2
2,pat46,d1700448P0421846C_RL_B0Fmm00_PB0PCcZNC0909_B64mA1la0R0vxxxxxx_000A07fBIsc_xBCxxxXxxFgxxn_DQ02_Blender_W1J_5510009A,0,6,6,600,101.5,100.11,98.5,1,13
2,pat46,d1700448P0421846C_RL_B0Fmm00_PB0PCcZNC0909_B64mA1la0R0vxxxxxx_000A07fBIsc_xBCxxxXxxFgxxn_DQ02_Blender_W1J_5510009A,0,7,7,600,100.5,99.52,97.5,0,0
2,pat46,d1700448P0421846C_RL_B0Fmm00_PB0PCcZNC0909_B64mA1la0R0vxxxxxx_000A07fBIsc_xBCxxxXxxFgxxn_DQ02_Blender_W1J_5510009A,1,0,8,600,105.5,102.87,100.5,1,11
2,pat46,d1700448P0421846C_RL_B0Fmm00_PB0PCcZNC0909_B64mA1la0R0vxxxxxx_000A07fBIsc_xBCxxxXxxFgxxn_DQ02_Blender_W1J_5510009A,1,1,9,600,105.5,102.56,99.5,1,11
2,pat46,d1700448P0421846C_RL_B0Fmm00_PB0PCcZNC0909_B64mA1la0R0vxxxxxx_000A07fBIsc_xBCxxxXxxFgxxn_DQ02_Blender_W1J_5510009A,1,2,10,600,101.5,100.05,98.0,0,13
2,pat46,d1700448P0421846C_RL_B0Fmm00_PB0PCcZNC0909_B64mA1la0R0vxxxxxx_000A07fBIsc_xBCxxxXxxFgxxn_DQ02_Blender_W1J_5510009A,1,3,11,600,101.5,100.08,98.5,0,8
2,pat46,d1700448P0421846C_RL_B0Fmm00_PB0PCcZNC0909_B64mA1la0R0vxxxxxx_000A07fBIsc_xBCxxxXxxFgxxn_DQ02_Blender_W1J_5510009A,1,4,12,600,107.0,102.99,100.5,1,11
2,pat46,d1700448P0421846C_RL_B0Fmm00_PB0PCcZNC0909_B64mA1la0R0vxxxxxx_000A07fBIsc_xBCxxxXxxFgxxn_DQ02_Blender_W1J_5510009A,1,5,13,600,106.5,103.16,100.0,1,2
2,pat46,d1700448P0421846C_RL_B0Fmm00_PB0PCcZNC0909_B64mA1la0R0vxxxxxx_000A07fBIsc_xBCxxxXxxFgxxn_DQ02_Blender_W1J_5510009A,1,6,14,600,102.0,100.51,98.0,0,1
2,pat46,d1700448P0421846C_RL_B0Fmm00_PB0PCcZNC0909_B64mA1la0R0vxxxxxx_000A07fBIsc_xBCxxxXxxFgxxn_DQ02_Blender_W1J_5510009A,1,7,15,600,102.5,99.91,98.0,0,8
2,pat46,d1700448P0421846C_RL_B0Fmm00_PB0PCcZNC0909_B64mA1la0R0vxxxxxx_000A07fBIsc_xBCxxxXxxFgxxn_DQ02_Blender_W1J_5510009A,2,0,16,600,107.0,104.03,100.5,1,11
2,pat46,d1700448P0421846C_RL_B0Fmm00_PB0PCcZNC0909_B64mA1la0R0vxxxxxx_000A07fBIsc_xBCxxxXxxFgxxn_DQ02_Blender_W1J_5510009A,2,1,17,600,109.0,104.51,101.0,1,2
2,pat46,d1700448P0421846C_RL_B0Fmm00_PB0PCcZNC0909_B64mA1la0R0vxxxxxx_000A07fBIsc_xBCxxxXxxFgxxn_DQ02_Blender_W1J_5510009A,2,2,18,600,102.0,100.45,99.5,0,7
2,pat46,d1700448P0421846C_RL_B0Fmm00_PB0PCcZNC0909_B64mA1la0R0vxxxxxx_000A07fBIsc_xBCxxxXxxFgxxn_DQ02_Blender_W1J_5510009A,2,3,19,600,102.0,100.53,99.0,1,9
2,pat46,d1700448P0421846C_RL_B0Fmm00_PB0PCcZNC0909_B64mA1la0R0vxxxxxx_000A07fBIsc_xBCxxxXxxFgxxn_DQ02_Blender_W1J_5510009A,2,4,20,600,108.5,103.37,101.0,1,11
2,pat46,d1700448P0421846C_RL_B0Fmm00_PB0PCcZNC0909_B64mA1la0R0vxxxxxx_000A07fBIsc_xBCxxxXxxFgxxn_DQ02_Blender_W1J_5510009A,2,5,21,600,107.0,103.8,101.0,1,11
2,pat46,d1700448P0421846C_RL_B0Fmm00_PB0PCcZNC0909_B64mA1la0R0vxxxxxx_000A07fBIsc_xBCxxxXxxFgxxn_DQ02_Blender_W1J_5510009A,2,6,22,600,103.5,101.04,99.0,0,8
2,pat46,d1700448P0421846C_RL_B0Fmm00_PB0PCcZNC0909_B64mA1la0R0vxxxxxx_000A07fBIsc_xBCxxxXxxFgxxn_DQ02_Blender_W1J_5510009A,2,7,23,600,101.5,100.0,98.5,0,8
2,pat46,d1700448P0421846C_RL_B0Fmm00_PB0PCcZNC0909_B64mA1la0R0vxxxxxx_000A07fBIsc_xBCxxxXxxFgxxn_DQ02_Blender_W1J_5510009A,3,0,24,600,105.0,102.82,100.5,1,11
2,pat46,d1700448P0421846C_RL_B0Fmm00_PB0PCcZNC0909_B64mA1la0R0vxxxxxx_000A07fBIsc_xBCxxxXxxFgxxn_DQ02_Blender_W1J_5510009A,3,1,25,600,104.5,102.44,100.5,1,11
2,pat46,d1700448P0421846C_RL_B0Fmm00_PB0PCcZNC0909_B64mA1la0R0vxxxxxx_000A07fBIsc_xBCxxxXxxFgxxn_DQ02_Blender_W1J_5510009A,3,2,26,600,103.0,101.1,99.0,0,8
2,pat46,d1700448P0421846C_RL_B0Fmm00_PB0PCcZNC0909_B64mA1la0R0vxxxxxx_000A07fBIsc_xBCxxxXxxFgxxn_DQ02_Blender_W1J_5510009A,3,3,27,600,102.0,100.54,99.0,0,8
2,pat46,d1700448P0421846C_RL_B0Fmm00_PB0PCcZNC0909_B64mA1la0R0vxxxxxx_000A07fBIsc_xBCxxxXxxFgxxn_DQ02_Blender_W1J_5510009A,3,4,28,600,107.5,103.68,100.0,1,11
2,pat46,d1700448P0421846C_RL_B0Fmm00_PB0PCcZNC0909_B64mA1la0R0vxxxxxx_000A07fBIsc_xBCxxxXxxFgxxn_DQ02_Blender_W1J_5510009A,3,5,29,600,105.0,103.06,101.0,1,0
2,pat46,d1700448P0421846C_RL_B0Fmm00_PB0PCcZNC0909_B64mA1la0R0vxxxxxx_000A07fBIsc_xBCxxxXxxFgxxn_DQ02_Blender_W1J_5510009A,3,6,30,600,102.5,101.0,99.5,0,6
2,pat46,d1700448P0421846C_RL_B0Fmm00_PB0PCcZNC0909_B64mA1la0R0vxxxxxx_000A07fBIsc_xBCxxxXxxFgxxn_DQ02_Blender_W1J_5510009A,3,7,31,600,103.0,101.04,99.5,0,8
2,pat47,d1683131P0421048C_RH_B0Fmm00_PB0PCcZNC0909_B64mA1la0R0vxxxxxx_000A07fBIsc_xBCxxxXxxFgxxn_DQ02_Blender_Z1J_5500007C,0,0,0,600,108.5,103.43,99.0,1,11
2,pat47,d1683131P0421048C_RH_B0Fmm00_PB0PCcZNC0909_B64mA1la0R0vxxxxxx_000A07fBIsc_xBCxxxXxxFgxxn_DQ02_Blender_Z1J_5500007C,0,1,1,600,109.0,103.7,99.5,1,11
2,pat47,d1683131P0421048C_RH_B0Fmm00_PB0PCcZNC0909_B64mA1la0R0vxxxxxx_000A07fBIsc_xBCxxxXxxFgxxn_DQ02_Blender_Z1J_5500007C,0,2,2,600,101.5,100.03,99.0,0,14
2,pat47,d1683131P0421048C_RH_B0Fmm00_PB0PCcZNC0909_B64mA1la0R0vxxxxxx_000A07fBIsc_xBCxxxXxxFgxxn_DQ02_Blender_Z1J_5500007C,0,3,3,600,101.0,99.02,97.5,0,8
2,pat47,d1683131P0421048C_RH_B0Fmm00_PB0PCcZNC0909_B64mA1la0R0vxxxxxx_000A07fBIsc_xBCxxxXxxFgxxn_DQ02_Blender_Z1J_5500007C,0,4,4,600,109.0,103.61,99.5,1,11
2,pat47,d1683131P0421048C_RH_B0Fmm00_PB0PCcZNC0909_B64mA1la0R0vxxxxxx_000A07fBIsc_xBCxxxXxxFgxxn_DQ02_Blender_Z1J_5500007C,0,5,5,600,109.0,104.35,100.0,1,2
2,pat47,d1683131P0421048C_RH_B0Fmm00_PB0PCcZNC0909_B64mA1la0R0vxxxxxx_000A07fBIsc_xBCxxxXxxFgxxn_DQ02_Blender_Z1J_5500007C,0,6,6,600,102.0,100.02,98.5,1,13
2,pat47,d1683131P0421048C_RH_B0Fmm00_PB0PCcZNC0909_B64mA1la0R0vxxxxxx_000A07fBIsc_xBCxxxXxxFgxxn_DQ02_Blender_Z1J_5500007C,0,7,7,600,101.0,99.42,98.0,1,6
2,pat47,d1683131P0421048C_RH_B0Fmm00_PB0PCcZNC0909_B64mA1la0R0vxxxxxx_000A07fBIsc_xBCxxxXxxFgxxn_DQ02_Blender_Z1J_5500007C,1,0,8,600,105.5,102.86,100.0,0,11
2,pat47,d1683131P0421048C_RH_B0Fmm00_PB0PCcZNC0909_B64mA1la0R0vxxxxxx_000A07fBIsc_xBCxxxXxxFgxxn_DQ02_Blender_Z1J_5500007C,1,1,9,600,105.0,102.58,99.5,0,2
2,pat47,d1683131P0421048C_RH_B0Fmm00_PB0PCcZNC0909_B64mA1la0R0vxxxxxx_000A07fBIsc_xBCxxxXxxFgxxn_DQ02_Blender_Z1J_5500007C,1,2,10,600,101.5,100.05,98.0,0,8
2,pat47,d1683131P0421048C_RH_B0Fmm00_PB0PCcZNC0909_B64mA1la0R0vxxxxxx_000A07fBIsc_xBCxxxXxxFgxxn_DQ02_Blender_Z1J_5500007C,1,3,11,600,101.5,100.03,98.5,0,8
2,pat47,d1683131P0421048C_RH_B0Fmm00_PB0PCcZNC0909_B64mA1la0R0vxxxxxx_000A07fBIsc_xBCxxxXxxFgxxn_DQ02_Blender_Z1J_5500007C,1,4,12,600,106.5,103.08,100.5,1,11
2,pat47,d1683131P0421048C_RH_B0Fmm00_PB0PCcZNC0909_B64mA1la0R0vxxxxxx_000A07fBIsc_xBCxxxXxxFgxxn_DQ02_Blender_Z1J_5500007C,1,5,13,600,106.5,103.4,100.0,1,2
2,pat47,d1683131P0421048C_RH_B0Fmm00_PB0PCcZNC0909_B64mA1la0R0vxxxxxx_000A07fBIsc_xBCxxxXxxFgxxn_DQ02_Blender_Z1J_5500007C,1,6,14,600,102.0,100.51,98.0,0,1
2,pat47,d1683131P0421048C_RH_B0Fmm00_PB0PCcZNC0909_B64mA1la0R0vxxxxxx_000A07fBIsc_xBCxxxXxxFgxxn_DQ02_Blender_Z1J_5500007C,1,7,15,600,102.0,99.92,98.0,0,8
2,pat47,d1683131P0421048C_RH_B0Fmm00_PB0PCcZNC0909_B64mA1la0R0vxxxxxx_000A07fBIsc_xBCxxxXxxFgxxn_DQ02_Blender_Z1J_5500007C,2,0,16,600,107.0,104.14,100.5,1,11
2,pat47,d1683131P0421048C_RH_B0Fmm00_PB0PCcZNC0909_B64mA1la0R0vxxxxxx_000A07fBIsc_xBCxxxXxxFgxxn_DQ02_Blender_Z1J_5500007C,2,1,17,600,109.0,104.67,101.0,1,2
2,pat47,d1683131P0421048C_RH_B0Fmm00_PB0PCcZNC0909_B64mA1la0R0vxxxxxx_000A07fBIsc_xBCxxxXxxFgxxn_DQ02_Blender_Z1J_5500007C,2,2,18,600,102.0,100.56,99.5,0,7
2,pat47,d1683131P0421048C_RH_B0Fmm00_PB0PCcZNC0909_B64mA1la0R0vxxxxxx_000A07fBIsc_xBCxxxXxxFgxxn_DQ02_Blender_Z1J_5500007C,2,3,19,600,102.0,100.5,99.0,1,5
2,pat47,d1683131P0421048C_RH_B0Fmm00_PB0PCcZNC0909_B64mA1la0R0vxxxxxx_000A07fBIsc_xBCxxxXxxFgxxn_DQ02_Blender_Z1J_5500007C,2,4,20,600,108.5,103.4,101.0,1,11
2,pat47,d1683131P0421048C_RH_B0Fmm00_PB0PCcZNC0909_B64mA1la0R0vxxxxxx_000A07fBIsc_xBCxxxXxxFgxxn_DQ02_Blender_Z1J_5500007C,2,5,21,600,107.5,103.88,101.0,1,11
2,pat47,d1683131P0421048C_RH_B0Fmm00_PB0PCcZNC0909_B64mA1la0R0vxxxxxx_000A07fBIsc_xBCxxxXxxFgxxn_DQ02_Blender_Z1J_5500007C,2,6,22,600,103.0,101.0,99.0,0,4
2,pat47,d1683131P0421048C_RH_B0Fmm00_PB0PCcZNC0909_B64mA1la0R0vxxxxxx_000A07fBIsc_xBCxxxXxxFgxxn_DQ02_Blender_Z1J_5500007C,2,7,23,600,101.5,100.03,98.5,1,9
2,pat47,d1683131P0421048C_RH_B0Fmm00_PB0PCcZNC0909_B64mA1la0R0vxxxxxx_000A07fBIsc_xBCxxxXxxFgxxn_DQ02_Blender_Z1J_5500007C,3,0,24,600,105.0,102.88,100.5,1,11
2,pat47,d1683131P0421048C_RH_B0Fmm00_PB0PCcZNC0909_B64mA1la0R0vxxxxxx_000A07fBIsc_xBCxxxXxxFgxxn_DQ02_Blender_Z1J_5500007C,3,1,25,600,104.5,102.53,100.5,0,11
2,pat47,d1683131P0421048C_RH_B0Fmm00_PB0PCcZNC0909_B64mA1la0R0vxxxxxx_000A07fBIsc_xBCxxxXxxFgxxn_DQ02_Blender_Z1J_5500007C,3,2,26,600,103.0,101.03,99.0,0,8
2,pat47,d1683131P0421048C_RH_B0Fmm00_PB0PCcZNC0909_B64mA1la0R0vxxxxxx_000A07fBIsc_xBCxxxXxxFgxxn_DQ02_Blender_Z1J_5500007C,3,3,27,600,102.0,100.55,99.0,0,8
2,pat47,d1683131P0421048C_RH_B0Fmm00_PB0PCcZNC0909_B64mA1la0R0vxxxxxx_000A07fBIsc_xBCxxxXxxFgxxn_DQ02_Blender_Z1J_5500007C,3,4,28,600,107.5,103.8,100.0,1,11
2,pat47,d1683131P0421048C_RH_B0Fmm00_PB0PCcZNC0909_B64mA1la0R0vxxxxxx_000A07fBIsc_xBCxxxXxxFgxxn_DQ02_Blender_Z1J_5500007C,3,5,29,600,105.0,103.16,101.0,1,11
2,pat47,d1683131P0421048C_RH_B0Fmm00_PB0PCcZNC0909_B64mA1la0R0vxxxxxx_000A07fBIsc_xBCxxxXxxFgxxn_DQ02_Blender_Z1J_5500007C,3,6,30,600,102.5,101.13,99.5,0,6
2,pat47,d1683131P0421048C_RH_B0Fmm00_PB0PCcZNC0909_B64mA1la0R0vxxxxxx_000A07fBIsc_xBCxxxXxxFgxxn_DQ02_Blender_Z1J_5500007C,3,7,31,600,103.5,100.99,99.0,0,8
2,pat48,d1700303P0421975C_Qu_B0Fmm00_PB0PCcZNC0909_B64mA1la0R0vxxxxxx_000A07fBIsc_xBCxxxXxxFgxxn_DQ02_Blender_Z1J_551000BE,0,0,0,600,108.0,103.39,98.5,1,11
2,pat48,d1700303P0421975C_Qu_B0Fmm00_PB0PCcZNC0909_B64mA1la0R0vxxxxxx_000A07fBIsc_xBCxxxXxxFgxxn_DQ02_Blender_Z1J_551000BE,0,1,1,600,109.0,103.64,99.5,1,11
2,pat48,d1700303P0421975C_Qu_B0Fmm00_PB0PCcZNC0909_B64mA1la0R0vxxxxxx_000A07fBIsc_xBCxxxXxxFgxxn_DQ02_Blender_Z1J_551000BE,0,2,2,600,101.0,100.0,99.0,0,14
2,pat48,d1700303P0421975C_Qu_B0Fmm00_PB0PCcZNC0909_B64mA1la0R0vxxxxxx_000A07fBIsc_xBCxxxXxxFgxxn_DQ02_Blender_Z1J_551000BE,0,3,3,600,100.5,99.06,97.5,0,8
2,pat48,d1700303P0421975C_Qu_B0Fmm00_PB0PCcZNC0909_B64mA1la0R0vxxxxxx_000A07fBIsc_xBCxxxXxxFgxxn_DQ02_Blender_Z1J_551000BE,0,4,4,600,109.5,103.48,99.0,1,11
2,pat48,d1700303P0421975C_Qu_B0Fmm00_PB0PCcZNC0909_B64mA1la0R0vxxxxxx_000A07fBIsc_xBCxxxXxxFgxxn_DQ02_Blender_Z1J_551000BE,0,5,5,600,109.5,104.3,100.0,1,11
2,pat48,d1700303P0421975C_Qu_B0Fmm00_PB0PCcZNC0909_B64mA1la0R0vxxxxxx_000A07fBIsc_xBCxxxXxxFgxxn_DQ02_Blender_Z1J_551000BE,0,6,6,600,101.5,100.0,98.5,1,2
2,pat48,d1700303P0421975C_Qu_B0Fmm00_PB0PCcZNC0909_B64mA1la0R0vxxxxxx_000A07fBIsc_xBCxxxXxxFgxxn_DQ02_Blender_Z1J_551000BE,0,7,7,600,101.0,99.4,98.0,1,8
2,pat48,d1700303P0421975C_Qu_B0Fmm00_PB0PCcZNC0909_B64mA1la0R0vxxxxxx_000A07fBIsc_xBCxxxXxxFgxxn_DQ02_Blender_Z1J_551000BE,1,0,8,600,106.0,102.84,99.5,1,11
2,pat48,d1700303P0421975C_Qu_B0Fmm00_PB0PCcZNC0909_B64mA1la0R0vxxxxxx_000A07fBIsc_xBCxxxXxxFgxxn_DQ02_Blender_Z1J_551000BE,1,1,9,600,105.5,102.57,99.5,0,2
2,pat48,d1700303P0421975C_Qu_B0Fmm00_PB0PCcZNC0909_B64mA1la0R0vxxxxxx_000A07fBIsc_xBCxxxXxxFgxxn_DQ02_Blender_Z1J_551000BE,1,2,10,600,101.5,99.97,98.5,1,8
2,pat48,d1700303P0421975C_Qu_B0Fmm00_PB0PCcZNC0909_B64mA1la0R0vxxxxxx_000A07fBIsc_xBCxxxXxxFgxxn_DQ02_Blender_Z1J_551000BE,1,3,11,600,101.0,100.11,98.5,0,8
2,pat48,d1700303P0421975C_Qu_B0Fmm00_PB0PCcZNC0909_B64mA1la0R0vxxxxxx_000A07fBIsc_xBCxxxXxxFgxxn_DQ02_Blender_Z1J_551000BE,1,4,12,600,106.5,103.04,100.5,0,11
2,pat48,d1700303P0421975C_Qu_B0Fmm00_PB0PCcZNC0909_B64mA1la0R0vxxxxxx_000A07fBIsc_xBCxxxXxxFgxxn_DQ02_Blender_Z1J_551000BE,1,5,13,600,106.5,103.41,100.0,1,2
2,pat48,d1700303P0421975C_Qu_B0Fmm00_PB0PCcZNC0909_B64mA1la0R0vxxxxxx_000A07fBIsc_xBCxxxXxxFgxxn_DQ02_Blender_Z1J_551000BE,1,6,14,600,102.0,100.5,98.5,0,1
2,pat48,d1700303P0421975C_Qu_B0Fmm00_PB0PCcZNC0909_B64mA1la0R0vxxxxxx_000A07fBIsc_xBCxxxXxxFgxxn_DQ02_Blender_Z1J_551000BE,1,7,15,600,102.0,99.83,97.5,0,8
2,pat48,d1700303P0421975C_Qu_B0Fmm00_PB0PCcZNC0909_B64mA1la0R0vxxxxxx_000A07fBIsc_xBCxxxXxxFgxxn_DQ02_Blender_Z1J_551000BE,2,0,16,600,107.5,104.0,100.5,1,11
2,pat48,d1700303P0421975C_Qu_B0Fmm00_PB0PCcZNC0909_B64mA1la0R0vxxxxxx_000A07fBIsc_xBCxxxXxxFgxxn_DQ02_Blender_Z1J_551000BE,2,1,17,600,109.0,104.6,101.0,1,11
2,pat48,d1700303P0421975C_Qu_B0Fmm00_PB0PCcZNC0909_B64mA1la0R0vxxxxxx_000A07fBIsc_xBCxxxXxxFgxxn_DQ02_Blender_Z1J_551000BE,2,2,18,600,102.5,100.41,99.5,0,7
2,pat48,d1700303P0421975C_Qu_B0Fmm00_PB0PCcZNC0909_B64mA1la0R0vxxxxxx_000A07fBIsc_xBCxxxXxxFgxxn_DQ02_Blender_Z1J_551000BE,2,3,19,600,102.0,100.44,99.0,1,9
2,pat48,d1700303P0421975C_Qu_B0Fmm00_PB0PCcZNC0909_B64mA1la0R0vxxxxxx_000A07fBIsc_xBCxxxXxxFgxxn_DQ02_Blender_Z1J_551000BE,2,4,20,600,109.0,103.33,100.5,1,11
2,pat48,d1700303P0421975C_Qu_B0Fmm00_PB0PCcZNC0909_B64mA1la0R0vxxxxxx_000A07fBIsc_xBCxxxXxxFgxxn_DQ02_Blender_Z1J_551000BE,2,5,21,600,107.0,103.85,101.0,1,11
2,pat48,d1700303P0421975C_Qu_B0Fmm00_PB0PCcZNC0909_B64mA1la0R0vxxxxxx_000A07fBIsc_xBCxxxXxxFgxxn_DQ02_Blender_Z1J_551000BE,2,6,22,600,103.5,100.87,99.0,0,8
2,pat48,d1700303P0421975C_Qu_B0Fmm00_PB0PCcZNC0909_B64mA1la0R0vxxxxxx_000A07fBIsc_xBCxxxXxxFgxxn_DQ02_Blender_Z1J_551000BE,2,7,23,600,102.0,100.03,98.5,0,8
2,pat48,d1700303P0421975C_Qu_B0Fmm00_PB0PCcZNC0909_B64mA1la0R0vxxxxxx_000A07fBIsc_xBCxxxXxxFgxxn_DQ02_Blender_Z1J_551000BE,3,0,24,600,105.0,102.86,100.0,1,11
2,pat48,d1700303P0421975C_Qu_B0Fmm00_PB0PCcZNC0909_B64mA1la0R0vxxxxxx_000A07fBIsc_xBCxxxXxxFgxxn_DQ02_Blender_Z1J_551000BE,3,1,25,600,104.5,102.52,100.5,0,11
2,pat48,d1700303P0421975C_Qu_B0Fmm00_PB0PCcZNC0909_B64mA1la0R0vxxxxxx_000A07fBIsc_xBCxxxXxxFgxxn_DQ02_Blender_Z1J_551000BE,3,2,26,600,102.5,100.94,99.0,0,6
2,pat48,d1700303P0421975C_Qu_B0Fmm00_PB0PCcZNC0909_B64mA1la0R0vxxxxxx_000A07fBIsc_xBCxxxXxxFgxxn_DQ02_Blender_Z1J_551000BE,3,3,27,600,102.0,100.63,99.0,0,8
2,pat48,d1700303P0421975C_Qu_B0Fmm00_PB0PCcZNC0909_B64mA1la0R0vxxxxxx_000A07fBIsc_xBCxxxXxxFgxxn_DQ02_Blender_Z1J_551000BE,3,4,28,600,107.5,103.71,100.5,1,11
2,pat48,d1700303P0421975C_Qu_B0Fmm00_PB0PCcZNC0909_B64mA1la0R0vxxxxxx_000A07fBIsc_xBCxxxXxxFgxxn_DQ02_Blender_Z1J_551000BE,3,5,29,600,105.0,103.09,101.0,1,11
2,pat48,d1700303P0421975C_Qu_B0Fmm00_PB0PCcZNC0909_B64mA1la0R0vxxxxxx_000A07fBIsc_xBCxxxXxxFgxxn_DQ02_Blender_Z1J_551000BE,3,6,30,600,102.5,101.0,99.5,0,6
2,pat48,d1700303P0421975C_Qu_B0Fmm00_PB0PCcZNC0909_B64mA1la0R0vxxxxxx_000A07fBIsc_xBCxxxXxxFgxxn_DQ02_Blender_Z1J_551000BE,3,7,31,600,103.0,100.94,99.5,0,8
2,pat49,d1683276P0421068C_RL_B0Fmm00_PB0PCcZNC0909_B64mA1la0R0vxxxxxx_000A07fBIsc_xBCxxxXxxFgxxn_DQ02_Blender_Z1J_550000A5,0,0,0,600,108.5,103.48,99.0,1,11
2,pat49,d1683276P0421068C_RL_B0Fmm00_PB0PCcZNC0909_B64mA1la0R0vxxxxxx_000A07fBIsc_xBCxxxXxxFgxxn_DQ02_Blender_Z1J_550000A5,0,1,1,600,109.5,103.8,99.5,1,11
2,pat49,d1683276P0421068C_RL_B0Fmm00_PB0PCcZNC0909_B64mA1la0R0vxxxxxx_000A07fBIsc_xBCxxxXxxFgxxn_DQ02_Blender_Z1J_550000A5,0,2,2,600,101.5,100.0,99.0,0,14
2,pat49,d1683276P0421068C_RL_B0Fmm00_PB0PCcZNC0909_B64mA1la0R0vxxxxxx_000A07fBIsc_xBCxxxXxxFgxxn_DQ02_Blender_Z1J_550000A5,0,3,3,600,100.5,99.08,97.5,0,8
2,pat49,d1683276P0421068C_RL_B0Fmm00_PB0PCcZNC0909_B64mA1la0R0vxxxxxx_000A07fBIsc_xBCxxxXxxFgxxn_DQ02_Blender_Z1J_550000A5,0,4,4,600,109.0,103.64,99.5,1,11
2,pat49,d1683276P0421068C_RL_B0Fmm00_PB0PCcZNC0909_B64mA1la0R0vxxxxxx_000A07fBIsc_xBCxxxXxxFgxxn_DQ02_Blender_Z1J_550000A5,0,5,5,600,109.0,104.36,99.5,1,2
2,pat49,d1683276P0421068C_RL_B0Fmm00_PB0PCcZNC0909_B64mA1la0R0vxxxxxx_000A07fBIsc_xBCxxxXxxFgxxn_DQ02_Blender_Z1J_550000A5,0,6,6,600,102.0,100.06,98.5,1,13
2,pat49,d1683276P0421068C_RL_B0Fmm00_PB0PCcZNC0909_B64mA1la0R0vxxxxxx_000A07fBIsc_xBCxxxXxxFgxxn_DQ02_Blender_Z1J_550000A5,0,7,7,600,100.5,99.47,98.0,1,6
2,pat49,d1683276P0421068C_RL_B0Fmm00_PB0PCcZNC0909_B64mA1la0R0vxxxxxx_000A07fBIsc_xBCxxxXxxFgxxn_DQ02_Blender_Z1J_550000A5,1,0,8,600,106.0,102.89,99.5,1,9
2,pat49,d1683276P0421068C_RL_B0Fmm00_PB0PCcZNC0909_B64mA1la0R0vxxxxxx_000A07fBIsc_xBCxxxXxxFgxxn_DQ02_Blender_Z1J_550000A5,1,1,9,600,105.0,102.63,99.5,0,2
2,pat49,d1683276P0421068C_RL_B0Fmm00_PB0PCcZNC0909_B64mA1la0R0vxxxxxx_000A07fBIsc_xBCxxxXxxFgxxn_DQ02_Blender_Z1J_550000A5,1,2,10,600,101.5,100.05,98.5,1,8
2,pat49,d1683276P0421068C_RL_B0Fmm00_PB0PCcZNC0909_B64mA1la0R0vxxxxxx_000A07fBIsc_xBCxxxXxxFgxxn_DQ02_Blender_Z1J_550000A5,1,3,11,600,101.5,100.14,98.0,0,8
2,pat49,d1683276P0421068C_RL_B0Fmm00_PB0PCcZNC0909_B64mA1la0R0vxxxxxx_000A07fBIsc_xBCxxxXxxFgxxn_DQ02_Blender_Z1J_550000A5,1,4,12,600,106.0,103.07,100.0,1,2
2,pat49,d1683276P0421068C_RL_B0Fmm00_PB0PCcZNC0909_B64mA1la0R0vxxxxxx_000A07fBIsc_xBCxxxXxxFgxxn_DQ02_Blender_Z1J_550000A5,1,5,13,600,106.5,103.49,100.0,0,9
2,pat49,d1683276P0421068C_RL_B0Fmm00_PB0PCcZNC0909_B64mA1la0R0vxxxxxx_000A07fBIsc_xBCxxxXxxFgxxn_DQ02_Blender_Z1J_550000A5,1,6,14,600,102.0,100.5,98.5,0,1
2,pat49,d1683276P0421068C_RL_B0Fmm00_PB0PCcZNC0909_B64mA1la0R0vxxxxxx_000A07fBIsc_xBCxxxXxxFgxxn_DQ02_Blender_Z1J_550000A5,1,7,15,600,102.5,99.89,97.5,0,8
2,pat49,d1683276P0421068C_RL_B0Fmm00_PB0PCcZNC0909_B64mA1la0R0vxxxxxx_000A07fBIsc_xBCxxxXxxFgxxn_DQ02_Blender_Z1J_550000A5,2,0,16,600,107.0,104.07,100.5,1,11
2,pat49,d1683276P0421068C_RL_B0Fmm00_PB0PCcZNC0909_B64mA1la0R0vxxxxxx_000A07fBIsc_xBCxxxXxxFgxxn_DQ02_Blender_Z1J_550000A5,2,1,17,600,108.5,104.43,100.5,1,2
2,pat49,d1683276P0421068C_RL_B0Fmm00_PB0PCcZNC0909_B64mA1la0R0vxxxxxx_000A07fBIsc_xBCxxxXxxFgxxn_DQ02_Blender_Z1J_550000A5,2,2,18,600,102.0,100.46,99.0,1,14
2,pat49,d1683276P0421068C_RL_B0Fmm00_PB0PCcZNC0909_B64mA1la0R0vxxxxxx_000A07fBIsc_xBCxxxXxxFgxxn_DQ02_Blender_Z1J_550000A5,2,3,19,600,102.0,100.48,98.5,1,9
2,pat49,d1683276P0421068C_RL_B0Fmm00_PB0PCcZNC0909_B64mA1la0R0vxxxxxx_000A07fBIsc_xBCxxxXxxFgxxn_DQ02_Blender_Z1J_550000A5,2,4,20,600,108.5,103.41,100.5,1,11
2,pat49,d1683276P0421068C_RL_B0Fmm00_PB0PCcZNC0909_B64mA1la0R0vxxxxxx_000A07fBIsc_xBCxxxXxxFgxxn_DQ02_Blender_Z1J_550000A5,2,5,21,600,107.0,103.95,101.0,1,11
2,pat49,d1683276P0421068C_RL_B0Fmm00_PB0PCcZNC0909_B64mA1la0R0vxxxxxx_000A07fBIsc_xBCxxxXxxFgxxn_DQ02_Blender_Z1J_550000A5,2,6,22,600,103.0,100.95,98.5,0,8
2,pat49,d1683276P0421068C_RL_B0Fmm00_PB0PCcZNC0909_B64mA1la0R0vxxxxxx_000A07fBIsc_xBCxxxXxxFgxxn_DQ02_Blender_Z1J_550000A5,2,7,23,600,101.5,100.03,98.5,0,8
2,pat49,d1683276P0421068C_RL_B0Fmm00_PB0PCcZNC0909_B64mA1la0R0vxxxxxx_000A07fBIsc_xBCxxxXxxFgxxn_DQ02_Blender_Z1J_550000A5,3,0,24,600,105.5,103.02,100.0,1,9
2,pat49,d1683276P0421068C_RL_B0Fmm00_PB0PCcZNC0909_B64mA1la0R0vxxxxxx_000A07fBIsc_xBCxxxXxxFgxxn_DQ02_Blender_Z1J_550000A5,3,1,25,600,105.0,102.62,100.5,0,9
2,pat49,d1683276P0421068C_RL_B0Fmm00_PB0PCcZNC0909_B64mA1la0R0vxxxxxx_000A07fBIsc_xBCxxxXxxFgxxn_DQ02_Blender_Z1J_550000A5,3,2,26,600,102.5,101.06,99.0,0,8
2,pat49,d1683276P0421068C_RL_B0Fmm00_PB0PCcZNC0909_B64mA1la0R0vxxxxxx_000A07fBIsc_xBCxxxXxxFgxxn_DQ02_Blender_Z1J_550000A5,3,3,27,600,102.0,100.59,99.0,0,8
2,pat49,d1683276P0421068C_RL_B0Fmm00_PB0PCcZNC0909_B64mA1la0R0vxxxxxx_000A07fBIsc_xBCxxxXxxFgxxn_DQ02_Blender_Z1J_550000A5,3,4,28,600,107.5,103.79,100.5,1,9
2,pat49,d1683276P0421068C_RL_B0Fmm00_PB0PCcZNC0909_B64mA1la0R0vxxxxxx_000A07fBIsc_xBCxxxXxxFgxxn_DQ02_Blender_Z1J_550000A5,3,5,29,600,105.5,103.15,101.0,1,9
2,pat49,d1683276P0421068C_RL_B0Fmm00_PB0PCcZNC0909_B64mA1la0R0vxxxxxx_000A07fBIsc_xBCxxxXxxFgxxn_DQ02_Blender_Z1J_550000A5,3,6,30,600,102.5,101.14,99.5,0,6
2,pat49,d1683276P0421068C_RL_B0Fmm00_PB0PCcZNC0909_B64mA1la0R0vxxxxxx_000A07fBIsc_xBCxxxXxxFgxxn_DQ02_Blender_Z1J_550000A5,3,7,31,600,103.5,101.08,99.5,0,8
2,pat50,d1700763P0422302C_RL_B0Fmm00_PB0PCcZNC0909_B64mA1la0R0vxxxxxx_000A07fBIsc_xBCxxxXxxFgxxn_DQ02_Aes_FZ_5510000D,0,0,0,600,108.0,103.37,99.0,1,11
2,pat50,d1700763P0422302C_RL_B0Fmm00_PB0PCcZNC0909_B64mA1la0R0vxxxxxx_000A07fBIsc_xBCxxxXxxFgxxn_DQ02_Aes_FZ_5510000D,0,1,1,600,108.5,103.47,99.5,1,11
2,pat50,d1700763P0422302C_RL_B0Fmm00_PB0PCcZNC0909_B64mA1la0R0vxxxxxx_000A07fBIsc_xBCxxxXxxFgxxn_DQ02_Aes_FZ_5510000D,0,2,2,600,101.0,99.91,99.0,0,14
2,pat50,d1700763P0422302C_RL_B0Fmm00_PB0PCcZNC0909_B64mA1la0R0vxxxxxx_000A07fBIsc_xBCxxxXxxFgxxn_DQ02_Aes_FZ_5510000D,0,3,3,600,100.5,98.97,97.5,0,8
2,pat50,d1700763P0422302C_RL_B0Fmm00_PB0PCcZNC0909_B64mA1la0R0vxxxxxx_000A07fBIsc_xBCxxxXxxFgxxn_DQ02_Aes_FZ_5510000D,0,4,4,600,108.5,103.63,100.0,1,11
2,pat50,d1700763P0422302C_RL_B0Fmm00_PB0PCcZNC0909_B64mA1la0R0vxxxxxx_000A07fBIsc_xBCxxxXxxFgxxn_DQ02_Aes_FZ_5510000D,0,5,5,600,108.5,104.34,100.5,1,2
2,pat50,d1700763P0422302C_RL_B0Fmm00_PB0PCcZNC0909_B64mA1la0R0vxxxxxx_000A07fBIsc_xBCxxxXxxFgxxn_DQ02_Aes_FZ_5510000D,0,6,6,600,101.5,100.03,98.5,1,2
2,pat50,d1700763P0422302C_RL_B0Fmm00_PB0PCcZNC0909_B64mA1la0R0vxxxxxx_000A07fBIsc_xBCxxxXxxFgxxn_DQ02_Aes_FZ_5510000D,0,7,7,600,100.5,99.41,98.0,0,6
2,pat50,d1700763P0422302C_RL_B0Fmm00_PB0PCcZNC0909_B64mA1la0R0vxxxxxx_000A07fBIsc_xBCxxxXxxFgxxn_DQ02_Aes_FZ_5510000D,1,0,8,600,105.5,102.78,99.5,1,13
2,pat50,d1700763P0422302C_RL_B0Fmm00_PB0PCcZNC0909_B64mA1la0R0vxxxxxx_000A07fBIsc_xBCxxxXxxFgxxn_DQ02_Aes_FZ_5510000D,1,1,9,600,106.0,102.56,99.5,0,13
2,pat50,d1700763P0422302C_RL_B0Fmm00_PB0PCcZNC0909_B64mA1la0R0vxxxxxx_000A07fBIsc_xBCxxxXxxFgxxn_DQ02_Aes_FZ_5510000D,1,2,10,600,101.5,99.91,98.5,0,8
2,pat50,d1700763P0422302C_RL_B0Fmm00_PB0PCcZNC0909_B64mA1la0R0vxxxxxx_000A07fBIsc_xBCxxxXxxFgxxn_DQ02_Aes_FZ_5510000D,1,3,11,600,101.0,100.05,98.0,0,8
2,pat50,d1700763P0422302C_RL_B0Fmm00_PB0PCcZNC0909_B64mA1la0R0vxxxxxx_000A07fBIsc_xBCxxxXxxFgxxn_DQ02_Aes_FZ_5510000D,1,4,12,600,106.0,103.09,100.5,1,11
2,pat50,d1700763P0422302C_RL_B0Fmm00_PB0PCcZNC0909_B64mA1la0R0vxxxxxx_000A07fBIsc_xBCxxxXxxFgxxn_DQ02_Aes_FZ_5510000D,1,5,13,600,106.5,103.4,100.0,1,2
2,pat50,d1700763P0422302C_RL_B0Fmm00_PB0PCcZNC0909_B64mA1la0R0vxxxxxx_000A07fBIsc_xBCxxxXxxFgxxn_DQ02_Aes_FZ_5510000D,1,6,14,600,102.0,100.55,97.5,1,8
2,pat50,d1700763P0422302C_RL_B0Fmm00_PB0PCcZNC0909_B64mA1la0R0vxxxxxx_000A07fBIsc_xBCxxxXxxFgxxn_DQ02_Aes_FZ_5510000D,1,7,15,600,102.0,99.84,98.0,0,8
2,pat50,d1700763P0422302C_RL_B0Fmm00_PB0PCcZNC0909_B64mA1la0R0vxxxxxx_000A07fBIsc_xBCxxxXxxFgxxn_DQ02_Aes_FZ_5510000D,2,0,16,600,107.0,104.0,100.5,1,11
2,pat50,d1700763P0422302C_RL_B0Fmm00_PB0PCcZNC0909_B64mA1la0R0vxxxxxx_000A07fBIsc_xBCxxxXxxFgxxn_DQ02_Aes_FZ_5510000D,2,1,17,600,108.0,104.34,101.0,1,2
2,pat50,d1700763P0422302C_RL_B0Fmm00_PB0PCcZNC0909_B64mA1la0R0vxxxxxx_000A07fBIsc_xBCxxxXxxFgxxn_DQ02_Aes_FZ_5510000D,2,2,18,600,102.0,100.46,99.5,0,7
2,pat50,d1700763P0422302C_RL_B0Fmm00_PB0PCcZNC0909_B64mA1la0R0vxxxxxx_000A07fBIsc_xBCxxxXxxFgxxn_DQ02_Aes_FZ_5510000D,2,3,19,600,102.0,100.39,99.0,1,9
2,pat50,d1700763P0422302C_RL_B0Fmm00_PB0PCcZNC0909_B64mA1la0R0vxxxxxx_000A07fBIsc_xBCxxxXxxFgxxn_DQ02_Aes_FZ_5510000D,2,4,20,600,108.5,103.38,100.5,1,11
2,pat50,d1700763P0422302C_RL_B0Fmm00_PB0PCcZNC0909_B64mA1la0R0vxxxxxx_000A07fBIsc_xBCxxxXxxFgxxn_DQ02_Aes_FZ_5510000D,2,5,21,600,106.5,103.89,101.0,1,11
2,pat50,d1700763P0422302C_RL_B0Fmm00_PB0PCcZNC0909_B64mA1la0R0vxxxxxx_000A07fBIsc_xBCxxxXxxFgxxn_DQ02_Aes_FZ_5510000D,2,6,22,600,103.0,100.83,99.0,0,4
2,pat50,d1700763P0422302C_RL_B0Fmm00_PB0PCcZNC0909_B64mA1la0R0vxxxxxx_000A07fBIsc_xBCxxxXxxFgxxn_DQ02_Aes_FZ_5510000D,2,7,23,600,101.5,99.98,98.5,0,8
2,pat50,d1700763P0422302C_RL_B0Fmm00_PB0PCcZNC0909_B64mA1la0R0vxxxxxx_000A07fBIsc_xBCxxxXxxFgxxn_DQ02_Aes_FZ_5510000D,3,0,24,600,105.0,102.94,100.5,1,9
2,pat50,d1700763P0422302C_RL_B0Fmm00_PB0PCcZNC0909_B64mA1la0R0vxxxxxx_000A07fBIsc_xBCxxxXxxFgxxn_DQ02_Aes_FZ_5510000D,3,1,25,600,104.5,102.59,100.5,1,13
2,pat50,d1700763P0422302C_RL_B0Fmm00_PB0PCcZNC0909_B64mA1la0R0vxxxxxx_000A07fBIsc_xBCxxxXxxFgxxn_DQ02_Aes_FZ_5510000D,3,2,26,600,102.5,100.95,99.0,0,6
2,pat50,d1700763P0422302C_RL_B0Fmm00_PB0PCcZNC0909_B64mA1la0R0vxxxxxx_000A07fBIsc_xBCxxxXxxFgxxn_DQ02_Aes_FZ_5510000D,3,3,27,600,102.0,100.57,99.0,0,8
2,pat50,d1700763P0422302C_RL_B0Fmm00_PB0PCcZNC0909_B64mA1la0R0vxxxxxx_000A07fBIsc_xBCxxxXxxFgxxn_DQ02_Aes_FZ_5510000D,3,4,28,600,107.5,103.76,100.5,1,11
2,pat50,d1700763P0422302C_RL_B0Fmm00_PB0PCcZNC0909_B64mA1la0R0vxxxxxx_000A07fBIsc_xBCxxxXxxFgxxn_DQ02_Aes_FZ_5510000D,3,5,29,600,105.0,103.05,101.0,1,13
2,pat50,d1700763P0422302C_RL_B0Fmm00_PB0PCcZNC0909_B64mA1la0R0vxxxxxx_000A07fBIsc_xBCxxxXxxFgxxn_DQ02_Aes_FZ_5510000D,3,6,30,600,102.5,101.11,99.5,0,6
2,pat50,d1700763P0422302C_RL_B0Fmm00_PB0PCcZNC0909_B64mA1la0R0vxxxxxx_000A07fBIsc_xBCxxxXxxFgxxn_DQ02_Aes_FZ_5510000D,3,7,31,600,103.5,101.02,99.5,0,8
2,pat51,d1700294P0421799C_RL_B0Fmm00_PB0PCcZNC0909_B64mA1la0R0vxxxxxx_000A07fBIsc_xBCxxxXxxFgxxn_DQ02_Blender_A1J_551000BC,0,0,0,600,108.0,103.34,99.0,1,11
2,pat51,d1700294P0421799C_RL_B0Fmm00_PB0PCcZNC0909_B64mA1la0R0vxxxxxx_000A07fBIsc_xBCxxxXxxFgxxn_DQ02_Blender_A1J_551000BC,0,1,1,600,109.0,103.45,99.5,1,11
2,pat51,d1700294P0421799C_RL_B0Fmm00_PB0PCcZNC0909_B64mA1la0R0vxxxxxx_000A07fBIsc_xBCxxxXxxFgxxn_DQ02_Blender_A1J_551000BC,0,2,2,600,101.5,100.03,99.0,0,14
2,pat51,d1700294P0421799C_RL_B0Fmm00_PB0PCcZNC0909_B64mA1la0R0vxxxxxx_000A07fBIsc_xBCxxxXxxFgxxn_DQ02_Blender_A1J_551000BC,0,3,3,600,100.5,99.07,97.5,0,8
2,pat51,d1700294P0421799C_RL_B0Fmm00_PB0PCcZNC0909_B64mA1la0R0vxxxxxx_000A07fBIsc_xBCxxxXxxFgxxn_DQ02_Blender_A1J_551000BC,0,4,4,600,109.0,103.57,99.5,1,11
2,pat51,d1700294P0421799C_RL_B0Fmm00_PB0PCcZNC0909_B64mA1la0R0vxxxxxx_000A07fBIsc_xBCxxxXxxFgxxn_DQ02_Blender_A1J_551000BC,0,5,5,600,109.0,104.42,100.5,1,2
2,pat51,d1700294P0421799C_RL_B0Fmm00_PB0PCcZNC0909_B64mA1la0R0vxxxxxx_000A07fBIsc_xBCxxxXxxFgxxn_DQ02_Blender_A1J_551000BC,0,6,6,600,101.5,100.14,98.5,1,2
2,pat51,d1700294P0421799C_RL_B0Fmm00_PB0PCcZNC0909_B64mA1la0R0vxxxxxx_000A07fBIsc_xBCxxxXxxFgxxn_DQ02_Blender_A1J_551000BC,0,7,7,600,101.0,99.49,98.0,0,0
2,pat51,d1700294P0421799C_RL_B0Fmm00_PB0PCcZNC0909_B64mA1la0R0vxxxxxx_000A07fBIsc_xBCxxxXxxFgxxn_DQ02_Blender_A1J_551000BC,1,0,8,600,105.5,102.84,100.0,1,9
2,pat51,d1700294P0421799C_RL_B0Fmm00_PB0PCcZNC0909_B64mA1la0R0vxxxxxx_000A07fBIsc_xBCxxxXxxFgxxn_DQ02_Blender_A1J_551000BC,1,1,9,600,105.5,102.58,99.5,1,11
2,pat51,d1700294P0421799C_RL_B0Fmm00_PB0PCcZNC0909_B64mA1la0R0vxxxxxx_000A07fBIsc_xBCxxxXxxFgxxn_DQ02_Blender_A1J_551000BC,1,2,10,600,101.5,100.01,98.5,0,8
2,pat51,d1700294P0421799C_RL_B0Fmm00_PB0PCcZNC0909_B64mA1la0R0vxxxxxx_000A07fBIsc_xBCxxxXxxFgxxn_DQ02_Blender_A1J_551000BC,1,3,11,600,101.5,100.25,98.5,1,12
2,pat51,d1700294P0421799C_RL_B0Fmm00_PB0PCcZNC0909_B64mA1la0R0vxxxxxx_000A07fBIsc_xBCxxxXxxFgxxn_DQ02_Blender_A1J_551000BC,1,4,12,600,106.0,103.03,100.0,0,11
2,pat51,d1700294P0421799C_RL_B0Fmm00_PB0PCcZNC0909_B64mA1la0R0vxxxxxx_000A07fBIsc_xBCxxxXxxFgxxn_DQ02_Blender_A1J_551000BC,1,5,13,600,106.0,103.26,100.0,1,2
2,pat51,d1700294P0421799C_RL_B0Fmm00_PB0PCcZNC0909_B64mA1la0R0vxxxxxx_000A07fBIsc_xBCxxxXxxFgxxn_DQ02_Blender_A1J_551000BC,1,6,14,600,102.0,100.63,98.0,0,1
2,pat51,d1700294P0421799C_RL_B0Fmm00_PB0PCcZNC0909_B64mA1la0R0vxxxxxx_000A07fBIsc_xBCxxxXxxFgxxn_DQ02_Blender_A1J_551000BC,1,7,15,600,102.0,99.84,98.0,0,8
2,pat51,d1700294P0421799C_RL_B0Fmm00_PB0PCcZNC0909_B64mA1la0R0vxxxxxx_000A07fBIsc_xBCxxxXxxFgxxn_DQ02_Blender_A1J_551000BC,2,0,16,600,107.0,103.98,100.5,1,11
2,pat51,d1700294P0421799C_RL_B0Fmm00_PB0PCcZNC0909_B64mA1la0R0vxxxxxx_000A07fBIsc_xBCxxxXxxFgxxn_DQ02_Blender_A1J_551000BC,2,1,17,600,108.0,104.26,100.5,1,2
2,pat51,d1700294P0421799C_RL_B0Fmm00_PB0PCcZNC0909_B64mA1la0R0vxxxxxx_000A07fBIsc_xBCxxxXxxFgxxn_DQ02_Blender_A1J_551000BC,2,2,18,600,102.0,100.58,99.0,0,7
2,pat51,d1700294P0421799C_RL_B0Fmm00_PB0PCcZNC0909_B64mA1la0R0vxxxxxx_000A07fBIsc_xBCxxxXxxFgxxn_DQ02_Blender_A1J_551000BC,2,3,19,600,102.5,100.53,99.0,1,9
2,pat51,d1700294P0421799C_RL_B0Fmm00_PB0PCcZNC0909_B64mA1la0R0vxxxxxx_000A07fBIsc_xBCxxxXxxFgxxn_DQ02_Blender_A1J_551000BC,2,4,20,600,108.5,103.36,100.5,1,11
2,pat51,d1700294P0421799C_RL_B0Fmm00_PB0PCcZNC0909_B64mA1la0R0vxxxxxx_000A07fBIsc_xBCxxxXxxFgxxn_DQ02_Blender_A1J_551000BC,2,5,21,600,107.0,103.89,101.0,1,11
2,pat51,d1700294P0421799C_RL_B0Fmm00_PB0PCcZNC0909_B64mA1la0R0vxxxxxx_000A07fBIsc_xBCxxxXxxFgxxn_DQ02_Blender_A1J_551000BC,2,6,22,600,103.0,100.84,99.0,0,4
2,pat51,d1700294P0421799C_RL_B0Fmm00_PB0PCcZNC0909_B64mA1la0R0vxxxxxx_000A07fBIsc_xBCxxxXxxFgxxn_DQ02_Blender_A1J_551000BC,2,7,23,600,101.5,100.13,98.5,0,8
2,pat51,d1700294P0421799C_RL_B0Fmm00_PB0PCcZNC0909_B64mA1la0R0vxxxxxx_000A07fBIsc_xBCxxxXxxFgxxn_DQ02_Blender_A1J_551000BC,3,0,24,600,104.5,102.88,100.5,1,11
2,pat51,d1700294P0421799C_RL_B0Fmm00_PB0PCcZNC0909_B64mA1la0R0vxxxxxx_000A07fBIsc_xBCxxxXxxFgxxn_DQ02_Blender_A1J_551000BC,3,1,25,600,104.0,102.56,100.5,0,0
2,pat51,d1700294P0421799C_RL_B0Fmm00_PB0PCcZNC0909_B64mA1la0R0vxxxxxx_000A07fBIsc_xBCxxxXxxFgxxn_DQ02_Blender_A1J_551000BC,3,2,26,600,102.5,101.04,99.0,0,8
2,pat51,d1700294P0421799C_RL_B0Fmm00_PB0PCcZNC0909_B64mA1la0R0vxxxxxx_000A07fBIsc_xBCxxxXxxFgxxn_DQ02_Blender_A1J_551000BC,3,3,27,600,102.0,100.54,99.0,0,8
2,pat51,d1700294P0421799C_RL_B0Fmm00_PB0PCcZNC0909_B64mA1la0R0vxxxxxx_000A07fBIsc_xBCxxxXxxFgxxn_DQ02_Blender_A1J_551000BC,3,4,28,600,107.5,103.74,100.5,1,11
2,pat51,d1700294P0421799C_RL_B0Fmm00_PB0PCcZNC0909_B64mA1la0R0vxxxxxx_000A07fBIsc_xBCxxxXxxFgxxn_DQ02_Blender_A1J_551000BC,3,5,29,600,105.0,103.08,101.0,1,11
2,pat51,d1700294P0421799C_RL_B0Fmm00_PB0PCcZNC0909_B64mA1la0R0vxxxxxx_000A07fBIsc_xBCxxxXxxFgxxn_DQ02_Blender_A1J_551000BC,3,6,30,600,102.5,101.16,99.5,0,6
2,pat51,d1700294P0421799C_RL_B0Fmm00_PB0PCcZNC0909_B64mA1la0R0vxxxxxx_000A07fBIsc_xBCxxxXxxFgxxn_DQ02_Blender_A1J_551000BC,3,7,31,600,103.0,100.99,99.5,0,8
2,pat52,d1700461P0422008C_RL_B0Fmm00_PB0PCcZNC0909_B64mA1la0R0vxxxxxx_000A07fBIsc_xBCxxxXxxFgxxn_DQ02_Blender_Z1J_551000EC,0,0,0,600,109.0,103.41,98.5,1,11
2,pat52,d1700461P0422008C_RL_B0Fmm00_PB0PCcZNC0909_B64mA1la0R0vxxxxxx_000A07fBIsc_xBCxxxXxxFgxxn_DQ02_Blender_Z1J_551000EC,0,1,1,600,109.5,103.71,99.5,1,11
2,pat52,d1700461P0422008C_RL_B0Fmm00_PB0PCcZNC0909_B64mA1la0R0vxxxxxx_000A07fBIsc_xBCxxxXxxFgxxn_DQ02_Blender_Z1J_551000EC,0,2,2,600,101.5,99.98,99.0,0,14
2,pat52,d1700461P0422008C_RL_B0Fmm00_PB0PCcZNC0909_B64mA1la0R0vxxxxxx_000A07fBIsc_xBCxxxXxxFgxxn_DQ02_Blender_Z1J_551000EC,0,3,3,600,100.5,99.04,97.5,0,8
2,pat52,d1700461P0422008C_RL_B0Fmm00_PB0PCcZNC0909_B64mA1la0R0vxxxxxx_000A07fBIsc_xBCxxxXxxFgxxn_DQ02_Blender_Z1J_551000EC,0,4,4,600,109.0,103.68,100.0,1,11
2,pat52,d1700461P0422008C_RL_B0Fmm00_PB0PCcZNC0909_B64mA1la0R0vxxxxxx_000A07fBIsc_xBCxxxXxxFgxxn_DQ02_Blender_Z1J_551000EC,0,5,5,600,109.5,104.52,100.5,1,11
2,pat52,d1700461P0422008C_RL_B0Fmm00_PB0PCcZNC0909_B64mA1la0R0vxxxxxx_000A07fBIsc_xBCxxxXxxFgxxn_DQ02_Blender_Z1J_551000EC,0,6,6,600,102.0,100.12,98.5,0,8
2,pat52,d1700461P0422008C_RL_B0Fmm00_PB0PCcZNC0909_B64mA1la0R0vxxxxxx_000A07fBIsc_xBCxxxXxxFgxxn_DQ02_Blender_Z1J_551000EC,0,7,7,600,101.0,99.55,98.0,0,9
2,pat52,d1700461P0422008C_RL_B0Fmm00_PB0PCcZNC0909_B64mA1la0R0vxxxxxx_000A07fBIsc_xBCxxxXxxFgxxn_DQ02_Blender_Z1J_551000EC,1,0,8,600,106.0,102.91,100.0,1,11
2,pat52,d1700461P0422008C_RL_B0Fmm00_PB0PCcZNC0909_B64mA1la0R0vxxxxxx_000A07fBIsc_xBCxxxXxxFgxxn_DQ02_Blender_Z1J_551000EC,1,1,9,600,105.5,102.68,99.0,0,2
2,pat52,d1700461P0422008C_RL_B0Fmm00_PB0PCcZNC0909_B64mA1la0R0vxxxxxx_000A07fBIsc_xBCxxxXxxFgxxn_DQ02_Blender_Z1J_551000EC,1,2,10,600,101.0,99.9,98.5,0,13
2,pat52,d1700461P0422008C_RL_B0Fmm00_PB0PCcZNC0909_B64mA1la0R0vxxxxxx_000A07fBIsc_xBCxxxXxxFgxxn_DQ02_Blender_Z1J_551000EC,1,3,11,600,101.0,100.09,98.0,1,5
2,pat52,d1700461P0422008C_RL_B0Fmm00_PB0PCcZNC0909_B64mA1la0R0vxxxxxx_000A07fBIsc_xBCxxxXxxFgxxn_DQ02_Blender_Z1J_551000EC,1,4,12,600,107.0,103.15,100.5,1,11
2,pat52,d1700461P0422008C_RL_B0Fmm00_PB0PCcZNC0909_B64mA1la0R0vxxxxxx_000A07fBIsc_xBCxxxXxxFgxxn_DQ02_Blender_Z1J_551000EC,1,5,13,600,107.0,103.4,100.0,1,2
2,pat52,d1700461P0422008C_RL_B0Fmm00_PB0PCcZNC0909_B64mA1la0R0vxxxxxx_000A07fBIsc_xBCxxxXxxFgxxn_DQ02_Blender_Z1J_551000EC,1,6,14,600,102.0,100.6,98.5,0,1
2,pat52,d1700461P0422008C_RL_B0Fmm00_PB0PCcZNC0909_B64mA1la0R0vxxxxxx_000A07fBIsc_xBCxxxXxxFgxxn_DQ02_Blender_Z1J_551000EC,1,7,15,600,102.5,99.85,98.0,0,8
2,pat52,d1700461P0422008C_RL_B0Fmm00_PB0PCcZNC0909_B64mA1la0R0vxxxxxx_000A07fBIsc_xBCxxxXxxFgxxn_DQ02_Blender_Z1J_551000EC,2,0,16,600,107.5,104.0,100.5,1,11
2,pat52,d1700461P0422008C_RL_B0Fmm00_PB0PCcZNC0909_B64mA1la0R0vxxxxxx_000A07fBIsc_xBCxxxXxxFgxxn_DQ02_Blender_Z1J_551000EC,2,1,17,600,108.5,104.5,101.0,1,2
2,pat52,d1700461P0422008C_RL_B0Fmm00_PB0PCcZNC0909_B64mA1la0R0vxxxxxx_000A07fBIsc_xBCxxxXxxFgxxn_DQ02_Blender_Z1J_551000EC,2,2,18,600,102.0,100.49,99.0,1,14
2,pat52,d1700461P0422008C_RL_B0Fmm00_PB0PCcZNC0909_B64mA1la0R0vxxxxxx_000A07fBIsc_xBCxxxXxxFgxxn_DQ02_Blender_Z1J_551000EC,2,3,19,600,102.5,100.56,99.0,1,9
2,pat52,d1700461P0422008C_RL_B0Fmm00_PB0PCcZNC0909_B64mA1la0R0vxxxxxx_000A07fBIsc_xBCxxxXxxFgxxn_DQ02_Blender_Z1J_551000EC,2,4,20,600,109.0,103.46,100.5,1,11
2,pat52,d1700461P0422008C_RL_B0Fmm00_PB0PCcZNC0909_B64mA1la0R0vxxxxxx_000A07fBIsc_xBCxxxXxxFgxxn_DQ02_Blender_Z1J_551000EC,2,5,21,600,107.5,104.0,101.0,1,2
2,pat52,d1700461P0422008C_RL_B0Fmm00_PB0PCcZNC0909_B64mA1la0R0vxxxxxx_000A07fBIsc_xBCxxxXxxFgxxn_DQ02_Blender_Z1J_551000EC,2,6,22,600,103.5,100.9,99.0,0,8
2,pat52,d1700461P0422008C_RL_B0Fmm00_PB0PCcZNC0909_B64mA1la0R0vxxxxxx_000A07fBIsc_xBCxxxXxxFgxxn_DQ02_Blender_Z1J_551000EC,2,7,23,600,101.5,100.08,98.5,1,8
2,pat52,d1700461P0422008C_RL_B0Fmm00_PB0PCcZNC0909_B64mA1la0R0vxxxxxx_000A07fBIsc_xBCxxxXxxFgxxn_DQ02_Blender_Z1J_551000EC,3,0,24,600,105.5,102.96,100.0,1,11
2,pat52,d1700461P0422008C_RL_B0Fmm00_PB0PCcZNC0909_B64mA1la0R0vxxxxxx_000A07fBIsc_xBCxxxXxxFgxxn_DQ02_Blender_Z1J_551000EC,3,1,25,600,105.0,102.56,100.5,0,11
2,pat52,d1700461P0422008C_RL_B0Fmm00_PB0PCcZNC0909_B64mA1la0R0vxxxxxx_000A07fBIsc_xBCxxxXxxFgxxn_DQ02_Blender_Z1J_551000EC,3,2,26,600,102.5,101.08,99.5,0,8
2,pat52,d1700461P0422008C_RL_B0Fmm00_PB0PCcZNC0909_B64mA1la0R0vxxxxxx_000A07fBIsc_xBCxxxXxxFgxxn_DQ02_Blender_Z1J_551000EC,3,3,27,600,102.0,100.54,99.0,0,8
2,pat52,d1700461P0422008C_RL_B0Fmm00_PB0PCcZNC0909_B64mA1la0R0vxxxxxx_000A07fBIsc_xBCxxxXxxFgxxn_DQ02_Blender_Z1J_551000EC,3,4,28,600,107.5,103.87,100.5,1,11
2,pat52,d1700461P0422008C_RL_B0Fmm00_PB0PCcZNC0909_B64mA1la0R0vxxxxxx_000A07fBIsc_xBCxxxXxxFgxxn_DQ02_Blender_Z1J_551000EC,3,5,29,600,105.5,103.24,101.0,1,11
2,pat52,d1700461P0422008C_RL_B0Fmm00_PB0PCcZNC0909_B64mA1la0R0vxxxxxx_000A07fBIsc_xBCxxxXxxFgxxn_DQ02_Blender_Z1J_551000EC,3,6,30,600,102.5,101.12,99.5,0,6
2,pat52,d1700461P0422008C_RL_B0Fmm00_PB0PCcZNC0909_B64mA1la0R0vxxxxxx_000A07fBIsc_xBCxxxXxxFgxxn_DQ02_Blender_Z1J_551000EC,3,7,31,600,103.0,101.03,99.5,0,8
2,pat53,d1700618P0422149C_RL_B0Fmm00_PB0PCcZNC0909_B64mA1la0R0vxxxxxx_000A07fBIsc_xBCxxxXxxFgxxn_DQ02_Ditto_MACZ_55100173,0,0,0,600,108.5,103.49,99.0,1,11
2,pat53,d1700618P0422149C_RL_B0Fmm00_PB0PCcZNC0909_B64mA1la0R0vxxxxxx_000A07fBIsc_xBCxxxXxxFgxxn_DQ02_Ditto_MACZ_55100173,0,1,1,600,109.0,103.94,100.0,1,11
2,pat53,d1700618P0422149C_RL_B0Fmm00_PB0PCcZNC0909_B64mA1la0R0vxxxxxx_000A07fBIsc_xBCxxxXxxFgxxn_DQ02_Ditto_MACZ_55100173,0,2,2,600,101.5,100.08,99.0,0,14
2,pat53,d1700618P0422149C_RL_B0Fmm00_PB0PCcZNC0909_B64mA1la0R0vxxxxxx_000A07fBIsc_xBCxxxXxxFgxxn_DQ02_Ditto_MACZ_55100173,0,3,3,600,100.5,99.11,97.5,0,8
2,pat53,d1700618P0422149C_RL_B0Fmm00_PB0PCcZNC0909_B64mA1la0R0vxxxxxx_000A07fBIsc_xBCxxxXxxFgxxn_DQ02_Ditto_MACZ_55100173,0,4,4,600,109.5,103.72,99.5,1,11
2,pat53,d1700618P0422149C_RL_B0Fmm00_PB0PCcZNC0909_B64mA1la0R0vxxxxxx_000A07fBIsc_xBCxxxXxxFgxxn_DQ02_Ditto_MACZ_55100173,0,5,5,600,109.5,104.67,100.0,1,11
2,pat53,d1700618P0422149C_RL_B0Fmm00_PB0PCcZNC0909_B64mA1la0R0vxxxxxx_000A07fBIsc_xBCxxxXxxFgxxn_DQ02_Ditto_MACZ_55100173,0,6,6,600,102.0,100.12,98.5,1,2
2,pat53,d1700618P0422149C_RL_B0Fmm00_PB0PCcZNC0909_B64mA1la0R0vxxxxxx_000A07fBIsc_xBCxxxXxxFgxxn_DQ02_Ditto_MACZ_55100173,0,7,7,600,100.5,99.54,98.0,1,8
2,pat53,d1700618P0422149C_RL_B0Fmm00_PB0PCcZNC0909_B64mA1la0R0vxxxxxx_000A07fBIsc_xBCxxxXxxFgxxn_DQ02_Ditto_MACZ_55100173,1,0,8,600,106.0,103.05,100.0,1,9
2,pat53,d1700618P0422149C_RL_B0Fmm00_PB0PCcZNC0909_B64mA1la0R0vxxxxxx_000A07fBIsc_xBCxxxXxxFgxxn_DQ02_Ditto_MACZ_55100173,1,1,9,600,106.0,102.8,99.5,0,13
2,pat53,d1700618P0422149C_RL_B0Fmm00_PB0PCcZNC0909_B64mA1la0R0vxxxxxx_000A07fBIsc_xBCxxxXxxFgxxn_DQ02_Ditto_MACZ_55100173,1,2,10,600,101.5,99.95,98.5,1,8
2,pat53,d1700618P0422149C_RL_B0Fmm00_PB0PCcZNC0909_B64mA1la0R0vxxxxxx_000A07fBIsc_xBCxxxXxxFgxxn_DQ02_Ditto_MACZ_55100173,1,3,11,600,101.0,100.11,98.5,1,7
2,pat53,d1700618P0422149C_RL_B0Fmm00_PB0PCcZNC0909_B64mA1la0R0vxxxxxx_000A07fBIsc_xBCxxxXxxFgxxn_DQ02_Ditto_MACZ_55100173,1,4,12,600,106.0,103.11,100.5,0,11
2,pat53,d1700618P0422149C_RL_B0Fmm00_PB0PCcZNC0909_B64mA1la0R0vxxxxxx_000A07fBIsc_xBCxxxXxxFgxxn_DQ02_Ditto_MACZ_55100173,1,5,13,600,106.5,103.32,100.0,1,2
2,pat53,d1700618P0422149C_RL_B0Fmm00_PB0PCcZNC0909_B64mA1la0R0vxxxxxx_000A07fBIsc_xBCxxxXxxFgxxn_DQ02_Ditto_MACZ_55100173,1,6,14,600,102.5,100.56,98.0,0,1
2,pat53,d1700618P0422149C_RL_B0Fmm00_PB0PCcZNC0909_B64mA1la0R0vxxxxxx_000A07fBIsc_xBCxxxXxxFgxxn_DQ02_Ditto_MACZ_55100173,1,7,15,600,102.0,99.81,97.0,0,8
2,pat53,d1700618P0422149C_RL_B0Fmm00_PB0PCcZNC0909_B64mA1la0R0vxxxxxx_000A07fBIsc_xBCxxxXxxFgxxn_DQ02_Ditto_MACZ_55100173,2,0,16,600,107.0,104.14,100.5,1,11
2,pat53,d1700618P0422149C_RL_B0Fmm00_PB0PCcZNC0909_B64mA1la0R0vxxxxxx_000A07fBIsc_xBCxxxXxxFgxxn_DQ02_Ditto_MACZ_55100173,2,1,17,600,109.0,104.65,100.5,1,2
2,pat53,d1700618P0422149C_RL_B0Fmm00_PB0PCcZNC0909_B64mA1la0R0vxxxxxx_000A07fBIsc_xBCxxxXxxFgxxn_DQ02_Ditto_MACZ_55100173,2,2,18,600,102.0,100.54,99.5,0,7
2,pat53,d1700618P0422149C_RL_B0Fmm00_PB0PCcZNC0909_B64mA1la0R0vxxxxxx_000A07fBIsc_xBCxxxXxxFgxxn_DQ02_Ditto_MACZ_55100173,2,3,19,600,102.5,100.49,99.0,1,9
2,pat53,d1700618P0422149C_RL_B0Fmm00_PB0PCcZNC0909_B64mA1la0R0vxxxxxx_000A07fBIsc_xBCxxxXxxFgxxn_DQ02_Ditto_MACZ_55100173,2,4,20,600,108.5,103.5,100.5,1,11
2,pat53,d1700618P0422149C_RL_B0Fmm00_PB0PCcZNC0909_B64mA1la0R0vxxxxxx_000A07fBIsc_xBCxxxXxxFgxxn_DQ02_Ditto_MACZ_55100173,2,5,21,600,107.0,104.04,101.0,1,2
2,pat53,d1700618P0422149C_RL_B0Fmm00_PB0PCcZNC0909_B64mA1la0R0vxxxxxx_000A07fBIsc_xBCxxxXxxFgxxn_DQ02_Ditto_MACZ_55100173,2,6,22,600,103.0,100.83,99.0,0,8
2,pat53,d1700618P0422149C_RL_B0Fmm00_PB0PCcZNC0909_B64mA1la0R0vxxxxxx_000A07fBIsc_xBCxxxXxxFgxxn_DQ02_Ditto_MACZ_55100173,2,7,23,600,101.5,100.0,98.5,1,6
2,pat53,d1700618P0422149C_RL_B0Fmm00_PB0PCcZNC0909_B64mA1la0R0vxxxxxx_000A07fBIsc_xBCxxxXxxFgxxn_DQ02_Ditto_MACZ_55100173,3,0,24,600,105.0,102.9,100.0,1,9
2,pat53,d1700618P0422149C_RL_B0Fmm00_PB0PCcZNC0909_B64mA1la0R0vxxxxxx_000A07fBIsc_xBCxxxXxxFgxxn_DQ02_Ditto_MACZ_55100173,3,1,25,600,105.0,102.64,100.5,0,9
2,pat53,d1700618P0422149C_RL_B0Fmm00_PB0PCcZNC0909_B64mA1la0R0vxxxxxx_000A07fBIsc_xBCxxxXxxFgxxn_DQ02_Ditto_MACZ_55100173,3,2,26,600,103.0,101.11,99.5,0,8
2,pat53,d1700618P0422149C_RL_B0Fmm00_PB0PCcZNC0909_B64mA1la0R0vxxxxxx_000A07fBIsc_xBCxxxXxxFgxxn_DQ02_Ditto_MACZ_55100173,3,3,27,600,102.0,100.55,99.0,0,8
2,pat53,d1700618P0422149C_RL_B0Fmm00_PB0PCcZNC0909_B64mA1la0R0vxxxxxx_000A07fBIsc_xBCxxxXxxFgxxn_DQ02_Ditto_MACZ_55100173,3,4,28,600,107.5,103.92,100.5,1,9
2,pat53,d1700618P0422149C_RL_B0Fmm00_PB0PCcZNC0909_B64mA1la0R0vxxxxxx_000A07fBIsc_xBCxxxXxxFgxxn_DQ02_Ditto_MACZ_55100173,3,5,29,600,105.0,103.27,101.0,1,11
2,pat53,d1700618P0422149C_RL_B0Fmm00_PB0PCcZNC0909_B64mA1la0R0vxxxxxx_000A07fBIsc_xBCxxxXxxFgxxn_DQ02_Ditto_MACZ_55100173,3,6,30,600,102.5,101.14,99.5,0,6
2,pat53,d1700618P0422149C_RL_B0Fmm00_PB0PCcZNC0909_B64mA1la0R0vxxxxxx_000A07fBIsc_xBCxxxXxxFgxxn_DQ02_Ditto_MACZ_55100173,3,7,31,600,103.0,100.98,99.5,0,8
2,pat54,d1700638P0422215C_RL_B0Fmm00_PB0PCcZNC0909_B64mA1la0R0vxxxxxx_000A07fBIsc_xBCxxxXxxFgxxn_DQ02_FRM_DivDZ_55100239,0,0,0,600,108.0,103.22,99.0,1,2
2,pat54,d1700638P0422215C_RL_B0Fmm00_PB0PCcZNC0909_B64mA1la0R0vxxxxxx_000A07fBIsc_xBCxxxXxxFgxxn_DQ02_FRM_DivDZ_55100239,0,1,1,600,108.5,103.5,99.5,1,11
2,pat54,d1700638P0422215C_RL_B0Fmm00_PB0PCcZNC0909_B64mA1la0R0vxxxxxx_000A07fBIsc_xBCxxxXxxFgxxn_DQ02_FRM_DivDZ_55100239,0,2,2,600,101.0,100.0,99.0,0,14
2,pat54,d1700638P0422215C_RL_B0Fmm00_PB0PCcZNC0909_B64mA1la0R0vxxxxxx_000A07fBIsc_xBCxxxXxxFgxxn_DQ02_FRM_DivDZ_55100239,0,3,3,600,100.5,99.02,97.5,0,8
2,pat54,d1700638P0422215C_RL_B0Fmm00_PB0PCcZNC0909_B64mA1la0R0vxxxxxx_000A07fBIsc_xBCxxxXxxFgxxn_DQ02_FRM_DivDZ_55100239,0,4,4,600,109.0,103.4,99.5,1,11
2,pat54,d1700638P0422215C_RL_B0Fmm00_PB0PCcZNC0909_B64mA1la0R0vxxxxxx_000A07fBIsc_xBCxxxXxxFgxxn_DQ02_FRM_DivDZ_55100239,0,5,5,600,108.5,104.31,100.0,1,2
2,pat54,d1700638P0422215C_RL_B0Fmm00_PB0PCcZNC0909_B64mA1la0R0vxxxxxx_000A07fBIsc_xBCxxxXxxFgxxn_DQ02_FRM_DivDZ_55100239,0,6,6,600,101.5,100.04,98.5,1,2
2,pat54,d1700638P0422215C_RL_B0Fmm00_PB0PCcZNC0909_B64mA1la0R0vxxxxxx_000A07fBIsc_xBCxxxXxxFgxxn_DQ02_FRM_DivDZ_55100239,0,7,7,600,100.5,99.55,98.0,0,6
2,pat54,d1700638P0422215C_RL_B0Fmm00_PB0PCcZNC0909_B64mA1la0R0vxxxxxx_000A07fBIsc_xBCxxxXxxFgxxn_DQ02_FRM_DivDZ_55100239,1,0,8,600,105.5,102.8,99.5,1,11
2,pat54,d1700638P0422215C_RL_B0Fmm00_PB0PCcZNC0909_B64mA1la0R0vxxxxxx_000A07fBIsc_xBCxxxXxxFgxxn_DQ02_FRM_DivDZ_55100239,1,1,9,600,105.5,102.59,99.5,0,2
2,pat54,d1700638P0422215C_RL_B0Fmm00_PB0PCcZNC0909_B64mA1la0R0vxxxxxx_000A07fBIsc_xBCxxxXxxFgxxn_DQ02_FRM_DivDZ_55100239,1,2,10,600,101.0,99.96,98.0,1,7
2,pat54,d1700638P0422215C_RL_B0Fmm00_PB0PCcZNC0909_B64mA1la0R0vxxxxxx_000A07fBIsc_xBCxxxXxxFgxxn_DQ02_FRM_DivDZ_55100239,1,3,11,600,101.5,100.13,98.0,1,8
2,pat54,d1700638P0422215C_RL_B0Fmm00_PB0PCcZNC0909_B64mA1la0R0vxxxxxx_000A07fBIsc_xBCxxxXxxFgxxn_DQ02_FRM_DivDZ_55100239,1,4,12,600,106.0,102.9,100.5,1,11
2,pat54,d1700638P0422215C_RL_B0Fmm00_PB0PCcZNC0909_B64mA1la0R0vxxxxxx_000A07fBIsc_xBCxxxXxxFgxxn_DQ02_FRM_DivDZ_55100239,1,5,13,600,106.0,103.16,100.0,1,2
2,pat54,d1700638P0422215C_RL_B0Fmm00_PB0PCcZNC0909_B64mA1la0R0vxxxxxx_000A07fBIsc_xBCxxxXxxFgxxn_DQ02_FRM_DivDZ_55100239,1,6,14,600,102.0,100.48,98.0,0,1
2,pat54,d1700638P0422215C_RL_B0Fmm00_PB0PCcZNC0909_B64mA1la0R0vxxxxxx_000A07fBIsc_xBCxxxXxxFgxxn_DQ02_FRM_DivDZ_55100239,1,7,15,600,101.5,99.77,98.0,0,8
2,pat54,d1700638P0422215C_RL_B0Fmm00_PB0PCcZNC0909_B64mA1la0R0vxxxxxx_000A07fBIsc_xBCxxxXxxFgxxn_DQ02_FRM_DivDZ_55100239,2,0,16,600,107.0,103.95,100.5,1,11
2,pat54,d1700638P0422215C_RL_B0Fmm00_PB0PCcZNC0909_B64mA1la0R0vxxxxxx_000A07fBIsc_xBCxxxXxxFgxxn_DQ02_FRM_DivDZ_55100239,2,1,17,600,108.0,104.24,100.5,1,2
2,pat54,d1700638P0422215C_RL_B0Fmm00_PB0PCcZNC0909_B64mA1la0R0vxxxxxx_000A07fBIsc_xBCxxxXxxFgxxn_DQ02_FRM_DivDZ_55100239,2,2,18,600,102.0,100.44,99.0,0,7
2,pat54,d1700638P0422215C_RL_B0Fmm00_PB0PCcZNC0909_B64mA1la0R0vxxxxxx_000A07fBIsc_xBCxxxXxxFgxxn_DQ02_FRM_DivDZ_55100239,2,3,19,600,102.0,100.58,99.0,1,9
2,pat54,d1700638P0422215C_RL_B0Fmm00_PB0PCcZNC0909_B64mA1la0R0vxxxxxx_000A07fBIsc_xBCxxxXxxFgxxn_DQ02_FRM_DivDZ_55100239,2,4,20,600,108.0,103.21,100.5,1,11
2,pat54,d1700638P0422215C_RL_B0Fmm00_PB0PCcZNC0909_B64mA1la0R0vxxxxxx_000A07fBIsc_xBCxxxXxxFgxxn_DQ02_FRM_DivDZ_55100239,2,5,21,600,107.0,103.89,101.0,1,11
2,pat54,d1700638P0422215C_RL_B0Fmm00_PB0PCcZNC0909_B64mA1la0R0vxxxxxx_000A07fBIsc_xBCxxxXxxFgxxn_DQ02_FRM_DivDZ_55100239,2,6,22,600,103.0,100.94,99.0,0,4
2,pat54,d1700638P0422215C_RL_B0Fmm00_PB0PCcZNC0909_B64mA1la0R0vxxxxxx_000A07fBIsc_xBCxxxXxxFgxxn_DQ02_FRM_DivDZ_55100239,2,7,23,600,101.5,100.09,98.5,0,8
2,pat54,d1700638P0422215C_RL_B0Fmm00_PB0PCcZNC0909_B64mA1la0R0vxxxxxx_000A07fBIsc_xBCxxxXxxFgxxn_DQ02_FRM_DivDZ_55100239,3,0,24,600,105.0,102.75,100.0,1,11
2,pat54,d1700638P0422215C_RL_B0Fmm00_PB0PCcZNC0909_B64mA1la0R0vxxxxxx_000A07fBIsc_xBCxxxXxxFgxxn_DQ02_FRM_DivDZ_55100239,3,1,25,600,104.0,102.47,100.5,1,11
2,pat54,d1700638P0422215C_RL_B0Fmm00_PB0PCcZNC0909_B64mA1la0R0vxxxxxx_000A07fBIsc_xBCxxxXxxFgxxn_DQ02_FRM_DivDZ_55100239,3,2,26,600,102.5,101.1,99.5,0,6
2,pat54,d1700638P0422215C_RL_B0Fmm00_PB0PCcZNC0909_B64mA1la0R0vxxxxxx_000A07fBIsc_xBCxxxXxxFgxxn_DQ02_FRM_DivDZ_55100239,3,3,27,600,102.0,100.57,99.0,0,8
2,pat54,d1700638P0422215C_RL_B0Fmm00_PB0PCcZNC0909_B64mA1la0R0vxxxxxx_000A07fBIsc_xBCxxxXxxFgxxn_DQ02_FRM_DivDZ_55100239,3,4,28,600,107.5,103.58,100.0,1,11
2,pat54,d1700638P0422215C_RL_B0Fmm00_PB0PCcZNC0909_B64mA1la0R0vxxxxxx_000A07fBIsc_xBCxxxXxxFgxxn_DQ02_FRM_DivDZ_55100239,3,5,29,600,105.0,103.08,101.0,1,11
2,pat54,d1700638P0422215C_RL_B0Fmm00_PB0PCcZNC0909_B64mA1la0R0vxxxxxx_000A07fBIsc_xBCxxxXxxFgxxn_DQ02_FRM_DivDZ_55100239,3,6,30,600,106.0,101.17,99.5,0,14
2,pat54,d1700638P0422215C_RL_B0Fmm00_PB0PCcZNC0909_B64mA1la0R0vxxxxxx_000A07fBIsc_xBCxxxXxxFgxxn_DQ02_FRM_DivDZ_55100239,3,7,31,600,103.0,100.98,99.5,0,8
2,pat55,d1684899P0421719C_RL_B0Fmm00_PB0PCcZNC0909_B64mA1la0R0vxxxxxx_000A07fBIsc_xBCxxxXxxFgxxn_DQ02_Twiddle_3Y_55000353,0,0,0,600,107.0,103.2,99.0,1,11
2,pat55,d1684899P0421719C_RL_B0Fmm00_PB0PCcZNC0909_B64mA1la0R0vxxxxxx_000A07fBIsc_xBCxxxXxxFgxxn_DQ02_Twiddle_3Y_55000353,0,1,1,600,107.5,103.41,99.5,1,11
2,pat55,d1684899P0421719C_RL_B0Fmm00_PB0PCcZNC0909_B64mA1la0R0vxxxxxx_000A07fBIsc_xBCxxxXxxFgxxn_DQ02_Twiddle_3Y_55000353,0,2,2,600,101.5,100.04,99.0,0,14
2,pat55,d1684899P0421719C_RL_B0Fmm00_PB0PCcZNC0909_B64mA1la0R0vxxxxxx_000A07fBIsc_xBCxxxXxxFgxxn_DQ02_Twiddle_3Y_55000353,0,3,3,600,100.5,98.91,97.5,0,8
2,pat55,d1684899P0421719C_RL_B0Fmm00_PB0PCcZNC0909_B64mA1la0R0vxxxxxx_000A07fBIsc_xBCxxxXxxFgxxn_DQ02_Twiddle_3Y_55000353,0,4,4,600,108.5,103.42,99.5,1,11
2,pat55,d1684899P0421719C_RL_B0Fmm00_PB0PCcZNC0909_B64mA1la0R0vxxxxxx_000A07fBIsc_xBCxxxXxxFgxxn_DQ02_Twiddle_3Y_55000353,0,5,5,600,108.0,104.29,100.0,1,2
2,pat55,d1684899P0421719C_RL_B0Fmm00_PB0PCcZNC0909_B64mA1la0R0vxxxxxx_000A07fBIsc_xBCxxxXxxFgxxn_DQ02_Twiddle_3Y_55000353,0,6,6,600,101.5,100.03,98.5,1,2
2,pat55,d1684899P0421719C_RL_B0Fmm00_PB0PCcZNC0909_B64mA1la0R0vxxxxxx_000A07fBIsc_xBCxxxXxxFgxxn_DQ02_Twiddle_3Y_55000353,0,7,7,600,100.5,99.5,98.0,0,6
2,pat55,d1684899P0421719C_RL_B0Fmm00_PB0PCcZNC0909_B64mA1la0R0vxxxxxx_000A07fBIsc_xBCxxxXxxFgxxn_DQ02_Twiddle_3Y_55000353,1,0,8,600,106.0,102.73,99.5,1,0
2,pat55,d1684899P0421719C_RL_B0Fmm00_PB0PCcZNC0909_B64mA1la0R0vxxxxxx_000A07fBIsc_xBCxxxXxxFgxxn_DQ02_Twiddle_3Y_55000353,1,1,9,600,105.5,102.51,99.5,0,0
2,pat55,d1684899P0421719C_RL_B0Fmm00_PB0PCcZNC0909_B64mA1la0R0vxxxxxx_000A07fBIsc_xBCxxxXxxFgxxn_DQ02_Twiddle_3Y_55000353,1,2,10,600,101.0,99.95,98.5,0,8
2,pat55,d1684899P0421719C_RL_B0Fmm00_PB0PCcZNC0909_B64mA1la0R0vxxxxxx_000A07fBIsc_xBCxxxXxxFgxxn_DQ02_Twiddle_3Y_55000353,1,3,11,600,101.5,100.16,98.5,0,8
2,pat55,d1684899P0421719C_RL_B0Fmm00_PB0PCcZNC0909_B64mA1la0R0vxxxxxx_000A07fBIsc_xBCxxxXxxFgxxn_DQ02_Twiddle_3Y_55000353,1,4,12,600,105.5,102.89,100.5,1,11
2,pat55,d1684899P0421719C_RL_B0Fmm00_PB0PCcZNC0909_B64mA1la0R0vxxxxxx_000A07fBIsc_xBCxxxXxxFgxxn_DQ02_Twiddle_3Y_55000353,1,5,13,600,107.0,103.2,100.0,0,0
2,pat55,d1684899P0421719C_RL_B0Fmm00_PB0PCcZNC0909_B64mA1la0R0vxxxxxx_000A07fBIsc_xBCxxxXxxFgxxn_DQ02_Twiddle_3Y_55000353,1,6,14,600,102.0,100.47,98.0,0,8
2,pat55,d1684899P0421719C_RL_B0Fmm00_PB0PCcZNC0909_B64mA1la0R0vxxxxxx_000A07fBIsc_xBCxxxXxxFgxxn_DQ02_Twiddle_3Y_55000353,1,7,15,600,102.0,99.76,97.5,0,8
2,pat55,d1684899P0421719C_RL_B0Fmm00_PB0PCcZNC0909_B64mA1la0R0vxxxxxx_000A07fBIsc_xBCxxxXxxFgxxn_DQ02_Twiddle_3Y_55000353,2,0,16,600,107.5,103.94,100.5,0,0
2,pat55,d1684899P0421719C_RL_B0Fmm00_PB0PCcZNC0909_B64mA1la0R0vxxxxxx_000A07fBIsc_xBCxxxXxxFgxxn_DQ02_Twiddle_3Y_55000353,2,1,17,600,107.5,104.37,101.0,1,11
2,pat55,d1684899P0421719C_RL_B0Fmm00_PB0PCcZNC0909_B64mA1la0R0vxxxxxx_000A07fBIsc_xBCxxxXxxFgxxn_DQ02_Twiddle_3Y_55000353,2,2,18,600,101.5,100.36,99.0,0,7
2,pat55,d1684899P0421719C_RL_B0Fmm00_PB0PCcZNC0909_B64mA1la0R0vxxxxxx_000A07fBIsc_xBCxxxXxxFgxxn_DQ02_Twiddle_3Y_55000353,2,3,19,600,102.0,100.43,99.0,1,9
2,pat55,d1684899P0421719C_RL_B0Fmm00_PB0PCcZNC0909_B64mA1la0R0vxxxxxx_000A07fBIsc_xBCxxxXxxFgxxn_DQ02_Twiddle_3Y_55000353,2,4,20,600,107.5,103.22,100.5,1,11
2,pat55,d1684899P0421719C_RL_B0Fmm00_PB0PCcZNC0909_B64mA1la0R0vxxxxxx_000A07fBIsc_xBCxxxXxxFgxxn_DQ02_Twiddle_3Y_55000353,2,5,21,600,106.5,103.8,101.0,1,11
2,pat55,d1684899P0421719C_RL_B0Fmm00_PB0PCcZNC0909_B64mA1la0R0vxxxxxx_000A07fBIsc_xBCxxxXxxFgxxn_DQ02_Twiddle_3Y_55000353,2,6,22,600,103.0,101.03,99.0,0,4
2,pat55,d1684899P0421719C_RL_B0Fmm00_PB0PCcZNC0909_B64mA1la0R0vxxxxxx_000A07fBIsc_xBCxxxXxxFgxxn_DQ02_Twiddle_3Y_55000353,2,7,23,600,101.5,100.15,98.5,1,6
2,pat55,d1684899P0421719C_RL_B0Fmm00_PB0PCcZNC0909_B64mA1la0R0vxxxxxx_000A07fBIsc_xBCxxxXxxFgxxn_DQ02_Twiddle_3Y_55000353,3,0,24,600,105.5,102.81,100.5,1,0
2,pat55,d1684899P0421719C_RL_B0Fmm00_PB0PCcZNC0909_B64mA1la0R0vxxxxxx_000A07fBIsc_xBCxxxXxxFgxxn_DQ02_Twiddle_3Y_55000353,3,1,25,600,105.5,102.4,100.5,0,0
2,pat55,d1684899P0421719C_RL_B0Fmm00_PB0PCcZNC0909_B64mA1la0R0vxxxxxx_000A07fBIsc_xBCxxxXxxFgxxn_DQ02_Twiddle_3Y_55000353,3,2,26,600,103.0,101.08,99.5,0,8
2,pat55,d1684899P0421719C_RL_B0Fmm00_PB0PCcZNC0909_B64mA1la0R0vxxxxxx_000A07fBIsc_xBCxxxXxxFgxxn_DQ02_Twiddle_3Y_55000353,3,3,27,600,102.0,100.58,99.0,0,8
2,pat55,d1684899P0421719C_RL_B0Fmm00_PB0PCcZNC0909_B64mA1la0R0vxxxxxx_000A07fBIsc_xBCxxxXxxFgxxn_DQ02_Twiddle_3Y_55000353,3,4,28,600,107.0,103.58,100.5,1,11
2,pat55,d1684899P0421719C_RL_B0Fmm00_PB0PCcZNC0909_B64mA1la0R0vxxxxxx_000A07fBIsc_xBCxxxXxxFgxxn_DQ02_Twiddle_3Y_55000353,3,5,29,600,106.5,103.17,101.0,1,0
2,pat55,d1684899P0421719C_RL_B0Fmm00_PB0PCcZNC0909_B64mA1la0R0vxxxxxx_000A07fBIsc_xBCxxxXxxFgxxn_DQ02_Twiddle_3Y_55000353,3,6,30,600,102.5,101.11,99.5,0,6
2,pat55,d1684899P0421719C_RL_B0Fmm00_PB0PCcZNC0909_B64mA1la0R0vxxxxxx_000A07fBIsc_xBCxxxXxxFgxxn_DQ02_Twiddle_3Y_55000353,3,7,31,600,103.5,101.0,99.5,0,8
2,pat56,d1684176P0421434C_RI_B0Fmm00_PB0PCcZNC0909_B64mA1la0R0vxxxxxx_000A07fBIsc_xBCxxxXxxFgxxn_DQ02_Frenzy_Y_550001E3,0,0,0,600,108.0,103.39,99.0,1,2
2,pat56,d1684176P0421434C_RI_B0Fmm00_PB0PCcZNC0909_B64mA1la0R0vxxxxxx_000A07fBIsc_xBCxxxXxxFgxxn_DQ02_Frenzy_Y_550001E3,0,1,1,600,109.0,103.69,99.5,1,11
2,pat56,d1684176P0421434C_RI_B0Fmm00_PB0PCcZNC0909_B64mA1la0R0vxxxxxx_000A07fBIsc_xBCxxxXxxFgxxn_DQ02_Frenzy_Y_550001E3,0,2,2,600,101.5,100.14,99.0,0,14
2,pat56,d1684176P0421434C_RI_B0Fmm00_PB0PCcZNC0909_B64mA1la0R0vxxxxxx_000A07fBIsc_xBCxxxXxxFgxxn_DQ02_Frenzy_Y_550001E3,0,3,3,600,100.5,98.88,97.5,0,8
2,pat56,d1684176P0421434C_RI_B0Fmm00_PB0PCcZNC0909_B64mA1la0R0vxxxxxx_000A07fBIsc_xBCxxxXxxFgxxn_DQ02_Frenzy_Y_550001E3,0,4,4,600,109.0,103.64,100.0,1,11
2,pat56,d1684176P0421434C_RI_B0Fmm00_PB0PCcZNC0909_B64mA1la0R0vxxxxxx_000A07fBIsc_xBCxxxXxxFgxxn_DQ02_Frenzy_Y_550001E3,0,5,5,600,109.0,104.52,100.5,1,2
2,pat56,d1684176P0421434C_RI_B0Fmm00_PB0PCcZNC0909_B64mA1la0R0vxxxxxx_000A07fBIsc_xBCxxxXxxFgxxn_DQ02_Frenzy_Y_550001E3,0,6,6,600,102.0,100.24,99.0,0,8
2,pat56,d1684176P0421434C_RI_B0Fmm00_PB0PCcZNC0909_B64mA1la0R0vxxxxxx_000A07fBIsc_xBCxxxXxxFgxxn_DQ02_Frenzy_Y_550001E3,0,7,7,600,101.0,99.52,98.0,1,6
2,pat56,d1684176P0421434C_RI_B0Fmm00_PB0PCcZNC0909_B64mA1la0R0vxxxxxx_000A07fBIsc_xBCxxxXxxFgxxn_DQ02_Frenzy_Y_550001E3,1,0,8,600,106.0,103.0,100.5,1,11
2,pat56,d1684176P0421434C_RI_B0Fmm00_PB0PCcZNC0909_B64mA1la0R0vxxxxxx_000A07fBIsc_xBCxxxXxxFgxxn_DQ02_Frenzy_Y_550001E3,1,1,9,600,105.0,102.69,100.0,0,2
2,pat56,d1684176P0421434C_RI_B0Fmm00_PB0PCcZNC0909_B64mA1la0R0vxxxxxx_000A07fBIsc_xBCxxxXxxFgxxn_DQ02_Frenzy_Y_550001E3,1,2,10,600,101.5,100.06,98.5,0,8
2,pat56,d1684176P0421434C_RI_B0Fmm00_PB0PCcZNC0909_B64mA1la0R0vxxxxxx_000A07fBIsc_xBCxxxXxxFgxxn_DQ02_Frenzy_Y_550001E3,1,3,11,600,101.5,100.18,98.5,0,8
2,pat56,d1684176P0421434C_RI_B0Fmm00_PB0PCcZNC0909_B64mA1la0R0vxxxxxx_000A07fBIsc_xBCxxxXxxFgxxn_DQ02_Frenzy_Y_550001E3,1,4,12,600,107.0,103.13,100.5,1,11
2,pat56,d1684176P0421434C_RI_B0Fmm00_PB0PCcZNC0909_B64mA1la0R0vxxxxxx_000A07fBIsc_xBCxxxXxxFgxxn_DQ02_Frenzy_Y_550001E3,1,5,13,600,106.5,103.35,100.0,1,2
2,pat56,d1684176P0421434C_RI_B0Fmm00_PB0PCcZNC0909_B64mA1la0R0vxxxxxx_000A07fBIsc_xBCxxxXxxFgxxn_DQ02_Frenzy_Y_550001E3,1,6,14,600,102.5,100.64,98.0,0,1
2,pat56,d1684176P0421434C_RI_B0Fmm00_PB0PCcZNC0909_B64mA1la0R0vxxxxxx_000A07fBIsc_xBCxxxXxxFgxxn_DQ02_Frenzy_Y_550001E3,1,7,15,600,102.0,99.79,97.5,0,8
2,pat56,d1684176P0421434C_RI_B0Fmm00_PB0PCcZNC0909_B64mA1la0R0vxxxxxx_000A07fBIsc_xBCxxxXxxFgxxn_DQ02_Frenzy_Y_550001E3,2,0,16,600,107.0,104.14,100.5,1,11
2,pat56,d1684176P0421434C_RI_B0Fmm00_PB0PCcZNC0909_B64mA1la0R0vxxxxxx_000A07fBIsc_xBCxxxXxxFgxxn_DQ02_Frenzy_Y_550001E3,2,1,17,600,108.5,104.53,101.0,1,2
2,pat56,d1684176P0421434C_RI_B0Fmm00_PB0PCcZNC0909_B64mA1la0R0vxxxxxx_000A07fBIsc_xBCxxxXxxFgxxn_DQ02_Frenzy_Y_550001E3,2,2,18,600,102.0,100.5,99.5,0,5
2,pat56,d1684176P0421434C_RI_B0Fmm00_PB0PCcZNC0909_B64mA1la0R0vxxxxxx_000A07fBIsc_xBCxxxXxxFgxxn_DQ02_Frenzy_Y_550001E3,2,3,19,600,102.5,100.56,99.0,1,9
2,pat56,d1684176P0421434C_RI_B0Fmm00_PB0PCcZNC0909_B64mA1la0R0vxxxxxx_000A07fBIsc_xBCxxxXxxFgxxn_DQ02_Frenzy_Y_550001E3,2,4,20,600,108.5,103.44,101.0,1,11
2,pat56,d1684176P0421434C_RI_B0Fmm00_PB0PCcZNC0909_B64mA1la0R0vxxxxxx_000A07fBIsc_xBCxxxXxxFgxxn_DQ02_Frenzy_Y_550001E3,2,5,21,600,106.5,103.94,101.0,1,11
2,pat56,d1684176P0421434C_RI_B0Fmm00_PB0PCcZNC0909_B64mA1la0R0vxxxxxx_000A07fBIsc_xBCxxxXxxFgxxn_DQ02_Frenzy_Y_550001E3,2,6,22,600,103.0,101.06,99.0,0,4
2,pat56,d1684176P0421434C_RI_B0Fmm00_PB0PCcZNC0909_B64mA1la0R0vxxxxxx_000A07fBIsc_xBCxxxXxxFgxxn_DQ02_Frenzy_Y_550001E3,2,7,23,600,101.5,100.1,98.5,0,8
2,pat56,d1684176P0421434C_RI_B0Fmm00_PB0PCcZNC0909_B64mA1la0R0vxxxxxx_000A07fBIsc_xBCxxxXxxFgxxn_DQ02_Frenzy_Y_550001E3,3,0,24,600,104.5,102.86,100.5,1,2
2,pat56,d1684176P0421434C_RI_B0Fmm00_PB0PCcZNC0909_B64mA1la0R0vxxxxxx_000A07fBIsc_xBCxxxXxxFgxxn_DQ02_Frenzy_Y_550001E3,3,1,25,600,104.5,102.54,100.5,1,11
2,pat56,d1684176P0421434C_RI_B0Fmm00_PB0PCcZNC0909_B64mA1la0R0vxxxxxx_000A07fBIsc_xBCxxxXxxFgxxn_DQ02_Frenzy_Y_550001E3,3,2,26,600,102.5,101.17,99.5,0,6
2,pat56,d1684176P0421434C_RI_B0Fmm00_PB0PCcZNC0909_B64mA1la0R0vxxxxxx_000A07fBIsc_xBCxxxXxxFgxxn_DQ02_Frenzy_Y_550001E3,3,3,27,600,102.5,100.63,99.0,0,8
2,pat56,d1684176P0421434C_RI_B0Fmm00_PB0PCcZNC0909_B64mA1la0R0vxxxxxx_000A07fBIsc_xBCxxxXxxFgxxn_DQ02_Frenzy_Y_550001E3,3,4,28,600,107.5,103.77,100.0,1,11
2,pat56,d1684176P0421434C_RI_B0Fmm00_PB0PCcZNC0909_B64mA1la0R0vxxxxxx_000A07fBIsc_xBCxxxXxxFgxxn_DQ02_Frenzy_Y_550001E3,3,5,29,600,105.5,103.21,101.5,1,11
2,pat56,d1684176P0421434C_RI_B0Fmm00_PB0PCcZNC0909_B64mA1la0R0vxxxxxx_000A07fBIsc_xBCxxxXxxFgxxn_DQ02_Frenzy_Y_550001E3,3,6,30,600,105.5,101.29,99.5,0,14
2,pat56,d1684176P0421434C_RI_B0Fmm00_PB0PCcZNC0909_B64mA1la0R0vxxxxxx_000A07fBIsc_xBCxxxXxxFgxxn_DQ02_Frenzy_Y_550001E3,3,7,31,600,103.5,101.11,99.5,0,8
2,pat57,d1684596P0421608C_Qr_B0Fmm00_PB0PCcZNC0909_B64mA1la0R0vxxxxxx_000A07fBIsc_xBCxxxXxxFgxxn_DQ02_PlusOne_Pd_550002E2,0,0,0,600,109.5,104.06,99.0,1,2
2,pat57,d1684596P0421608C_Qr_B0Fmm00_PB0PCcZNC0909_B64mA1la0R0vxxxxxx_000A07fBIsc_xBCxxxXxxFgxxn_DQ02_PlusOne_Pd_550002E2,0,1,1,600,110.5,104.54,99.5,1,2
2,pat57,d1684596P0421608C_Qr_B0Fmm00_PB0PCcZNC0909_B64mA1la0R0vxxxxxx_000A07fBIsc_xBCxxxXxxFgxxn_DQ02_PlusOne_Pd_550002E2,0,2,2,600,102.0,99.99,99.0,0,14
2,pat57,d1684596P0421608C_Qr_B0Fmm00_PB0PCcZNC0909_B64mA1la0R0vxxxxxx_000A07fBIsc_xBCxxxXxxFgxxn_DQ02_PlusOne_Pd_550002E2,0,3,3,600,100.5,98.8,97.5,0,8
2,pat57,d1684596P0421608C_Qr_B0Fmm00_PB0PCcZNC0909_B64mA1la0R0vxxxxxx_000A07fBIsc_xBCxxxXxxFgxxn_DQ02_PlusOne_Pd_550002E2,0,4,4,600,110.0,104.4,100.0,1,11
2,pat57,d1684596P0421608C_Qr_B0Fmm00_PB0PCcZNC0909_B64mA1la0R0vxxxxxx_000A07fBIsc_xBCxxxXxxFgxxn_DQ02_PlusOne_Pd_550002E2,0,5,5,600,111.0,105.24,100.0,1,2
2,pat57,d1684596P0421608C_Qr_B0Fmm00_PB0PCcZNC0909_B64mA1la0R0vxxxxxx_000A07fBIsc_xBCxxxXxxFgxxn_DQ02_PlusOne_Pd_550002E2,0,6,6,600,101.5,100.1,98.5,0,8
2,pat57,d1684596P0421608C_Qr_B0Fmm00_PB0PCcZNC0909_B64mA1la0R0vxxxxxx_000A07fBIsc_xBCxxxXxxFgxxn_DQ02_PlusOne_Pd_550002E2,0,7,7,600,100.5,99.38,98.0,0,14
2,pat57,d1684596P0421608C_Qr_B0Fmm00_PB0PCcZNC0909_B64mA1la0R0vxxxxxx_000A07fBIsc_xBCxxxXxxFgxxn_DQ02_PlusOne_Pd_550002E2,1,0,8,600,107.0,103.77,99.5,1,0
2,pat57,d1684596P0421608C_Qr_B0Fmm00_PB0PCcZNC0909_B64mA1la0R0vxxxxxx_000A07fBIsc_xBCxxxXxxFgxxn_DQ02_PlusOne_Pd_550002E2,1,1,9,600,107.0,103.57,99.5,1,2
2,pat57,d1684596P0421608C_Qr_B0Fmm00_PB0PCcZNC0909_B64mA1la0R0vxxxxxx_000A07fBIsc_xBCxxxXxxFgxxn_DQ02_PlusOne_Pd_550002E2,1,2,10,600,101.5,99.99,98.5,1,8
2,pat57,d1684596P0421608C_Qr_B0Fmm00_PB0PCcZNC0909_B64mA1la0R0vxxxxxx_000A07fBIsc_xBCxxxXxxFgxxn_DQ02_PlusOne_Pd_550002E2,1,3,11,600,101.0,100.05,98.0,0,8
2,pat57,d1684596P0421608C_Qr_B0Fmm00_PB0PCcZNC0909_B64mA1la0R0vxxxxxx_000A07fBIsc_xBCxxxXxxFgxxn_DQ02_PlusOne_Pd_550002E2,1,4,12,600,107.5,103.85,100.5,1,11
2,pat57,d1684596P0421608C_Qr_B0Fmm00_PB0PCcZNC0909_B64mA1la0R0vxxxxxx_000A07fBIsc_xBCxxxXxxFgxxn_DQ02_PlusOne_Pd_550002E2,1,5,13,600,108.5,104.29,100.0,1,2
2,pat57,d1684596P0421608C_Qr_B0Fmm00_PB0PCcZNC0909_B64mA1la0R0vxxxxxx_000A07fBIsc_xBCxxxXxxFgxxn_DQ02_PlusOne_Pd_550002E2,1,6,14,600,102.0,100.5,98.0,0,1
2,pat57,d1684596P0421608C_Qr_B0Fmm00_PB0PCcZNC0909_B64mA1la0R0vxxxxxx_000A07fBIsc_xBCxxxXxxFgxxn_DQ02_PlusOne_Pd_550002E2,1,7,15,600,101.5,99.76,97.5,0,8
2,pat57,d1684596P0421608C_Qr_B0Fmm00_PB0PCcZNC0909_B64mA1la0R0vxxxxxx_000A07fBIsc_xBCxxxXxxFgxxn_DQ02_PlusOne_Pd_550002E2,2,0,16,600,108.0,104.79,100.5,0,0
2,pat57,d1684596P0421608C_Qr_B0Fmm00_PB0PCcZNC0909_B64mA1la0R0vxxxxxx_000A07fBIsc_xBCxxxXxxFgxxn_DQ02_PlusOne_Pd_550002E2,2,1,17,600,110.0,105.29,100.5,1,2
2,pat57,d1684596P0421608C_Qr_B0Fmm00_PB0PCcZNC0909_B64mA1la0R0vxxxxxx_000A07fBIsc_xBCxxxXxxFgxxn_DQ02_PlusOne_Pd_550002E2,2,2,18,600,102.5,100.51,99.5,1,14
2,pat57,d1684596P0421608C_Qr_B0Fmm00_PB0PCcZNC0909_B64mA1la0R0vxxxxxx_000A07fBIsc_xBCxxxXxxFgxxn_DQ02_PlusOne_Pd_550002E2,2,3,19,600,102.0,100.49,98.5,1,4
2,pat57,d1684596P0421608C_Qr_B0Fmm00_PB0PCcZNC0909_B64mA1la0R0vxxxxxx_000A07fBIsc_xBCxxxXxxFgxxn_DQ02_PlusOne_Pd_550002E2,2,4,20,600,109.5,104.11,100.5,1,11
2,pat57,d1684596P0421608C_Qr_B0Fmm00_PB0PCcZNC0909_B64mA1la0R0vxxxxxx_000A07fBIsc_xBCxxxXxxFgxxn_DQ02_PlusOne_Pd_550002E2,2,5,21,600,108.0,104.65,101.0,1,2
2,pat57,d1684596P0421608C_Qr_B0Fmm00_PB0PCcZNC0909_B64mA1la0R0vxxxxxx_000A07fBIsc_xBCxxxXxxFgxxn_DQ02_PlusOne_Pd_550002E2,2,6,22,600,103.0,100.89,99.0,0,4
2,pat57,d1684596P0421608C_Qr_B0Fmm00_PB0PCcZNC0909_B64mA1la0R0vxxxxxx_000A07fBIsc_xBCxxxXxxFgxxn_DQ02_PlusOne_Pd_550002E2,2,7,23,600,101.0,99.97,98.0,0,8
2,pat57,d1684596P0421608C_Qr_B0Fmm00_PB0PCcZNC0909_B64mA1la0R0vxxxxxx_000A07fBIsc_xBCxxxXxxFgxxn_DQ02_PlusOne_Pd_550002E2,3,0,24,600,106.0,103.58,100.5,0,0
2,pat57,d1684596P0421608C_Qr_B0Fmm00_PB0PCcZNC0909_B64mA1la0R0vxxxxxx_000A07fBIsc_xBCxxxXxxFgxxn_DQ02_PlusOne_Pd_550002E2,3,1,25,600,106.5,103.23,100.5,0,0
2,pat57,d1684596P0421608C_Qr_B0Fmm00_PB0PCcZNC0909_B64mA1la0R0vxxxxxx_000A07fBIsc_xBCxxxXxxFgxxn_DQ02_PlusOne_Pd_550002E2,3,2,26,600,102.5,101.0,99.0,0,8
2,pat57,d1684596P0421608C_Qr_B0Fmm00_PB0PCcZNC0909_B64mA1la0R0vxxxxxx_000A07fBIsc_xBCxxxXxxFgxxn_DQ02_PlusOne_Pd_550002E2,3,3,27,600,102.0,100.5,99.0,0,8
2,pat57,d1684596P0421608C_Qr_B0Fmm00_PB0PCcZNC0909_B64mA1la0R0vxxxxxx_000A07fBIsc_xBCxxxXxxFgxxn_DQ02_PlusOne_Pd_550002E2,3,4,28,600,109.5,104.6,100.0,1,2
2,pat57,d1684596P0421608C_Qr_B0Fmm00_PB0PCcZNC0909_B64mA1la0R0vxxxxxx_000A07fBIsc_xBCxxxXxxFgxxn_DQ02_PlusOne_Pd_550002E2,3,5,29,600,107.0,103.89,101.0,1,0
2,pat57,d1684596P0421608C_Qr_B0Fmm00_PB0PCcZNC0909_B64mA1la0R0vxxxxxx_000A07fBIsc_xBCxxxXxxFgxxn_DQ02_PlusOne_Pd_550002E2,3,6,30,600,102.5,101.19,99.5,0,6
2,pat57,d1684596P0421608C_Qr_B0Fmm00_PB0PCcZNC0909_B64mA1la0R0vxxxxxx_000A07fBIsc_xBCxxxXxxFgxxn_DQ02_PlusOne_Pd_550002E2,3,7,31,600,103.0,100.92,99.5,0,8
2,pat58,d1700354P0421817C_RL_B0Fmm00_PB0PCcZNC0909_B64mA1la0R0vxxxxxx_000A07fBIsc_xBCxxxXxxFgxxn_DQ02_Blender_A1J_55100105,0,0,0,600,108.0,103.32,99.0,1,11
2,pat58,d1700354P0421817C_RL_B0Fmm00_PB0PCcZNC0909_B64mA1la0R0vxxxxxx_000A07fBIsc_xBCxxxXxxFgxxn_DQ02_Blender_A1J_55100105,0,1,1,600,109.0,103.62,99.5,1,11
2,pat58,d1700354P0421817C_RL_B0Fmm00_PB0PCcZNC0909_B64mA1la0R0vxxxxxx_000A07fBIsc_xBCxxxXxxFgxxn_DQ02_Blender_A1J_55100105,0,2,2,600,101.5,100.09,99.0,0,14
2,pat58,d1700354P0421817C_RL_B0Fmm00_PB0PCcZNC0909_B64mA1la0R0vxxxxxx_000A07fBIsc_xBCxxxXxxFgxxn_DQ02_Blender_A1J_55100105,0,3,3,600,100.5,98.85,97.5,0,8
2,pat58,d1700354P0421817C_RL_B0Fmm00_PB0PCcZNC0909_B64mA1la0R0vxxxxxx_000A07fBIsc_xBCxxxXxxFgxxn_DQ02_Blender_A1J_55100105,0,4,4,600,108.5,103.64,100.0,1,11
2,pat58,d1700354P0421817C_RL_B0Fmm00_PB0PCcZNC0909_B64mA1la0R0vxxxxxx_000A07fBIsc_xBCxxxXxxFgxxn_DQ02_Blender_A1J_55100105,0,5,5,600,109.0,104.41,100.0,1,11
2,pat58,d1700354P0421817C_RL_B0Fmm00_PB0PCcZNC0909_B64mA1la0R0vxxxxxx_000A07fBIsc_xBCxxxXxxFgxxn_DQ02_Blender_A1J_55100105,0,6,6,600,101.5,100.1,98.5,1,2
2,pat58,d1700354P0421817C_RL_B0Fmm00_PB0PCcZNC0909_B64mA1la0R0vxxxxxx_000A07fBIsc_xBCxxxXxxFgxxn_DQ02_Blender_A1J_55100105,0,7,7,600,100.5,99.47,98.0,1,6
2,pat58,d1700354P0421817C_RL_B0Fmm00_PB0PCcZNC0909_B64mA1la0R0vxxxxxx_000A07fBIsc_xBCxxxXxxFgxxn_DQ02_Blender_A1J_55100105,1,0,8,600,106.0,102.87,99.5,1,9
2,pat58,d1700354P0421817C_RL_B0Fmm00_PB0PCcZNC0909_B64mA1la0R0vxxxxxx_000A07fBIsc_xBCxxxXxxFgxxn_DQ02_Blender_A1J_55100105,1,1,9,600,105.5,102.69,99.5,0,2
2,pat58,d1700354P0421817C_RL_B0Fmm00_PB0PCcZNC0909_B64mA1la0R0vxxxxxx_000A07fBIsc_xBCxxxXxxFgxxn_DQ02_Blender_A1J_55100105,1,2,10,600,101.5,99.99,98.5,1,8
2,pat58,d1700354P0421817C_RL_B0Fmm00_PB0PCcZNC0909_B64mA1la0R0vxxxxxx_000A07fBIsc_xBCxxxXxxFgxxn_DQ02_Blender_A1J_55100105,1,3,11,600,101.5,100.1,98.0,1,12
2,pat58,d1700354P0421817C_RL_B0Fmm00_PB0PCcZNC0909_B64mA1la0R0vxxxxxx_000A07fBIsc_xBCxxxXxxFgxxn_DQ02_Blender_A1J_55100105,1,4,12,600,106.5,103.06,100.5,0,11
2,pat58,d1700354P0421817C_RL_B0Fmm00_PB0PCcZNC0909_B64mA1la0R0vxxxxxx_000A07fBIsc_xBCxxxXxxFgxxn_DQ02_Blender_A1J_55100105,1,5,13,600,106.5,103.32,100.0,1,11
2,pat58,d1700354P0421817C_RL_B0Fmm00_PB0PCcZNC0909_B64mA1la0R0vxxxxxx_000A07fBIsc_xBCxxxXxxFgxxn_DQ02_Blender_A1J_55100105,1,6,14,600,102.0,100.48,98.0,0,1
2,pat58,d1700354P0421817C_RL_B0Fmm00_PB0PCcZNC0909_B64mA1la0R0vxxxxxx_000A07fBIsc_xBCxxxXxxFgxxn_DQ02_Blender_A1J_55100105,1,7,15,600,102.0,99.86,98.0,0,8
2,pat58,d1700354P0421817C_RL_B0Fmm00_PB0PCcZNC0909_B64mA1la0R0vxxxxxx_000A07fBIsc_xBCxxxXxxFgxxn_DQ02_Blender_A1J_55100105,2,0,16,600,107.0,104.07,100.5,1,11
2,pat58,d1700354P0421817C_RL_B0Fmm00_PB0PCcZNC0909_B64mA1la0R0vxxxxxx_000A07fBIsc_xBCxxxXxxFgxxn_DQ02_Blender_A1J_55100105,2,1,17,600,108.0,104.51,100.5,1,2
2,pat58,d1700354P0421817C_RL_B0Fmm00_PB0PCcZNC0909_B64mA1la0R0vxxxxxx_000A07fBIsc_xBCxxxXxxFgxxn_DQ02_Blender_A1J_55100105,2,2,18,600,102.0,100.52,99.5,0,7
2,pat58,d1700354P0421817C_RL_B0Fmm00_PB0PCcZNC0909_B64mA1la0R0vxxxxxx_000A07fBIsc_xBCxxxXxxFgxxn_DQ02_Blender_A1J_55100105,2,3,19,600,102.0,100.57,99.0,1,9
2,pat58,d1700354P0421817C_RL_B0Fmm00_PB0PCcZNC0909_B64mA1la0R0vxxxxxx_000A07fBIsc_xBCxxxXxxFgxxn_DQ02_Blender_A1J_55100105,2,4,20,600,108.5,103.31,100.5,1,11
2,pat58,d1700354P0421817C_RL_B0Fmm00_PB0PCcZNC0909_B64mA1la0R0vxxxxxx_000A07fBIsc_xBCxxxXxxFgxxn_DQ02_Blender_A1J_55100105,2,5,21,600,106.5,103.89,101.0,1,11
2,pat58,d1700354P0421817C_RL_B0Fmm00_PB0PCcZNC0909_B64mA1la0R0vxxxxxx_000A07fBIsc_xBCxxxXxxFgxxn_DQ02_Blender_A1J_55100105,2,6,22,600,103.0,101.01,99.0,0,4
2,pat58,d1700354P0421817C_RL_B0Fmm00_PB0PCcZNC0909_B64mA1la0R0vxxxxxx_000A07fBIsc_xBCxxxXxxFgxxn_DQ02_Blender_A1J_55100105,2,7,23,600,101.5,100.09,98.0,0,8
2,pat58,d1700354P0421817C_RL_B0Fmm00_PB0PCcZNC0909_B64mA1la0R0vxxxxxx_000A07fBIsc_xBCxxxXxxFgxxn_DQ02_Blender_A1J_55100105,3,0,24,600,105.0,102.91,100.5,1,9
2,pat58,d1700354P0421817C_RL_B0Fmm00_PB0PCcZNC0909_B64mA1la0R0vxxxxxx_000A07fBIsc_xBCxxxXxxFgxxn_DQ02_Blender_A1J_55100105,3,1,25,600,104.5,102.55,100.5,0,9
2,pat58,d1700354P0421817C_RL_B0Fmm00_PB0PCcZNC0909_B64mA1la0R0vxxxxxx_000A07fBIsc_xBCxxxXxxFgxxn_DQ02_Blender_A1J_55100105,3,2,26,600,102.5,101.07,99.0,0,8
2,pat58,d1700354P0421817C_RL_B0Fmm00_PB0PCcZNC0909_B64mA1la0R0vxxxxxx_000A07fBIsc_xBCxxxXxxFgxxn_DQ02_Blender_A1J_55100105,3,3,27,600,102.0,100.53,99.0,0,8
2,pat58,d1700354P0421817C_RL_B0Fmm00_PB0PCcZNC0909_B64mA1la0R0vxxxxxx_000A07fBIsc_xBCxxxXxxFgxxn_DQ02_Blender_A1J_55100105,3,4,28,600,107.5,103.69,100.0,1,11
2,pat58,d1700354P0421817C_RL_B0Fmm00_PB0PCcZNC0909_B64mA1la0R0vxxxxxx_000A07fBIsc_xBCxxxXxxFgxxn_DQ02_Blender_A1J_55100105,3,5,29,600,105.0,103.18,101.0,1,9
2,pat58,d1700354P0421817C_RL_B0Fmm00_PB0PCcZNC0909_B64mA1la0R0vxxxxxx_000A07fBIsc_xBCxxxXxxFgxxn_DQ02_Blender_A1J_55100105,3,6,30,600,102.5,101.11,99.5,0,6
2,pat58,d1700354P0421817C_RL_B0Fmm00_PB0PCcZNC0909_B64mA1la0R0vxxxxxx_000A07fBIsc_xBCxxxXxxFgxxn_DQ02_Blender_A1J_55100105,3,7,31,600,103.5,100.95,99.5,0,8
2,pat59,d1683872P0421302C_RL_B0Fmm00_PB0PCcZNC0909_B64mA1la0R0vxxxxxx_000A07fBIsc_xBCxxxXxxFgxxn_DQ02_FRM_CvtISZ_55000238,0,0,0,600,108.0,103.31,98.5,1,11
2,pat59,d1683872P0421302C_RL_B0Fmm00_PB0PCcZNC0909_B64mA1la0R0vxxxxxx_000A07fBIsc_xBCxxxXxxFgxxn_DQ02_FRM_CvtISZ_55000238,0,1,1,600,108.5,103.48,99.5,1,11
2,pat59,d1683872P0421302C_RL_B0Fmm00_PB0PCcZNC0909_B64mA1la0R0vxxxxxx_000A07fBIsc_xBCxxxXxxFgxxn_DQ02_FRM_CvtISZ_55000238,0,2,2,600,101.5,100.0,99.0,0,14
2,pat59,d1683872P0421302C_RL_B0Fmm00_PB0PCcZNC0909_B64mA1la0R0vxxxxxx_000A07fBIsc_xBCxxxXxxFgxxn_DQ02_FRM_CvtISZ_55000238,0,3,3,600,100.5,98.8,97.5,0,10
2,pat59,d1683872P0421302C_RL_B0Fmm00_PB0PCcZNC0909_B64mA1la0R0vxxxxxx_000A07fBIsc_xBCxxxXxxFgxxn_DQ02_FRM_CvtISZ_55000238,0,4,4,600,109.0,103.64,99.5,1,11
2,pat59,d1683872P0421302C_RL_B0Fmm00_PB0PCcZNC0909_B64mA1la0R0vxxxxxx_000A07fBIsc_xBCxxxXxxFgxxn_DQ02_FRM_CvtISZ_55000238,0,5,5,600,109.0,104.45,100.5,1,2
2,pat59,d1683872P0421302C_RL_B0Fmm00_PB0PCcZNC0909_B64mA1la0R0vxxxxxx_000A07fBIsc_xBCxxxXxxFgxxn_DQ02_FRM_CvtISZ_55000238,0,6,6,600,102.0,100.04,99.0,0,8
2,pat59,d1683872P0421302C_RL_B0Fmm00_PB0PCcZNC0909_B64mA1la0R0vxxxxxx_000A07fBIsc_xBCxxxXxxFgxxn_DQ02_FRM_CvtISZ_55000238,0,7,7,600,100.5,99.37,98.0,0,6
2,pat59,d1683872P0421302C_RL_B0Fmm00_PB0PCcZNC0909_B64mA1la0R0vxxxxxx_000A07fBIsc_xBCxxxXxxFgxxn_DQ02_FRM_CvtISZ_55000238,1,0,8,600,105.5,102.95,99.5,1,11
2,pat59,d1683872P0421302C_RL_B0Fmm00_PB0PCcZNC0909_B64mA1la0R0vxxxxxx_000A07fBIsc_xBCxxxXxxFgxxn_DQ02_FRM_CvtISZ_55000238,1,1,9,600,105.5,102.65,99.5,0,2
2,pat59,d1683872P0421302C_RL_B0Fmm00_PB0PCcZNC0909_B64mA1la0R0vxxxxxx_000A07fBIsc_xBCxxxXxxFgxxn_DQ02_FRM_CvtISZ_55000238,1,2,10,600,101.5,99.99,98.5,1,8
2,pat59,d1683872P0421302C_RL_B0Fmm00_PB0PCcZNC0909_B64mA1la0R0vxxxxxx_000A07fBIsc_xBCxxxXxxFgxxn_DQ02_FRM_CvtISZ_55000238,1,3,11,600,101.5,100.03,98.5,1,8
2,pat59,d1683872P0421302C_RL_B0Fmm00_PB0PCcZNC0909_B64mA1la0R0vxxxxxx_000A07fBIsc_xBCxxxXxxFgxxn_DQ02_FRM_CvtISZ_55000238,1,4,12,600,106.0,103.05,100.5,1,11
2,pat59,d1683872P0421302C_RL_B0Fmm00_PB0PCcZNC0909_B64mA1la0R0vxxxxxx_000A07fBIsc_xBCxxxXxxFgxxn_DQ02_FRM_CvtISZ_55000238,1,5,13,600,106.5,103.25,100.0,1,2
2,pat59,d1683872P0421302C_RL_B0Fmm00_PB0PCcZNC0909_B64mA1la0R0vxxxxxx_000A07fBIsc_xBCxxxXxxFgxxn_DQ02_FRM_CvtISZ_55000238,1,6,14,600,102.0,100.5,98.5,0,1
2,pat59,d1683872P0421302C_RL_B0Fmm00_PB0PCcZNC0909_B64mA1la0R0vxxxxxx_000A07fBIsc_xBCxxxXxxFgxxn_DQ02_FRM_CvtISZ_55000238,1,7,15,600,101.5,99.78,97.5,0,8
2,pat59,d1683872P0421302C_RL_B0Fmm00_PB0PCcZNC0909_B64mA1la0R0vxxxxxx_000A07fBIsc_xBCxxxXxxFgxxn_DQ02_FRM_CvtISZ_55000238,2,0,16,600,107.0,104.2,100.5,1,11
2,pat59,d1683872P0421302C_RL_B0Fmm00_PB0PCcZNC0909_B64mA1la0R0vxxxxxx_000A07fBIsc_xBCxxxXxxFgxxn_DQ02_FRM_CvtISZ_55000238,2,1,17,600,108.5,104.6,101.0,1,11
2,pat59,d1683872P0421302C_RL_B0Fmm00_PB0PCcZNC0909_B64mA1la0R0vxxxxxx_000A07fBIsc_xBCxxxXxxFgxxn_DQ02_FRM_CvtISZ_55000238,2,2,18,600,102.0,100.39,99.0,1,14
2,pat59,d1683872P0421302C_RL_B0Fmm00_PB0PCcZNC0909_B64mA1la0R0vxxxxxx_000A07fBIsc_xBCxxxXxxFgxxn_DQ02_FRM_CvtISZ_55000238,2,3,19,600,102.0,100.54,99.0,1,9
2,pat59,d1683872P0421302C_RL_B0Fmm00_PB0PCcZNC0909_B64mA1la0R0vxxxxxx_000A07fBIsc_xBCxxxXxxFgxxn_DQ02_FRM_CvtISZ_55000238,2,4,20,600,108.5,103.33,100.5,1,11
2,pat59,d1683872P0421302C_RL_B0Fmm00_PB0PCcZNC0909_B64mA1la0R0vxxxxxx_000A07fBIsc_xBCxxxXxxFgxxn_DQ02_FRM_CvtISZ_55000238,2,5,21,600,107.0,104.01,101.0,1,11
2,pat59,d1683872P0421302C_RL_B0Fmm00_PB0PCcZNC0909_B64mA1la0R0vxxxxxx_000A07fBIsc_xBCxxxXxxFgxxn_DQ02_FRM_CvtISZ_55000238,2,6,22,600,103.5,100.93,99.0,0,8
2,pat59,d1683872P0421302C_RL_B0Fmm00_PB0PCcZNC0909_B64mA1la0R0vxxxxxx_000A07fBIsc_xBCxxxXxxFgxxn_DQ02_FRM_CvtISZ_55000238,2,7,23,600,101.5,100.02,98.5,1,8
2,pat59,d1683872P0421302C_RL_B0Fmm00_PB0PCcZNC0909_B64mA1la0R0vxxxxxx_000A07fBIsc_xBCxxxXxxFgxxn_DQ02_FRM_CvtISZ_55000238,3,0,24,600,104.5,102.94,100.0,1,2
2,pat59,d1683872P0421302C_RL_B0Fmm00_PB0PCcZNC0909_B64mA1la0R0vxxxxxx_000A07fBIsc_xBCxxxXxxFgxxn_DQ02_FRM_CvtISZ_55000238,3,1,25,600,104.0,102.57,100.5,1,11
2,pat59,d1683872P0421302C_RL_B0Fmm00_PB0PCcZNC0909_B64mA1la0R0vxxxxxx_000A07fBIsc_xBCxxxXxxFgxxn_DQ02_FRM_CvtISZ_55000238,3,2,26,600,102.5,101.03,99.0,0,8
2,pat59,d1683872P0421302C_RL_B0Fmm00_PB0PCcZNC0909_B64mA1la0R0vxxxxxx_000A07fBIsc_xBCxxxXxxFgxxn_DQ02_FRM_CvtISZ_55000238,3,3,27,600,102.0,100.49,99.0,0,8
2,pat59,d1683872P0421302C_RL_B0Fmm00_PB0PCcZNC0909_B64mA1la0R0vxxxxxx_000A07fBIsc_xBCxxxXxxFgxxn_DQ02_FRM_CvtISZ_55000238,3,4,28,600,107.5,103.67,100.0,1,11
2,pat59,d1683872P0421302C_RL_B0Fmm00_PB0PCcZNC0909_B64mA1la0R0vxxxxxx_000A07fBIsc_xBCxxxXxxFgxxn_DQ02_FRM_CvtISZ_55000238,3,5,29,600,105.5,103.2,101.0,1,11
2,pat59,d1683872P0421302C_RL_B0Fmm00_PB0PCcZNC0909_B64mA1la0R0vxxxxxx_000A07fBIsc_xBCxxxXxxFgxxn_DQ02_FRM_CvtISZ_55000238,3,6,30,600,102.5,101.17,99.5,0,6
2,pat59,d1683872P0421302C_RL_B0Fmm00_PB0PCcZNC0909_B64mA1la0R0vxxxxxx_000A07fBIsc_xBCxxxXxxFgxxn_DQ02_FRM_CvtISZ_55000238,3,7,31,600,103.5,100.95,99.5,0,8
2,pat60,d1700374P0421965C_RF_B0Fmm00_PB0PCcZNC0909_B64mA1la0R0vxxxxxx_000A07fBIsc_xBCxxxXxxFgxxn_DQ02_Blender_Z1J_551000AC,0,0,0,600,108.0,103.42,98.5,1,11
2,pat60,d1700374P0421965C_RF_B0Fmm00_PB0PCcZNC0909_B64mA1la0R0vxxxxxx_000A07fBIsc_xBCxxxXxxFgxxn_DQ02_Blender_Z1J_551000AC,0,1,1,600,109.0,103.76,99.5,1,11
2,pat60,d1700374P0421965C_RF_B0Fmm00_PB0PCcZNC0909_B64mA1la0R0vxxxxxx_000A07fBIsc_xBCxxxXxxFgxxn_DQ02_Blender_Z1J_551000AC,0,2,2,600,101.5,100.08,99.0,0,14
2,pat60,d1700374P0421965C_RF_B0Fmm00_PB0PCcZNC0909_B64mA1la0R0vxxxxxx_000A07fBIsc_xBCxxxXxxFgxxn_DQ02_Blender_Z1J_551000AC,0,3,3,600,100.5,98.87,97.5,0,8
2,pat60,d1700374P0421965C_RF_B0Fmm00_PB0PCcZNC0909_B64mA1la0R0vxxxxxx_000A07fBIsc_xBCxxxXxxFgxxn_DQ02_Blender_Z1J_551000AC,0,4,4,600,109.0,103.75,100.0,1,11
2,pat60,d1700374P0421965C_RF_B0Fmm00_PB0PCcZNC0909_B64mA1la0R0vxxxxxx_000A07fBIsc_xBCxxxXxxFgxxn_DQ02_Blender_Z1J_551000AC,0,5,5,600,109.0,104.73,100.5,1,2
2,pat60,d1700374P0421965C_RF_B0Fmm00_PB0PCcZNC0909_B64mA1la0R0vxxxxxx_000A07fBIsc_xBCxxxXxxFgxxn_DQ02_Blender_Z1J_551000AC,0,6,6,600,101.5,100.18,99.0,0,8
2,pat60,d1700374P0421965C_RF_B0Fmm00_PB0PCcZNC0909_B64mA1la0R0vxxxxxx_000A07fBIsc_xBCxxxXxxFgxxn_DQ02_Blender_Z1J_551000AC,0,7,7,600,100.5,99.48,98.0,0,6
2,pat60,d1700374P0421965C_RF_B0Fmm00_PB0PCcZNC0909_B64mA1la0R0vxxxxxx_000A07fBIsc_xBCxxxXxxFgxxn_DQ02_Blender_Z1J_551000AC,1,0,8,600,106.0,103.16,100.0,1,9
2,pat60,d1700374P0421965C_RF_B0Fmm00_PB0PCcZNC0909_B64mA1la0R0vxxxxxx_000A07fBIsc_xBCxxxXxxFgxxn_DQ02_Blender_Z1J_551000AC,1,1,9,600,105.5,102.78,99.5,0,10
2,pat60,d1700374P0421965C_RF_B0Fmm00_PB0PCcZNC0909_B64mA1la0R0vxxxxxx_000A07fBIsc_xBCxxxXxxFgxxn_DQ02_Blender_Z1J_551000AC,1,2,10,600,101.5,100.05,98.5,1,8
2,pat60,d1700374P0421965C_RF_B0Fmm00_PB0PCcZNC0909_B64mA1la0R0vxxxxxx_000A07fBIsc_xBCxxxXxxFgxxn_DQ02_Blender_Z1J_551000AC,1,3,11,600,101.5,100.13,98.5,0,8
2,pat60,d1700374P0421965C_RF_B0Fmm00_PB0PCcZNC0909_B64mA1la0R0vxxxxxx_000A07fBIsc_xBCxxxXxxFgxxn_DQ02_Blender_Z1J_551000AC,1,4,12,600,106.5,103.18,100.5,1,11
2,pat60,d1700374P0421965C_RF_B0Fmm00_PB0PCcZNC0909_B64mA1la0R0vxxxxxx_000A07fBIsc_xBCxxxXxxFgxxn_DQ02_Blender_Z1J_551000AC,1,5,13,600,106.5,103.46,100.0,1,2
2,pat60,d1700374P0421965C_RF_B0Fmm00_PB0PCcZNC0909_B64mA1la0R0vxxxxxx_000A07fBIsc_xBCxxxXxxFgxxn_DQ02_Blender_Z1J_551000AC,1,6,14,600,102.0,100.6,98.5,0,8
2,pat60,d1700374P0421965C_RF_B0Fmm00_PB0PCcZNC0909_B64mA1la0R0vxxxxxx_000A07fBIsc_xBCxxxXxxFgxxn_DQ02_Blender_Z1J_551000AC,1,7,15,600,102.0,99.82,97.5,0,8
2,pat60,d1700374P0421965C_RF_B0Fmm00_PB0PCcZNC0909_B64mA1la0R0vxxxxxx_000A07fBIsc_xBCxxxXxxFgxxn_DQ02_Blender_Z1J_551000AC,2,0,16,600,107.5,104.27,100.5,1,11
2,pat60,d1700374P0421965C_RF_B0Fmm00_PB0PCcZNC0909_B64mA1la0R0vxxxxxx_000A07fBIsc_xBCxxxXxxFgxxn_DQ02_Blender_Z1J_551000AC,2,1,17,600,109.0,104.69,101.0,1,2
2,pat60,d1700374P0421965C_RF_B0Fmm00_PB0PCcZNC0909_B64mA1la0R0vxxxxxx_000A07fBIsc_xBCxxxXxxFgxxn_DQ02_Blender_Z1J_551000AC,2,2,18,600,102.0,100.39,99.0,1,14
2,pat60,d1700374P0421965C_RF_B0Fmm00_PB0PCcZNC0909_B64mA1la0R0vxxxxxx_000A07fBIsc_xBCxxxXxxFgxxn_DQ02_Blender_Z1J_551000AC,2,3,19,600,102.0,100.64,99.0,1,9
2,pat60,d1700374P0421965C_RF_B0Fmm00_PB0PCcZNC0909_B64mA1la0R0vxxxxxx_000A07fBIsc_xBCxxxXxxFgxxn_DQ02_Blender_Z1J_551000AC,2,4,20,600,109.0,103.5,100.5,1,11
2,pat60,d1700374P0421965C_RF_B0Fmm00_PB0PCcZNC0909_B64mA1la0R0vxxxxxx_000A07fBIsc_xBCxxxXxxFgxxn_DQ02_Blender_Z1J_551000AC,2,5,21,600,107.0,104.1,101.5,1,11
2,pat60,d1700374P0421965C_RF_B0Fmm00_PB0PCcZNC0909_B64mA1la0R0vxxxxxx_000A07fBIsc_xBCxxxXxxFgxxn_DQ02_Blender_Z1J_551000AC,2,6,22,600,103.5,101.06,98.5,0,4
2,pat60,d1700374P0421965C_RF_B0Fmm00_PB0PCcZNC0909_B64mA1la0R0vxxxxxx_000A07fBIsc_xBCxxxXxxFgxxn_DQ02_Blender_Z1J_551000AC,2,7,23,600,101.5,99.96,98.5,1,6
2,pat60,d1700374P0421965C_RF_B0Fmm00_PB0PCcZNC0909_B64mA1la0R0vxxxxxx_000A07fBIsc_xBCxxxXxxFgxxn_DQ02_Blender_Z1J_551000AC,3,0,24,600,105.0,102.91,100.0,1,11
2,pat60,d1700374P0421965C_RF_B0Fmm00_PB0PCcZNC0909_B64mA1la0R0vxxxxxx_000A07fBIsc_xBCxxxXxxFgxxn_DQ02_Blender_Z1J_551000AC,3,1,25,600,104.5,102.61,100.5,0,11
2,pat60,d1700374P0421965C_RF_B0Fmm00_PB0PCcZNC0909_B64mA1la0R0vxxxxxx_000A07fBIsc_xBCxxxXxxFgxxn_DQ02_Blender_Z1J_551000AC,3,2,26,600,103.0,101.11,99.0,0,8
2,pat60,d1700374P0421965C_RF_B0Fmm00_PB0PCcZNC0909_B64mA1la0R0vxxxxxx_000A07fBIsc_xBCxxxXxxFgxxn_DQ02_Blender_Z1J_551000AC,3,3,27,600,102.5,100.6,99.0,0,8
2,pat60,d1700374P0421965C_RF_B0Fmm00_PB0PCcZNC0909_B64mA1la0R0vxxxxxx_000A07fBIsc_xBCxxxXxxFgxxn_DQ02_Blender_Z1J_551000AC,3,4,28,600,107.5,103.76,100.0,1,11
2,pat60,d1700374P0421965C_RF_B0Fmm00_PB0PCcZNC0909_B64mA1la0R0vxxxxxx_000A07fBIsc_xBCxxxXxxFgxxn_DQ02_Blender_Z1J_551000AC,3,5,29,600,105.5,103.27,101.5,1,11
2,pat60,d1700374P0421965C_RF_B0Fmm00_PB0PCcZNC0909_B64mA1la0R0vxxxxxx_000A07fBIsc_xBCxxxXxxFgxxn_DQ02_Blender_Z1J_551000AC,3,6,30,600,102.5,101.2,99.5,0,6
2,pat60,d1700374P0421965C_RF_B0Fmm00_PB0PCcZNC0909_B64mA1la0R0vxxxxxx_000A07fBIsc_xBCxxxXxxFgxxn_DQ02_Blender_Z1J_551000AC,3,7,31,600,103.5,101.0,99.5,0,8
2,pat61,d1700463P0422006C_RL_B0Fmm00_PB0PCcZNC0909_B64mA1la0R0vxxxxxx_000A07fBIsc_xBCxxxXxxFgxxn_DQ02_Blender_Z1J_551000E9,0,0,0,600,107.5,103.52,99.0,1,11
2,pat61,d1700463P0422006C_RL_B0Fmm00_PB0PCcZNC0909_B64mA1la0R0vxxxxxx_000A07fBIsc_xBCxxxXxxFgxxn_DQ02_Blender_Z1J_551000E9,0,1,1,600,108.0,103.76,99.5,1,11
2,pat61,d1700463P0422006C_RL_B0Fmm00_PB0PCcZNC0909_B64mA1la0R0vxxxxxx_000A07fBIsc_xBCxxxXxxFgxxn_DQ02_Blender_Z1J_551000E9,0,2,2,600,101.5,100.15,99.0,0,14
2,pat61,d1700463P0422006C_RL_B0Fmm00_PB0PCcZNC0909_B64mA1la0R0vxxxxxx_000A07fBIsc_xBCxxxXxxFgxxn_DQ02_Blender_Z1J_551000E9,0,3,3,600,101.0,98.97,97.5,0,8
2,pat61,d1700463P0422006C_RL_B0Fmm00_PB0PCcZNC0909_B64mA1la0R0vxxxxxx_000A07fBIsc_xBCxxxXxxFgxxn_DQ02_Blender_Z1J_551000E9,0,4,4,600,108.5,103.88,100.5,1,11
2,pat61,d1700463P0422006C_RL_B0Fmm00_PB0PCcZNC0909_B64mA1la0R0vxxxxxx_000A07fBIsc_xBCxxxXxxFgxxn_DQ02_Blender_Z1J_551000E9,0,5,5,600,108.5,104.81,101.0,1,2
2,pat61,d1700463P0422006C_RL_B0Fmm00_PB0PCcZNC0909_B64mA1la0R0vxxxxxx_000A07fBIsc_xBCxxxXxxFgxxn_DQ02_Blender_Z1J_551000E9,0,6,6,600,102.0,100.23,99.0,1,13
2,pat61,d1700463P0422006C_RL_B0Fmm00_PB0PCcZNC0909_B64mA1la0R0vxxxxxx_000A07fBIsc_xBCxxxXxxFgxxn_DQ02_Blender_Z1J_551000E9,0,7,7,600,100.5,99.5,98.0,0,0
2,pat61,d1700463P0422006C_RL_B0Fmm00_PB0PCcZNC0909_B64mA1la0R0vxxxxxx_000A07fBIsc_xBCxxxXxxFgxxn_DQ02_Blender_Z1J_551000E9,1,0,8,600,106.0,103.25,100.5,1,9
2,pat61,d1700463P0422006C_RL_B0Fmm00_PB0PCcZNC0909_B64mA1la0R0vxxxxxx_000A07fBIsc_xBCxxxXxxFgxxn_DQ02_Blender_Z1J_551000E9,1,1,9,600,105.5,102.78,100.0,0,6
2,pat61,d1700463P0422006C_RL_B0Fmm00_PB0PCcZNC0909_B64mA1la0R0vxxxxxx_000A07fBIsc_xBCxxxXxxFgxxn_DQ02_Blender_Z1J_551000E9,1,2,10,600,101.5,100.19,98.5,0,8
2,pat61,d1700463P0422006C_RL_B0Fmm00_PB0PCcZNC0909_B64mA1la0R0vxxxxxx_000A07fBIsc_xBCxxxXxxFgxxn_DQ02_Blender_Z1J_551000E9,1,3,11,600,101.5,100.18,98.5,0,8
2,pat61,d1700463P0422006C_RL_B0Fmm00_PB0PCcZNC0909_B64mA1la0R0vxxxxxx_000A07fBIsc_xBCxxxXxxFgxxn_DQ02_Blender_Z1J_551000E9,1,4,12,600,106.0,103.35,100.5,0,11
2,pat61,d1700463P0422006C_RL_B0Fmm00_PB0PCcZNC0909_B64mA1la0R0vxxxxxx_000A07fBIsc_xBCxxxXxxFgxxn_DQ02_Blender_Z1J_551000E9,1,5,13,600,106.0,103.49,100.0,1,2
2,pat61,d1700463P0422006C_RL_B0Fmm00_PB0PCcZNC0909_B64mA1la0R0vxxxxxx_000A07fBIsc_xBCxxxXxxFgxxn_DQ02_Blender_Z1J_551000E9,1,6,14,600,102.0,100.65,98.5,0,1
2,pat61,d1700463P0422006C_RL_B0Fmm00_PB0PCcZNC0909_B64mA1la0R0vxxxxxx_000A07fBIsc_xBCxxxXxxFgxxn_DQ02_Blender_Z1J_551000E9,1,7,15,600,102.0,99.9,98.0,0,8
2,pat61,d1700463P0422006C_RL_B0Fmm00_PB0PCcZNC0909_B64mA1la0R0vxxxxxx_000A07fBIsc_xBCxxxXxxFgxxn_DQ02_Blender_Z1J_551000E9,2,0,16,600,107.0,104.46,101.0,0,11
2,pat61,d1700463P0422006C_RL_B0Fmm00_PB0PCcZNC0909_B64mA1la0R0vxxxxxx_000A07fBIsc_xBCxxxXxxFgxxn_DQ02_Blender_Z1J_551000E9,2,1,17,600,107.5,104.79,101.0,1,2
2,pat61,d1700463P0422006C_RL_B0Fmm00_PB0PCcZNC0909_B64mA1la0R0vxxxxxx_000A07fBIsc_xBCxxxXxxFgxxn_DQ02_Blender_Z1J_551000E9,2,2,18,600,102.0,100.52,99.0,1,14
2,pat61,d1700463P0422006C_RL_B0Fmm00_PB0PCcZNC0909_B64mA1la0R0vxxxxxx_000A07fBIsc_xBCxxxXxxFgxxn_DQ02_Blender_Z1J_551000E9,2,3,19,600,102.5,100.62,99.0,1,9
2,pat61,d1700463P0422006C_RL_B0Fmm00_PB0PCcZNC0909_B64mA1la0R0vxxxxxx_000A07fBIsc_xBCxxxXxxFgxxn_DQ02_Blender_Z1J_551000E9,2,4,20,600,108.0,103.61,101.0,1,11
2,pat61,d1700463P0422006C_RL_B0Fmm00_PB0PCcZNC0909_B64mA1la0R0vxxxxxx_000A07fBIsc_xBCxxxXxxFgxxn_DQ02_Blender_Z1J_551000E9,2,5,21,600,106.5,104.17,101.5,0,2
2,pat61,d1700463P0422006C_RL_B0Fmm00_PB0PCcZNC0909_B64mA1la0R0vxxxxxx_000A07fBIsc_xBCxxxXxxFgxxn_DQ02_Blender_Z1J_551000E9,2,6,22,600,103.5,101.15,99.0,0,8
2,pat61,d1700463P0422006C_RL_B0Fmm00_PB0PCcZNC0909_B64mA1la0R0vxxxxxx_000A07fBIsc_xBCxxxXxxFgxxn_DQ02_Blender_Z1J_551000E9,2,7,23,600,102.0,100.12,98.5,0,8
2,pat61,d1700463P0422006C_RL_B0Fmm00_PB0PCcZNC0909_B64mA1la0R0vxxxxxx_000A07fBIsc_xBCxxxXxxFgxxn_DQ02_Blender_Z1J_551000E9,3,0,24,600,104.5,103.03,101.0,1,11
2,pat61,d1700463P0422006C_RL_B0Fmm00_PB0PCcZNC0909_B64mA1la0R0vxxxxxx_000A07fBIsc_xBCxxxXxxFgxxn_DQ02_Blender_Z1J_551000E9,3,1,25,600,104.0,102.61,100.5,0,0
2,pat61,d1700463P0422006C_RL_B0Fmm00_PB0PCcZNC0909_B64mA1la0R0vxxxxxx_000A07fBIsc_xBCxxxXxxFgxxn_DQ02_Blender_Z1J_551000E9,3,2,26,600,103.0,101.27,99.5,0,6
2,pat61,d1700463P0422006C_RL_B0Fmm00_PB0PCcZNC0909_B64mA1la0R0vxxxxxx_000A07fBIsc_xBCxxxXxxFgxxn_DQ02_Blender_Z1J_551000E9,3,3,27,600,102.0,100.62,99.5,0,8
2,pat61,d1700463P0422006C_RL_B0Fmm00_PB0PCcZNC0909_B64mA1la0R0vxxxxxx_000A07fBIsc_xBCxxxXxxFgxxn_DQ02_Blender_Z1J_551000E9,3,4,28,600,107.0,103.89,100.5,1,9
2,pat61,d1700463P0422006C_RL_B0Fmm00_PB0PCcZNC0909_B64mA1la0R0vxxxxxx_000A07fBIsc_xBCxxxXxxFgxxn_DQ02_Blender_Z1J_551000E9,3,5,29,600,105.0,103.32,101.5,1,0
2,pat61,d1700463P0422006C_RL_B0Fmm00_PB0PCcZNC0909_B64mA1la0R0vxxxxxx_000A07fBIsc_xBCxxxXxxFgxxn_DQ02_Blender_Z1J_551000E9,3,6,30,600,102.5,101.31,100.0,0,6
2,pat61,d1700463P0422006C_RL_B0Fmm00_PB0PCcZNC0909_B64mA1la0R0vxxxxxx_000A07fBIsc_xBCxxxXxxFgxxn_DQ02_Blender_Z1J_551000E9,3,7,31,600,104.0,101.08,99.5,0,8
2,pat62,d1683166P0421051C_RL_B0Fmm00_PB0PCcZNC0909_B64mA1la0R0vxxxxxx_000A07fBIsc_xBCxxxXxxFgxxn_DQ02_Blender_Z1J_55000080,0,0,0,600,108.0,103.5,99.0,1,11
2,pat62,d1683166P0421051C_RL_B0Fmm00_PB0PCcZNC0909_B64mA1la0R0vxxxxxx_000A07fBIsc_xBCxxxXxxFgxxn_DQ02_Blender_Z1J_55000080,0,1,1,600,109.0,103.77,99.5,1,11
2,pat62,d1683166P0421051C_RL_B0Fmm00_PB0PCcZNC0909_B64mA1la0R0vxxxxxx_000A07fBIsc_xBCxxxXxxFgxxn_DQ02_Blender_Z1J_55000080,0,2,2,600,101.5,99.99,98.5,0,14
2,pat62,d1683166P0421051C_RL_B0Fmm00_PB0PCcZNC0909_B64mA1la0R0vxxxxxx_000A07fBIsc_xBCxxxXxxFgxxn_DQ02_Blender_Z1J_55000080,0,3,3,600,100.5,98.79,97.5,0,8
2,pat62,d1683166P0421051C_RL_B0Fmm00_PB0PCcZNC0909_B64mA1la0R0vxxxxxx_000A07fBIsc_xBCxxxXxxFgxxn_DQ02_Blender_Z1J_55000080,0,4,4,600,109.0,103.8,99.5,1,11
2,pat62,d1683166P0421051C_RL_B0Fmm00_PB0PCcZNC0909_B64mA1la0R0vxxxxxx_000A07fBIsc_xBCxxxXxxFgxxn_DQ02_Blender_Z1J_55000080,0,5,5,600,109.0,104.63,100.0,1,2
2,pat62,d1683166P0421051C_RL_B0Fmm00_PB0PCcZNC0909_B64mA1la0R0vxxxxxx_000A07fBIsc_xBCxxxXxxFgxxn_DQ02_Blender_Z1J_55000080,0,6,6,600,102.0,100.1,98.5,0,8
2,pat62,d1683166P0421051C_RL_B0Fmm00_PB0PCcZNC0909_B64mA1la0R0vxxxxxx_000A07fBIsc_xBCxxxXxxFgxxn_DQ02_Blender_Z1J_55000080,0,7,7,600,101.0,99.53,98.0,0,0
2,pat62,d1683166P0421051C_RL_B0Fmm00_PB0PCcZNC0909_B64mA1la0R0vxxxxxx_000A07fBIsc_xBCxxxXxxFgxxn_DQ02_Blender_Z1J_55000080,1,0,8,600,106.0,103.09,100.0,1,9
2,pat62,d1683166P0421051C_RL_B0Fmm00_PB0PCcZNC0909_B64mA1la0R0vxxxxxx_000A07fBIsc_xBCxxxXxxFgxxn_DQ02_Blender_Z1J_55000080,1,1,9,600,105.5,102.88,99.5,0,0
2,pat62,d1683166P0421051C_RL_B0Fmm00_PB0PCcZNC0909_B64mA1la0R0vxxxxxx_000A07fBIsc_xBCxxxXxxFgxxn_DQ02_Blender_Z1J_55000080,1,2,10,600,101.5,100.04,98.5,1,8
2,pat62,d1683166P0421051C_RL_B0Fmm00_PB0PCcZNC0909_B64mA1la0R0vxxxxxx_000A07fBIsc_xBCxxxXxxFgxxn_DQ02_Blender_Z1J_55000080,1,3,11,600,101.5,100.14,98.5,0,8
2,pat62,d1683166P0421051C_RL_B0Fmm00_PB0PCcZNC0909_B64mA1la0R0vxxxxxx_000A07fBIsc_xBCxxxXxxFgxxn_DQ02_Blender_Z1J_55000080,1,4,12,600,106.5,103.37,100.5,1,11
2,pat62,d1683166P0421051C_RL_B0Fmm00_PB0PCcZNC0909_B64mA1la0R0vxxxxxx_000A07fBIsc_xBCxxxXxxFgxxn_DQ02_Blender_Z1J_55000080,1,5,13,600,106.5,103.62,100.0,1,2
2,pat62,d1683166P0421051C_RL_B0Fmm00_PB0PCcZNC0909_B64mA1la0R0vxxxxxx_000A07fBIsc_xBCxxxXxxFgxxn_DQ02_Blender_Z1J_55000080,1,6,14,600,102.0,100.44,97.5,0,1
2,pat62,d1683166P0421051C_RL_B0Fmm00_PB0PCcZNC0909_B64mA1la0R0vxxxxxx_000A07fBIsc_xBCxxxXxxFgxxn_DQ02_Blender_Z1J_55000080,1,7,15,600,102.0,99.77,98.0,0,8
2,pat62,d1683166P0421051C_RL_B0Fmm00_PB0PCcZNC0909_B64mA1la0R0vxxxxxx_000A07fBIsc_xBCxxxXxxFgxxn_DQ02_Blender_Z1J_55000080,2,0,16,600,107.0,104.21,100.5,1,11
2,pat62,d1683166P0421051C_RL_B0Fmm00_PB0PCcZNC0909_B64mA1la0R0vxxxxxx_000A07fBIsc_xBCxxxXxxFgxxn_DQ02_Blender_Z1J_55000080,2,1,17,600,108.5,104.67,100.5,1,11
2,pat62,d1683166P0421051C_RL_B0Fmm00_PB0PCcZNC0909_B64mA1la0R0vxxxxxx_000A07fBIsc_xBCxxxXxxFgxxn_DQ02_Blender_Z1J_55000080,2,2,18,600,102.0,100.3,99.0,1,14
2,pat62,d1683166P0421051C_RL_B0Fmm00_PB0PCcZNC0909_B64mA1la0R0vxxxxxx_000A07fBIsc_xBCxxxXxxFgxxn_DQ02_Blender_Z1J_55000080,2,3,19,600,102.0,100.43,99.0,1,5
2,pat62,d1683166P0421051C_RL_B0Fmm00_PB0PCcZNC0909_B64mA1la0R0vxxxxxx_000A07fBIsc_xBCxxxXxxFgxxn_DQ02_Blender_Z1J_55000080,2,4,20,600,108.5,103.64,100.5,1,11
2,pat62,d1683166P0421051C_RL_B0Fmm00_PB0PCcZNC0909_B64mA1la0R0vxxxxxx_000A07fBIsc_xBCxxxXxxFgxxn_DQ02_Blender_Z1J_55000080,2,5,21,600,107.0,104.12,101.0,1,11
2,pat62,d1683166P0421051C_RL_B0Fmm00_PB0PCcZNC0909_B64mA1la0R0vxxxxxx_000A07fBIsc_xBCxxxXxxFgxxn_DQ02_Blender_Z1J_55000080,2,6,22,600,103.0,100.97,98.5,0,4
2,pat62,d1683166P0421051C_RL_B0Fmm00_PB0PCcZNC0909_B64mA1la0R0vxxxxxx_000A07fBIsc_xBCxxxXxxFgxxn_DQ02_Blender_Z1J_55000080,2,7,23,600,101.5,99.98,98.5,1,6
2,pat62,d1683166P0421051C_RL_B0Fmm00_PB0PCcZNC0909_B64mA1la0R0vxxxxxx_000A07fBIsc_xBCxxxXxxFgxxn_DQ02_Blender_Z1J_55000080,3,0,24,600,105.0,103.02,100.0,1,0
2,pat62,d1683166P0421051C_RL_B0Fmm00_PB0PCcZNC0909_B64mA1la0R0vxxxxxx_000A07fBIsc_xBCxxxXxxFgxxn_DQ02_Blender_Z1J_55000080,3,1,25,600,105.0,102.74,100.5,0,0
2,pat62,d1683166P0421051C_RL_B0Fmm00_PB0PCcZNC0909_B64mA1la0R0vxxxxxx_000A07fBIsc_xBCxxxXxxFgxxn_DQ02_Blender_Z1J_55000080,3,2,26,600,103.0,101.04,99.0,0,8
2,pat62,d1683166P0421051C_RL_B0Fmm00_PB0PCcZNC0909_B64mA1la0R0vxxxxxx_000A07fBIsc_xBCxxxXxxFgxxn_DQ02_Blender_Z1J_55000080,3,3,27,600,102.0,100.53,99.0,0,8
2,pat62,d1683166P0421051C_RL_B0Fmm00_PB0PCcZNC0909_B64mA1la0R0vxxxxxx_000A07fBIsc_xBCxxxXxxFgxxn_DQ02_Blender_Z1J_55000080,3,4,28,600,107.5,103.86,100.0,1,9
2,pat62,d1683166P0421051C_RL_B0Fmm00_PB0PCcZNC0909_B64mA1la0R0vxxxxxx_000A07fBIsc_xBCxxxXxxFgxxn_DQ02_Blender_Z1J_55000080,3,5,29,600,106.5,103.42,101.0,1,0
2,pat62,d1683166P0421051C_RL_B0Fmm00_PB0PCcZNC0909_B64mA1la0R0vxxxxxx_000A07fBIsc_xBCxxxXxxFgxxn_DQ02_Blender_Z1J_55000080,3,6,30,600,105.5,101.09,99.5,0,14
2,pat62,d1683166P0421051C_RL_B0Fmm00_PB0PCcZNC0909_B64mA1la0R0vxxxxxx_000A07fBIsc_xBCxxxXxxFgxxn_DQ02_Blender_Z1J_55000080,3,7,31,600,103.5,100.92,99.5,0,8
2,pat63,d1700474P0422012C_RJ_B0Fmm00_PB0PCcZNC0909_B64mA1la0R0vxxxxxx_000A07fBIsc_xBCxxxXxxFgxxn_DQ02_Blender_Z1J_551000F2,0,0,0,600,107.5,103.28,99.0,1,11
2,pat63,d1700474P0422012C_RJ_B0Fmm00_PB0PCcZNC0909_B64mA1la0R0vxxxxxx_000A07fBIsc_xBCxxxXxxFgxxn_DQ02_Blender_Z1J_551000F2,0,1,1,600,109.0,103.51,99.5,1,11
2,pat63,d1700474P0422012C_RJ_B0Fmm00_PB0PCcZNC0909_B64mA1la0R0vxxxxxx_000A07fBIsc_xBCxxxXxxFgxxn_DQ02_Blender_Z1J_551000F2,0,2,2,600,101.5,100.08,99.0,0,14
2,pat63,d1700474P0422012C_RJ_B0Fmm00_PB0PCcZNC0909_B64mA1la0R0vxxxxxx_000A07fBIsc_xBCxxxXxxFgxxn_DQ02_Blender_Z1J_551000F2,0,3,3,600,100.5,98.97,97.5,1,8
2,pat63,d1700474P0422012C_RJ_B0Fmm00_PB0PCcZNC0909_B64mA1la0R0vxxxxxx_000A07fBIsc_xBCxxxXxxFgxxn_DQ02_Blender_Z1J_551000F2,0,4,4,600,108.5,103.44,100.0,1,11
2,pat63,d1700474P0422012C_RJ_B0Fmm00_PB0PCcZNC0909_B64mA1la0R0vxxxxxx_000A07fBIsc_xBCxxxXxxFgxxn_DQ02_Blender_Z1J_551000F2,0,5,5,600,108.5,104.2,100.0,1,11
2,pat63,d1700474P0422012C_RJ_B0Fmm00_PB0PCcZNC0909_B64mA1la0R0vxxxxxx_000A07fBIsc_xBCxxxXxxFgxxn_DQ02_Blender_Z1J_551000F2,0,6,6,600,102.0,100.12,98.5,0,8
2,pat63,d1700474P0422012C_RJ_B0Fmm00_PB0PCcZNC0909_B64mA1la0R0vxxxxxx_000A07fBIsc_xBCxxxXxxFgxxn_DQ02_Blender_Z1J_551000F2,0,7,7,600,100.5,99.55,98.0,0,6
2,pat63,d1700474P0422012C_RJ_B0Fmm00_PB0PCcZNC0909_B64mA1la0R0vxxxxxx_000A07fBIsc_xBCxxxXxxFgxxn_DQ02_Blender_Z1J_551000F2,1,0,8,600,105.5,102.76,100.0,1,9
2,pat63,d1700474P0422012C_RJ_B0Fmm00_PB0PCcZNC0909_B64mA1la0R0vxxxxxx_000A07fBIsc_xBCxxxXxxFgxxn_DQ02_Blender_Z1J_551000F2,1,1,9,600,105.5,102.72,99.5,0,2
2,pat63,d1700474P0422012C_RJ_B0Fmm00_PB0PCcZNC0909_B64mA1la0R0vxxxxxx_000A07fBIsc_xBCxxxXxxFgxxn_DQ02_Blender_Z1J_551000F2,1,2,10,600,101.5,100.05,98.0,0,8
2,pat63,d1700474P0422012C_RJ_B0Fmm00_PB0PCcZNC0909_B64mA1la0R0vxxxxxx_000A07fBIsc_xBCxxxXxxFgxxn_DQ02_Blender_Z1J_551000F2,1,3,11,600,101.5,100.19,98.5,1,12
2,pat63,d1700474P0422012C_RJ_B0Fmm00_PB0PCcZNC0909_B64mA1la0R0vxxxxxx_000A07fBIsc_xBCxxxXxxFgxxn_DQ02_Blender_Z1J_551000F2,1,4,12,600,106.0,103.09,100.5,0,11
2,pat63,d1700474P0422012C_RJ_B0Fmm00_PB0PCcZNC0909_B64mA1la0R0vxxxxxx_000A07fBIsc_xBCxxxXxxFgxxn_DQ02_Blender_Z1J_551000F2,1,5,13,600,106.5,103.33,100.0,1,2
2,pat63,d1700474P0422012C_RJ_B0Fmm00_PB0PCcZNC0909_B64mA1la0R0vxxxxxx_000A07fBIsc_xBCxxxXxxFgxxn_DQ02_Blender_Z1J_551000F2,1,6,14,600,102.0,100.47,98.5,0,1
2,pat63,d1700474P0422012C_RJ_B0Fmm00_PB0PCcZNC0909_B64mA1la0R0vxxxxxx_000A07fBIsc_xBCxxxXxxFgxxn_DQ02_Blender_Z1J_551000F2,1,7,15,600,102.0,99.76,97.5,0,8
2,pat63,d1700474P0422012C_RJ_B0Fmm00_PB0PCcZNC0909_B64mA1la0R0vxxxxxx_000A07fBIsc_xBCxxxXxxFgxxn_DQ02_Blender_Z1J_551000F2,2,0,16,600,107.0,104.02,100.5,1,11
2,pat63,d1700474P0422012C_RJ_B0Fmm00_PB0PCcZNC0909_B64mA1la0R0vxxxxxx_000A07fBIsc_xBCxxxXxxFgxxn_DQ02_Blender_Z1J_551000F2,2,1,17,600,108.0,104.42,100.5,1,11
2,pat63,d1700474P0422012C_RJ_B0Fmm00_PB0PCcZNC0909_B64mA1la0R0vxxxxxx_000A07fBIsc_xBCxxxXxxFgxxn_DQ02_Blender_Z1J_551000F2,2,2,18,600,102.0,100.46,99.5,0,7
2,pat63,d1700474P0422012C_RJ_B0Fmm00_PB0PCcZNC0909_B64mA1la0R0vxxxxxx_000A07fBIsc_xBCxxxXxxFgxxn_DQ02_Blender_Z1J_551000F2,2,3,19,600,102.0,100.44,99.0,1,9
2,pat63,d1700474P0422012C_RJ_B0Fmm00_PB0PCcZNC0909_B64mA1la0R0vxxxxxx_000A07fBIsc_xBCxxxXxxFgxxn_DQ02_Blender_Z1J_551000F2,2,4,20,600,108.5,103.29,101.0,1,11
2,pat63,d1700474P0422012C_RJ_B0Fmm00_PB0PCcZNC0909_B64mA1la0R0vxxxxxx_000A07fBIsc_xBCxxxXxxFgxxn_DQ02_Blender_Z1J_551000F2,2,5,21,600,106.5,103.87,101.0,1,11
2,pat63,d1700474P0422012C_RJ_B0Fmm00_PB0PCcZNC0909_B64mA1la0R0vxxxxxx_000A07fBIsc_xBCxxxXxxFgxxn_DQ02_Blender_Z1J_551000F2,2,6,22,600,103.0,101.04,99.0,0,4
2,pat63,d1700474P0422012C_RJ_B0Fmm00_PB0PCcZNC0909_B64mA1la0R0vxxxxxx_000A07fBIsc_xBCxxxXxxFgxxn_DQ02_Blender_Z1J_551000F2,2,7,23,600,101.5,100.06,98.5,0,8
2,pat63,d1700474P0422012C_RJ_B0Fmm00_PB0PCcZNC0909_B64mA1la0R0vxxxxxx_000A07fBIsc_xBCxxxXxxFgxxn_DQ02_Blender_Z1J_551000F2,3,0,24,600,105.0,102.86,100.5,1,11
2,pat63,d1700474P0422012C_RJ_B0Fmm00_PB0PCcZNC0909_B64mA1la0R0vxxxxxx_000A07fBIsc_xBCxxxXxxFgxxn_DQ02_Blender_Z1J_551000F2,3,1,25,600,104.5,102.5,100.5,0,11
2,pat63,d1700474P0422012C_RJ_B0Fmm00_PB0PCcZNC0909_B64mA1la0R0vxxxxxx_000A07fBIsc_xBCxxxXxxFgxxn_DQ02_Blender_Z1J_551000F2,3,2,26,600,102.5,101.05,99.5,0,8
2,pat63,d1700474P0422012C_RJ_B0Fmm00_PB0PCcZNC0909_B64mA1la0R0vxxxxxx_000A07fBIsc_xBCxxxXxxFgxxn_DQ02_Blender_Z1J_551000F2,3,3,27,600,102.0,100.6,99.5,0,8
2,pat63,d1700474P0422012C_RJ_B0Fmm00_PB0PCcZNC0909_B64mA1la0R0vxxxxxx_000A07fBIsc_xBCxxxXxxFgxxn_DQ02_Blender_Z1J_551000F2,3,4,28,600,107.5,103.65,100.5,1,11
2,pat63,d1700474P0422012C_RJ_B0Fmm00_PB0PCcZNC0909_B64mA1la0R0vxxxxxx_000A07fBIsc_xBCxxxXxxFgxxn_DQ02_Blender_Z1J_551000F2,3,5,29,600,105.5,103.25,101.0,1,11
2,pat63,d1700474P0422012C_RJ_B0Fmm00_PB0PCcZNC0909_B64mA1la0R0vxxxxxx_000A07fBIsc_xBCxxxXxxFgxxn_DQ02_Blender_Z1J_551000F2,3,6,30,600,102.5,101.15,99.5,0,6
2,pat63,d1700474P0422012C_RJ_B0Fmm00_PB0PCcZNC0909_B64mA1la0R0vxxxxxx_000A07fBIsc_xBCxxxXxxFgxxn_DQ02_Blender_Z1J_551000F2,3,7,31,600,103.5,101.03,99.5,0,8
2,pat64,d1682996P0420907C_RG_B0Fmm00_PB0PCcZNC0909_B64mA1la0R0vxxxxxx_000A07fBIsc_xBCxxxXxxFgxxn_DQ02_Blender_A1J_550000E6,0,0,0,600,107.5,103.16,99.0,1,11
2,pat64,d1682996P0420907C_RG_B0Fmm00_PB0PCcZNC0909_B64mA1la0R0vxxxxxx_000A07fBIsc_xBCxxxXxxFgxxn_DQ02_Blender_A1J_550000E6,0,1,1,600,108.0,103.3,99.5,1,11
2,pat64,d1682996P0420907C_RG_B0Fmm00_PB0PCcZNC0909_B64mA1la0R0vxxxxxx_000A07fBIsc_xBCxxxXxxFgxxn_DQ02_Blender_A1J_550000E6,0,2,2,600,101.5,99.99,99.0,0,14
2,pat64,d1682996P0420907C_RG_B0Fmm00_PB0PCcZNC0909_B64mA1la0R0vxxxxxx_000A07fBIsc_xBCxxxXxxFgxxn_DQ02_Blender_A1J_550000E6,0,3,3,600,100.5,98.88,97.5,0,8
2,pat64,d1682996P0420907C_RG_B0Fmm00_PB0PCcZNC0909_B64mA1la0R0vxxxxxx_000A07fBIsc_xBCxxxXxxFgxxn_DQ02_Blender_A1J_550000E6,0,4,4,600,108.5,103.27,99.5,1,11
2,pat64,d1682996P0420907C_RG_B0Fmm00_PB0PCcZNC0909_B64mA1la0R0vxxxxxx_000A07fBIsc_xBCxxxXxxFgxxn_DQ02_Blender_A1J_550000E6,0,5,5,600,108.0,103.99,100.0,1,2
2,pat64,d1682996P0420907C_RG_B0Fmm00_PB0PCcZNC0909_B64mA1la0R0vxxxxxx_000A07fBIsc_xBCxxxXxxFgxxn_DQ02_Blender_A1J_550000E6,0,6,6,600,101.5,99.98,98.5,1,2
2,pat64,d1682996P0420907C_RG_B0Fmm00_PB0PCcZNC0909_B64mA1la0R0vxxxxxx_000A07fBIsc_xBCxxxXxxFgxxn_DQ02_Blender_A1J_550000E6,0,7,7,600,100.5,99.45,98.0,0,6
2,pat64,d1682996P0420907C_RG_B0Fmm00_PB0PCcZNC0909_B64mA1la0R0vxxxxxx_000A07fBIsc_xBCxxxXxxFgxxn_DQ02_Blender_A1J_550000E6,1,0,8,600,105.5,102.54,99.5,1,11
2,pat64,d1682996P0420907C_RG_B0Fmm00_PB0PCcZNC0909_B64mA1la0R0vxxxxxx_000A07fBIsc_xBCxxxXxxFgxxn_DQ02_Blender_A1J_550000E6,1,1,9,600,105.5,102.55,99.5,0,2
2,pat64,d1682996P0420907C_RG_B0Fmm00_PB0PCcZNC0909_B64mA1la0R0vxxxxxx_000A07fBIsc_xBCxxxXxxFgxxn_DQ02_Blender_A1J_550000E6,1,2,10,600,101.0,99.93,98.0,0,13
2,pat64,d1682996P0420907C_RG_B0Fmm00_PB0PCcZNC0909_B64mA1la0R0vxxxxxx_000A07fBIsc_xBCxxxXxxFgxxn_DQ02_Blender_A1J_550000E6,1,3,11,600,101.5,100.12,98.5,0,8
2,pat64,d1682996P0420907C_RG_B0Fmm00_PB0PCcZNC0909_B64mA1la0R0vxxxxxx_000A07fBIsc_xBCxxxXxxFgxxn_DQ02_Blender_A1J_550000E6,1,4,12,600,106.0,102.83,100.5,1,11
2,pat64,d1682996P0420907C_RG_B0Fmm00_PB0PCcZNC0909_B64mA1la0R0vxxxxxx_000A07fBIsc_xBCxxxXxxFgxxn_DQ02_Blender_A1J_550000E6,1,5,13,600,106.0,103.05,100.0,1,2
2,pat64,d1682996P0420907C_RG_B0Fmm00_PB0PCcZNC0909_B64mA1la0R0vxxxxxx_000A07fBIsc_xBCxxxXxxFgxxn_DQ02_Blender_A1J_550000E6,1,6,14,600,102.0,100.5,98.5,0,1
2,pat64,d1682996P0420907C_RG_B0Fmm00_PB0PCcZNC0909_B64mA1la0R0vxxxxxx_000A07fBIsc_xBCxxxXxxFgxxn_DQ02_Blender_A1J_550000E6,1,7,15,600,102.0,99.67,97.5,0,8
2,pat64,d1682996P0420907C_RG_B0Fmm00_PB0PCcZNC0909_B64mA1la0R0vxxxxxx_000A07fBIsc_xBCxxxXxxFgxxn_DQ02_Blender_A1J_550000E6,2,0,16,600,107.0,103.87,100.5,1,11
2,pat64,d1682996P0420907C_RG_B0Fmm00_PB0PCcZNC0909_B64mA1la0R0vxxxxxx_000A07fBIsc_xBCxxxXxxFgxxn_DQ02_Blender_A1J_550000E6,2,1,17,600,108.0,104.23,100.5,1,2
2,pat64,d1682996P0420907C_RG_B0Fmm00_PB0PCcZNC0909_B64mA1la0R0vxxxxxx_000A07fBIsc_xBCxxxXxxFgxxn_DQ02_Blender_A1J_550000E6,2,2,18,600,102.0,100.34,99.0,1,14
2,pat64,d1682996P0420907C_RG_B0Fmm00_PB0PCcZNC0909_B64mA1la0R0vxxxxxx_000A07fBIsc_xBCxxxXxxFgxxn_DQ02_Blender_A1J_550000E6,2,3,19,600,102.0,100.35,98.5,1,9
2,pat64,d1682996P0420907C_RG_B0Fmm00_PB0PCcZNC0909_B64mA1la0R0vxxxxxx_000A07fBIsc_xBCxxxXxxFgxxn_DQ02_Blender_A1J_550000E6,2,4,20,600,107.5,103.02,100.5,1,11
2,pat64,d1682996P0420907C_RG_B0Fmm00_PB0PCcZNC0909_B64mA1la0R0vxxxxxx_000A07fBIsc_xBCxxxXxxFgxxn_DQ02_Blender_A1J_550000E6,2,5,21,600,107.0,103.79,101.0,1,11
2,pat64,d1682996P0420907C_RG_B0Fmm00_PB0PCcZNC0909_B64mA1la0R0vxxxxxx_000A07fBIsc_xBCxxxXxxFgxxn_DQ02_Blender_A1J_550000E6,2,6,22,600,103.5,100.94,99.0,0,4
2,pat64,d1682996P0420907C_RG_B0Fmm00_PB0PCcZNC0909_B64mA1la0R0vxxxxxx_000A07fBIsc_xBCxxxXxxFgxxn_DQ02_Blender_A1J_550000E6,2,7,23,600,101.5,99.96,98.5,1,9
2,pat64,d1682996P0420907C_RG_B0Fmm00_PB0PCcZNC0909_B64mA1la0R0vxxxxxx_000A07fBIsc_xBCxxxXxxFgxxn_DQ02_Blender_A1J_550000E6,3,0,24,600,104.5,102.65,100.0,1,2
2,pat64,d1682996P0420907C_RG_B0Fmm00_PB0PCcZNC0909_B64mA1la0R0vxxxxxx_000A07fBIsc_xBCxxxXxxFgxxn_DQ02_Blender_A1J_550000E6,3,1,25,600,104.5,102.37,100.5,1,11
2,pat64,d1682996P0420907C_RG_B0Fmm00_PB0PCcZNC0909_B64mA1la0R0vxxxxxx_000A07fBIsc_xBCxxxXxxFgxxn_DQ02_Blender_A1J_550000E6,3,2,26,600,102.5,100.94,99.0,0,6
2,pat64,d1682996P0420907C_RG_B0Fmm00_PB0PCcZNC0909_B64mA1la0R0vxxxxxx_000A07fBIsc_xBCxxxXxxFgxxn_DQ02_Blender_A1J_550000E6,3,3,27,600,102.0,100.54,98.5,0,8
2,pat64,d1682996P0420907C_RG_B0Fmm00_PB0PCcZNC0909_B64mA1la0R0vxxxxxx_000A07fBIsc_xBCxxxXxxFgxxn_DQ02_Blender_A1J_550000E6,3,4,28,600,107.5,103.37,100.0,1,11
2,pat64,d1682996P0420907C_RG_B0Fmm00_PB0PCcZNC0909_B64mA1la0R0vxxxxxx_000A07fBIsc_xBCxxxXxxFgxxn_DQ02_Blender_A1J_550000E6,3,5,29,600,105.0,103.09,101.0,1,11
2,pat64,d1682996P0420907C_RG_B0Fmm00_PB0PCcZNC0909_B64mA1la0R0vxxxxxx_000A07fBIsc_xBCxxxXxxFgxxn_DQ02_Blender_A1J_550000E6,3,6,30,600,102.5,101.07,99.5,0,6
2,pat64,d1682996P0420907C_RG_B0Fmm00_PB0PCcZNC0909_B64mA1la0R0vxxxxxx_000A07fBIsc_xBCxxxXxxFgxxn_DQ02_Blender_A1J_550000E6,3,7,31,600,103.5,100.97,99.5,0,8
2,pat65,d1700377P0421806C_RL_B0Fmm00_PB0PCcZNC0909_B64mA1la0R0vxxxxxx_000A07fBIsc_xBCxxxXxxFgxxn_DQ02_Blender_A1J_551000D6,0,0,0,600,109.5,105.23,100.0,1,2
2,pat65,d1700377P0421806C_RL_B0Fmm00_PB0PCcZNC0909_B64mA1la0R0vxxxxxx_000A07fBIsc_xBCxxxXxxFgxxn_DQ02_Blender_A1J_551000D6,0,1,1,600,110.5,105.62,101.0,1,2
2,pat65,d1700377P0421806C_RL_B0Fmm00_PB0PCcZNC0909_B64mA1la0R0vxxxxxx_000A07fBIsc_xBCxxxXxxFgxxn_DQ02_Blender_A1J_551000D6,0,2,2,600,102.5,100.67,99.5,0,14
2,pat65,d1700377P0421806C_RL_B0Fmm00_PB0PCcZNC0909_B64mA1la0R0vxxxxxx_000A07fBIsc_xBCxxxXxxFgxxn_DQ02_Blender_A1J_551000D6,0,3,3,600,101.0,99.24,97.5,0,8
2,pat65,d1700377P0421806C_RL_B0Fmm00_PB0PCcZNC0909_B64mA1la0R0vxxxxxx_000A07fBIsc_xBCxxxXxxFgxxn_DQ02_Blender_A1J_551000D6,0,4,4,600,111.0,105.54,101.5,1,11
2,pat65,d1700377P0421806C_RL_B0Fmm00_PB0PCcZNC0909_B64mA1la0R0vxxxxxx_000A07fBIsc_xBCxxxXxxFgxxn_DQ02_Blender_A1J_551000D6,0,5,5,600,111.0,106.56,102.5,1,2
2,pat65,d1700377P0421806C_RL_B0Fmm00_PB0PCcZNC0909_B64mA1la0R0vxxxxxx_000A07fBIsc_xBCxxxXxxFgxxn_DQ02_Blender_A1J_551000D6,0,6,6,600,102.5,100.72,99.0,0,8
2,pat65,d1700377P0421806C_RL_B0Fmm00_PB0PCcZNC0909_B64mA1la0R0vxxxxxx_000A07fBIsc_xBCxxxXxxFgxxn_DQ02_Blender_A1J_551000D6,0,7,7,600,101.5,99.98,98.5,0,6
2,pat65,d1700377P0421806C_RL_B0Fmm00_PB0PCcZNC0909_B64mA1la0R0vxxxxxx_000A07fBIsc_xBCxxxXxxFgxxn_DQ02_Blender_A1J_551000D6,1,0,8,600,108.0,105.06,101.5,1,9
2,pat65,d1700377P0421806C_RL_B0Fmm00_PB0PCcZNC0909_B64mA1la0R0vxxxxxx_000A07fBIsc_xBCxxxXxxFgxxn_DQ02_Blender_A1J_551000D6,1,1,9,600,107.0,104.52,101.5,0,6
2,pat65,d1700377P0421806C_RL_B0Fmm00_PB0PCcZNC0909_B64mA1la0R0vxxxxxx_000A07fBIsc_xBCxxxXxxFgxxn_DQ02_Blender_A1J_551000D6,1,2,10,600,102.0,100.74,99.0,0,8
2,pat65,d1700377P0421806C_RL_B0Fmm00_PB0PCcZNC0909_B64mA1la0R0vxxxxxx_000A07fBIsc_xBCxxxXxxFgxxn_DQ02_Blender_A1J_551000D6,1,3,11,600,101.5,100.63,99.0,0,8
2,pat65,d1700377P0421806C_RL_B0Fmm00_PB0PCcZNC0909_B64mA1la0R0vxxxxxx_000A07fBIsc_xBCxxxXxxFgxxn_DQ02_Blender_A1J_551000D6,1,4,12,600,108.5,104.93,101.5,1,11
2,pat65,d1700377P0421806C_RL_B0Fmm00_PB0PCcZNC0909_B64mA1la0R0vxxxxxx_000A07fBIsc_xBCxxxXxxFgxxn_DQ02_Blender_A1J_551000D6,1,5,13,600,108.5,105.25,101.0,1,2
2,pat65,d1700377P0421806C_RL_B0Fmm00_PB0PCcZNC0909_B64mA1la0R0vxxxxxx_000A07fBIsc_xBCxxxXxxFgxxn_DQ02_Blender_A1J_551000D6,1,6,14,600,103.5,101.31,99.0,0,8
2,pat65,d1700377P0421806C_RL_B0Fmm00_PB0PCcZNC0909_B64mA1la0R0vxxxxxx_000A07fBIsc_xBCxxxXxxFgxxn_DQ02_Blender_A1J_551000D6,1,7,15,600,102.5,100.15,98.0,0,8
2,pat65,d1700377P0421806C_RL_B0Fmm00_PB0PCcZNC0909_B64mA1la0R0vxxxxxx_000A07fBIsc_xBCxxxXxxFgxxn_DQ02_Blender_A1J_551000D6,2,0,16,600,108.5,105.95,102.0,1,11
2,pat65,d1700377P0421806C_RL_B0Fmm00_PB0PCcZNC0909_B64mA1la0R0vxxxxxx_000A07fBIsc_xBCxxxXxxFgxxn_DQ02_Blender_A1J_551000D6,2,1,17,600,110.0,106.38,103.0,1,2
2,pat65,d1700377P0421806C_RL_B0Fmm00_PB0PCcZNC0909_B64mA1la0R0vxxxxxx_000A07fBIsc_xBCxxxXxxFgxxn_DQ02_Blender_A1J_551000D6,2,2,18,600,103.0,101.3,100.0,1,14
2,pat65,d1700377P0421806C_RL_B0Fmm00_PB0PCcZNC0909_B64mA1la0R0vxxxxxx_000A07fBIsc_xBCxxxXxxFgxxn_DQ02_Blender_A1J_551000D6,2,3,19,600,102.5,100.92,99.0,1,4
2,pat65,d1700377P0421806C_RL_B0Fmm00_PB0PCcZNC0909_B64mA1la0R0vxxxxxx_000A07fBIsc_xBCxxxXxxFgxxn_DQ02_Blender_A1J_551000D6,2,4,20,600,110.0,104.72,101.5,1,11
2,pat65,d1700377P0421806C_RL_B0Fmm00_PB0PCcZNC0909_B64mA1la0R0vxxxxxx_000A07fBIsc_xBCxxxXxxFgxxn_DQ02_Blender_A1J_551000D6,2,5,21,600,108.0,105.35,102.5,1,2
2,pat65,d1700377P0421806C_RL_B0Fmm00_PB0PCcZNC0909_B64mA1la0R0vxxxxxx_000A07fBIsc_xBCxxxXxxFgxxn_DQ02_Blender_A1J_551000D6,2,6,22,600,104.0,101.63,99.0,0,8
2,pat65,d1700377P0421806C_RL_B0Fmm00_PB0PCcZNC0909_B64mA1la0R0vxxxxxx_000A07fBIsc_xBCxxxXxxFgxxn_DQ02_Blender_A1J_551000D6,2,7,23,600,102.0,100.51,98.5,0,8
2,pat65,d1700377P0421806C_RL_B0Fmm00_PB0PCcZNC0909_B64mA1la0R0vxxxxxx_000A07fBIsc_xBCxxxXxxFgxxn_DQ02_Blender_A1J_551000D6,3,0,24,600,106.0,104.09,101.5,0,9
2,pat65,d1700377P0421806C_RL_B0Fmm00_PB0PCcZNC0909_B64mA1la0R0vxxxxxx_000A07fBIsc_xBCxxxXxxFgxxn_DQ02_Blender_A1J_551000D6,3,1,25,600,105.5,103.58,101.5,0,9
2,pat65,d1700377P0421806C_RL_B0Fmm00_PB0PCcZNC0909_B64mA1la0R0vxxxxxx_000A07fBIsc_xBCxxxXxxFgxxn_DQ02_Blender_A1J_551000D6,3,2,26,600,103.0,101.71,99.5,0,8
2,pat65,d1700377P0421806C_RL_B0Fmm00_PB0PCcZNC0909_B64mA1la0R0vxxxxxx_000A07fBIsc_xBCxxxXxxFgxxn_DQ02_Blender_A1J_551000D6,3,3,27,600,103.0,100.95,99.5,0,8
2,pat65,d1700377P0421806C_RL_B0Fmm00_PB0PCcZNC0909_B64mA1la0R0vxxxxxx_000A07fBIsc_xBCxxxXxxFgxxn_DQ02_Blender_A1J_551000D6,3,4,28,600,109.5,105.58,101.0,1,2
2,pat65,d1700377P0421806C_RL_B0Fmm00_PB0PCcZNC0909_B64mA1la0R0vxxxxxx_000A07fBIsc_xBCxxxXxxFgxxn_DQ02_Blender_A1J_551000D6,3,5,29,600,107.0,104.53,102.0,1,0
2,pat65,d1700377P0421806C_RL_B0Fmm00_PB0PCcZNC0909_B64mA1la0R0vxxxxxx_000A07fBIsc_xBCxxxXxxFgxxn_DQ02_Blender_A1J_551000D6,3,6,30,600,103.0,101.66,99.5,0,8
2,pat65,d1700377P0421806C_RL_B0Fmm00_PB0PCcZNC0909_B64mA1la0R0vxxxxxx_000A07fBIsc_xBCxxxXxxFgxxn_DQ02_Blender_A1J_551000D6,3,7,31,600,104.5,101.5,99.5,0,8
2,pat66,d1684470P0421550C_RL_B0Fmm00_PB0PCcZNC0909_B64mA1la0R0vxxxxxx_000A07fBIsc_xBCxxxXxxFgxxn_DQ02_LeekSpin_Y_550002A3,0,0,0,600,107.0,102.91,98.5,1,11
2,pat66,d1684470P0421550C_RL_B0Fmm00_PB0PCcZNC0909_B64mA1la0R0vxxxxxx_000A07fBIsc_xBCxxxXxxFgxxn_DQ02_LeekSpin_Y_550002A3,0,1,1,600,107.5,103.02,98.5,1,2
2,pat66,d1684470P0421550C_RL_B0Fmm00_PB0PCcZNC0909_B64mA1la0R0vxxxxxx_000A07fBIsc_xBCxxxXxxFgxxn_DQ02_LeekSpin_Y_550002A3,0,2,2,600,101.5,99.79,98.5,0,14
2,pat66,d1684470P0421550C_RL_B0Fmm00_PB0PCcZNC0909_B64mA1la0R0vxxxxxx_000A07fBIsc_xBCxxxXxxFgxxn_DQ02_LeekSpin_Y_550002A3,0,3,3,600,100.0,98.51,97.0,0,10
2,pat66,d1684470P0421550C_RL_B0Fmm00_PB0PCcZNC0909_B64mA1la0R0vxxxxxx_000A07fBIsc_xBCxxxXxxFgxxn_DQ02_LeekSpin_Y_550002A3,0,4,4,600,108.5,103.11,99.0,1,11
2,pat66,d1684470P0421550C_RL_B0Fmm00_PB0PCcZNC0909_B64mA1la0R0vxxxxxx_000A07fBIsc_xBCxxxXxxFgxxn_DQ02_LeekSpin_Y_550002A3,0,5,5,600,108.0,103.85,99.5,1,2
2,pat66,d1684470P0421550C_RL_B0Fmm00_PB0PCcZNC0909_B64mA1la0R0vxxxxxx_000A07fBIsc_xBCxxxXxxFgxxn_DQ02_LeekSpin_Y_550002A3,0,6,6,600,101.5,99.77,98.5,1,2
2,pat66,d1684470P0421550C_RL_B0Fmm00_PB0PCcZNC0909_B64mA1la0R0vxxxxxx_000A07fBIsc_xBCxxxXxxFgxxn_DQ02_LeekSpin_Y_550002A3,0,7,7,600,100.5,99.14,97.5,0,0
2,pat66,d1684470P0421550C_RL_B0Fmm00_PB0PCcZNC0909_B64mA1la0R0vxxxxxx_000A07fBIsc_xBCxxxXxxFgxxn_DQ02_LeekSpin_Y_550002A3,1,0,8,600,105.5,102.52,99.5,1,11
2,pat66,d1684470P0421550C_RL_B0Fmm00_PB0PCcZNC0909_B64mA1la0R0vxxxxxx_000A07fBIsc_xBCxxxXxxFgxxn_DQ02_LeekSpin_Y_550002A3,1,1,9,600,105.0,102.38,99.5,0,2
2,pat66,d1684470P0421550C_RL_B0Fmm00_PB0PCcZNC0909_B64mA1la0R0vxxxxxx_000A07fBIsc_xBCxxxXxxFgxxn_DQ02_LeekSpin_Y_550002A3,1,2,10,600,101.5,99.74,98.0,1,8
2,pat66,d1684470P0421550C_RL_B0Fmm00_PB0PCcZNC0909_B64mA1la0R0vxxxxxx_000A07fBIsc_xBCxxxXxxFgxxn_DQ02_LeekSpin_Y_550002A3,1,3,11,600,101.5,99.87,98.5,0,8
2,pat66,d1684470P0421550C_RL_B0Fmm00_PB0PCcZNC0909_B64mA1la0R0vxxxxxx_000A07fBIsc_xBCxxxXxxFgxxn_DQ02_LeekSpin_Y_550002A3,1,4,12,600,106.0,102.83,100.0,0,11
2,pat66,d1684470P0421550C_RL_B0Fmm00_PB0PCcZNC0909_B64mA1la0R0vxxxxxx_000A07fBIsc_xBCxxxXxxFgxxn_DQ02_LeekSpin_Y_550002A3,1,5,13,600,106.0,102.91,100.0,1,2
2,pat66,d1684470P0421550C_RL_B0Fmm00_PB0PCcZNC0909_B64mA1la0R0vxxxxxx_000A07fBIsc_xBCxxxXxxFgxxn_DQ02_LeekSpin_Y_550002A3,1,6,14,600,102.0,100.2,97.5,0,1
2,pat66,d1684470P0421550C_RL_B0Fmm00_PB0PCcZNC0909_B64mA1la0R0vxxxxxx_000A07fBIsc_xBCxxxXxxFgxxn_DQ02_LeekSpin_Y_550002A3,1,7,15,600,101.5,99.43,97.0,0,8
2,pat66,d1684470P0421550C_RL_B0Fmm00_PB0PCcZNC0909_B64mA1la0R0vxxxxxx_000A07fBIsc_xBCxxxXxxFgxxn_DQ02_LeekSpin_Y_550002A3,2,0,16,600,107.0,103.79,100.5,1,11
2,pat66,d1684470P0421550C_RL_B0Fmm00_PB0PCcZNC0909_B64mA1la0R0vxxxxxx_000A07fBIsc_xBCxxxXxxFgxxn_DQ02_LeekSpin_Y_550002A3,2,1,17,600,108.5,104.1,100.5,1,2
2,pat66,d1684470P0421550C_RL_B0Fmm00_PB0PCcZNC0909_B64mA1la0R0vxxxxxx_000A07fBIsc_xBCxxxXxxFgxxn_DQ02_LeekSpin_Y_550002A3,2,2,18,600,102.5,100.23,98.5,1,14
2,pat66,d1684470P0421550C_RL_B0Fmm00_PB0PCcZNC0909_B64mA1la0R0vxxxxxx_000A07fBIsc_xBCxxxXxxFgxxn_DQ02_LeekSpin_Y_550002A3,2,3,19,600,102.0,100.2,98.5,1,9
2,pat66,d1684470P0421550C_RL_B0Fmm00_PB0PCcZNC0909_B64mA1la0R0vxxxxxx_000A07fBIsc_xBCxxxXxxFgxxn_DQ02_LeekSpin_Y_550002A3,2,4,20,600,108.0,102.97,100.0,1,11
2,pat66,d1684470P0421550C_RL_B0Fmm00_PB0PCcZNC0909_B64mA1la0R0vxxxxxx_000A07fBIsc_xBCxxxXxxFgxxn_DQ02_LeekSpin_Y_550002A3,2,5,21,600,106.5,103.61,100.5,1,11
2,pat66,d1684470P0421550C_RL_B0Fmm00_PB0PCcZNC0909_B64mA1la0R0vxxxxxx_000A07fBIsc_xBCxxxXxxFgxxn_DQ02_LeekSpin_Y_550002A3,2,6,22,600,103.5,100.77,98.5,0,8
2,pat66,d1684470P0421550C_RL_B0Fmm00_PB0PCcZNC0909_B64mA1la0R0vxxxxxx_000A07fBIsc_xBCxxxXxxFgxxn_DQ02_LeekSpin_Y_550002A3,2,7,23,600,101.0,99.8,98.0,0,8
2,pat66,d1684470P0421550C_RL_B0Fmm00_PB0PCcZNC0909_B64mA1la0R0vxxxxxx_000A07fBIsc_xBCxxxXxxFgxxn_DQ02_LeekSpin_Y_550002A3,3,0,24,600,104.5,102.62,100.0,0,11
2,pat66,d1684470P0421550C_RL_B0Fmm00_PB0PCcZNC0909_B64mA1la0R0vxxxxxx_000A07fBIsc_xBCxxxXxxFgxxn_DQ02_LeekSpin_Y_550002A3,3,1,25,600,104.0,102.34,100.5,0,0
2,pat66,d1684470P0421550C_RL_B0Fmm00_PB0PCcZNC0909_B64mA1la0R0vxxxxxx_000A07fBIsc_xBCxxxXxxFgxxn_DQ02_LeekSpin_Y_550002A3,3,2,26,600,103.0,100.81,99.0,0,8
2,pat66,d1684470P0421550C_RL_B0Fmm00_PB0PCcZNC0909_B64mA1la0R0vxxxxxx_000A07fBIsc_xBCxxxXxxFgxxn_DQ02_LeekSpin_Y_550002A3,3,3,27,600,102.0,100.41,99.0,0,8
2,pat66,d1684470P0421550C_RL_B0Fmm00_PB0PCcZNC0909_B64mA1la0R0vxxxxxx_000A07fBIsc_xBCxxxXxxFgxxn_DQ02_LeekSpin_Y_550002A3,3,4,28,600,107.5,103.43,100.0,1,11
2,pat66,d1684470P0421550C_RL_B0Fmm00_PB0PCcZNC0909_B64mA1la0R0vxxxxxx_000A07fBIsc_xBCxxxXxxFgxxn_DQ02_LeekSpin_Y_550002A3,3,5,29,600,105.0,102.96,101.0,1,0
2,pat66,d1684470P0421550C_RL_B0Fmm00_PB0PCcZNC0909_B64mA1la0R0vxxxxxx_000A07fBIsc_xBCxxxXxxFgxxn_DQ02_LeekSpin_Y_550002A3,3,6,30,600,102.0,100.91,99.0,0,5
2,pat66,d1684470P0421550C_RL_B0Fmm00_PB0PCcZNC0909_B64mA1la0R0vxxxxxx_000A07fBIsc_xBCxxxXxxFgxxn_DQ02_LeekSpin_Y_550002A3,3,7,31,600,103.5,100.94,99.5,0,8
2,pat67,d1683890P0421315C_RL_B0Fmm00_PB0PCcZNC0909_B64mA1la0R0vxxxxxx_000A07fBIsc_xBCxxxXxxFgxxn_DQ02_FRM_DivSZ_55000237,0,0,0,600,108.5,103.56,98.5,1,11
2,pat67,d1683890P0421315C_RL_B0Fmm00_PB0PCcZNC0909_B64mA1la0R0vxxxxxx_000A07fBIsc_xBCxxxXxxFgxxn_DQ02_FRM_DivSZ_55000237,0,1,1,600,109.5,103.99,100.0,1,2
2,pat67,d1683890P0421315C_RL_B0Fmm00_PB0PCcZNC0909_B64mA1la0R0vxxxxxx_000A07fBIsc_xBCxxxXxxFgxxn_DQ02_FRM_DivSZ_55000237,0,2,2,600,102.0,100.18,99.0,0,14
2,pat67,d1683890P0421315C_RL_B0Fmm00_PB0PCcZNC0909_B64mA1la0R0vxxxxxx_000A07fBIsc_xBCxxxXxxFgxxn_DQ02_FRM_DivSZ_55000237,0,3,3,600,100.5,98.86,97.5,0,8
2,pat67,d1683890P0421315C_RL_B0Fmm00_PB0PCcZNC0909_B64mA1la0R0vxxxxxx_000A07fBIsc_xBCxxxXxxFgxxn_DQ02_FRM_DivSZ_55000237,0,4,4,600,109.5,103.74,100.0,1,11
2,pat67,d1683890P0421315C_RL_B0Fmm00_PB0PCcZNC0909_B64mA1la0R0vxxxxxx_000A07fBIsc_xBCxxxXxxFgxxn_DQ02_FRM_DivSZ_55000237,0,5,5,600,110.0,104.55,100.5,1,11
2,pat67,d1683890P0421315C_RL_B0Fmm00_PB0PCcZNC0909_B64mA1la0R0vxxxxxx_000A07fBIsc_xBCxxxXxxFgxxn_DQ02_FRM_DivSZ_55000237,0,6,6,600,101.5,100.13,98.5,1,2
2,pat67,d1683890P0421315C_RL_B0Fmm00_PB0PCcZNC0909_B64mA1la0R0vxxxxxx_000A07fBIsc_xBCxxxXxxFgxxn_DQ02_FRM_DivSZ_55000237,0,7,7,600,101.0,99.68,98.0,0,11
2,pat67,d1683890P0421315C_RL_B0Fmm00_PB0PCcZNC0909_B64mA1la0R0vxxxxxx_000A07fBIsc_xBCxxxXxxFgxxn_DQ02_FRM_DivSZ_55000237,1,0,8,600,106.0,103.08,99.5,1,9
2,pat67,d1683890P0421315C_RL_B0Fmm00_PB0PCcZNC0909_B64mA1la0R0vxxxxxx_000A07fBIsc_xBCxxxXxxFgxxn_DQ02_FRM_DivSZ_55000237,1,1,9,600,105.5,102.89,99.5,0,11
2,pat67,d1683890P0421315C_RL_B0Fmm00_PB0PCcZNC0909_B64mA1la0R0vxxxxxx_000A07fBIsc_xBCxxxXxxFgxxn_DQ02_FRM_DivSZ_55000237,1,2,10,600,101.5,100.01,98.5,0,8
2,pat67,d1683890P0421315C_RL_B0Fmm00_PB0PCcZNC0909_B64mA1la0R0vxxxxxx_000A07fBIsc_xBCxxxXxxFgxxn_DQ02_FRM_DivSZ_55000237,1,3,11,600,101.5,100.2,98.5,0,8
2,pat67,d1683890P0421315C_RL_B0Fmm00_PB0PCcZNC0909_B64mA1la0R0vxxxxxx_000A07fBIsc_xBCxxxXxxFgxxn_DQ02_FRM_DivSZ_55000237,1,4,12,600,106.5,103.29,100.5,1,11
2,pat67,d1683890P0421315C_RL_B0Fmm00_PB0PCcZNC0909_B64mA1la0R0vxxxxxx_000A07fBIsc_xBCxxxXxxFgxxn_DQ02_FRM_DivSZ_55000237,1,5,13,600,107.0,103.43,100.0,1,11
2,pat67,d1683890P0421315C_RL_B0Fmm00_PB0PCcZNC0909_B64mA1la0R0vxxxxxx_000A07fBIsc_xBCxxxXxxFgxxn_DQ02_FRM_DivSZ_55000237,1,6,14,600,102.0,100.48,98.5,0,8
2,pat67,d1683890P0421315C_RL_B0Fmm00_PB0PCcZNC0909_B64mA1la0R0vxxxxxx_000A07fBIsc_xBCxxxXxxFgxxn_DQ02_FRM_DivSZ_55000237,1,7,15,600,102.5,99.78,97.5,0,8
2,pat67,d1683890P0421315C_RL_B0Fmm00_PB0PCcZNC0909_B64mA1la0R0vxxxxxx_000A07fBIsc_xBCxxxXxxFgxxn_DQ02_FRM_DivSZ_55000237,2,0,16,600,107.5,104.33,100.5,1,11
2,pat67,d1683890P0421315C_RL_B0Fmm00_PB0PCcZNC0909_B64mA1la0R0vxxxxxx_000A07fBIsc_xBCxxxXxxFgxxn_DQ02_FRM_DivSZ_55000237,2,1,17,600,108.5,104.53,100.5,1,11
2,pat67,d1683890P0421315C_RL_B0Fmm00_PB0PCcZNC0909_B64mA1la0R0vxxxxxx_000A07fBIsc_xBCxxxXxxFgxxn_DQ02_FRM_DivSZ_55000237,2,2,18,600,102.0,100.49,99.0,0,7
2,pat67,d1683890P0421315C_RL_B0Fmm00_PB0PCcZNC0909_B64mA1la0R0vxxxxxx_000A07fBIsc_xBCxxxXxxFgxxn_DQ02_FRM_DivSZ_55000237,2,3,19,600,102.0,100.5,99.0,1,9
2,pat67,d1683890P0421315C_RL_B0Fmm00_PB0PCcZNC0909_B64mA1la0R0vxxxxxx_000A07fBIsc_xBCxxxXxxFgxxn_DQ02_FRM_DivSZ_55000237,2,4,20,600,108.5,103.38,100.5,1,11
2,pat67,d1683890P0421315C_RL_B0Fmm00_PB0PCcZNC0909_B64mA1la0R0vxxxxxx_000A07fBIsc_xBCxxxXxxFgxxn_DQ02_FRM_DivSZ_55000237,2,5,21,600,107.0,104.06,101.0,1,11
2,pat67,d1683890P0421315C_RL_B0Fmm00_PB0PCcZNC0909_B64mA1la0R0vxxxxxx_000A07fBIsc_xBCxxxXxxFgxxn_DQ02_FRM_DivSZ_55000237,2,6,22,600,103.0,100.99,99.0,0,8
2,pat67,d1683890P0421315C_RL_B0Fmm00_PB0PCcZNC0909_B64mA1la0R0vxxxxxx_000A07fBIsc_xBCxxxXxxFgxxn_DQ02_FRM_DivSZ_55000237,2,7,23,600,101.5,100.03,98.5,1,8
2,pat67,d1683890P0421315C_RL_B0Fmm00_PB0PCcZNC0909_B64mA1la0R0vxxxxxx_000A07fBIsc_xBCxxxXxxFgxxn_DQ02_FRM_DivSZ_55000237,3,0,24,600,105.0,102.97,100.0,1,11
2,pat67,d1683890P0421315C_RL_B0Fmm00_PB0PCcZNC0909_B64mA1la0R0vxxxxxx_000A07fBIsc_xBCxxxXxxFgxxn_DQ02_FRM_DivSZ_55000237,3,1,25,600,104.5,102.64,100.5,1,11
2,pat67,d1683890P0421315C_RL_B0Fmm00_PB0PCcZNC0909_B64mA1la0R0vxxxxxx_000A07fBIsc_xBCxxxXxxFgxxn_DQ02_FRM_DivSZ_55000237,3,2,26,600,102.5,100.91,99.0,0,8
2,pat67,d1683890P0421315C_RL_B0Fmm00_PB0PCcZNC0909_B64mA1la0R0vxxxxxx_000A07fBIsc_xBCxxxXxxFgxxn_DQ02_FRM_DivSZ_55000237,3,3,27,600,102.0,100.56,99.5,0,8
2,pat67,d1683890P0421315C_RL_B0Fmm00_PB0PCcZNC0909_B64mA1la0R0vxxxxxx_000A07fBIsc_xBCxxxXxxFgxxn_DQ02_FRM_DivSZ_55000237,3,4,28,600,107.5,103.81,100.5,1,11
2,pat67,d1683890P0421315C_RL_B0Fmm00_PB0PCcZNC0909_B64mA1la0R0vxxxxxx_000A07fBIsc_xBCxxxXxxFgxxn_DQ02_FRM_DivSZ_55000237,3,5,29,600,105.5,103.2,101.0,1,11
2,pat67,d1683890P0421315C_RL_B0Fmm00_PB0PCcZNC0909_B64mA1la0R0vxxxxxx_000A07fBIsc_xBCxxxXxxFgxxn_DQ02_FRM_DivSZ_55000237,3,6,30,600,102.5,101.02,99.5,0,6
2,pat67,d1683890P0421315C_RL_B0Fmm00_PB0PCcZNC0909_B64mA1la0R0vxxxxxx_000A07fBIsc_xBCxxxXxxFgxxn_DQ02_FRM_DivSZ_55000237,3,7,31,600,103.5,100.94,99.5,0,8
2,pat68,d1700269P0421931C_RL_B0Fmm00_PB0PCcZNC0909_B64mA1la0R0vxxxxxx_000A07fBIsc_xBCxxxXxxFgxxn_DQ02_Blender_Z1J_55100078,0,0,0,600,109.0,104.93,100.0,1,2
2,pat68,d1700269P0421931C_RL_B0Fmm00_PB0PCcZNC0909_B64mA1la0R0vxxxxxx_000A07fBIsc_xBCxxxXxxFgxxn_DQ02_Blender_Z1J_55100078,0,1,1,600,110.5,105.59,100.5,1,2
2,pat68,d1700269P0421931C_RL_B0Fmm00_PB0PCcZNC0909_B64mA1la0R0vxxxxxx_000A07fBIsc_xBCxxxXxxFgxxn_DQ02_Blender_Z1J_55100078,0,2,2,600,102.0,100.57,99.5,0,14
2,pat68,d1700269P0421931C_RL_B0Fmm00_PB0PCcZNC0909_B64mA1la0R0vxxxxxx_000A07fBIsc_xBCxxxXxxFgxxn_DQ02_Blender_Z1J_55100078,0,3,3,600,100.5,99.08,97.5,0,8
2,pat68,d1700269P0421931C_RL_B0Fmm00_PB0PCcZNC0909_B64mA1la0R0vxxxxxx_000A07fBIsc_xBCxxxXxxFgxxn_DQ02_Blender_Z1J_55100078,0,4,4,600,110.5,105.53,101.5,1,11
2,pat68,d1700269P0421931C_RL_B0Fmm00_PB0PCcZNC0909_B64mA1la0R0vxxxxxx_000A07fBIsc_xBCxxxXxxFgxxn_DQ02_Blender_Z1J_55100078,0,5,5,600,110.0,106.28,102.0,1,11
2,pat68,d1700269P0421931C_RL_B0Fmm00_PB0PCcZNC0909_B64mA1la0R0vxxxxxx_000A07fBIsc_xBCxxxXxxFgxxn_DQ02_Blender_Z1J_55100078,0,6,6,600,102.5,100.62,99.0,0,8
2,pat68,d1700269P0421931C_RL_B0Fmm00_PB0PCcZNC0909_B64mA1la0R0vxxxxxx_000A07fBIsc_xBCxxxXxxFgxxn_DQ02_Blender_Z1J_55100078,0,7,7,600,101.0,99.88,98.0,0,0
2,pat68,d1700269P0421931C_RL_B0Fmm00_PB0PCcZNC0909_B64mA1la0R0vxxxxxx_000A07fBIsc_xBCxxxXxxFgxxn_DQ02_Blender_Z1J_55100078,1,0,8,600,107.5,104.92,101.5,1,11
2,pat68,d1700269P0421931C_RL_B0Fmm00_PB0PCcZNC0909_B64mA1la0R0vxxxxxx_000A07fBIsc_xBCxxxXxxFgxxn_DQ02_Blender_Z1J_55100078,1,1,9,600,107.5,104.32,101.0,0,13
2,pat68,d1700269P0421931C_RL_B0Fmm00_PB0PCcZNC0909_B64mA1la0R0vxxxxxx_000A07fBIsc_xBCxxxXxxFgxxn_DQ02_Blender_Z1J_55100078,1,2,10,600,102.0,100.62,99.0,1,2
2,pat68,d1700269P0421931C_RL_B0Fmm00_PB0PCcZNC0909_B64mA1la0R0vxxxxxx_000A07fBIsc_xBCxxxXxxFgxxn_DQ02_Blender_Z1J_55100078,1,3,11,600,101.5,100.54,98.5,0,8
2,pat68,d1700269P0421931C_RL_B0Fmm00_PB0PCcZNC0909_B64mA1la0R0vxxxxxx_000A07fBIsc_xBCxxxXxxFgxxn_DQ02_Blender_Z1J_55100078,1,4,12,600,108.0,104.89,102.0,1,11
2,pat68,d1700269P0421931C_RL_B0Fmm00_PB0PCcZNC0909_B64mA1la0R0vxxxxxx_000A07fBIsc_xBCxxxXxxFgxxn_DQ02_Blender_Z1J_55100078,1,5,13,600,107.5,105.01,101.0,1,2
2,pat68,d1700269P0421931C_RL_B0Fmm00_PB0PCcZNC0909_B64mA1la0R0vxxxxxx_000A07fBIsc_xBCxxxXxxFgxxn_DQ02_Blender_Z1J_55100078,1,6,14,600,103.0,101.14,98.5,0,8
2,pat68,d1700269P0421931C_RL_B0Fmm00_PB0PCcZNC0909_B64mA1la0R0vxxxxxx_000A07fBIsc_xBCxxxXxxFgxxn_DQ02_Blender_Z1J_55100078,1,7,15,600,102.5,100.11,98.0,0,8
2,pat68,d1700269P0421931C_RL_B0Fmm00_PB0PCcZNC0909_B64mA1la0R0vxxxxxx_000A07fBIsc_xBCxxxXxxFgxxn_DQ02_Blender_Z1J_55100078,2,0,16,600,108.0,105.82,102.0,0,11
2,pat68,d1700269P0421931C_RL_B0Fmm00_PB0PCcZNC0909_B64mA1la0R0vxxxxxx_000A07fBIsc_xBCxxxXxxFgxxn_DQ02_Blender_Z1J_55100078,2,1,17,600,109.5,106.2,103.0,1,2
2,pat68,d1700269P0421931C_RL_B0Fmm00_PB0PCcZNC0909_B64mA1la0R0vxxxxxx_000A07fBIsc_xBCxxxXxxFgxxn_DQ02_Blender_Z1J_55100078,2,2,18,600,102.5,101.19,100.0,1,14
2,pat68,d1700269P0421931C_RL_B0Fmm00_PB0PCcZNC0909_B64mA1la0R0vxxxxxx_000A07fBIsc_xBCxxxXxxFgxxn_DQ02_Blender_Z1J_55100078,2,3,19,600,102.5,100.78,99.0,1,9
2,pat68,d1700269P0421931C_RL_B0Fmm00_PB0PCcZNC0909_B64mA1la0R0vxxxxxx_000A07fBIsc_xBCxxxXxxFgxxn_DQ02_Blender_Z1J_55100078,2,4,20,600,109.5,104.66,101.5,1,11
2,pat68,d1700269P0421931C_RL_B0Fmm00_PB0PCcZNC0909_B64mA1la0R0vxxxxxx_000A07fBIsc_xBCxxxXxxFgxxn_DQ02_Blender_Z1J_55100078,2,5,21,600,107.5,105.14,102.5,1,2
2,pat68,d1700269P0421931C_RL_B0Fmm00_PB0PCcZNC0909_B64mA1la0R0vxxxxxx_000A07fBIsc_xBCxxxXxxFgxxn_DQ02_Blender_Z1J_55100078,2,6,22,600,104.0,101.52,99.5,0,4
2,pat68,d1700269P0421931C_RL_B0Fmm00_PB0PCcZNC0909_B64mA1la0R0vxxxxxx_000A07fBIsc_xBCxxxXxxFgxxn_DQ02_Blender_Z1J_55100078,2,7,23,600,102.0,100.34,98.5,0,8
2,pat68,d1700269P0421931C_RL_B0Fmm00_PB0PCcZNC0909_B64mA1la0R0vxxxxxx_000A07fBIsc_xBCxxxXxxFgxxn_DQ02_Blender_Z1J_55100078,3,0,24,600,106.0,104.07,101.5,1,13
2,pat68,d1700269P0421931C_RL_B0Fmm00_PB0PCcZNC0909_B64mA1la0R0vxxxxxx_000A07fBIsc_xBCxxxXxxFgxxn_DQ02_Blender_Z1J_55100078,3,1,25,600,105.5,103.53,101.0,0,13
2,pat68,d1700269P0421931C_RL_B0Fmm00_PB0PCcZNC0909_B64mA1la0R0vxxxxxx_000A07fBIsc_xBCxxxXxxFgxxn_DQ02_Blender_Z1J_55100078,3,2,26,600,103.5,101.54,100.0,0,6
2,pat68,d1700269P0421931C_RL_B0Fmm00_PB0PCcZNC0909_B64mA1la0R0vxxxxxx_000A07fBIsc_xBCxxxXxxFgxxn_DQ02_Blender_Z1J_55100078,3,3,27,600,102.5,100.81,99.5,0,8
2,pat68,d1700269P0421931C_RL_B0Fmm00_PB0PCcZNC0909_B64mA1la0R0vxxxxxx_000A07fBIsc_xBCxxxXxxFgxxn_DQ02_Blender_Z1J_55100078,3,4,28,600,109.5,105.58,101.0,1,2
2,pat68,d1700269P0421931C_RL_B0Fmm00_PB0PCcZNC0909_B64mA1la0R0vxxxxxx_000A07fBIsc_xBCxxxXxxFgxxn_DQ02_Blender_Z1J_55100078,3,5,29,600,107.0,104.44,102.0,1,0
2,pat68,d1700269P0421931C_RL_B0Fmm00_PB0PCcZNC0909_B64mA1la0R0vxxxxxx_000A07fBIsc_xBCxxxXxxFgxxn_DQ02_Blender_Z1J_55100078,3,6,30,600,103.0,101.67,100.0,0,6
2,pat68,d1700269P0421931C_RL_B0Fmm00_PB0PCcZNC0909_B64mA1la0R0vxxxxxx_000A07fBIsc_xBCxxxXxxFgxxn_DQ02_Blender_Z1J_55100078,3,7,31,600,103.5,101.38,99.5,0,8
2,pat69,d1684500P0421635C_No_B0Fmm00_PB0PCcZNC0909_B64mA1la0R0vxxxxxx_000A07fBIsc_xBCxxxXxxFgxxn_DQ02_Scylla_NDX_55000314,0,0,0,600,106.5,102.65,98.5,1,2
2,pat69,d1684500P0421635C_No_B0Fmm00_PB0PCcZNC0909_B64mA1la0R0vxxxxxx_000A07fBIsc_xBCxxxXxxFgxxn_DQ02_Scylla_NDX_55000314,0,1,1,600,107.5,102.77,98.0,1,2
2,pat69,d1684500P0421635C_No_B0Fmm00_PB0PCcZNC0909_B64mA1la0R0vxxxxxx_000A07fBIsc_xBCxxxXxxFgxxn_DQ02_Scylla_NDX_55000314,0,2,2,600,101.5,99.84,98.5,0,14
2,pat69,d1684500P0421635C_No_B0Fmm00_PB0PCcZNC0909_B64mA1la0R0vxxxxxx_000A07fBIsc_xBCxxxXxxFgxxn_DQ02_Scylla_NDX_55000314,0,3,3,600,100.5,98.8,97.5,0,8
2,pat69,d1684500P0421635C_No_B0Fmm00_PB0PCcZNC0909_B64mA1la0R0vxxxxxx_000A07fBIsc_xBCxxxXxxFgxxn_DQ02_Scylla_NDX_55000314,0,4,4,600,107.0,102.86,99.0,1,2
2,pat69,d1684500P0421635C_No_B0Fmm00_PB0PCcZNC0909_B64mA1la0R0vxxxxxx_000A07fBIsc_xBCxxxXxxFgxxn_DQ02_Scylla_NDX_55000314,0,5,5,600,108.0,103.49,99.5,1,2
2,pat69,d1684500P0421635C_No_B0Fmm00_PB0PCcZNC0909_B64mA1la0R0vxxxxxx_000A07fBIsc_xBCxxxXxxFgxxn_DQ02_Scylla_NDX_55000314,0,6,6,600,101.5,99.92,98.5,1,2
2,pat69,d1684500P0421635C_No_B0Fmm00_PB0PCcZNC0909_B64mA1la0R0vxxxxxx_000A07fBIsc_xBCxxxXxxFgxxn_DQ02_Scylla_NDX_55000314,0,7,7,600,100.5,99.34,98.0,0,6
2,pat69,d1684500P0421635C_No_B0Fmm00_PB0PCcZNC0909_B64mA1la0R0vxxxxxx_000A07fBIsc_xBCxxxXxxFgxxn_DQ02_Scylla_NDX_55000314,1,0,8,600,105.0,102.26,99.5,0,2
2,pat69,d1684500P0421635C_No_B0Fmm00_PB0PCcZNC0909_B64mA1la0R0vxxxxxx_000A07fBIsc_xBCxxxXxxFgxxn_DQ02_Scylla_NDX_55000314,1,1,9,600,105.0,102.11,99.0,0,2
2,pat69,d1684500P0421635C_No_B0Fmm00_PB0PCcZNC0909_B64mA1la0R0vxxxxxx_000A07fBIsc_xBCxxxXxxFgxxn_DQ02_Scylla_NDX_55000314,1,2,10,600,101.5,99.84,98.0,0,8
2,pat69,d1684500P0421635C_No_B0Fmm00_PB0PCcZNC0909_B64mA1la0R0vxxxxxx_000A07fBIsc_xBCxxxXxxFgxxn_DQ02_Scylla_NDX_55000314,1,3,11,600,101.5,100.0,98.5,0,8
2,pat69,d1684500P0421635C_No_B0Fmm00_PB0PCcZNC0909_B64mA1la0R0vxxxxxx_000A07fBIsc_xBCxxxXxxFgxxn_DQ02_Scylla_NDX_55000314,1,4,12,600,105.5,102.5,100.0,1,2
2,pat69,d1684500P0421635C_No_B0Fmm00_PB0PCcZNC0909_B64mA1la0R0vxxxxxx_000A07fBIsc_xBCxxxXxxFgxxn_DQ02_Scylla_NDX_55000314,1,5,13,600,106.0,102.66,99.5,1,2
2,pat69,d1684500P0421635C_No_B0Fmm00_PB0PCcZNC0909_B64mA1la0R0vxxxxxx_000A07fBIsc_xBCxxxXxxFgxxn_DQ02_Scylla_NDX_55000314,1,6,14,600,102.0,100.28,97.5,0,1
2,pat69,d1684500P0421635C_No_B0Fmm00_PB0PCcZNC0909_B64mA1la0R0vxxxxxx_000A07fBIsc_xBCxxxXxxFgxxn_DQ02_Scylla_NDX_55000314,1,7,15,600,102.0,99.57,97.5,0,8
2,pat69,d1684500P0421635C_No_B0Fmm00_PB0PCcZNC0909_B64mA1la0R0vxxxxxx_000A07fBIsc_xBCxxxXxxFgxxn_DQ02_Scylla_NDX_55000314,2,0,16,600,106.5,103.52,100.0,1,2
2,pat69,d1684500P0421635C_No_B0Fmm00_PB0PCcZNC0909_B64mA1la0R0vxxxxxx_000A07fBIsc_xBCxxxXxxFgxxn_DQ02_Scylla_NDX_55000314,2,1,17,600,107.5,103.83,100.0,0,2
2,pat69,d1684500P0421635C_No_B0Fmm00_PB0PCcZNC0909_B64mA1la0R0vxxxxxx_000A07fBIsc_xBCxxxXxxFgxxn_DQ02_Scylla_NDX_55000314,2,2,18,600,102.0,100.19,99.0,1,14
2,pat69,d1684500P0421635C_No_B0Fmm00_PB0PCcZNC0909_B64mA1la0R0vxxxxxx_000A07fBIsc_xBCxxxXxxFgxxn_DQ02_Scylla_NDX_55000314,2,3,19,600,102.0,100.23,98.5,1,5
2,pat69,d1684500P0421635C_No_B0Fmm00_PB0PCcZNC0909_B64mA1la0R0vxxxxxx_000A07fBIsc_xBCxxxXxxFgxxn_DQ02_Scylla_NDX_55000314,2,4,20,600,106.5,102.79,100.0,1,11
2,pat69,d1684500P0421635C_No_B0Fmm00_PB0PCcZNC0909_B64mA1la0R0vxxxxxx_000A07fBIsc_xBCxxxXxxFgxxn_DQ02_Scylla_NDX_55000314,2,5,21,600,106.0,103.28,100.0,0,2
2,pat69,d1684500P0421635C_No_B0Fmm00_PB0PCcZNC0909_B64mA1la0R0vxxxxxx_000A07fBIsc_xBCxxxXxxFgxxn_DQ02_Scylla_NDX_55000314,2,6,22,600,103.0,100.66,98.5,0,8
2,pat69,d1684500P0421635C_No_B0Fmm00_PB0PCcZNC0909_B64mA1la0R0vxxxxxx_000A07fBIsc_xBCxxxXxxFgxxn_DQ02_Scylla_NDX_55000314,2,7,23,600,101.5,99.94,98.5,0,8
2,pat69,d1684500P0421635C_No_B0Fmm00_PB0PCcZNC0909_B64mA1la0R0vxxxxxx_000A07fBIsc_xBCxxxXxxFgxxn_DQ02_Scylla_NDX_55000314,3,0,24,600,104.5,102.47,100.0,1,2
2,pat69,d1684500P0421635C_No_B0Fmm00_PB0PCcZNC0909_B64mA1la0R0vxxxxxx_000A07fBIsc_xBCxxxXxxFgxxn_DQ02_Scylla_NDX_55000314,3,1,25,600,104.0,102.26,100.5,0,10
2,pat69,d1684500P0421635C_No_B0Fmm00_PB0PCcZNC0909_B64mA1la0R0vxxxxxx_000A07fBIsc_xBCxxxXxxFgxxn_DQ02_Scylla_NDX_55000314,3,2,26,600,102.5,100.8,99.0,0,6
2,pat69,d1684500P0421635C_No_B0Fmm00_PB0PCcZNC0909_B64mA1la0R0vxxxxxx_000A07fBIsc_xBCxxxXxxFgxxn_DQ02_Scylla_NDX_55000314,3,3,27,600,102.0,100.45,99.0,0,8
2,pat69,d1684500P0421635C_No_B0Fmm00_PB0PCcZNC0909_B64mA1la0R0vxxxxxx_000A07fBIsc_xBCxxxXxxFgxxn_DQ02_Scylla_NDX_55000314,3,4,28,600,106.0,103.22,100.0,1,2
2,pat69,d1684500P0421635C_No_B0Fmm00_PB0PCcZNC0909_B64mA1la0R0vxxxxxx_000A07fBIsc_xBCxxxXxxFgxxn_DQ02_Scylla_NDX_55000314,3,5,29,600,105.0,102.88,101.0,1,0
2,pat69,d1684500P0421635C_No_B0Fmm00_PB0PCcZNC0909_B64mA1la0R0vxxxxxx_000A07fBIsc_xBCxxxXxxFgxxn_DQ02_Scylla_NDX_55000314,3,6,30,600,102.5,101.06,99.5,0,6
2,pat69,d1684500P0421635C_No_B0Fmm00_PB0PCcZNC0909_B64mA1la0R0vxxxxxx_000A07fBIsc_xBCxxxXxxFgxxn_DQ02_Scylla_NDX_55000314,3,7,31,600,103.5,100.89,99.0,0,8
2,pat70,d1700431P0421837C_RL_B0Fmm00_PB0PCcZNC0909_B64mA1la0R0vxxxxxx_000A07fBIsc_xBCxxxXxxFgxxn_DQ02_Blender_W1J_55100067,0,0,0,600,109.0,103.52,98.5,1,11
2,pat70,d1700431P0421837C_RL_B0Fmm00_PB0PCcZNC0909_B64mA1la0R0vxxxxxx_000A07fBIsc_xBCxxxXxxFgxxn_DQ02_Blender_W1J_55100067,0,1,1,600,109.5,103.89,100.0,1,11
2,pat70,d1700431P0421837C_RL_B0Fmm00_PB0PCcZNC0909_B64mA1la0R0vxxxxxx_000A07fBIsc_xBCxxxXxxFgxxn_DQ02_Blender_W1J_55100067,0,2,2,600,102.0,100.17,99.0,0,14
2,pat70,d1700431P0421837C_RL_B0Fmm00_PB0PCcZNC0909_B64mA1la0R0vxxxxxx_000A07fBIsc_xBCxxxXxxFgxxn_DQ02_Blender_W1J_55100067,0,3,3,600,101.0,99.0,97.5,0,8
2,pat70,d1700431P0421837C_RL_B0Fmm00_PB0PCcZNC0909_B64mA1la0R0vxxxxxx_000A07fBIsc_xBCxxxXxxFgxxn_DQ02_Blender_W1J_55100067,0,4,4,600,109.5,103.78,100.0,1,11
2,pat70,d1700431P0421837C_RL_B0Fmm00_PB0PCcZNC0909_B64mA1la0R0vxxxxxx_000A07fBIsc_xBCxxxXxxFgxxn_DQ02_Blender_W1J_55100067,0,5,5,600,110.0,104.58,100.0,1,11
2,pat70,d1700431P0421837C_RL_B0Fmm00_PB0PCcZNC0909_B64mA1la0R0vxxxxxx_000A07fBIsc_xBCxxxXxxFgxxn_DQ02_Blender_W1J_55100067,0,6,6,600,101.5,100.19,99.0,1,2
2,pat70,d1700431P0421837C_RL_B0Fmm00_PB0PCcZNC0909_B64mA1la0R0vxxxxxx_000A07fBIsc_xBCxxxXxxFgxxn_DQ02_Blender_W1J_55100067,0,7,7,600,101.0,99.52,98.0,0,0
2,pat70,d1700431P0421837C_RL_B0Fmm00_PB0PCcZNC0909_B64mA1la0R0vxxxxxx_000A07fBIsc_xBCxxxXxxFgxxn_DQ02_Blender_W1J_55100067,1,0,8,600,106.5,103.04,100.0,1,9
2,pat70,d1700431P0421837C_RL_B0Fmm00_PB0PCcZNC0909_B64mA1la0R0vxxxxxx_000A07fBIsc_xBCxxxXxxFgxxn_DQ02_Blender_W1J_55100067,1,1,9,600,106.0,102.91,99.5,0,2
2,pat70,d1700431P0421837C_RL_B0Fmm00_PB0PCcZNC0909_B64mA1la0R0vxxxxxx_000A07fBIsc_xBCxxxXxxFgxxn_DQ02_Blender_W1J_55100067,1,2,10,600,101.5,100.1,98.0,0,8
2,pat70,d1700431P0421837C_RL_B0Fmm00_PB0PCcZNC0909_B64mA1la0R0vxxxxxx_000A07fBIsc_xBCxxxXxxFgxxn_DQ02_Blender_W1J_55100067,1,3,11,600,101.5,100.25,98.5,0,8
2,pat70,d1700431P0421837C_RL_B0Fmm00_PB0PCcZNC0909_B64mA1la0R0vxxxxxx_000A07fBIsc_xBCxxxXxxFgxxn_DQ02_Blender_W1J_55100067,1,4,12,600,107.5,103.31,100.5,1,11
2,pat70,d1700431P0421837C_RL_B0Fmm00_PB0PCcZNC0909_B64mA1la0R0vxxxxxx_000A07fBIsc_xBCxxxXxxFgxxn_DQ02_Blender_W1J_55100067,1,5,13,600,107.5,103.4,100.0,1,2
2,pat70,d1700431P0421837C_RL_B0Fmm00_PB0PCcZNC0909_B64mA1la0R0vxxxxxx_000A07fBIsc_xBCxxxXxxFgxxn_DQ02_Blender_W1J_55100067,1,6,14,600,102.0,100.54,98.5,0,8
2,pat70,d1700431P0421837C_RL_B0Fmm00_PB0PCcZNC0909_B64mA1la0R0vxxxxxx_000A07fBIsc_xBCxxxXxxFgxxn_DQ02_Blender_W1J_55100067,1,7,15,600,102.5,99.8,98.0,0,8
2,pat70,d1700431P0421837C_RL_B0Fmm00_PB0PCcZNC0909_B64mA1la0R0vxxxxxx_000A07fBIsc_xBCxxxXxxFgxxn_DQ02_Blender_W1J_55100067,2,0,16,600,108.0,104.29,100.0,1,11
2,pat70,d1700431P0421837C_RL_B0Fmm00_PB0PCcZNC0909_B64mA1la0R0vxxxxxx_000A07fBIsc_xBCxxxXxxFgxxn_DQ02_Blender_W1J_55100067,2,1,17,600,109.5,104.67,101.0,1,2
2,pat70,d1700431P0421837C_RL_B0Fmm00_PB0PCcZNC0909_B64mA1la0R0vxxxxxx_000A07fBIsc_xBCxxxXxxFgxxn_DQ02_Blender_W1J_55100067,2,2,18,600,102.0,100.42,99.0,1,14
2,pat70,d1700431P0421837C_RL_B0Fmm00_PB0PCcZNC0909_B64mA1la0R0vxxxxxx_000A07fBIsc_xBCxxxXxxFgxxn_DQ02_Blender_W1J_55100067,2,3,19,600,102.0,100.42,99.0,1,5
2,pat70,d1700431P0421837C_RL_B0Fmm00_PB0PCcZNC0909_B64mA1la0R0vxxxxxx_000A07fBIsc_xBCxxxXxxFgxxn_DQ02_Blender_W1J_55100067,2,4,20,600,109.0,103.43,100.5,1,11
2,pat70,d1700431P0421837C_RL_B0Fmm00_PB0PCcZNC0909_B64mA1la0R0vxxxxxx_000A07fBIsc_xBCxxxXxxFgxxn_DQ02_Blender_W1J_55100067,2,5,21,600,107.5,104.07,101.0,1,2
2,pat70,d1700431P0421837C_RL_B0Fmm00_PB0PCcZNC0909_B64mA1la0R0vxxxxxx_000A07fBIsc_xBCxxxXxxFgxxn_DQ02_Blender_W1J_55100067,2,6,22,600,103.5,100.96,99.0,0,8
2,pat70,d1700431P0421837C_RL_B0Fmm00_PB0PCcZNC0909_B64mA1la0R0vxxxxxx_000A07fBIsc_xBCxxxXxxFgxxn_DQ02_Blender_W1J_55100067,2,7,23,600,101.5,100.12,98.5,1,6
2,pat70,d1700431P0421837C_RL_B0Fmm00_PB0PCcZNC0909_B64mA1la0R0vxxxxxx_000A07fBIsc_xBCxxxXxxFgxxn_DQ02_Blender_W1J_55100067,3,0,24,600,105.5,103.06,100.5,1,11
2,pat70,d1700431P0421837C_RL_B0Fmm00_PB0PCcZNC0909_B64mA1la0R0vxxxxxx_000A07fBIsc_xBCxxxXxxFgxxn_DQ02_Blender_W1J_55100067,3,1,25,600,105.0,102.67,101.0,0,9
2,pat70,d1700431P0421837C_RL_B0Fmm00_PB0PCcZNC0909_B64mA1la0R0vxxxxxx_000A07fBIsc_xBCxxxXxxFgxxn_DQ02_Blender_W1J_55100067,3,2,26,600,103.0,101.01,99.5,0,8
2,pat70,d1700431P0421837C_RL_B0Fmm00_PB0PCcZNC0909_B64mA1la0R0vxxxxxx_000A07fBIsc_xBCxxxXxxFgxxn_DQ02_Blender_W1J_55100067,3,3,27,600,102.0,100.54,99.0,0,8
2,pat70,d1700431P0421837C_RL_B0Fmm00_PB0PCcZNC0909_B64mA1la0R0vxxxxxx_000A07fBIsc_xBCxxxXxxFgxxn_DQ02_Blender_W1J_55100067,3,4,28,600,109.0,103.89,100.5,1,2
2,pat70,d1700431P0421837C_RL_B0Fmm00_PB0PCcZNC0909_B64mA1la0R0vxxxxxx_000A07fBIsc_xBCxxxXxxFgxxn_DQ02_Blender_W1J_55100067,3,5,29,600,106.0,103.38,101.0,1,11
2,pat70,d1700431P0421837C_RL_B0Fmm00_PB0PCcZNC0909_B64mA1la0R0vxxxxxx_000A07fBIsc_xBCxxxXxxFgxxn_DQ02_Blender_W1J_55100067,3,6,30,600,102.5,101.14,99.5,0,6
2,pat70,d1700431P0421837C_RL_B0Fmm00_PB0PCcZNC0909_B64mA1la0R0vxxxxxx_000A07fBIsc_xBCxxxXxxFgxxn_DQ02_Blender_W1J_55100067,3,7,31,600,103.5,101.04,99.5,0,8
2,pat71,d1684202P0421447C_RL_B0Fmm00_PB0PCcZNC0909_B64mA1la0R0vxxxxxx_000A07fBIsc_xBCxxxXxxFgxxn_DQ02_Frenzy_Y_5500021A,0,0,0,600,108.0,103.02,98.5,1,11
2,pat71,d1684202P0421447C_RL_B0Fmm00_PB0PCcZNC0909_B64mA1la0R0vxxxxxx_000A07fBIsc_xBCxxxXxxFgxxn_DQ02_Frenzy_Y_5500021A,0,1,1,600,108.0,103.38,99.5,1,11
2,pat71,d1684202P0421447C_RL_B0Fmm00_PB0PCcZNC0909_B64mA1la0R0vxxxxxx_000A07fBIsc_xBCxxxXxxFgxxn_DQ02_Frenzy_Y_5500021A,0,2,2,600,101.5,100.0,99.0,0,14
2,pat71,d1684202P0421447C_RL_B0Fmm00_PB0PCcZNC0909_B64mA1la0R0vxxxxxx_000A07fBIsc_xBCxxxXxxFgxxn_DQ02_Frenzy_Y_5500021A,0,3,3,600,100.0,98.79,97.5,0,10
2,pat71,d1684202P0421447C_RL_B0Fmm00_PB0PCcZNC0909_B64mA1la0R0vxxxxxx_000A07fBIsc_xBCxxxXxxFgxxn_DQ02_Frenzy_Y_5500021A,0,4,4,600,108.5,103.35,99.5,1,11
2,pat71,d1684202P0421447C_RL_B0Fmm00_PB0PCcZNC0909_B64mA1la0R0vxxxxxx_000A07fBIsc_xBCxxxXxxFgxxn_DQ02_Frenzy_Y_5500021A,0,5,5,600,108.5,104.1,100.0,1,2
2,pat71,d1684202P0421447C_RL_B0Fmm00_PB0PCcZNC0909_B64mA1la0R0vxxxxxx_000A07fBIsc_xBCxxxXxxFgxxn_DQ02_Frenzy_Y_5500021A,0,6,6,600,101.5,99.91,98.5,0,8
2,pat71,d1684202P0421447C_RL_B0Fmm00_PB0PCcZNC0909_B64mA1la0R0vxxxxxx_000A07fBIsc_xBCxxxXxxFgxxn_DQ02_Frenzy_Y_5500021A,0,7,7,600,100.5,99.31,97.5,0,6
2,pat71,d1684202P0421447C_RL_B0Fmm00_PB0PCcZNC0909_B64mA1la0R0vxxxxxx_000A07fBIsc_xBCxxxXxxFgxxn_DQ02_Frenzy_Y_5500021A,1,0,8,600,105.5,102.64,99.5,1,11
2,pat71,d1684202P0421447C_RL_B0Fmm00_PB0PCcZNC0909_B64mA1la0R0vxxxxxx_000A07fBIsc_xBCxxxXxxFgxxn_DQ02_Frenzy_Y_5500021A,1,1,9,600,105.0,102.52,99.5,0,2
2,pat71,d1684202P0421447C_RL_B0Fmm00_PB0PCcZNC0909_B64mA1la0R0vxxxxxx_000A07fBIsc_xBCxxxXxxFgxxn_DQ02_Frenzy_Y_5500021A,1,2,10,600,101.5,99.94,98.0,0,8
2,pat71,d1684202P0421447C_RL_B0Fmm00_PB0PCcZNC0909_B64mA1la0R0vxxxxxx_000A07fBIsc_xBCxxxXxxFgxxn_DQ02_Frenzy_Y_5500021A,1,3,11,600,101.5,100.04,98.0,1,12
2,pat71,d1684202P0421447C_RL_B0Fmm00_PB0PCcZNC0909_B64mA1la0R0vxxxxxx_000A07fBIsc_xBCxxxXxxFgxxn_DQ02_Frenzy_Y_5500021A,1,4,12,600,106.0,102.9,100.5,0,11
2,pat71,d1684202P0421447C_RL_B0Fmm00_PB0PCcZNC0909_B64mA1la0R0vxxxxxx_000A07fBIsc_xBCxxxXxxFgxxn_DQ02_Frenzy_Y_5500021A,1,5,13,600,106.5,102.87,99.5,1,2
2,pat71,d1684202P0421447C_RL_B0Fmm00_PB0PCcZNC0909_B64mA1la0R0vxxxxxx_000A07fBIsc_xBCxxxXxxFgxxn_DQ02_Frenzy_Y_5500021A,1,6,14,600,102.0,100.3,97.5,0,8
2,pat71,d1684202P0421447C_RL_B0Fmm00_PB0PCcZNC0909_B64mA1la0R0vxxxxxx_000A07fBIsc_xBCxxxXxxFgxxn_DQ02_Frenzy_Y_5500021A,1,7,15,600,101.5,99.58,97.5,0,8
2,pat71,d1684202P0421447C_RL_B0Fmm00_PB0PCcZNC0909_B64mA1la0R0vxxxxxx_000A07fBIsc_xBCxxxXxxFgxxn_DQ02_Frenzy_Y_5500021A,2,0,16,600,106.5,103.8,100.0,0,2
2,pat71,d1684202P0421447C_RL_B0Fmm00_PB0PCcZNC0909_B64mA1la0R0vxxxxxx_000A07fBIsc_xBCxxxXxxFgxxn_DQ02_Frenzy_Y_5500021A,2,1,17,600,108.0,104.12,100.5,1,11
2,pat71,d1684202P0421447C_RL_B0Fmm00_PB0PCcZNC0909_B64mA1la0R0vxxxxxx_000A07fBIsc_xBCxxxXxxFgxxn_DQ02_Frenzy_Y_5500021A,2,2,18,600,101.5,100.27,99.0,1,14
2,pat71,d1684202P0421447C_RL_B0Fmm00_PB0PCcZNC0909_B64mA1la0R0vxxxxxx_000A07fBIsc_xBCxxxXxxFgxxn_DQ02_Frenzy_Y_5500021A,2,3,19,600,102.0,100.25,98.5,1,9
2,pat71,d1684202P0421447C_RL_B0Fmm00_PB0PCcZNC0909_B64mA1la0R0vxxxxxx_000A07fBIsc_xBCxxxXxxFgxxn_DQ02_Frenzy_Y_5500021A,2,4,20,600,108.0,103.05,100.5,1,11
2,pat71,d1684202P0421447C_RL_B0Fmm00_PB0PCcZNC0909_B64mA1la0R0vxxxxxx_000A07fBIsc_xBCxxxXxxFgxxn_DQ02_Frenzy_Y_5500021A,2,5,21,600,106.5,103.59,100.5,1,11
2,pat71,d1684202P0421447C_RL_B0Fmm00_PB0PCcZNC0909_B64mA1la0R0vxxxxxx_000A07fBIsc_xBCxxxXxxFgxxn_DQ02_Frenzy_Y_5500021A,2,6,22,600,103.0,100.86,98.5,0,4
2,pat71,d1684202P0421447C_RL_B0Fmm00_PB0PCcZNC0909_B64mA1la0R0vxxxxxx_000A07fBIsc_xBCxxxXxxFgxxn_DQ02_Frenzy_Y_5500021A,2,7,23,600,101.5,99.92,98.5,1,6
2,pat71,d1684202P0421447C_RL_B0Fmm00_PB0PCcZNC0909_B64mA1la0R0vxxxxxx_000A07fBIsc_xBCxxxXxxFgxxn_DQ02_Frenzy_Y_5500021A,3,0,24,600,104.5,102.66,100.0,1,2
2,pat71,d1684202P0421447C_RL_B0Fmm00_PB0PCcZNC0909_B64mA1la0R0vxxxxxx_000A07fBIsc_xBCxxxXxxFgxxn_DQ02_Frenzy_Y_5500021A,3,1,25,600,104.5,102.39,100.5,1,11
2,pat71,d1684202P0421447C_RL_B0Fmm00_PB0PCcZNC0909_B64mA1la0R0vxxxxxx_000A07fBIsc_xBCxxxXxxFgxxn_DQ02_Frenzy_Y_5500021A,3,2,26,600,102.5,100.88,99.0,0,6
2,pat71,d1684202P0421447C_RL_B0Fmm00_PB0PCcZNC0909_B64mA1la0R0vxxxxxx_000A07fBIsc_xBCxxxXxxFgxxn_DQ02_Frenzy_Y_5500021A,3,3,27,600,101.5,100.43,99.0,0,8
2,pat71,d1684202P0421447C_RL_B0Fmm00_PB0PCcZNC0909_B64mA1la0R0vxxxxxx_000A07fBIsc_xBCxxxXxxFgxxn_DQ02_Frenzy_Y_5500021A,3,4,28,600,107.0,103.5,100.0,1,11
2,pat71,d1684202P0421447C_RL_B0Fmm00_PB0PCcZNC0909_B64mA1la0R0vxxxxxx_000A07fBIsc_xBCxxxXxxFgxxn_DQ02_Frenzy_Y_5500021A,3,5,29,600,105.0,103.0,101.0,1,11
2,pat71,d1684202P0421447C_RL_B0Fmm00_PB0PCcZNC0909_B64mA1la0R0vxxxxxx_000A07fBIsc_xBCxxxXxxFgxxn_DQ02_Frenzy_Y_5500021A,3,6,30,600,102.5,100.97,99.5,0,6
2,pat71,d1684202P0421447C_RL_B0Fmm00_PB0PCcZNC0909_B64mA1la0R0vxxxxxx_000A07fBIsc_xBCxxxXxxFgxxn_DQ02_Frenzy_Y_5500021A,3,7,31,600,103.0,100.87,99.0,0,8
2,pat72,d1684292P0421648C_Nw_B0Fmm00_PB0PCcZNC0909_B64mA1la0R0vxxxxxx_000A07fBIsc_xBCxxxXxxFgxxn_DQ02_Scylla_NDY_55000315,0,0,0,600,108.0,103.4,99.0,1,11
2,pat72,d1684292P0421648C_Nw_B0Fmm00_PB0PCcZNC0909_B64mA1la0R0vxxxxxx_000A07fBIsc_xBCxxxXxxFgxxn_DQ02_Scylla_NDY_55000315,0,1,1,600,109.0,103.77,100.0,1,11
2,pat72,d1684292P0421648C_Nw_B0Fmm00_PB0PCcZNC0909_B64mA1la0R0vxxxxxx_000A07fBIsc_xBCxxxXxxFgxxn_DQ02_Scylla_NDY_55000315,0,2,2,600,102.0,100.3,99.5,0,14
2,pat72,d1684292P0421648C_Nw_B0Fmm00_PB0PCcZNC0909_B64mA1la0R0vxxxxxx_000A07fBIsc_xBCxxxXxxFgxxn_DQ02_Scylla_NDY_55000315,0,3,3,600,100.5,99.03,97.5,0,8
2,pat72,d1684292P0421648C_Nw_B0Fmm00_PB0PCcZNC0909_B64mA1la0R0vxxxxxx_000A07fBIsc_xBCxxxXxxFgxxn_DQ02_Scylla_NDY_55000315,0,4,4,600,109.0,103.69,100.0,1,11
2,pat72,d1684292P0421648C_Nw_B0Fmm00_PB0PCcZNC0909_B64mA1la0R0vxxxxxx_000A07fBIsc_xBCxxxXxxFgxxn_DQ02_Scylla_NDY_55000315,0,5,5,600,109.0,104.51,100.5,1,2
2,pat72,d1684292P0421648C_Nw_B0Fmm00_PB0PCcZNC0909_B64mA1la0R0vxxxxxx_000A07fBIsc_xBCxxxXxxFgxxn_DQ02_Scylla_NDY_55000315,0,6,6,600,102.0,100.2,98.5,1,2
2,pat72,d1684292P0421648C_Nw_B0Fmm00_PB0PCcZNC0909_B64mA1la0R0vxxxxxx_000A07fBIsc_xBCxxxXxxFgxxn_DQ02_Scylla_NDY_55000315,0,7,7,600,101.0,99.57,98.0,1,7
2,pat72,d1684292P0421648C_Nw_B0Fmm00_PB0PCcZNC0909_B64mA1la0R0vxxxxxx_000A07fBIsc_xBCxxxXxxFgxxn_DQ02_Scylla_NDY_55000315,1,0,8,600,106.0,103.05,100.0,1,11
2,pat72,d1684292P0421648C_Nw_B0Fmm00_PB0PCcZNC0909_B64mA1la0R0vxxxxxx_000A07fBIsc_xBCxxxXxxFgxxn_DQ02_Scylla_NDY_55000315,1,1,9,600,105.5,102.94,100.0,0,2
2,pat72,d1684292P0421648C_Nw_B0Fmm00_PB0PCcZNC0909_B64mA1la0R0vxxxxxx_000A07fBIsc_xBCxxxXxxFgxxn_DQ02_Scylla_NDY_55000315,1,2,10,600,101.5,100.13,98.5,1,8
2,pat72,d1684292P0421648C_Nw_B0Fmm00_PB0PCcZNC0909_B64mA1la0R0vxxxxxx_000A07fBIsc_xBCxxxXxxFgxxn_DQ02_Scylla_NDY_55000315,1,3,11,600,101.5,100.26,98.5,0,8
2,pat72,d1684292P0421648C_Nw_B0Fmm00_PB0PCcZNC0909_B64mA1la0R0vxxxxxx_000A07fBIsc_xBCxxxXxxFgxxn_DQ02_Scylla_NDY_55000315,1,4,12,600,106.5,103.23,100.5,0,11
2,pat72,d1684292P0421648C_Nw_B0Fmm00_PB0PCcZNC0909_B64mA1la0R0vxxxxxx_000A07fBIsc_xBCxxxXxxFgxxn_DQ02_Scylla_NDY_55000315,1,5,13,600,106.5,103.29,100.0,1,2
2,pat72,d1684292P0421648C_Nw_B0Fmm00_PB0PCcZNC0909_B64mA1la0R0vxxxxxx_000A07fBIsc_xBCxxxXxxFgxxn_DQ02_Scylla_NDY_55000315,1,6,14,600,102.5,100.63,98.5,1,8
2,pat72,d1684292P0421648C_Nw_B0Fmm00_PB0PCcZNC0909_B64mA1la0R0vxxxxxx_000A07fBIsc_xBCxxxXxxFgxxn_DQ02_Scylla_NDY_55000315,1,7,15,600,102.0,99.91,98.0,0,8
2,pat72,d1684292P0421648C_Nw_B0Fmm00_PB0PCcZNC0909_B64mA1la0R0vxxxxxx_000A07fBIsc_xBCxxxXxxFgxxn_DQ02_Scylla_NDY_55000315,2,0,16,600,107.5,104.23,100.5,1,11
2,pat72,d1684292P0421648C_Nw_B0Fmm00_PB0PCcZNC0909_B64mA1la0R0vxxxxxx_000A07fBIsc_xBCxxxXxxFgxxn_DQ02_Scylla_NDY_55000315,2,1,17,600,108.5,104.7,101.0,1,2
2,pat72,d1684292P0421648C_Nw_B0Fmm00_PB0PCcZNC0909_B64mA1la0R0vxxxxxx_000A07fBIsc_xBCxxxXxxFgxxn_DQ02_Scylla_NDY_55000315,2,2,18,600,102.0,100.54,99.5,0,7
2,pat72,d1684292P0421648C_Nw_B0Fmm00_PB0PCcZNC0909_B64mA1la0R0vxxxxxx_000A07fBIsc_xBCxxxXxxFgxxn_DQ02_Scylla_NDY_55000315,2,3,19,600,102.0,100.46,99.0,1,5
2,pat72,d1684292P0421648C_Nw_B0Fmm00_PB0PCcZNC0909_B64mA1la0R0vxxxxxx_000A07fBIsc_xBCxxxXxxFgxxn_DQ02_Scylla_NDY_55000315,2,4,20,600,108.5,103.32,100.5,1,11
2,pat72,d1684292P0421648C_Nw_B0Fmm00_PB0PCcZNC0909_B64mA1la0R0vxxxxxx_000A07fBIsc_xBCxxxXxxFgxxn_DQ02_Scylla_NDY_55000315,2,5,21,600,107.0,103.94,101.5,1,11
2,pat72,d1684292P0421648C_Nw_B0Fmm00_PB0PCcZNC0909_B64mA1la0R0vxxxxxx_000A07fBIsc_xBCxxxXxxFgxxn_DQ02_Scylla_NDY_55000315,2,6,22,600,103.0,101.02,99.0,0,4
2,pat72,d1684292P0421648C_Nw_B0Fmm00_PB0PCcZNC0909_B64mA1la0R0vxxxxxx_000A07fBIsc_xBCxxxXxxFgxxn_DQ02_Scylla_NDY_55000315,2,7,23,600,101.5,100.12,98.5,1,8
2,pat72,d1684292P0421648C_Nw_B0Fmm00_PB0PCcZNC0909_B64mA1la0R0vxxxxxx_000A07fBIsc_xBCxxxXxxFgxxn_DQ02_Scylla_NDY_55000315,3,0,24,600,105.0,102.91,100.5,1,11
2,pat72,d1684292P0421648C_Nw_B0Fmm00_PB0PCcZNC0909_B64mA1la0R0vxxxxxx_000A07fBIsc_xBCxxxXxxFgxxn_DQ02_Scylla_NDY_55000315,3,1,25,600,104.5,102.59,100.5,0,11
2,pat72,d1684292P0421648C_Nw_B0Fmm00_PB0PCcZNC0909_B64mA1la0R0vxxxxxx_000A07fBIsc_xBCxxxXxxFgxxn_DQ02_Scylla_NDY_55000315,3,2,26,600,102.5,101.09,99.0,0,8
2,pat72,d1684292P0421648C_Nw_B0Fmm00_PB0PCcZNC0909_B64mA1la0R0vxxxxxx_000A07fBIsc_xBCxxxXxxFgxxn_DQ02_Scylla_NDY_55000315,3,3,27,600,102.0,100.59,99.0,0,8
2,pat72,d1684292P0421648C_Nw_B0Fmm00_PB0PCcZNC0909_B64mA1la0R0vxxxxxx_000A07fBIsc_xBCxxxXxxFgxxn_DQ02_Scylla_NDY_55000315,3,4,28,600,107.5,103.95,100.5,1,11
2,pat72,d1684292P0421648C_Nw_B0Fmm00_PB0PCcZNC0909_B64mA1la0R0vxxxxxx_000A07fBIsc_xBCxxxXxxFgxxn_DQ02_Scylla_NDY_55000315,3,5,29,600,106.0,103.36,101.5,1,11
2,pat72,d1684292P0421648C_Nw_B0Fmm00_PB0PCcZNC0909_B64mA1la0R0vxxxxxx_000A07fBIsc_xBCxxxXxxFgxxn_DQ02_Scylla_NDY_55000315,3,6,30,600,102.5,101.21,99.5,0,6
2,pat72,d1684292P0421648C_Nw_B0Fmm00_PB0PCcZNC0909_B64mA1la0R0vxxxxxx_000A07fBIsc_xBCxxxXxxFgxxn_DQ02_Scylla_NDY_55000315,3,7,31,600,103.5,101.1,99.5,0,8
2,pat73,d1700588P0422221C_RL_B0Fmm00_PB0PCcZNC0909_B64mA1la0R0vxxxxxx_000A07fBIsc_xBCxxxXxxFgxxn_DQ02_FRM_DivSZ_5510023F,0,0,0,600,108.5,103.34,98.5,1,11
2,pat73,d1700588P0422221C_RL_B0Fmm00_PB0PCcZNC0909_B64mA1la0R0vxxxxxx_000A07fBIsc_xBCxxxXxxFgxxn_DQ02_FRM_DivSZ_5510023F,0,1,1,600,109.5,103.76,99.5,1,11
2,pat73,d1700588P0422221C_RL_B0Fmm00_PB0PCcZNC0909_B64mA1la0R0vxxxxxx_000A07fBIsc_xBCxxxXxxFgxxn_DQ02_FRM_DivSZ_5510023F,0,2,2,600,101.5,99.92,99.0,0,14
2,pat73,d1700588P0422221C_RL_B0Fmm00_PB0PCcZNC0909_B64mA1la0R0vxxxxxx_000A07fBIsc_xBCxxxXxxFgxxn_DQ02_FRM_DivSZ_5510023F,0,3,3,600,100.5,98.77,97.5,0,8
2,pat73,d1700588P0422221C_RL_B0Fmm00_PB0PCcZNC0909_B64mA1la0R0vxxxxxx_000A07fBIsc_xBCxxxXxxFgxxn_DQ02_FRM_DivSZ_5510023F,0,4,4,600,109.5,103.62,99.5,1,11
2,pat73,d1700588P0422221C_RL_B0Fmm00_PB0PCcZNC0909_B64mA1la0R0vxxxxxx_000A07fBIsc_xBCxxxXxxFgxxn_DQ02_FRM_DivSZ_5510023F,0,5,5,600,110.0,104.44,100.0,1,11
2,pat73,d1700588P0422221C_RL_B0Fmm00_PB0PCcZNC0909_B64mA1la0R0vxxxxxx_000A07fBIsc_xBCxxxXxxFgxxn_DQ02_FRM_DivSZ_5510023F,0,6,6,600,101.5,99.89,98.5,1,2
2,pat73,d1700588P0422221C_RL_B0Fmm00_PB0PCcZNC0909_B64mA1la0R0vxxxxxx_000A07fBIsc_xBCxxxXxxFgxxn_DQ02_FRM_DivSZ_5510023F,0,7,7,600,100.5,99.28,97.5,0,6
2,pat73,d1700588P0422221C_RL_B0Fmm00_PB0PCcZNC0909_B64mA1la0R0vxxxxxx_000A07fBIsc_xBCxxxXxxFgxxn_DQ02_FRM_DivSZ_5510023F,1,0,8,600,106.0,102.92,99.5,1,2
2,pat73,d1700588P0422221C_RL_B0Fmm00_PB0PCcZNC0909_B64mA1la0R0vxxxxxx_000A07fBIsc_xBCxxxXxxFgxxn_DQ02_FRM_DivSZ_5510023F,1,1,9,600,106.0,102.84,99.5,1,11
2,pat73,d1700588P0422221C_RL_B0Fmm00_PB0PCcZNC0909_B64mA1la0R0vxxxxxx_000A07fBIsc_xBCxxxXxxFgxxn_DQ02_FRM_DivSZ_5510023F,1,2,10,600,101.5,99.94,98.0,0,8
2,pat73,d1700588P0422221C_RL_B0Fmm00_PB0PCcZNC0909_B64mA1la0R0vxxxxxx_000A07fBIsc_xBCxxxXxxFgxxn_DQ02_FRM_DivSZ_5510023F,1,3,11,600,101.5,99.99,98.0,0,8
2,pat73,d1700588P0422221C_RL_B0Fmm00_PB0PCcZNC0909_B64mA1la0R0vxxxxxx_000A07fBIsc_xBCxxxXxxFgxxn_DQ02_FRM_DivSZ_5510023F,1,4,12,600,107.5,103.17,100.0,1,11
2,pat73,d1700588P0422221C_RL_B0Fmm00_PB0PCcZNC0909_B64mA1la0R0vxxxxxx_000A07fBIsc_xBCxxxXxxFgxxn_DQ02_FRM_DivSZ_5510023F,1,5,13,600,107.0,103.3,100.0,1,2
2,pat73,d1700588P0422221C_RL_B0Fmm00_PB0PCcZNC0909_B64mA1la0R0vxxxxxx_000A07fBIsc_xBCxxxXxxFgxxn_DQ02_FRM_DivSZ_5510023F,1,6,14,600,102.0,100.49,98.5,0,1
2,pat73,d1700588P0422221C_RL_B0Fmm00_PB0PCcZNC0909_B64mA1la0R0vxxxxxx_000A07fBIsc_xBCxxxXxxFgxxn_DQ02_FRM_DivSZ_5510023F,1,7,15,600,102.0,99.66,97.5,0,8
2,pat73,d1700588P0422221C_RL_B0Fmm00_PB0PCcZNC0909_B64mA1la0R0vxxxxxx_000A07fBIsc_xBCxxxXxxFgxxn_DQ02_FRM_DivSZ_5510023F,2,0,16,600,107.5,104.16,100.5,1,11
2,pat73,d1700588P0422221C_RL_B0Fmm00_PB0PCcZNC0909_B64mA1la0R0vxxxxxx_000A07fBIsc_xBCxxxXxxFgxxn_DQ02_FRM_DivSZ_5510023F,2,1,17,600,109.0,104.59,100.5,1,11
2,pat73,d1700588P0422221C_RL_B0Fmm00_PB0PCcZNC0909_B64mA1la0R0vxxxxxx_000A07fBIsc_xBCxxxXxxFgxxn_DQ02_FRM_DivSZ_5510023F,2,2,18,600,101.5,100.29,99.0,0,7
2,pat73,d1700588P0422221C_RL_B0Fmm00_PB0PCcZNC0909_B64mA1la0R0vxxxxxx_000A07fBIsc_xBCxxxXxxFgxxn_DQ02_FRM_DivSZ_5510023F,2,3,19,600,102.0,100.3,99.0,1,5
2,pat73,d1700588P0422221C_RL_B0Fmm00_PB0PCcZNC0909_B64mA1la0R0vxxxxxx_000A07fBIsc_xBCxxxXxxFgxxn_DQ02_FRM_DivSZ_5510023F,2,4,20,600,109.0,103.37,100.5,1,11
2,pat73,d1700588P0422221C_RL_B0Fmm00_PB0PCcZNC0909_B64mA1la0R0vxxxxxx_000A07fBIsc_xBCxxxXxxFgxxn_DQ02_FRM_DivSZ_5510023F,2,5,21,600,107.5,103.96,101.0,1,2
2,pat73,d1700588P0422221C_RL_B0Fmm00_PB0PCcZNC0909_B64mA1la0R0vxxxxxx_000A07fBIsc_xBCxxxXxxFgxxn_DQ02_FRM_DivSZ_5510023F,2,6,22,600,103.0,100.84,98.5,0,8
2,pat73,d1700588P0422221C_RL_B0Fmm00_PB0PCcZNC0909_B64mA1la0R0vxxxxxx_000A07fBIsc_xBCxxxXxxFgxxn_DQ02_FRM_DivSZ_5510023F,2,7,23,600,101.5,99.86,98.0,1,13
2,pat73,d1700588P0422221C_RL_B0Fmm00_PB0PCcZNC0909_B64mA1la0R0vxxxxxx_000A07fBIsc_xBCxxxXxxFgxxn_DQ02_FRM_DivSZ_5510023F,3,0,24,600,105.0,102.86,100.0,1,11
2,pat73,d1700588P0422221C_RL_B0Fmm00_PB0PCcZNC0909_B64mA1la0R0vxxxxxx_000A07fBIsc_xBCxxxXxxFgxxn_DQ02_FRM_DivSZ_5510023F,3,1,25,600,104.5,102.59,100.5,1,11
2,pat73,d1700588P0422221C_RL_B0Fmm00_PB0PCcZNC0909_B64mA1la0R0vxxxxxx_000A07fBIsc_xBCxxxXxxFgxxn_DQ02_FRM_DivSZ_5510023F,3,2,26,600,103.0,100.84,99.0,0,8
2,pat73,d1700588P0422221C_RL_B0Fmm00_PB0PCcZNC0909_B64mA1la0R0vxxxxxx_000A07fBIsc_xBCxxxXxxFgxxn_DQ02_FRM_DivSZ_5510023F,3,3,27,600,102.0,100.5,99.0,0,8
2,pat73,d1700588P0422221C_RL_B0Fmm00_PB0PCcZNC0909_B64mA1la0R0vxxxxxx_000A07fBIsc_xBCxxxXxxFgxxn_DQ02_FRM_DivSZ_5510023F,3,4,28,600,107.5,103.88,100.5,1,11
2,pat73,d1700588P0422221C_RL_B0Fmm00_PB0PCcZNC0909_B64mA1la0R0vxxxxxx_000A07fBIsc_xBCxxxXxxFgxxn_DQ02_FRM_DivSZ_5510023F,3,5,29,600,106.0,103.25,101.0,1,11
2,pat73,d1700588P0422221C_RL_B0Fmm00_PB0PCcZNC0909_B64mA1la0R0vxxxxxx_000A07fBIsc_xBCxxxXxxFgxxn_DQ02_FRM_DivSZ_5510023F,3,6,30,600,102.5,101.03,99.5,0,6
2,pat73,d1700588P0422221C_RL_B0Fmm00_PB0PCcZNC0909_B64mA1la0R0vxxxxxx_000A07fBIsc_xBCxxxXxxFgxxn_DQ02_FRM_DivSZ_5510023F,3,7,31,600,103.5,101.0,99.5,0,8
2,pat74,d1683982P0421329C_RL_B0Fmm00_PB0PCcZNC0909_B64mA1la0R0vxxxxxx_000A07fBIsc_xBCxxxXxxFgxxn_DQ02_FRM_MMulSSZ_55000244,0,0,0,600,108.5,103.31,98.5,1,11
2,pat74,d1683982P0421329C_RL_B0Fmm00_PB0PCcZNC0909_B64mA1la0R0vxxxxxx_000A07fBIsc_xBCxxxXxxFgxxn_DQ02_FRM_MMulSSZ_55000244,0,1,1,600,110.0,103.84,99.5,1,11
2,pat74,d1683982P0421329C_RL_B0Fmm00_PB0PCcZNC0909_B64mA1la0R0vxxxxxx_000A07fBIsc_xBCxxxXxxFgxxn_DQ02_FRM_MMulSSZ_55000244,0,2,2,600,101.5,100.12,99.0,0,14
2,pat74,d1683982P0421329C_RL_B0Fmm00_PB0PCcZNC0909_B64mA1la0R0vxxxxxx_000A07fBIsc_xBCxxxXxxFgxxn_DQ02_FRM_MMulSSZ_55000244,0,3,3,600,100.5,99.01,97.5,0,8
2,pat74,d1683982P0421329C_RL_B0Fmm00_PB0PCcZNC0909_B64mA1la0R0vxxxxxx_000A07fBIsc_xBCxxxXxxFgxxn_DQ02_FRM_MMulSSZ_55000244,0,4,4,600,109.5,103.69,99.5,1,11
2,pat74,d1683982P0421329C_RL_B0Fmm00_PB0PCcZNC0909_B64mA1la0R0vxxxxxx_000A07fBIsc_xBCxxxXxxFgxxn_DQ02_FRM_MMulSSZ_55000244,0,5,5,600,110.0,104.44,100.5,1,11
2,pat74,d1683982P0421329C_RL_B0Fmm00_PB0PCcZNC0909_B64mA1la0R0vxxxxxx_000A07fBIsc_xBCxxxXxxFgxxn_DQ02_FRM_MMulSSZ_55000244,0,6,6,600,101.5,100.02,98.5,0,8
2,pat74,d1683982P0421329C_RL_B0Fmm00_PB0PCcZNC0909_B64mA1la0R0vxxxxxx_000A07fBIsc_xBCxxxXxxFgxxn_DQ02_FRM_MMulSSZ_55000244,0,7,7,600,100.5,99.53,98.0,0,6
2,pat74,d1683982P0421329C_RL_B0Fmm00_PB0PCcZNC0909_B64mA1la0R0vxxxxxx_000A07fBIsc_xBCxxxXxxFgxxn_DQ02_FRM_MMulSSZ_55000244,1,0,8,600,106.5,102.94,99.5,1,11
2,pat74,d1683982P0421329C_RL_B0Fmm00_PB0PCcZNC0909_B64mA1la0R0vxxxxxx_000A07fBIsc_xBCxxxXxxFgxxn_DQ02_FRM_MMulSSZ_55000244,1,1,9,600,106.0,102.86,99.5,1,11
2,pat74,d1683982P0421329C_RL_B0Fmm00_PB0PCcZNC0909_B64mA1la0R0vxxxxxx_000A07fBIsc_xBCxxxXxxFgxxn_DQ02_FRM_MMulSSZ_55000244,1,2,10,600,101.5,100.06,98.5,0,8
2,pat74,d1683982P0421329C_RL_B0Fmm00_PB0PCcZNC0909_B64mA1la0R0vxxxxxx_000A07fBIsc_xBCxxxXxxFgxxn_DQ02_FRM_MMulSSZ_55000244,1,3,11,600,101.5,100.13,98.5,0,8
2,pat74,d1683982P0421329C_RL_B0Fmm00_PB0PCcZNC0909_B64mA1la0R0vxxxxxx_000A07fBIsc_xBCxxxXxxFgxxn_DQ02_FRM_MMulSSZ_55000244,1,4,12,600,107.0,103.27,100.5,1,11
2,pat74,d1683982P0421329C_RL_B0Fmm00_PB0PCcZNC0909_B64mA1la0R0vxxxxxx_000A07fBIsc_xBCxxxXxxFgxxn_DQ02_FRM_MMulSSZ_55000244,1,5,13,600,107.0,103.31,100.0,1,11
2,pat74,d1683982P0421329C_RL_B0Fmm00_PB0PCcZNC0909_B64mA1la0R0vxxxxxx_000A07fBIsc_xBCxxxXxxFgxxn_DQ02_FRM_MMulSSZ_55000244,1,6,14,600,102.5,100.5,98.5,0,1
2,pat74,d1683982P0421329C_RL_B0Fmm00_PB0PCcZNC0909_B64mA1la0R0vxxxxxx_000A07fBIsc_xBCxxxXxxFgxxn_DQ02_FRM_MMulSSZ_55000244,1,7,15,600,102.0,99.73,97.5,0,8
2,pat74,d1683982P0421329C_RL_B0Fmm00_PB0PCcZNC0909_B64mA1la0R0vxxxxxx_000A07fBIsc_xBCxxxXxxFgxxn_DQ02_FRM_MMulSSZ_55000244,2,0,16,600,108.0,104.19,101.0,1,11
2,pat74,d1683982P0421329C_RL_B0Fmm00_PB0PCcZNC0909_B64mA1la0R0vxxxxxx_000A07fBIsc_xBCxxxXxxFgxxn_DQ02_FRM_MMulSSZ_55000244,2,1,17,600,109.5,104.49,101.0,1,2
2,pat74,d1683982P0421329C_RL_B0Fmm00_PB0PCcZNC0909_B64mA1la0R0vxxxxxx_000A07fBIsc_xBCxxxXxxFgxxn_DQ02_FRM_MMulSSZ_55000244,2,2,18,600,102.0,100.34,99.0,1,14
2,pat74,d1683982P0421329C_RL_B0Fmm00_PB0PCcZNC0909_B64mA1la0R0vxxxxxx_000A07fBIsc_xBCxxxXxxFgxxn_DQ02_FRM_MMulSSZ_55000244,2,3,19,600,102.0,100.41,99.0,1,5
2,pat74,d1683982P0421329C_RL_B0Fmm00_PB0PCcZNC0909_B64mA1la0R0vxxxxxx_000A07fBIsc_xBCxxxXxxFgxxn_DQ02_FRM_MMulSSZ_55000244,2,4,20,600,109.0,103.36,100.5,1,11
2,pat74,d1683982P0421329C_RL_B0Fmm00_PB0PCcZNC0909_B64mA1la0R0vxxxxxx_000A07fBIsc_xBCxxxXxxFgxxn_DQ02_FRM_MMulSSZ_55000244,2,5,21,600,107.0,103.88,101.0,1,11
2,pat74,d1683982P0421329C_RL_B0Fmm00_PB0PCcZNC0909_B64mA1la0R0vxxxxxx_000A07fBIsc_xBCxxxXxxFgxxn_DQ02_FRM_MMulSSZ_55000244,2,6,22,600,103.5,100.96,98.5,0,8
2,pat74,d1683982P0421329C_RL_B0Fmm00_PB0PCcZNC0909_B64mA1la0R0vxxxxxx_000A07fBIsc_xBCxxxXxxFgxxn_DQ02_FRM_MMulSSZ_55000244,2,7,23,600,101.5,99.98,98.5,1,6
2,pat74,d1683982P0421329C_RL_B0Fmm00_PB0PCcZNC0909_B64mA1la0R0vxxxxxx_000A07fBIsc_xBCxxxXxxFgxxn_DQ02_FRM_MMulSSZ_55000244,3,0,24,600,106.0,102.86,100.0,1,11
2,pat74,d1683982P0421329C_RL_B0Fmm00_PB0PCcZNC0909_B64mA1la0R0vxxxxxx_000A07fBIsc_xBCxxxXxxFgxxn_DQ02_FRM_MMulSSZ_55000244,3,1,25,600,104.5,102.56,100.5,0,11
2,pat74,d1683982P0421329C_RL_B0Fmm00_PB0PCcZNC0909_B64mA1la0R0vxxxxxx_000A07fBIsc_xBCxxxXxxFgxxn_DQ02_FRM_MMulSSZ_55000244,3,2,26,600,103.0,100.99,99.5,0,8
2,pat74,d1683982P0421329C_RL_B0Fmm00_PB0PCcZNC0909_B64mA1la0R0vxxxxxx_000A07fBIsc_xBCxxxXxxFgxxn_DQ02_FRM_MMulSSZ_55000244,3,3,27,600,102.0,100.56,99.0,0,8
2,pat74,d1683982P0421329C_RL_B0Fmm00_PB0PCcZNC0909_B64mA1la0R0vxxxxxx_000A07fBIsc_xBCxxxXxxFgxxn_DQ02_FRM_MMulSSZ_55000244,3,4,28,600,107.5,103.69,100.0,1,9
2,pat74,d1683982P0421329C_RL_B0Fmm00_PB0PCcZNC0909_B64mA1la0R0vxxxxxx_000A07fBIsc_xBCxxxXxxFgxxn_DQ02_FRM_MMulSSZ_55000244,3,5,29,600,106.0,103.19,101.0,1,11
2,pat74,d1683982P0421329C_RL_B0Fmm00_PB0PCcZNC0909_B64mA1la0R0vxxxxxx_000A07fBIsc_xBCxxxXxxFgxxn_DQ02_FRM_MMulSSZ_55000244,3,6,30,600,102.5,101.13,99.5,0,6
2,pat74,d1683982P0421329C_RL_B0Fmm00_PB0PCcZNC0909_B64mA1la0R0vxxxxxx_000A07fBIsc_xBCxxxXxxFgxxn_DQ02_FRM_MMulSSZ_55000244,3,7,31,600,103.5,101.09,99.5,0,8
2,pat75,d1700764P0422401C_RL_B0Fmm00_PB0PCcZNC0909_B64mA1la0R0vxxxxxx_000A07fBIsc_xBCxxxXxxFgxxn_DQ02_Fuso_5510027B,0,0,0,600,107.5,103.27,98.5,1,11
2,pat75,d1700764P0422401C_RL_B0Fmm00_PB0PCcZNC0909_B64mA1la0R0vxxxxxx_000A07fBIsc_xBCxxxXxxFgxxn_DQ02_Fuso_5510027B,0,1,1,600,109.0,103.68,99.5,1,2
2,pat75,d1700764P0422401C_RL_B0Fmm00_PB0PCcZNC0909_B64mA1la0R0vxxxxxx_000A07fBIsc_xBCxxxXxxFgxxn_DQ02_Fuso_5510027B,0,2,2,600,101.0,100.01,99.0,0,14
2,pat75,d1700764P0422401C_RL_B0Fmm00_PB0PCcZNC0909_B64mA1la0R0vxxxxxx_000A07fBIsc_xBCxxxXxxFgxxn_DQ02_Fuso_5510027B,0,3,3,600,100.5,99.0,97.5,0,8
2,pat75,d1700764P0422401C_RL_B0Fmm00_PB0PCcZNC0909_B64mA1la0R0vxxxxxx_000A07fBIsc_xBCxxxXxxFgxxn_DQ02_Fuso_5510027B,0,4,4,600,108.5,103.59,100.0,1,11
2,pat75,d1700764P0422401C_RL_B0Fmm00_PB0PCcZNC0909_B64mA1la0R0vxxxxxx_000A07fBIsc_xBCxxxXxxFgxxn_DQ02_Fuso_5510027B,0,5,5,600,109.0,104.47,100.5,1,2
2,pat75,d1700764P0422401C_RL_B0Fmm00_PB0PCcZNC0909_B64mA1la0R0vxxxxxx_000A07fBIsc_xBCxxxXxxFgxxn_DQ02_Fuso_5510027B,0,6,6,600,101.5,99.97,98.5,1,2
2,pat75,d1700764P0422401C_RL_B0Fmm00_PB0PCcZNC0909_B64mA1la0R0vxxxxxx_000A07fBIsc_xBCxxxXxxFgxxn_DQ02_Fuso_5510027B,0,7,7,600,100.5,99.54,98.0,0,4
2,pat75,d1700764P0422401C_RL_B0Fmm00_PB0PCcZNC0909_B64mA1la0R0vxxxxxx_000A07fBIsc_xBCxxxXxxFgxxn_DQ02_Fuso_5510027B,1,0,8,600,105.5,102.88,100.0,1,11
2,pat75,d1700764P0422401C_RL_B0Fmm00_PB0PCcZNC0909_B64mA1la0R0vxxxxxx_000A07fBIsc_xBCxxxXxxFgxxn_DQ02_Fuso_5510027B,1,1,9,600,105.5,102.83,100.0,0,2
2,pat75,d1700764P0422401C_RL_B0Fmm00_PB0PCcZNC0909_B64mA1la0R0vxxxxxx_000A07fBIsc_xBCxxxXxxFgxxn_DQ02_Fuso_5510027B,1,2,10,600,101.5,100.0,98.0,0,8
2,pat75,d1700764P0422401C_RL_B0Fmm00_PB0PCcZNC0909_B64mA1la0R0vxxxxxx_000A07fBIsc_xBCxxxXxxFgxxn_DQ02_Fuso_5510027B,1,3,11,600,101.0,100.0,98.5,0,8
2,pat75,d1700764P0422401C_RL_B0Fmm00_PB0PCcZNC0909_B64mA1la0R0vxxxxxx_000A07fBIsc_xBCxxxXxxFgxxn_DQ02_Fuso_5510027B,1,4,12,600,106.5,103.26,100.5,1,11
2,pat75,d1700764P0422401C_RL_B0Fmm00_PB0PCcZNC0909_B64mA1la0R0vxxxxxx_000A07fBIsc_xBCxxxXxxFgxxn_DQ02_Fuso_5510027B,1,5,13,600,106.5,103.29,100.0,1,2
2,pat75,d1700764P0422401C_RL_B0Fmm00_PB0PCcZNC0909_B64mA1la0R0vxxxxxx_000A07fBIsc_xBCxxxXxxFgxxn_DQ02_Fuso_5510027B,1,6,14,600,102.0,100.43,98.0,0,8
2,pat75,d1700764P0422401C_RL_B0Fmm00_PB0PCcZNC0909_B64mA1la0R0vxxxxxx_000A07fBIsc_xBCxxxXxxFgxxn_DQ02_Fuso_5510027B,1,7,15,600,101.5,99.76,97.5,0,8
2,pat75,d1700764P0422401C_RL_B0Fmm00_PB0PCcZNC0909_B64mA1la0R0vxxxxxx_000A07fBIsc_xBCxxxXxxFgxxn_DQ02_Fuso_5510027B,2,0,16,600,106.5,104.11,100.5,0,0
2,pat75,d1700764P0422401C_RL_B0Fmm00_PB0PCcZNC0909_B64mA1la0R0vxxxxxx_000A07fBIsc_xBCxxxXxxFgxxn_DQ02_Fuso_5510027B,2,1,17,600,108.5,104.54,101.0,1,2
2,pat75,d1700764P0422401C_RL_B0Fmm00_PB0PCcZNC0909_B64mA1la0R0vxxxxxx_000A07fBIsc_xBCxxxXxxFgxxn_DQ02_Fuso_5510027B,2,2,18,600,102.0,100.36,99.0,0,7
2,pat75,d1700764P0422401C_RL_B0Fmm00_PB0PCcZNC0909_B64mA1la0R0vxxxxxx_000A07fBIsc_xBCxxxXxxFgxxn_DQ02_Fuso_5510027B,2,3,19,600,102.0,100.37,99.0,1,5
2,pat75,d1700764P0422401C_RL_B0Fmm00_PB0PCcZNC0909_B64mA1la0R0vxxxxxx_000A07fBIsc_xBCxxxXxxFgxxn_DQ02_Fuso_5510027B,2,4,20,600,108.0,103.42,100.5,1,11
2,pat75,d1700764P0422401C_RL_B0Fmm00_PB0PCcZNC0909_B64mA1la0R0vxxxxxx_000A07fBIsc_xBCxxxXxxFgxxn_DQ02_Fuso_5510027B,2,5,21,600,106.5,103.94,101.0,1,11
2,pat75,d1700764P0422401C_RL_B0Fmm00_PB0PCcZNC0909_B64mA1la0R0vxxxxxx_000A07fBIsc_xBCxxxXxxFgxxn_DQ02_Fuso_5510027B,2,6,22,600,103.5,101.0,99.0,0,8
2,pat75,d1700764P0422401C_RL_B0Fmm00_PB0PCcZNC0909_B64mA1la0R0vxxxxxx_000A07fBIsc_xBCxxxXxxFgxxn_DQ02_Fuso_5510027B,2,7,23,600,101.5,100.04,98.5,0,8
2,pat75,d1700764P0422401C_RL_B0Fmm00_PB0PCcZNC0909_B64mA1la0R0vxxxxxx_000A07fBIsc_xBCxxxXxxFgxxn_DQ02_Fuso_5510027B,3,0,24,600,105.0,102.86,100.0,1,0
2,pat75,d1700764P0422401C_RL_B0Fmm00_PB0PCcZNC0909_B64mA1la0R0vxxxxxx_000A07fBIsc_xBCxxxXxxFgxxn_DQ02_Fuso_5510027B,3,1,25,600,105.0,102.6,100.5,0,0
2,pat75,d1700764P0422401C_RL_B0Fmm00_PB0PCcZNC0909_B64mA1la0R0vxxxxxx_000A07fBIsc_xBCxxxXxxFgxxn_DQ02_Fuso_5510027B,3,2,26,600,103.0,101.05,99.0,0,6
2,pat75,d1700764P0422401C_RL_B0Fmm00_PB0PCcZNC0909_B64mA1la0R0vxxxxxx_000A07fBIsc_xBCxxxXxxFgxxn_DQ02_Fuso_5510027B,3,3,27,600,101.5,100.43,99.0,0,8
2,pat75,d1700764P0422401C_RL_B0Fmm00_PB0PCcZNC0909_B64mA1la0R0vxxxxxx_000A07fBIsc_xBCxxxXxxFgxxn_DQ02_Fuso_5510027B,3,4,28,600,107.5,103.85,100.0,1,11
2,pat75,d1700764P0422401C_RL_B0Fmm00_PB0PCcZNC0909_B64mA1la0R0vxxxxxx_000A07fBIsc_xBCxxxXxxFgxxn_DQ02_Fuso_5510027B,3,5,29,600,106.5,103.2,101.0,1,0
2,pat75,d1700764P0422401C_RL_B0Fmm00_PB0PCcZNC0909_B64mA1la0R0vxxxxxx_000A07fBIsc_xBCxxxXxxFgxxn_DQ02_Fuso_5510027B,3,6,30,600,102.5,101.17,99.5,0,6
2,pat75,d1700764P0422401C_RL_B0Fmm00_PB0PCcZNC0909_B64mA1la0R0vxxxxxx_000A07fBIsc_xBCxxxXxxFgxxn_DQ02_Fuso_5510027B,3,7,31,600,104.0,101.13,99.5,0,8
2,pat76,d1682993P0420894C_RL_B0Fmm00_PB0PCcZNC0909_B64mA1la0R0vxxxxxx_000A07fBIsc_xBCxxxXxxFgxxn_DQ02_Blender_A1J_550000AB,0,0,0,600,108.0,103.52,98.5,1,11
2,pat76,d1682993P0420894C_RL_B0Fmm00_PB0PCcZNC0909_B64mA1la0R0vxxxxxx_000A07fBIsc_xBCxxxXxxFgxxn_DQ02_Blender_A1J_550000AB,0,1,1,600,109.5,104.02,99.5,1,2
2,pat76,d1682993P0420894C_RL_B0Fmm00_PB0PCcZNC0909_B64mA1la0R0vxxxxxx_000A07fBIsc_xBCxxxXxxFgxxn_DQ02_Blender_A1J_550000AB,0,2,2,600,101.5,100.05,99.0,0,14
2,pat76,d1682993P0420894C_RL_B0Fmm00_PB0PCcZNC0909_B64mA1la0R0vxxxxxx_000A07fBIsc_xBCxxxXxxFgxxn_DQ02_Blender_A1J_550000AB,0,3,3,600,100.5,98.95,97.5,0,8
2,pat76,d1682993P0420894C_RL_B0Fmm00_PB0PCcZNC0909_B64mA1la0R0vxxxxxx_000A07fBIsc_xBCxxxXxxFgxxn_DQ02_Blender_A1J_550000AB,0,4,4,600,109.5,103.9,99.5,1,11
2,pat76,d1682993P0420894C_RL_B0Fmm00_PB0PCcZNC0909_B64mA1la0R0vxxxxxx_000A07fBIsc_xBCxxxXxxFgxxn_DQ02_Blender_A1J_550000AB,0,5,5,600,109.5,104.75,100.5,1,11
2,pat76,d1682993P0420894C_RL_B0Fmm00_PB0PCcZNC0909_B64mA1la0R0vxxxxxx_000A07fBIsc_xBCxxxXxxFgxxn_DQ02_Blender_A1J_550000AB,0,6,6,600,101.5,100.02,98.5,1,2
2,pat76,d1682993P0420894C_RL_B0Fmm00_PB0PCcZNC0909_B64mA1la0R0vxxxxxx_000A07fBIsc_xBCxxxXxxFgxxn_DQ02_Blender_A1J_550000AB,0,7,7,600,100.5,99.54,98.0,1,8
2,pat76,d1682993P0420894C_RL_B0Fmm00_PB0PCcZNC0909_B64mA1la0R0vxxxxxx_000A07fBIsc_xBCxxxXxxFgxxn_DQ02_Blender_A1J_550000AB,1,0,8,600,106.0,103.0,99.5,1,9
2,pat76,d1682993P0420894C_RL_B0Fmm00_PB0PCcZNC0909_B64mA1la0R0vxxxxxx_000A07fBIsc_xBCxxxXxxFgxxn_DQ02_Blender_A1J_550000AB,1,1,9,600,105.5,103.02,100.0,1,11
2,pat76,d1682993P0420894C_RL_B0Fmm00_PB0PCcZNC0909_B64mA1la0R0vxxxxxx_000A07fBIsc_xBCxxxXxxFgxxn_DQ02_Blender_A1J_550000AB,1,2,10,600,101.5,100.01,98.0,1,8
2,pat76,d1682993P0420894C_RL_B0Fmm00_PB0PCcZNC0909_B64mA1la0R0vxxxxxx_000A07fBIsc_xBCxxxXxxFgxxn_DQ02_Blender_A1J_550000AB,1,3,11,600,101.5,100.05,98.5,0,8
2,pat76,d1682993P0420894C_RL_B0Fmm00_PB0PCcZNC0909_B64mA1la0R0vxxxxxx_000A07fBIsc_xBCxxxXxxFgxxn_DQ02_Blender_A1J_550000AB,1,4,12,600,106.5,103.43,100.5,1,11
2,pat76,d1682993P0420894C_RL_B0Fmm00_PB0PCcZNC0909_B64mA1la0R0vxxxxxx_000A07fBIsc_xBCxxxXxxFgxxn_DQ02_Blender_A1J_550000AB,1,5,13,600,106.5,103.58,100.0,1,2
2,pat76,d1682993P0420894C_RL_B0Fmm00_PB0PCcZNC0909_B64mA1la0R0vxxxxxx_000A07fBIsc_xBCxxxXxxFgxxn_DQ02_Blender_A1J_550000AB,1,6,14,600,102.0,100.29,98.0,0,1
2,pat76,d1682993P0420894C_RL_B0Fmm00_PB0PCcZNC0909_B64mA1la0R0vxxxxxx_000A07fBIsc_xBCxxxXxxFgxxn_DQ02_Blender_A1J_550000AB,1,7,15,600,101.5,99.73,97.5,0,8
2,pat76,d1682993P0420894C_RL_B0Fmm00_PB0PCcZNC0909_B64mA1la0R0vxxxxxx_000A07fBIsc_xBCxxxXxxFgxxn_DQ02_Blender_A1J_550000AB,2,0,16,600,107.0,104.35,100.5,1,11
2,pat76,d1682993P0420894C_RL_B0Fmm00_PB0PCcZNC0909_B64mA1la0R0vxxxxxx_000A07fBIsc_xBCxxxXxxFgxxn_DQ02_Blender_A1J_550000AB,2,1,17,600,109.0,104.75,100.5,1,2
2,pat76,d1682993P0420894C_RL_B0Fmm00_PB0PCcZNC0909_B64mA1la0R0vxxxxxx_000A07fBIsc_xBCxxxXxxFgxxn_DQ02_Blender_A1J_550000AB,2,2,18,600,101.5,100.33,99.0,1,14
2,pat76,d1682993P0420894C_RL_B0Fmm00_PB0PCcZNC0909_B64mA1la0R0vxxxxxx_000A07fBIsc_xBCxxxXxxFgxxn_DQ02_Blender_A1J_550000AB,2,3,19,600,102.0,100.31,99.0,1,9
2,pat76,d1682993P0420894C_RL_B0Fmm00_PB0PCcZNC0909_B64mA1la0R0vxxxxxx_000A07fBIsc_xBCxxxXxxFgxxn_DQ02_Blender_A1J_550000AB,2,4,20,600,108.5,103.59,101.0,1,11
2,pat76,d1682993P0420894C_RL_B0Fmm00_PB0PCcZNC0909_B64mA1la0R0vxxxxxx_000A07fBIsc_xBCxxxXxxFgxxn_DQ02_Blender_A1J_550000AB,2,5,21,600,107.0,104.09,101.0,1,11
2,pat76,d1682993P0420894C_RL_B0Fmm00_PB0PCcZNC0909_B64mA1la0R0vxxxxxx_000A07fBIsc_xBCxxxXxxFgxxn_DQ02_Blender_A1J_550000AB,2,6,22,600,103.5,100.93,98.5,0,8
2,pat76,d1682993P0420894C_RL_B0Fmm00_PB0PCcZNC0909_B64mA1la0R0vxxxxxx_000A07fBIsc_xBCxxxXxxFgxxn_DQ02_Blender_A1J_550000AB,2,7,23,600,101.0,99.97,98.5,0,8
2,pat76,d1682993P0420894C_RL_B0Fmm00_PB0PCcZNC0909_B64mA1la0R0vxxxxxx_000A07fBIsc_xBCxxxXxxFgxxn_DQ02_Blender_A1J_550000AB,3,0,24,600,105.5,102.96,100.0,1,11
2,pat76,d1682993P0420894C_RL_B0Fmm00_PB0PCcZNC0909_B64mA1la0R0vxxxxxx_000A07fBIsc_xBCxxxXxxFgxxn_DQ02_Blender_A1J_550000AB,3,1,25,600,104.5,102.74,100.5,1,11
2,pat76,d1682993P0420894C_RL_B0Fmm00_PB0PCcZNC0909_B64mA1la0R0vxxxxxx_000A07fBIsc_xBCxxxXxxFgxxn_DQ02_Blender_A1J_550000AB,3,2,26,600,102.5,100.92,99.5,0,8
2,pat76,d1682993P0420894C_RL_B0Fmm00_PB0PCcZNC0909_B64mA1la0R0vxxxxxx_000A07fBIsc_xBCxxxXxxFgxxn_DQ02_Blender_A1J_550000AB,3,3,27,600,102.5,100.5,99.0,0,8
2,pat76,d1682993P0420894C_RL_B0Fmm00_PB0PCcZNC0909_B64mA1la0R0vxxxxxx_000A07fBIsc_xBCxxxXxxFgxxn_DQ02_Blender_A1J_550000AB,3,4,28,600,107.5,103.88,100.0,1,9
2,pat76,d1682993P0420894C_RL_B0Fmm00_PB0PCcZNC0909_B64mA1la0R0vxxxxxx_000A07fBIsc_xBCxxxXxxFgxxn_DQ02_Blender_A1J_550000AB,3,5,29,600,105.5,103.32,101.0,1,0
2,pat76,d1682993P0420894C_RL_B0Fmm00_PB0PCcZNC0909_B64mA1la0R0vxxxxxx_000A07fBIsc_xBCxxxXxxFgxxn_DQ02_Blender_A1J_550000AB,3,6,30,600,102.5,101.2,99.5,0,6
2,pat76,d1682993P0420894C_RL_B0Fmm00_PB0PCcZNC0909_B64mA1la0R0vxxxxxx_000A07fBIsc_xBCxxxXxxFgxxn_DQ02_Blender_A1J_550000AB,3,7,31,600,103.5,101.08,99.5,0,8
2,pat77,d1684581P0421566C_RL_B0Fmm00_PB0PCcZNC0909_B64mA1la0R0vxxxxxx_000A07fBIsc_xBCxxxXxxFgxxn_DQ02_Blender_A1J_5500003E,0,0,0,600,109.0,103.51,99.0,1,11
2,pat77,d1684581P0421566C_RL_B0Fmm00_PB0PCcZNC0909_B64mA1la0R0vxxxxxx_000A07fBIsc_xBCxxxXxxFgxxn_DQ02_Blender_A1J_5500003E,0,1,1,600,109.5,103.83,99.5,1,11
2,pat77,d1684581P0421566C_RL_B0Fmm00_PB0PCcZNC0909_B64mA1la0R0vxxxxxx_000A07fBIsc_xBCxxxXxxFgxxn_DQ02_Blender_A1J_5500003E,0,2,2,600,101.5,100.14,99.5,0,14
2,pat77,d1684581P0421566C_RL_B0Fmm00_PB0PCcZNC0909_B64mA1la0R0vxxxxxx_000A07fBIsc_xBCxxxXxxFgxxn_DQ02_Blender_A1J_5500003E,0,3,3,600,100.5,99.0,97.5,0,8
2,pat77,d1684581P0421566C_RL_B0Fmm00_PB0PCcZNC0909_B64mA1la0R0vxxxxxx_000A07fBIsc_xBCxxxXxxFgxxn_DQ02_Blender_A1J_5500003E,0,4,4,600,109.0,103.79,100.0,1,11
2,pat77,d1684581P0421566C_RL_B0Fmm00_PB0PCcZNC0909_B64mA1la0R0vxxxxxx_000A07fBIsc_xBCxxxXxxFgxxn_DQ02_Blender_A1J_5500003E,0,5,5,600,109.5,104.67,100.5,1,11
2,pat77,d1684581P0421566C_RL_B0Fmm00_PB0PCcZNC0909_B64mA1la0R0vxxxxxx_000A07fBIsc_xBCxxxXxxFgxxn_DQ02_Blender_A1J_5500003E,0,6,6,600,101.5,100.1,98.5,0,8
2,pat77,d1684581P0421566C_RL_B0Fmm00_PB0PCcZNC0909_B64mA1la0R0vxxxxxx_000A07fBIsc_xBCxxxXxxFgxxn_DQ02_Blender_A1J_5500003E,0,7,7,600,101.0,99.68,98.0,1,6
2,pat77,d1684581P0421566C_RL_B0Fmm00_PB0PCcZNC0909_B64mA1la0R0vxxxxxx_000A07fBIsc_xBCxxxXxxFgxxn_DQ02_Blender_A1J_5500003E,1,0,8,600,106.5,102.95,99.5,1,11
2,pat77,d1684581P0421566C_RL_B0Fmm00_PB0PCcZNC0909_B64mA1la0R0vxxxxxx_000A07fBIsc_xBCxxxXxxFgxxn_DQ02_Blender_A1J_5500003E,1,1,9,600,106.0,102.94,100.0,1,11
2,pat77,d1684581P0421566C_RL_B0Fmm00_PB0PCcZNC0909_B64mA1la0R0vxxxxxx_000A07fBIsc_xBCxxxXxxFgxxn_DQ02_Blender_A1J_5500003E,1,2,10,600,101.5,100.17,98.5,1,7
2,pat77,d1684581P0421566C_RL_B0Fmm00_PB0PCcZNC0909_B64mA1la0R0vxxxxxx_000A07fBIsc_xBCxxxXxxFgxxn_DQ02_Blender_A1J_5500003E,1,3,11,600,101.5,100.16,98.5,0,8
2,pat77,d1684581P0421566C_RL_B0Fmm00_PB0PCcZNC0909_B64mA1la0R0vxxxxxx_000A07fBIsc_xBCxxxXxxFgxxn_DQ02_Blender_A1J_5500003E,1,4,12,600,106.5,103.39,100.5,1,11
2,pat77,d1684581P0421566C_RL_B0Fmm00_PB0PCcZNC0909_B64mA1la0R0vxxxxxx_000A07fBIsc_xBCxxxXxxFgxxn_DQ02_Blender_A1J_5500003E,1,5,13,600,107.0,103.62,100.0,1,11
2,pat77,d1684581P0421566C_RL_B0Fmm00_PB0PCcZNC0909_B64mA1la0R0vxxxxxx_000A07fBIsc_xBCxxxXxxFgxxn_DQ02_Blender_A1J_5500003E,1,6,14,600,102.0,100.45,98.0,0,8
2,pat77,d1684581P0421566C_RL_B0Fmm00_PB0PCcZNC0909_B64mA1la0R0vxxxxxx_000A07fBIsc_xBCxxxXxxFgxxn_DQ02_Blender_A1J_5500003E,1,7,15,600,101.5,99.75,97.5,0,8
2,pat77,d1684581P0421566C_RL_B0Fmm00_PB0PCcZNC0909_B64mA1la0R0vxxxxxx_000A07fBIsc_xBCxxxXxxFgxxn_DQ02_Blender_A1J_5500003E,2,0,16,600,107.5,104.37,100.5,1,11
2,pat77,d1684581P0421566C_RL_B0Fmm00_PB0PCcZNC0909_B64mA1la0R0vxxxxxx_000A07fBIsc_xBCxxxXxxFgxxn_DQ02_Blender_A1J_5500003E,2,1,17,600,109.0,104.78,101.0,1,2
2,pat77,d1684581P0421566C_RL_B0Fmm00_PB0PCcZNC0909_B64mA1la0R0vxxxxxx_000A07fBIsc_xBCxxxXxxFgxxn_DQ02_Blender_A1J_5500003E,2,2,18,600,102.0,100.36,99.0,1,14
2,pat77,d1684581P0421566C_RL_B0Fmm00_PB0PCcZNC0909_B64mA1la0R0vxxxxxx_000A07fBIsc_xBCxxxXxxFgxxn_DQ02_Blender_A1J_5500003E,2,3,19,600,102.5,100.53,99.0,1,9
2,pat77,d1684581P0421566C_RL_B0Fmm00_PB0PCcZNC0909_B64mA1la0R0vxxxxxx_000A07fBIsc_xBCxxxXxxFgxxn_DQ02_Blender_A1J_5500003E,2,4,20,600,109.0,103.56,100.5,1,11
2,pat77,d1684581P0421566C_RL_B0Fmm00_PB0PCcZNC0909_B64mA1la0R0vxxxxxx_000A07fBIsc_xBCxxxXxxFgxxn_DQ02_Blender_A1J_5500003E,2,5,21,600,107.0,103.99,101.0,1,11
2,pat77,d1684581P0421566C_RL_B0Fmm00_PB0PCcZNC0909_B64mA1la0R0vxxxxxx_000A07fBIsc_xBCxxxXxxFgxxn_DQ02_Blender_A1J_5500003E,2,6,22,600,103.5,100.97,99.0,0,8
2,pat77,d1684581P0421566C_RL_B0Fmm00_PB0PCcZNC0909_B64mA1la0R0vxxxxxx_000A07fBIsc_xBCxxxXxxFgxxn_DQ02_Blender_A1J_5500003E,2,7,23,600,101.0,100.03,98.5,0,8
2,pat77,d1684581P0421566C_RL_B0Fmm00_PB0PCcZNC0909_B64mA1la0R0vxxxxxx_000A07fBIsc_xBCxxxXxxFgxxn_DQ02_Blender_A1J_5500003E,3,0,24,600,105.0,102.98,100.5,1,11
2,pat77,d1684581P0421566C_RL_B0Fmm00_PB0PCcZNC0909_B64mA1la0R0vxxxxxx_000A07fBIsc_xBCxxxXxxFgxxn_DQ02_Blender_A1J_5500003E,3,1,25,600,104.5,102.67,100.5,0,11
2,pat77,d1684581P0421566C_RL_B0Fmm00_PB0PCcZNC0909_B64mA1la0R0vxxxxxx_000A07fBIsc_xBCxxxXxxFgxxn_DQ02_Blender_A1J_5500003E,3,2,26,600,103.0,101.07,99.5,0,8
2,pat77,d1684581P0421566C_RL_B0Fmm00_PB0PCcZNC0909_B64mA1la0R0vxxxxxx_000A07fBIsc_xBCxxxXxxFgxxn_DQ02_Blender_A1J_5500003E,3,3,27,600,102.0,100.53,99.0,0,8
2,pat77,d1684581P0421566C_RL_B0Fmm00_PB0PCcZNC0909_B64mA1la0R0vxxxxxx_000A07fBIsc_xBCxxxXxxFgxxn_DQ02_Blender_A1J_5500003E,3,4,28,600,107.5,103.86,100.5,1,11
2,pat77,d1684581P0421566C_RL_B0Fmm00_PB0PCcZNC0909_B64mA1la0R0vxxxxxx_000A07fBIsc_xBCxxxXxxFgxxn_DQ02_Blender_A1J_5500003E,3,5,29,600,106.0,103.32,101.0,1,11
2,pat77,d1684581P0421566C_RL_B0Fmm00_PB0PCcZNC0909_B64mA1la0R0vxxxxxx_000A07fBIsc_xBCxxxXxxFgxxn_DQ02_Blender_A1J_5500003E,3,6,30,600,102.5,101.32,99.5,0,6
2,pat77,d1684581P0421566C_RL_B0Fmm00_PB0PCcZNC0909_B64mA1la0R0vxxxxxx_000A07fBIsc_xBCxxxXxxFgxxn_DQ02_Blender_A1J_5500003E,3,7,31,600,103.5,101.05,99.5,0,8
2,pat78,d1700805P0422460C_RL_B0Fmm00_PB0PCcZNC0909_B64mA1la0R0vxxxxxx_000A07fBIsc_xBCxxxXxxFgxxn_DQ02_LeekSpin_Y_551002B4,0,0,0,600,108.0,103.33,99.0,1,11
2,pat78,d1700805P0422460C_RL_B0Fmm00_PB0PCcZNC0909_B64mA1la0R0vxxxxxx_000A07fBIsc_xBCxxxXxxFgxxn_DQ02_LeekSpin_Y_551002B4,0,1,1,600,109.5,103.77,99.5,1,11
2,pat78,d1700805P0422460C_RL_B0Fmm00_PB0PCcZNC0909_B64mA1la0R0vxxxxxx_000A07fBIsc_xBCxxxXxxFgxxn_DQ02_LeekSpin_Y_551002B4,0,2,2,600,101.5,100.0,99.0,0,14
2,pat78,d1700805P0422460C_RL_B0Fmm00_PB0PCcZNC0909_B64mA1la0R0vxxxxxx_000A07fBIsc_xBCxxxXxxFgxxn_DQ02_LeekSpin_Y_551002B4,0,3,3,600,100.5,98.9,97.5,0,8
2,pat78,d1700805P0422460C_RL_B0Fmm00_PB0PCcZNC0909_B64mA1la0R0vxxxxxx_000A07fBIsc_xBCxxxXxxFgxxn_DQ02_LeekSpin_Y_551002B4,0,4,4,600,109.0,103.73,99.5,1,11
2,pat78,d1700805P0422460C_RL_B0Fmm00_PB0PCcZNC0909_B64mA1la0R0vxxxxxx_000A07fBIsc_xBCxxxXxxFgxxn_DQ02_LeekSpin_Y_551002B4,0,5,5,600,109.0,104.51,100.5,1,2
2,pat78,d1700805P0422460C_RL_B0Fmm00_PB0PCcZNC0909_B64mA1la0R0vxxxxxx_000A07fBIsc_xBCxxxXxxFgxxn_DQ02_LeekSpin_Y_551002B4,0,6,6,600,102.0,100.01,98.5,1,13
2,pat78,d1700805P0422460C_RL_B0Fmm00_PB0PCcZNC0909_B64mA1la0R0vxxxxxx_000A07fBIsc_xBCxxxXxxFgxxn_DQ02_LeekSpin_Y_551002B4,0,7,7,600,100.5,99.6,98.0,0,6
2,pat78,d1700805P0422460C_RL_B0Fmm00_PB0PCcZNC0909_B64mA1la0R0vxxxxxx_000A07fBIsc_xBCxxxXxxFgxxn_DQ02_LeekSpin_Y_551002B4,1,0,8,600,106.0,102.96,100.0,1,9
2,pat78,d1700805P0422460C_RL_B0Fmm00_PB0PCcZNC0909_B64mA1la0R0vxxxxxx_000A07fBIsc_xBCxxxXxxFgxxn_DQ02_LeekSpin_Y_551002B4,1,1,9,600,105.5,102.84,99.5,1,11
2,pat78,d1700805P0422460C_RL_B0Fmm00_PB0PCcZNC0909_B64mA1la0R0vxxxxxx_000A07fBIsc_xBCxxxXxxFgxxn_DQ02_LeekSpin_Y_551002B4,1,2,10,600,101.5,100.08,98.5,0,8
2,pat78,d1700805P0422460C_RL_B0Fmm00_PB0PCcZNC0909_B64mA1la0R0vxxxxxx_000A07fBIsc_xBCxxxXxxFgxxn_DQ02_LeekSpin_Y_551002B4,1,3,11,600,101.5,100.06,98.5,0,8
2,pat78,d1700805P0422460C_RL_B0Fmm00_PB0PCcZNC0909_B64mA1la0R0vxxxxxx_000A07fBIsc_xBCxxxXxxFgxxn_DQ02_LeekSpin_Y_551002B4,1,4,12,600,107.0,103.29,100.5,1,11
2,pat78,d1700805P0422460C_RL_B0Fmm00_PB0PCcZNC0909_B64mA1la0R0vxxxxxx_000A07fBIsc_xBCxxxXxxFgxxn_DQ02_LeekSpin_Y_551002B4,1,5,13,600,106.5,103.51,100.0,1,11
2,pat78,d1700805P0422460C_RL_B0Fmm00_PB0PCcZNC0909_B64mA1la0R0vxxxxxx_000A07fBIsc_xBCxxxXxxFgxxn_DQ02_LeekSpin_Y_551002B4,1,6,14,600,102.0,100.41,98.0,0,1
2,pat78,d1700805P0422460C_RL_B0Fmm00_PB0PCcZNC0909_B64mA1la0R0vxxxxxx_000A07fBIsc_xBCxxxXxxFgxxn_DQ02_LeekSpin_Y_551002B4,1,7,15,600,101.5,99.66,97.5,0,8
2,pat78,d1700805P0422460C_RL_B0Fmm00_PB0PCcZNC0909_B64mA1la0R0vxxxxxx_000A07fBIsc_xBCxxxXxxFgxxn_DQ02_LeekSpin_Y_551002B4,2,0,16,600,107.5,104.17,100.5,1,11
2,pat78,d1700805P0422460C_RL_B0Fmm00_PB0PCcZNC0909_B64mA1la0R0vxxxxxx_000A07fBIsc_xBCxxxXxxFgxxn_DQ02_LeekSpin_Y_551002B4,2,1,17,600,108.5,104.59,101.0,1,2
2,pat78,d1700805P0422460C_RL_B0Fmm00_PB0PCcZNC0909_B64mA1la0R0vxxxxxx_000A07fBIsc_xBCxxxXxxFgxxn_DQ02_LeekSpin_Y_551002B4,2,2,18,600,102.0,100.31,99.0,1,14
2,pat78,d1700805P0422460C_RL_B0Fmm00_PB0PCcZNC0909_B64mA1la0R0vxxxxxx_000A07fBIsc_xBCxxxXxxFgxxn_DQ02_LeekSpin_Y_551002B4,2,3,19,600,102.0,100.37,99.0,1,5
2,pat78,d1700805P0422460C_RL_B0Fmm00_PB0PCcZNC0909_B64mA1la0R0vxxxxxx_000A07fBIsc_xBCxxxXxxFgxxn_DQ02_LeekSpin_Y_551002B4,2,4,20,600,108.5,103.43,100.5,1,11
2,pat78,d1700805P0422460C_RL_B0Fmm00_PB0PCcZNC0909_B64mA1la0R0vxxxxxx_000A07fBIsc_xBCxxxXxxFgxxn_DQ02_LeekSpin_Y_551002B4,2,5,21,600,107.0,104.05,101.0,1,11
2,pat78,d1700805P0422460C_RL_B0Fmm00_PB0PCcZNC0909_B64mA1la0R0vxxxxxx_000A07fBIsc_xBCxxxXxxFgxxn_DQ02_LeekSpin_Y_551002B4,2,6,22,600,103.0,100.96,99.0,0,4
2,pat78,d1700805P0422460C_RL_B0Fmm00_PB0PCcZNC0909_B64mA1la0R0vxxxxxx_000A07fBIsc_xBCxxxXxxFgxxn_DQ02_LeekSpin_Y_551002B4,2,7,23,600,101.5,99.92,98.5,1,6
2,pat78,d1700805P0422460C_RL_B0Fmm00_PB0PCcZNC0909_B64mA1la0R0vxxxxxx_000A07fBIsc_xBCxxxXxxFgxxn_DQ02_LeekSpin_Y_551002B4,3,0,24,600,105.0,102.93,100.5,1,11
2,pat78,d1700805P0422460C_RL_B0Fmm00_PB0PCcZNC0909_B64mA1la0R0vxxxxxx_000A07fBIsc_xBCxxxXxxFgxxn_DQ02_LeekSpin_Y_551002B4,3,1,25,600,105.0,102.61,100.5,1,11
2,pat78,d1700805P0422460C_RL_B0Fmm00_PB0PCcZNC0909_B64mA1la0R0vxxxxxx_000A07fBIsc_xBCxxxXxxFgxxn_DQ02_LeekSpin_Y_551002B4,3,2,26,600,102.5,101.0,99.5,0,8
2,pat78,d1700805P0422460C_RL_B0Fmm00_PB0PCcZNC0909_B64mA1la0R0vxxxxxx_000A07fBIsc_xBCxxxXxxFgxxn_DQ02_LeekSpin_Y_551002B4,3,3,27,600,102.0,100.47,99.0,0,8
2,pat78,d1700805P0422460C_RL_B0Fmm00_PB0PCcZNC0909_B64mA1la0R0vxxxxxx_000A07fBIsc_xBCxxxXxxFgxxn_DQ02_LeekSpin_Y_551002B4,3,4,28,600,107.5,103.79,100.5,1,11
2,pat78,d1700805P0422460C_RL_B0Fmm00_PB0PCcZNC0909_B64mA1la0R0vxxxxxx_000A07fBIsc_xBCxxxXxxFgxxn_DQ02_LeekSpin_Y_551002B4,3,5,29,600,106.0,103.26,101.0,1,11
2,pat78,d1700805P0422460C_RL_B0Fmm00_PB0PCcZNC0909_B64mA1la0R0vxxxxxx_000A07fBIsc_xBCxxxXxxFgxxn_DQ02_LeekSpin_Y_551002B4,3,6,30,600,102.5,101.23,99.5,0,6
2,pat78,d1700805P0422460C_RL_B0Fmm00_PB0PCcZNC0909_B64mA1la0R0vxxxxxx_000A07fBIsc_xBCxxxXxxFgxxn_DQ02_LeekSpin_Y_551002B4,3,7,31,600,103.5,101.04,99.5,0,8
2,pat79,d1700992P0422643C_Qv_B0Fmm00_PB0PCcZNC0909_B64mA1la0R0vxxxxxx_000A07fBIsc_xBCxxxXxxFgxxn_DQ02_Yakko_WdZ_5510035D,0,0,0,600,106.5,102.9,98.5,1,2
2,pat79,d1700992P0422643C_Qv_B0Fmm00_PB0PCcZNC0909_B64mA1la0R0vxxxxxx_000A07fBIsc_xBCxxxXxxFgxxn_DQ02_Yakko_WdZ_5510035D,0,1,1,600,107.5,103.28,100.0,1,11
2,pat79,d1700992P0422643C_Qv_B0Fmm00_PB0PCcZNC0909_B64mA1la0R0vxxxxxx_000A07fBIsc_xBCxxxXxxFgxxn_DQ02_Yakko_WdZ_5510035D,0,2,2,600,101.5,100.06,99.0,0,14
2,pat79,d1700992P0422643C_Qv_B0Fmm00_PB0PCcZNC0909_B64mA1la0R0vxxxxxx_000A07fBIsc_xBCxxxXxxFgxxn_DQ02_Yakko_WdZ_5510035D,0,3,3,600,100.5,98.97,97.5,0,8
2,pat79,d1700992P0422643C_Qv_B0Fmm00_PB0PCcZNC0909_B64mA1la0R0vxxxxxx_000A07fBIsc_xBCxxxXxxFgxxn_DQ02_Yakko_WdZ_5510035D,0,4,4,600,108.5,103.31,100.0,1,11
2,pat79,d1700992P0422643C_Qv_B0Fmm00_PB0PCcZNC0909_B64mA1la0R0vxxxxxx_000A07fBIsc_xBCxxxXxxFgxxn_DQ02_Yakko_WdZ_5510035D,0,5,5,600,108.0,104.06,100.5,1,2
2,pat79,d1700992P0422643C_Qv_B0Fmm00_PB0PCcZNC0909_B64mA1la0R0vxxxxxx_000A07fBIsc_xBCxxxXxxFgxxn_DQ02_Yakko_WdZ_5510035D,0,6,6,600,101.5,100.06,98.5,1,2
2,pat79,d1700992P0422643C_Qv_B0Fmm00_PB0PCcZNC0909_B64mA1la0R0vxxxxxx_000A07fBIsc_xBCxxxXxxFgxxn_DQ02_Yakko_WdZ_5510035D,0,7,7,600,100.5,99.63,98.0,0,0
2,pat79,d1700992P0422643C_Qv_B0Fmm00_PB0PCcZNC0909_B64mA1la0R0vxxxxxx_000A07fBIsc_xBCxxxXxxFgxxn_DQ02_Yakko_WdZ_5510035D,1,0,8,600,105.0,102.55,99.5,1,9
2,pat79,d1700992P0422643C_Qv_B0Fmm00_PB0PCcZNC0909_B64mA1la0R0vxxxxxx_000A07fBIsc_xBCxxxXxxFgxxn_DQ02_Yakko_WdZ_5510035D,1,1,9,600,105.0,102.56,99.5,0,2
2,pat79,d1700992P0422643C_Qv_B0Fmm00_PB0PCcZNC0909_B64mA1la0R0vxxxxxx_000A07fBIsc_xBCxxxXxxFgxxn_DQ02_Yakko_WdZ_5510035D,1,2,10,600,101.5,100.1,98.5,0,8
2,pat79,d1700992P0422643C_Qv_B0Fmm00_PB0PCcZNC0909_B64mA1la0R0vxxxxxx_000A07fBIsc_xBCxxxXxxFgxxn_DQ02_Yakko_WdZ_5510035D,1,3,11,600,101.5,100.17,98.5,0,8
2,pat79,d1700992P0422643C_Qv_B0Fmm00_PB0PCcZNC0909_B64mA1la0R0vxxxxxx_000A07fBIsc_xBCxxxXxxFgxxn_DQ02_Yakko_WdZ_5510035D,1,4,12,600,105.5,102.91,100.5,1,11
2,pat79,d1700992P0422643C_Qv_B0Fmm00_PB0PCcZNC0909_B64mA1la0R0vxxxxxx_000A07fBIsc_xBCxxxXxxFgxxn_DQ02_Yakko_WdZ_5510035D,1,5,13,600,106.0,103.13,100.0,1,2
2,pat79,d1700992P0422643C_Qv_B0Fmm00_PB0PCcZNC0909_B64mA1la0R0vxxxxxx_000A07fBIsc_xBCxxxXxxFgxxn_DQ02_Yakko_WdZ_5510035D,1,6,14,600,102.0,100.39,98.0,0,1
2,pat79,d1700992P0422643C_Qv_B0Fmm00_PB0PCcZNC0909_B64mA1la0R0vxxxxxx_000A07fBIsc_xBCxxxXxxFgxxn_DQ02_Yakko_WdZ_5510035D,1,7,15,600,102.5,99.84,98.0,0,8
2,pat79,d1700992P0422643C_Qv_B0Fmm00_PB0PCcZNC0909_B64mA1la0R0vxxxxxx_000A07fBIsc_xBCxxxXxxFgxxn_DQ02_Yakko_WdZ_5510035D,2,0,16,600,107.0,103.8,100.5,1,11
2,pat79,d1700992P0422643C_Qv_B0Fmm00_PB0PCcZNC0909_B64mA1la0R0vxxxxxx_000A07fBIsc_xBCxxxXxxFgxxn_DQ02_Yakko_WdZ_5510035D,2,1,17,600,107.5,104.21,101.0,1,2
2,pat79,d1700992P0422643C_Qv_B0Fmm00_PB0PCcZNC0909_B64mA1la0R0vxxxxxx_000A07fBIsc_xBCxxxXxxFgxxn_DQ02_Yakko_WdZ_5510035D,2,2,18,600,102.0,100.38,99.0,1,14
2,pat79,d1700992P0422643C_Qv_B0Fmm00_PB0PCcZNC0909_B64mA1la0R0vxxxxxx_000A07fBIsc_xBCxxxXxxFgxxn_DQ02_Yakko_WdZ_5510035D,2,3,19,600,102.5,100.51,99.0,1,9
2,pat79,d1700992P0422643C_Qv_B0Fmm00_PB0PCcZNC0909_B64mA1la0R0vxxxxxx_000A07fBIsc_xBCxxxXxxFgxxn_DQ02_Yakko_WdZ_5510035D,2,4,20,600,107.5,103.06,100.5,1,11
2,pat79,d1700992P0422643C_Qv_B0Fmm00_PB0PCcZNC0909_B64mA1la0R0vxxxxxx_000A07fBIsc_xBCxxxXxxFgxxn_DQ02_Yakko_WdZ_5510035D,2,5,21,600,106.5,103.74,101.0,1,11
2,pat79,d1700992P0422643C_Qv_B0Fmm00_PB0PCcZNC0909_B64mA1la0R0vxxxxxx_000A07fBIsc_xBCxxxXxxFgxxn_DQ02_Yakko_WdZ_5510035D,2,6,22,600,103.5,100.9,98.5,0,8
2,pat79,d1700992P0422643C_Qv_B0Fmm00_PB0PCcZNC0909_B64mA1la0R0vxxxxxx_000A07fBIsc_xBCxxxXxxFgxxn_DQ02_Yakko_WdZ_5510035D,2,7,23,600,101.5,100.0,98.5,1,6
2,pat79,d1700992P0422643C_Qv_B0Fmm00_PB0PCcZNC0909_B64mA1la0R0vxxxxxx_000A07fBIsc_xBCxxxXxxFgxxn_DQ02_Yakko_WdZ_5510035D,3,0,24,600,104.5,102.65,100.0,1,11
2,pat79,d1700992P0422643C_Qv_B0Fmm00_PB0PCcZNC0909_B64mA1la0R0vxxxxxx_000A07fBIsc_xBCxxxXxxFgxxn_DQ02_Yakko_WdZ_5510035D,3,1,25,600,104.0,102.38,100.5,1,11
2,pat79,d1700992P0422643C_Qv_B0Fmm00_PB0PCcZNC0909_B64mA1la0R0vxxxxxx_000A07fBIsc_xBCxxxXxxFgxxn_DQ02_Yakko_WdZ_5510035D,3,2,26,600,103.0,100.95,99.0,0,8
2,pat79,d1700992P0422643C_Qv_B0Fmm00_PB0PCcZNC0909_B64mA1la0R0vxxxxxx_000A07fBIsc_xBCxxxXxxFgxxn_DQ02_Yakko_WdZ_5510035D,3,3,27,600,102.0,100.46,98.5,0,8
2,pat79,d1700992P0422643C_Qv_B0Fmm00_PB0PCcZNC0909_B64mA1la0R0vxxxxxx_000A07fBIsc_xBCxxxXxxFgxxn_DQ02_Yakko_WdZ_5510035D,3,4,28,600,107.0,103.32,100.0,1,11
2,pat79,d1700992P0422643C_Qv_B0Fmm00_PB0PCcZNC0909_B64mA1la0R0vxxxxxx_000A07fBIsc_xBCxxxXxxFgxxn_DQ02_Yakko_WdZ_5510035D,3,5,29,600,104.5,103.03,101.0,1,4
2,pat79,d1700992P0422643C_Qv_B0Fmm00_PB0PCcZNC0909_B64mA1la0R0vxxxxxx_000A07fBIsc_xBCxxxXxxFgxxn_DQ02_Yakko_WdZ_5510035D,3,6,30,600,102.5,101.23,99.5,0,6
2,pat79,d1700992P0422643C_Qv_B0Fmm00_PB0PCcZNC0909_B64mA1la0R0vxxxxxx_000A07fBIsc_xBCxxxXxxFgxxn_DQ02_Yakko_WdZ_5510035D,3,7,31,600,103.5,101.1,99.5,0,8
2,pat80,d1700295P0421874C_RL_B0Fmm00_PB0PCcZNC0909_B64mA1la0R0vxxxxxx_000A07fBIsc_xBCxxxXxxFgxxn_DQ02_Blender_W1J_55100112,0,0,0,600,108.0,103.52,98.5,1,11
2,pat80,d1700295P0421874C_RL_B0Fmm00_PB0PCcZNC0909_B64mA1la0R0vxxxxxx_000A07fBIsc_xBCxxxXxxFgxxn_DQ02_Blender_W1J_55100112,0,1,1,600,109.0,103.95,99.5,1,11
2,pat80,d1700295P0421874C_RL_B0Fmm00_PB0PCcZNC0909_B64mA1la0R0vxxxxxx_000A07fBIsc_xBCxxxXxxFgxxn_DQ02_Blender_W1J_55100112,0,2,2,600,101.5,100.09,99.0,0,14
2,pat80,d1700295P0421874C_RL_B0Fmm00_PB0PCcZNC0909_B64mA1la0R0vxxxxxx_000A07fBIsc_xBCxxxXxxFgxxn_DQ02_Blender_W1J_55100112,0,3,3,600,100.5,98.94,97.5,0,8
2,pat80,d1700295P0421874C_RL_B0Fmm00_PB0PCcZNC0909_B64mA1la0R0vxxxxxx_000A07fBIsc_xBCxxxXxxFgxxn_DQ02_Blender_W1J_55100112,0,4,4,600,109.5,103.96,100.0,1,11
2,pat80,d1700295P0421874C_RL_B0Fmm00_PB0PCcZNC0909_B64mA1la0R0vxxxxxx_000A07fBIsc_xBCxxxXxxFgxxn_DQ02_Blender_W1J_55100112,0,5,5,600,110.5,104.76,100.5,1,11
2,pat80,d1700295P0421874C_RL_B0Fmm00_PB0PCcZNC0909_B64mA1la0R0vxxxxxx_000A07fBIsc_xBCxxxXxxFgxxn_DQ02_Blender_W1J_55100112,0,6,6,600,101.5,100.0,98.5,1,2
2,pat80,d1700295P0421874C_RL_B0Fmm00_PB0PCcZNC0909_B64mA1la0R0vxxxxxx_000A07fBIsc_xBCxxxXxxFgxxn_DQ02_Blender_W1J_55100112,0,7,7,600,100.5,99.49,98.0,1,8
2,pat80,d1700295P0421874C_RL_B0Fmm00_PB0PCcZNC0909_B64mA1la0R0vxxxxxx_000A07fBIsc_xBCxxxXxxFgxxn_DQ02_Blender_W1J_55100112,1,0,8,600,106.5,103.02,99.5,1,9
2,pat80,d1700295P0421874C_RL_B0Fmm00_PB0PCcZNC0909_B64mA1la0R0vxxxxxx_000A07fBIsc_xBCxxxXxxFgxxn_DQ02_Blender_W1J_55100112,1,1,9,600,105.5,103.07,99.5,0,2
2,pat80,d1700295P0421874C_RL_B0Fmm00_PB0PCcZNC0909_B64mA1la0R0vxxxxxx_000A07fBIsc_xBCxxxXxxFgxxn_DQ02_Blender_W1J_55100112,1,2,10,600,101.5,100.09,98.5,1,7
2,pat80,d1700295P0421874C_RL_B0Fmm00_PB0PCcZNC0909_B64mA1la0R0vxxxxxx_000A07fBIsc_xBCxxxXxxFgxxn_DQ02_Blender_W1J_55100112,1,3,11,600,101.5,100.04,98.0,0,8
2,pat80,d1700295P0421874C_RL_B0Fmm00_PB0PCcZNC0909_B64mA1la0R0vxxxxxx_000A07fBIsc_xBCxxxXxxFgxxn_DQ02_Blender_W1J_55100112,1,4,12,600,106.5,103.39,100.5,0,11
2,pat80,d1700295P0421874C_RL_B0Fmm00_PB0PCcZNC0909_B64mA1la0R0vxxxxxx_000A07fBIsc_xBCxxxXxxFgxxn_DQ02_Blender_W1J_55100112,1,5,13,600,106.5,103.73,100.0,0,0
2,pat80,d1700295P0421874C_RL_B0Fmm00_PB0PCcZNC0909_B64mA1la0R0vxxxxxx_000A07fBIsc_xBCxxxXxxFgxxn_DQ02_Blender_W1J_55100112,1,6,14,600,102.0,100.31,98.0,0,1
2,pat80,d1700295P0421874C_RL_B0Fmm00_PB0PCcZNC0909_B64mA1la0R0vxxxxxx_000A07fBIsc_xBCxxxXxxFgxxn_DQ02_Blender_W1J_55100112,1,7,15,600,102.0,99.75,98.0,0,8
2,pat80,d1700295P0421874C_RL_B0Fmm00_PB0PCcZNC0909_B64mA1la0R0vxxxxxx_000A07fBIsc_xBCxxxXxxFgxxn_DQ02_Blender_W1J_55100112,2,0,16,600,107.5,104.35,100.5,1,11
2,pat80,d1700295P0421874C_RL_B0Fmm00_PB0PCcZNC0909_B64mA1la0R0vxxxxxx_000A07fBIsc_xBCxxxXxxFgxxn_DQ02_Blender_W1J_55100112,2,1,17,600,109.0,104.83,101.0,1,2
2,pat80,d1700295P0421874C_RL_B0Fmm00_PB0PCcZNC0909_B64mA1la0R0vxxxxxx_000A07fBIsc_xBCxxxXxxFgxxn_DQ02_Blender_W1J_55100112,2,2,18,600,102.5,100.35,99.0,1,14
2,pat80,d1700295P0421874C_RL_B0Fmm00_PB0PCcZNC0909_B64mA1la0R0vxxxxxx_000A07fBIsc_xBCxxxXxxFgxxn_DQ02_Blender_W1J_55100112,2,3,19,600,102.0,100.41,99.0,1,5
2,pat80,d1700295P0421874C_RL_B0Fmm00_PB0PCcZNC0909_B64mA1la0R0vxxxxxx_000A07fBIsc_xBCxxxXxxFgxxn_DQ02_Blender_W1J_55100112,2,4,20,600,109.0,103.58,100.0,1,11
2,pat80,d1700295P0421874C_RL_B0Fmm00_PB0PCcZNC0909_B64mA1la0R0vxxxxxx_000A07fBIsc_xBCxxxXxxFgxxn_DQ02_Blender_W1J_55100112,2,5,21,600,107.5,104.27,101.5,1,2
2,pat80,d1700295P0421874C_RL_B0Fmm00_PB0PCcZNC0909_B64mA1la0R0vxxxxxx_000A07fBIsc_xBCxxxXxxFgxxn_DQ02_Blender_W1J_55100112,2,6,22,600,103.5,100.84,99.0,0,8
2,pat80,d1700295P0421874C_RL_B0Fmm00_PB0PCcZNC0909_B64mA1la0R0vxxxxxx_000A07fBIsc_xBCxxxXxxFgxxn_DQ02_Blender_W1J_55100112,2,7,23,600,101.0,99.93,98.5,0,8
2,pat80,d1700295P0421874C_RL_B0Fmm00_PB0PCcZNC0909_B64mA1la0R0vxxxxxx_000A07fBIsc_xBCxxxXxxFgxxn_DQ02_Blender_W1J_55100112,3,0,24,600,105.0,103.08,100.0,1,0
2,pat80,d1700295P0421874C_RL_B0Fmm00_PB0PCcZNC0909_B64mA1la0R0vxxxxxx_000A07fBIsc_xBCxxxXxxFgxxn_DQ02_Blender_W1J_55100112,3,1,25,600,104.5,102.75,100.5,0,0
2,pat80,d1700295P0421874C_RL_B0Fmm00_PB0PCcZNC0909_B64mA1la0R0vxxxxxx_000A07fBIsc_xBCxxxXxxFgxxn_DQ02_Blender_W1J_55100112,3,2,26,600,102.5,101.0,99.5,0,6
2,pat80,d1700295P0421874C_RL_B0Fmm00_PB0PCcZNC0909_B64mA1la0R0vxxxxxx_000A07fBIsc_xBCxxxXxxFgxxn_DQ02_Blender_W1J_55100112,3,3,27,600,101.5,100.38,98.5,0,8
2,pat80,d1700295P0421874C_RL_B0Fmm00_PB0PCcZNC0909_B64mA1la0R0vxxxxxx_000A07fBIsc_xBCxxxXxxFgxxn_DQ02_Blender_W1J_55100112,3,4,28,600,107.5,103.94,100.5,1,11
2,pat80,d1700295P0421874C_RL_B0Fmm00_PB0PCcZNC0909_B64mA1la0R0vxxxxxx_000A07fBIsc_xBCxxxXxxFgxxn_DQ02_Blender_W1J_55100112,3,5,29,600,105.5,103.45,101.5,1,0
2,pat80,d1700295P0421874C_RL_B0Fmm00_PB0PCcZNC0909_B64mA1la0R0vxxxxxx_000A07fBIsc_xBCxxxXxxFgxxn_DQ02_Blender_W1J_55100112,3,6,30,600,102.5,101.14,99.5,0,6
2,pat80,d1700295P0421874C_RL_B0Fmm00_PB0PCcZNC0909_B64mA1la0R0vxxxxxx_000A07fBIsc_xBCxxxXxxFgxxn_DQ02_Blender_W1J_55100112,3,7,31,600,103.5,101.02,99.5,0,8
2,pat81,d1684351P0421508C_RL_B0Fmm00_PB0PCcZNC0909_B64mA1la0R0vxxxxxx_000A07fBIsc_xBCxxxXxxFgxxn_DQ02_Fuso_55000284,0,0,0,600,108.5,103.53,99.0,1,2
2,pat81,d1684351P0421508C_RL_B0Fmm00_PB0PCcZNC0909_B64mA1la0R0vxxxxxx_000A07fBIsc_xBCxxxXxxFgxxn_DQ02_Fuso_55000284,0,1,1,600,109.5,103.99,100.0,1,11
2,pat81,d1684351P0421508C_RL_B0Fmm00_PB0PCcZNC0909_B64mA1la0R0vxxxxxx_000A07fBIsc_xBCxxxXxxFgxxn_DQ02_Fuso_55000284,0,2,2,600,101.5,100.17,99.5,0,14
2,pat81,d1684351P0421508C_RL_B0Fmm00_PB0PCcZNC0909_B64mA1la0R0vxxxxxx_000A07fBIsc_xBCxxxXxxFgxxn_DQ02_Fuso_55000284,0,3,3,600,100.5,98.99,97.5,0,8
2,pat81,d1684351P0421508C_RL_B0Fmm00_PB0PCcZNC0909_B64mA1la0R0vxxxxxx_000A07fBIsc_xBCxxxXxxFgxxn_DQ02_Fuso_55000284,0,4,4,600,109.0,103.94,100.0,1,11
2,pat81,d1684351P0421508C_RL_B0Fmm00_PB0PCcZNC0909_B64mA1la0R0vxxxxxx_000A07fBIsc_xBCxxxXxxFgxxn_DQ02_Fuso_55000284,0,5,5,600,109.0,104.74,100.5,1,2
2,pat81,d1684351P0421508C_RL_B0Fmm00_PB0PCcZNC0909_B64mA1la0R0vxxxxxx_000A07fBIsc_xBCxxxXxxFgxxn_DQ02_Fuso_55000284,0,6,6,600,101.5,100.14,98.5,1,2
2,pat81,d1684351P0421508C_RL_B0Fmm00_PB0PCcZNC0909_B64mA1la0R0vxxxxxx_000A07fBIsc_xBCxxxXxxFgxxn_DQ02_Fuso_55000284,0,7,7,600,100.5,99.65,98.0,0,6
2,pat81,d1684351P0421508C_RL_B0Fmm00_PB0PCcZNC0909_B64mA1la0R0vxxxxxx_000A07fBIsc_xBCxxxXxxFgxxn_DQ02_Fuso_55000284,1,0,8,600,105.5,103.06,99.5,1,11
2,pat81,d1684351P0421508C_RL_B0Fmm00_PB0PCcZNC0909_B64mA1la0R0vxxxxxx_000A07fBIsc_xBCxxxXxxFgxxn_DQ02_Fuso_55000284,1,1,9,600,105.5,103.0,100.0,0,2
2,pat81,d1684351P0421508C_RL_B0Fmm00_PB0PCcZNC0909_B64mA1la0R0vxxxxxx_000A07fBIsc_xBCxxxXxxFgxxn_DQ02_Fuso_55000284,1,2,10,600,101.5,100.12,98.5,1,8
2,pat81,d1684351P0421508C_RL_B0Fmm00_PB0PCcZNC0909_B64mA1la0R0vxxxxxx_000A07fBIsc_xBCxxxXxxFgxxn_DQ02_Fuso_55000284,1,3,11,600,101.5,99.99,98.0,0,8
2,pat81,d1684351P0421508C_RL_B0Fmm00_PB0PCcZNC0909_B64mA1la0R0vxxxxxx_000A07fBIsc_xBCxxxXxxFgxxn_DQ02_Fuso_55000284,1,4,12,600,106.5,103.36,100.5,0,11
2,pat81,d1684351P0421508C_RL_B0Fmm00_PB0PCcZNC0909_B64mA1la0R0vxxxxxx_000A07fBIsc_xBCxxxXxxFgxxn_DQ02_Fuso_55000284,1,5,13,600,107.0,103.64,100.0,1,2
2,pat81,d1684351P0421508C_RL_B0Fmm00_PB0PCcZNC0909_B64mA1la0R0vxxxxxx_000A07fBIsc_xBCxxxXxxFgxxn_DQ02_Fuso_55000284,1,6,14,600,102.0,100.41,98.0,0,1
2,pat81,d1684351P0421508C_RL_B0Fmm00_PB0PCcZNC0909_B64mA1la0R0vxxxxxx_000A07fBIsc_xBCxxxXxxFgxxn_DQ02_Fuso_55000284,1,7,15,600,101.5,99.87,98.0,0,8
2,pat81,d1684351P0421508C_RL_B0Fmm00_PB0PCcZNC0909_B64mA1la0R0vxxxxxx_000A07fBIsc_xBCxxxXxxFgxxn_DQ02_Fuso_55000284,2,0,16,600,107.0,104.36,100.5,1,11
2,pat81,d1684351P0421508C_RL_B0Fmm00_PB0PCcZNC0909_B64mA1la0R0vxxxxxx_000A07fBIsc_xBCxxxXxxFgxxn_DQ02_Fuso_55000284,2,1,17,600,109.0,104.88,101.5,1,2
2,pat81,d1684351P0421508C_RL_B0Fmm00_PB0PCcZNC0909_B64mA1la0R0vxxxxxx_000A07fBIsc_xBCxxxXxxFgxxn_DQ02_Fuso_55000284,2,2,18,600,102.0,100.52,99.0,1,14
2,pat81,d1684351P0421508C_RL_B0Fmm00_PB0PCcZNC0909_B64mA1la0R0vxxxxxx_000A07fBIsc_xBCxxxXxxFgxxn_DQ02_Fuso_55000284,2,3,19,600,102.0,100.47,99.0,1,11
2,pat81,d1684351P0421508C_RL_B0Fmm00_PB0PCcZNC0909_B64mA1la0R0vxxxxxx_000A07fBIsc_xBCxxxXxxFgxxn_DQ02_Fuso_55000284,2,4,20,600,108.5,103.63,100.5,1,11
2,pat81,d1684351P0421508C_RL_B0Fmm00_PB0PCcZNC0909_B64mA1la0R0vxxxxxx_000A07fBIsc_xBCxxxXxxFgxxn_DQ02_Fuso_55000284,2,5,21,600,107.0,104.21,101.0,1,2
2,pat81,d1684351P0421508C_RL_B0Fmm00_PB0PCcZNC0909_B64mA1la0R0vxxxxxx_000A07fBIsc_xBCxxxXxxFgxxn_DQ02_Fuso_55000284,2,6,22,600,103.0,100.93,99.0,0,4
2,pat81,d1684351P0421508C_RL_B0Fmm00_PB0PCcZNC0909_B64mA1la0R0vxxxxxx_000A07fBIsc_xBCxxxXxxFgxxn_DQ02_Fuso_55000284,2,7,23,600,101.5,100.03,98.5,0,8
2,pat81,d1684351P0421508C_RL_B0Fmm00_PB0PCcZNC0909_B64mA1la0R0vxxxxxx_000A07fBIsc_xBCxxxXxxFgxxn_DQ02_Fuso_55000284,3,0,24,600,105.5,102.99,100.5,1,0
2,pat81,d1684351P0421508C_RL_B0Fmm00_PB0PCcZNC0909_B64mA1la0R0vxxxxxx_000A07fBIsc_xBCxxxXxxFgxxn_DQ02_Fuso_55000284,3,1,25,600,105.0,102.65,100.5,0,0
2,pat81,d1684351P0421508C_RL_B0Fmm00_PB0PCcZNC0909_B64mA1la0R0vxxxxxx_000A07fBIsc_xBCxxxXxxFgxxn_DQ02_Fuso_55000284,3,2,26,600,103.0,101.02,99.0,0,6
2,pat81,d1684351P0421508C_RL_B0Fmm00_PB0PCcZNC0909_B64mA1la0R0vxxxxxx_000A07fBIsc_xBCxxxXxxFgxxn_DQ02_Fuso_55000284,3,3,27,600,102.0,100.47,99.0,0,8
2,pat81,d1684351P0421508C_RL_B0Fmm00_PB0PCcZNC0909_B64mA1la0R0vxxxxxx_000A07fBIsc_xBCxxxXxxFgxxn_DQ02_Fuso_55000284,3,4,28,600,107.5,103.87,100.5,1,11
2,pat81,d1684351P0421508C_RL_B0Fmm00_PB0PCcZNC0909_B64mA1la0R0vxxxxxx_000A07fBIsc_xBCxxxXxxFgxxn_DQ02_Fuso_55000284,3,5,29,600,106.0,103.38,101.5,1,0
2,pat81,d1684351P0421508C_RL_B0Fmm00_PB0PCcZNC0909_B64mA1la0R0vxxxxxx_000A07fBIsc_xBCxxxXxxFgxxn_DQ02_Fuso_55000284,3,6,30,600,103.0,101.17,99.5,0,6
2,pat81,d1684351P0421508C_RL_B0Fmm00_PB0PCcZNC0909_B64mA1la0R0vxxxxxx_000A07fBIsc_xBCxxxXxxFgxxn_DQ02_Fuso_55000284,3,7,31,600,103.5,101.13,99.5,0,8
2,pat82,d1701119P0422659C_Qp_B0Fmm00_PB0PCcZNC0909_B64mA1la0R0vxxxxxx_000A07fBIsc_xBCxxxXxxFgxxn_DQ02_Yakko_WhZ_5510035B,0,0,0,600,108.0,103.47,99.0,1,11
2,pat82,d1701119P0422659C_Qp_B0Fmm00_PB0PCcZNC0909_B64mA1la0R0vxxxxxx_000A07fBIsc_xBCxxxXxxFgxxn_DQ02_Yakko_WhZ_5510035B,0,1,1,600,109.0,103.78,100.0,1,11
2,pat82,d1701119P0422659C_Qp_B0Fmm00_PB0PCcZNC0909_B64mA1la0R0vxxxxxx_000A07fBIsc_xBCxxxXxxFgxxn_DQ02_Yakko_WhZ_5510035B,0,2,2,600,101.5,100.11,99.5,0,14
2,pat82,d1701119P0422659C_Qp_B0Fmm00_PB0PCcZNC0909_B64mA1la0R0vxxxxxx_000A07fBIsc_xBCxxxXxxFgxxn_DQ02_Yakko_WhZ_5510035B,0,3,3,600,100.5,98.92,97.5,0,8
2,pat82,d1701119P0422659C_Qp_B0Fmm00_PB0PCcZNC0909_B64mA1la0R0vxxxxxx_000A07fBIsc_xBCxxxXxxFgxxn_DQ02_Yakko_WhZ_5510035B,0,4,4,600,109.0,103.9,100.0,1,11
2,pat82,d1701119P0422659C_Qp_B0Fmm00_PB0PCcZNC0909_B64mA1la0R0vxxxxxx_000A07fBIsc_xBCxxxXxxFgxxn_DQ02_Yakko_WhZ_5510035B,0,5,5,600,109.0,104.61,100.5,1,2
2,pat82,d1701119P0422659C_Qp_B0Fmm00_PB0PCcZNC0909_B64mA1la0R0vxxxxxx_000A07fBIsc_xBCxxxXxxFgxxn_DQ02_Yakko_WhZ_5510035B,0,6,6,600,101.5,100.16,98.5,0,8
2,pat82,d1701119P0422659C_Qp_B0Fmm00_PB0PCcZNC0909_B64mA1la0R0vxxxxxx_000A07fBIsc_xBCxxxXxxFgxxn_DQ02_Yakko_WhZ_5510035B,0,7,7,600,101.0,99.66,98.0,0,14
2,pat82,d1701119P0422659C_Qp_B0Fmm00_PB0PCcZNC0909_B64mA1la0R0vxxxxxx_000A07fBIsc_xBCxxxXxxFgxxn_DQ02_Yakko_WhZ_5510035B,1,0,8,600,106.0,103.04,100.0,1,11
2,pat82,d1701119P0422659C_Qp_B0Fmm00_PB0PCcZNC0909_B64mA1la0R0vxxxxxx_000A07fBIsc_xBCxxxXxxFgxxn_DQ02_Yakko_WhZ_5510035B,1,1,9,600,106.0,102.93,100.0,1,11
2,pat82,d1701119P0422659C_Qp_B0Fmm00_PB0PCcZNC0909_B64mA1la0R0vxxxxxx_000A07fBIsc_xBCxxxXxxFgxxn_DQ02_Yakko_WhZ_5510035B,1,2,10,600,102.0,100.34,99.0,0,8
2,pat82,d1701119P0422659C_Qp_B0Fmm00_PB0PCcZNC0909_B64mA1la0R0vxxxxxx_000A07fBIsc_xBCxxxXxxFgxxn_DQ02_Yakko_WhZ_5510035B,1,3,11,600,101.5,100.07,98.5,1,12
2,pat82,d1701119P0422659C_Qp_B0Fmm00_PB0PCcZNC0909_B64mA1la0R0vxxxxxx_000A07fBIsc_xBCxxxXxxFgxxn_DQ02_Yakko_WhZ_5510035B,1,4,12,600,106.5,103.31,100.5,0,11
2,pat82,d1701119P0422659C_Qp_B0Fmm00_PB0PCcZNC0909_B64mA1la0R0vxxxxxx_000A07fBIsc_xBCxxxXxxFgxxn_DQ02_Yakko_WhZ_5510035B,1,5,13,600,106.5,103.52,100.5,1,2
2,pat82,d1701119P0422659C_Qp_B0Fmm00_PB0PCcZNC0909_B64mA1la0R0vxxxxxx_000A07fBIsc_xBCxxxXxxFgxxn_DQ02_Yakko_WhZ_5510035B,1,6,14,600,102.0,100.5,98.0,0,8
2,pat82,d1701119P0422659C_Qp_B0Fmm00_PB0PCcZNC0909_B64mA1la0R0vxxxxxx_000A07fBIsc_xBCxxxXxxFgxxn_DQ02_Yakko_WhZ_5510035B,1,7,15,600,102.0,99.82,98.0,0,8
2,pat82,d1701119P0422659C_Qp_B0Fmm00_PB0PCcZNC0909_B64mA1la0R0vxxxxxx_000A07fBIsc_xBCxxxXxxFgxxn_DQ02_Yakko_WhZ_5510035B,2,0,16,600,107.5,104.26,100.5,1,11
2,pat82,d1701119P0422659C_Qp_B0Fmm00_PB0PCcZNC0909_B64mA1la0R0vxxxxxx_000A07fBIsc_xBCxxxXxxFgxxn_DQ02_Yakko_WhZ_5510035B,2,1,17,600,109.0,104.81,101.5,1,11
2,pat82,d1701119P0422659C_Qp_B0Fmm00_PB0PCcZNC0909_B64mA1la0R0vxxxxxx_000A07fBIsc_xBCxxxXxxFgxxn_DQ02_Yakko_WhZ_5510035B,2,2,18,600,102.0,100.56,99.5,0,7
2,pat82,d1701119P0422659C_Qp_B0Fmm00_PB0PCcZNC0909_B64mA1la0R0vxxxxxx_000A07fBIsc_xBCxxxXxxFgxxn_DQ02_Yakko_WhZ_5510035B,2,3,19,600,102.0,100.44,99.0,1,9
2,pat82,d1701119P0422659C_Qp_B0Fmm00_PB0PCcZNC0909_B64mA1la0R0vxxxxxx_000A07fBIsc_xBCxxxXxxFgxxn_DQ02_Yakko_WhZ_5510035B,2,4,20,600,109.0,103.52,101.0,1,11
2,pat82,d1701119P0422659C_Qp_B0Fmm00_PB0PCcZNC0909_B64mA1la0R0vxxxxxx_000A07fBIsc_xBCxxxXxxFgxxn_DQ02_Yakko_WhZ_5510035B,2,5,21,600,107.0,104.11,101.5,1,11
2,pat82,d1701119P0422659C_Qp_B0Fmm00_PB0PCcZNC0909_B64mA1la0R0vxxxxxx_000A07fBIsc_xBCxxxXxxFgxxn_DQ02_Yakko_WhZ_5510035B,2,6,22,600,103.5,101.02,99.0,0,8
2,pat82,d1701119P0422659C_Qp_B0Fmm00_PB0PCcZNC0909_B64mA1la0R0vxxxxxx_000A07fBIsc_xBCxxxXxxFgxxn_DQ02_Yakko_WhZ_5510035B,2,7,23,600,101.5,100.1,98.5,1,6
2,pat82,d1701119P0422659C_Qp_B0Fmm00_PB0PCcZNC0909_B64mA1la0R0vxxxxxx_000A07fBIsc_xBCxxxXxxFgxxn_DQ02_Yakko_WhZ_5510035B,3,0,24,600,105.0,102.97,100.5,1,11
2,pat82,d1701119P0422659C_Qp_B0Fmm00_PB0PCcZNC0909_B64mA1la0R0vxxxxxx_000A07fBIsc_xBCxxxXxxFgxxn_DQ02_Yakko_WhZ_5510035B,3,1,25,600,104.5,102.7,101.0,1,11
2,pat82,d1701119P0422659C_Qp_B0Fmm00_PB0PCcZNC0909_B64mA1la0R0vxxxxxx_000A07fBIsc_xBCxxxXxxFgxxn_DQ02_Yakko_WhZ_5510035B,3,2,26,600,103.0,101.09,99.5,0,8
2,pat82,d1701119P0422659C_Qp_B0Fmm00_PB0PCcZNC0909_B64mA1la0R0vxxxxxx_000A07fBIsc_xBCxxxXxxFgxxn_DQ02_Yakko_WhZ_5510035B,3,3,27,600,102.0,100.47,99.0,0,8
2,pat82,d1701119P0422659C_Qp_B0Fmm00_PB0PCcZNC0909_B64mA1la0R0vxxxxxx_000A07fBIsc_xBCxxxXxxFgxxn_DQ02_Yakko_WhZ_5510035B,3,4,28,600,107.5,103.87,100.5,1,11
2,pat82,d1701119P0422659C_Qp_B0Fmm00_PB0PCcZNC0909_B64mA1la0R0vxxxxxx_000A07fBIsc_xBCxxxXxxFgxxn_DQ02_Yakko_WhZ_5510035B,3,5,29,600,106.0,103.31,101.5,1,11
2,pat82,d1701119P0422659C_Qp_B0Fmm00_PB0PCcZNC0909_B64mA1la0R0vxxxxxx_000A07fBIsc_xBCxxxXxxFgxxn_DQ02_Yakko_WhZ_5510035B,3,6,30,600,102.5,101.24,99.5,0,6
2,pat82,d1701119P0422659C_Qp_B0Fmm00_PB0PCcZNC0909_B64mA1la0R0vxxxxxx_000A07fBIsc_xBCxxxXxxFgxxn_DQ02_Yakko_WhZ_5510035B,3,7,31,600,103.5,101.14,99.5,0,8
2,pat83,d1684735P0421674C_RL_B0Fmm00_PB0PCcZNC0909_B64mA1la0R0vxxxxxx_000A07fBIsc_xBCxxxXxxFgxxn_DQ02_Scylla_SNDY_55000319,0,0,0,600,108.0,103.33,98.5,1,11
2,pat83,d1684735P0421674C_RL_B0Fmm00_PB0PCcZNC0909_B64mA1la0R0vxxxxxx_000A07fBIsc_xBCxxxXxxFgxxn_DQ02_Scylla_SNDY_55000319,0,1,1,600,109.5,103.77,99.5,1,2
2,pat83,d1684735P0421674C_RL_B0Fmm00_PB0PCcZNC0909_B64mA1la0R0vxxxxxx_000A07fBIsc_xBCxxxXxxFgxxn_DQ02_Scylla_SNDY_55000319,0,2,2,600,101.5,100.09,99.0,0,14
2,pat83,d1684735P0421674C_RL_B0Fmm00_PB0PCcZNC0909_B64mA1la0R0vxxxxxx_000A07fBIsc_xBCxxxXxxFgxxn_DQ02_Scylla_SNDY_55000319,0,3,3,600,100.5,98.89,97.5,0,8
2,pat83,d1684735P0421674C_RL_B0Fmm00_PB0PCcZNC0909_B64mA1la0R0vxxxxxx_000A07fBIsc_xBCxxxXxxFgxxn_DQ02_Scylla_SNDY_55000319,0,4,4,600,109.5,103.8,100.0,1,11
2,pat83,d1684735P0421674C_RL_B0Fmm00_PB0PCcZNC0909_B64mA1la0R0vxxxxxx_000A07fBIsc_xBCxxxXxxFgxxn_DQ02_Scylla_SNDY_55000319,0,5,5,600,109.5,104.49,100.5,1,11
2,pat83,d1684735P0421674C_RL_B0Fmm00_PB0PCcZNC0909_B64mA1la0R0vxxxxxx_000A07fBIsc_xBCxxxXxxFgxxn_DQ02_Scylla_SNDY_55000319,0,6,6,600,101.5,100.03,98.5,1,2
2,pat83,d1684735P0421674C_RL_B0Fmm00_PB0PCcZNC0909_B64mA1la0R0vxxxxxx_000A07fBIsc_xBCxxxXxxFgxxn_DQ02_Scylla_SNDY_55000319,0,7,7,600,100.5,99.54,98.0,0,6
2,pat83,d1684735P0421674C_RL_B0Fmm00_PB0PCcZNC0909_B64mA1la0R0vxxxxxx_000A07fBIsc_xBCxxxXxxFgxxn_DQ02_Scylla_SNDY_55000319,1,0,8,600,106.0,102.85,99.5,1,11
2,pat83,d1684735P0421674C_RL_B0Fmm00_PB0PCcZNC0909_B64mA1la0R0vxxxxxx_000A07fBIsc_xBCxxxXxxFgxxn_DQ02_Scylla_SNDY_55000319,1,1,9,600,105.5,102.81,99.5,0,2
2,pat83,d1684735P0421674C_RL_B0Fmm00_PB0PCcZNC0909_B64mA1la0R0vxxxxxx_000A07fBIsc_xBCxxxXxxFgxxn_DQ02_Scylla_SNDY_55000319,1,2,10,600,101.5,100.16,98.5,0,8
2,pat83,d1684735P0421674C_RL_B0Fmm00_PB0PCcZNC0909_B64mA1la0R0vxxxxxx_000A07fBIsc_xBCxxxXxxFgxxn_DQ02_Scylla_SNDY_55000319,1,3,11,600,101.5,100.01,98.0,0,8
2,pat83,d1684735P0421674C_RL_B0Fmm00_PB0PCcZNC0909_B64mA1la0R0vxxxxxx_000A07fBIsc_xBCxxxXxxFgxxn_DQ02_Scylla_SNDY_55000319,1,4,12,600,107.5,103.19,100.5,1,11
2,pat83,d1684735P0421674C_RL_B0Fmm00_PB0PCcZNC0909_B64mA1la0R0vxxxxxx_000A07fBIsc_xBCxxxXxxFgxxn_DQ02_Scylla_SNDY_55000319,1,5,13,600,107.0,103.39,100.0,1,11
2,pat83,d1684735P0421674C_RL_B0Fmm00_PB0PCcZNC0909_B64mA1la0R0vxxxxxx_000A07fBIsc_xBCxxxXxxFgxxn_DQ02_Scylla_SNDY_55000319,1,6,14,600,102.0,100.36,98.0,0,8
2,pat83,d1684735P0421674C_RL_B0Fmm00_PB0PCcZNC0909_B64mA1la0R0vxxxxxx_000A07fBIsc_xBCxxxXxxFgxxn_DQ02_Scylla_SNDY_55000319,1,7,15,600,102.5,99.87,97.5,0,8
2,pat83,d1684735P0421674C_RL_B0Fmm00_PB0PCcZNC0909_B64mA1la0R0vxxxxxx_000A07fBIsc_xBCxxxXxxFgxxn_DQ02_Scylla_SNDY_55000319,2,0,16,600,107.5,104.1,100.5,1,11
2,pat83,d1684735P0421674C_RL_B0Fmm00_PB0PCcZNC0909_B64mA1la0R0vxxxxxx_000A07fBIsc_xBCxxxXxxFgxxn_DQ02_Scylla_SNDY_55000319,2,1,17,600,109.0,104.62,101.0,1,11
2,pat83,d1684735P0421674C_RL_B0Fmm00_PB0PCcZNC0909_B64mA1la0R0vxxxxxx_000A07fBIsc_xBCxxxXxxFgxxn_DQ02_Scylla_SNDY_55000319,2,2,18,600,102.5,100.39,99.0,1,14
2,pat83,d1684735P0421674C_RL_B0Fmm00_PB0PCcZNC0909_B64mA1la0R0vxxxxxx_000A07fBIsc_xBCxxxXxxFgxxn_DQ02_Scylla_SNDY_55000319,2,3,19,600,102.0,100.39,99.0,1,9
2,pat83,d1684735P0421674C_RL_B0Fmm00_PB0PCcZNC0909_B64mA1la0R0vxxxxxx_000A07fBIsc_xBCxxxXxxFgxxn_DQ02_Scylla_SNDY_55000319,2,4,20,600,109.0,103.39,100.5,1,11
2,pat83,d1684735P0421674C_RL_B0Fmm00_PB0PCcZNC0909_B64mA1la0R0vxxxxxx_000A07fBIsc_xBCxxxXxxFgxxn_DQ02_Scylla_SNDY_55000319,2,5,21,600,107.5,103.99,101.0,1,11
2,pat83,d1684735P0421674C_RL_B0Fmm00_PB0PCcZNC0909_B64mA1la0R0vxxxxxx_000A07fBIsc_xBCxxxXxxFgxxn_DQ02_Scylla_SNDY_55000319,2,6,22,600,103.5,100.91,99.0,0,4
2,pat83,d1684735P0421674C_RL_B0Fmm00_PB0PCcZNC0909_B64mA1la0R0vxxxxxx_000A07fBIsc_xBCxxxXxxFgxxn_DQ02_Scylla_SNDY_55000319,2,7,23,600,101.5,99.96,98.5,0,8
2,pat83,d1684735P0421674C_RL_B0Fmm00_PB0PCcZNC0909_B64mA1la0R0vxxxxxx_000A07fBIsc_xBCxxxXxxFgxxn_DQ02_Scylla_SNDY_55000319,3,0,24,600,105.0,102.92,100.0,1,11
2,pat83,d1684735P0421674C_RL_B0Fmm00_PB0PCcZNC0909_B64mA1la0R0vxxxxxx_000A07fBIsc_xBCxxxXxxFgxxn_DQ02_Scylla_SNDY_55000319,3,1,25,600,104.5,102.62,100.5,0,9
2,pat83,d1684735P0421674C_RL_B0Fmm00_PB0PCcZNC0909_B64mA1la0R0vxxxxxx_000A07fBIsc_xBCxxxXxxFgxxn_DQ02_Scylla_SNDY_55000319,3,2,26,600,103.0,101.02,99.0,0,8
2,pat83,d1684735P0421674C_RL_B0Fmm00_PB0PCcZNC0909_B64mA1la0R0vxxxxxx_000A07fBIsc_xBCxxxXxxFgxxn_DQ02_Scylla_SNDY_55000319,3,3,27,600,102.0,100.44,99.0,0,8
2,pat83,d1684735P0421674C_RL_B0Fmm00_PB0PCcZNC0909_B64mA1la0R0vxxxxxx_000A07fBIsc_xBCxxxXxxFgxxn_DQ02_Scylla_SNDY_55000319,3,4,28,600,107.5,103.79,100.5,1,11
2,pat83,d1684735P0421674C_RL_B0Fmm00_PB0PCcZNC0909_B64mA1la0R0vxxxxxx_000A07fBIsc_xBCxxxXxxFgxxn_DQ02_Scylla_SNDY_55000319,3,5,29,600,106.0,103.19,101.0,1,11
2,pat83,d1684735P0421674C_RL_B0Fmm00_PB0PCcZNC0909_B64mA1la0R0vxxxxxx_000A07fBIsc_xBCxxxXxxFgxxn_DQ02_Scylla_SNDY_55000319,3,6,30,600,102.5,101.17,99.5,0,6
2,pat83,d1684735P0421674C_RL_B0Fmm00_PB0PCcZNC0909_B64mA1la0R0vxxxxxx_000A07fBIsc_xBCxxxXxxFgxxn_DQ02_Scylla_SNDY_55000319,3,7,31,600,103.5,101.0,99.5,0,8
2,pat84,d1700296P0421954C_RL_B0Fmm00_PB0PCcZNC0909_B64mA1la0R0vxxxxxx_000A07fBIsc_xBCxxxXxxFgxxn_DQ02_Blender_Z1J_55100096,0,0,0,600,108.0,103.22,98.5,1,11
2,pat84,d1700296P0421954C_RL_B0Fmm00_PB0PCcZNC0909_B64mA1la0R0vxxxxxx_000A07fBIsc_xBCxxxXxxFgxxn_DQ02_Blender_Z1J_55100096,0,1,1,600,109.0,103.61,99.5,1,11
2,pat84,d1700296P0421954C_RL_B0Fmm00_PB0PCcZNC0909_B64mA1la0R0vxxxxxx_000A07fBIsc_xBCxxxXxxFgxxn_DQ02_Blender_Z1J_55100096,0,2,2,600,101.5,100.09,99.0,0,14
2,pat84,d1700296P0421954C_RL_B0Fmm00_PB0PCcZNC0909_B64mA1la0R0vxxxxxx_000A07fBIsc_xBCxxxXxxFgxxn_DQ02_Blender_Z1J_55100096,0,3,3,600,100.5,98.92,97.5,0,8
2,pat84,d1700296P0421954C_RL_B0Fmm00_PB0PCcZNC0909_B64mA1la0R0vxxxxxx_000A07fBIsc_xBCxxxXxxFgxxn_DQ02_Blender_Z1J_55100096,0,4,4,600,109.0,103.61,100.0,1,11
2,pat84,d1700296P0421954C_RL_B0Fmm00_PB0PCcZNC0909_B64mA1la0R0vxxxxxx_000A07fBIsc_xBCxxxXxxFgxxn_DQ02_Blender_Z1J_55100096,0,5,5,600,109.0,104.35,100.5,1,2
2,pat84,d1700296P0421954C_RL_B0Fmm00_PB0PCcZNC0909_B64mA1la0R0vxxxxxx_000A07fBIsc_xBCxxxXxxFgxxn_DQ02_Blender_Z1J_55100096,0,6,6,600,102.0,100.12,98.5,0,8
2,pat84,d1700296P0421954C_RL_B0Fmm00_PB0PCcZNC0909_B64mA1la0R0vxxxxxx_000A07fBIsc_xBCxxxXxxFgxxn_DQ02_Blender_Z1J_55100096,0,7,7,600,100.5,99.54,98.0,0,6
2,pat84,d1700296P0421954C_RL_B0Fmm00_PB0PCcZNC0909_B64mA1la0R0vxxxxxx_000A07fBIsc_xBCxxxXxxFgxxn_DQ02_Blender_Z1J_55100096,1,0,8,600,105.5,102.62,99.5,1,11
2,pat84,d1700296P0421954C_RL_B0Fmm00_PB0PCcZNC0909_B64mA1la0R0vxxxxxx_000A07fBIsc_xBCxxxXxxFgxxn_DQ02_Blender_Z1J_55100096,1,1,9,600,105.5,102.67,99.5,0,2
2,pat84,d1700296P0421954C_RL_B0Fmm00_PB0PCcZNC0909_B64mA1la0R0vxxxxxx_000A07fBIsc_xBCxxxXxxFgxxn_DQ02_Blender_Z1J_55100096,1,2,10,600,101.5,100.13,98.5,0,8
2,pat84,d1700296P0421954C_RL_B0Fmm00_PB0PCcZNC0909_B64mA1la0R0vxxxxxx_000A07fBIsc_xBCxxxXxxFgxxn_DQ02_Blender_Z1J_55100096,1,3,11,600,101.0,100.05,98.0,0,8
2,pat84,d1700296P0421954C_RL_B0Fmm00_PB0PCcZNC0909_B64mA1la0R0vxxxxxx_000A07fBIsc_xBCxxxXxxFgxxn_DQ02_Blender_Z1J_55100096,1,4,12,600,106.5,102.98,100.5,0,11
2,pat84,d1700296P0421954C_RL_B0Fmm00_PB0PCcZNC0909_B64mA1la0R0vxxxxxx_000A07fBIsc_xBCxxxXxxFgxxn_DQ02_Blender_Z1J_55100096,1,5,13,600,106.5,103.25,100.0,1,11
2,pat84,d1700296P0421954C_RL_B0Fmm00_PB0PCcZNC0909_B64mA1la0R0vxxxxxx_000A07fBIsc_xBCxxxXxxFgxxn_DQ02_Blender_Z1J_55100096,1,6,14,600,102.0,100.42,98.0,0,8
2,pat84,d1700296P0421954C_RL_B0Fmm00_PB0PCcZNC0909_B64mA1la0R0vxxxxxx_000A07fBIsc_xBCxxxXxxFgxxn_DQ02_Blender_Z1J_55100096,1,7,15,600,102.5,99.84,98.0,0,8
2,pat84,d1700296P0421954C_RL_B0Fmm00_PB0PCcZNC0909_B64mA1la0R0vxxxxxx_000A07fBIsc_xBCxxxXxxFgxxn_DQ02_Blender_Z1J_55100096,2,0,16,600,106.5,103.99,100.5,0,2
2,pat84,d1700296P0421954C_RL_B0Fmm00_PB0PCcZNC0909_B64mA1la0R0vxxxxxx_000A07fBIsc_xBCxxxXxxFgxxn_DQ02_Blender_Z1J_55100096,2,1,17,600,108.5,104.45,101.0,1,11
2,pat84,d1700296P0421954C_RL_B0Fmm00_PB0PCcZNC0909_B64mA1la0R0vxxxxxx_000A07fBIsc_xBCxxxXxxFgxxn_DQ02_Blender_Z1J_55100096,2,2,18,600,102.0,100.47,99.5,1,14
2,pat84,d1700296P0421954C_RL_B0Fmm00_PB0PCcZNC0909_B64mA1la0R0vxxxxxx_000A07fBIsc_xBCxxxXxxFgxxn_DQ02_Blender_Z1J_55100096,2,3,19,600,102.0,100.47,98.5,1,9
2,pat84,d1700296P0421954C_RL_B0Fmm00_PB0PCcZNC0909_B64mA1la0R0vxxxxxx_000A07fBIsc_xBCxxxXxxFgxxn_DQ02_Blender_Z1J_55100096,2,4,20,600,109.0,103.23,100.5,1,11
2,pat84,d1700296P0421954C_RL_B0Fmm00_PB0PCcZNC0909_B64mA1la0R0vxxxxxx_000A07fBIsc_xBCxxxXxxFgxxn_DQ02_Blender_Z1J_55100096,2,5,21,600,107.0,103.9,101.0,1,11
2,pat84,d1700296P0421954C_RL_B0Fmm00_PB0PCcZNC0909_B64mA1la0R0vxxxxxx_000A07fBIsc_xBCxxxXxxFgxxn_DQ02_Blender_Z1J_55100096,2,6,22,600,103.0,100.89,98.5,0,4
2,pat84,d1700296P0421954C_RL_B0Fmm00_PB0PCcZNC0909_B64mA1la0R0vxxxxxx_000A07fBIsc_xBCxxxXxxFgxxn_DQ02_Blender_Z1J_55100096,2,7,23,600,101.0,99.96,98.0,0,8
2,pat84,d1700296P0421954C_RL_B0Fmm00_PB0PCcZNC0909_B64mA1la0R0vxxxxxx_000A07fBIsc_xBCxxxXxxFgxxn_DQ02_Blender_Z1J_55100096,3,0,24,600,105.0,102.8,100.0,1,11
2,pat84,d1700296P0421954C_RL_B0Fmm00_PB0PCcZNC0909_B64mA1la0R0vxxxxxx_000A07fBIsc_xBCxxxXxxFgxxn_DQ02_Blender_Z1J_55100096,3,1,25,600,104.5,102.5,100.5,1,11
2,pat84,d1700296P0421954C_RL_B0Fmm00_PB0PCcZNC0909_B64mA1la0R0vxxxxxx_000A07fBIsc_xBCxxxXxxFgxxn_DQ02_Blender_Z1J_55100096,3,2,26,600,102.5,101.0,99.5,0,8
2,pat84,d1700296P0421954C_RL_B0Fmm00_PB0PCcZNC0909_B64mA1la0R0vxxxxxx_000A07fBIsc_xBCxxxXxxFgxxn_DQ02_Blender_Z1J_55100096,3,3,27,600,102.0,100.47,99.0,0,8
2,pat84,d1700296P0421954C_RL_B0Fmm00_PB0PCcZNC0909_B64mA1la0R0vxxxxxx_000A07fBIsc_xBCxxxXxxFgxxn_DQ02_Blender_Z1J_55100096,3,4,28,600,107.5,103.6,100.5,1,11
2,pat84,d1700296P0421954C_RL_B0Fmm00_PB0PCcZNC0909_B64mA1la0R0vxxxxxx_000A07fBIsc_xBCxxxXxxFgxxn_DQ02_Blender_Z1J_55100096,3,5,29,600,105.5,103.09,101.0,1,11
2,pat84,d1700296P0421954C_RL_B0Fmm00_PB0PCcZNC0909_B64mA1la0R0vxxxxxx_000A07fBIsc_xBCxxxXxxFgxxn_DQ02_Blender_Z1J_55100096,3,6,30,600,102.5,101.19,99.5,0,6
2,pat84,d1700296P0421954C_RL_B0Fmm00_PB0PCcZNC0909_B64mA1la0R0vxxxxxx_000A07fBIsc_xBCxxxXxxFgxxn_DQ02_Blender_Z1J_55100096,3,7,31,600,103.0,101.01,99.5,0,8
2,pat85,d1682892P0420951C_RL_B0Fmm00_PB0PCcZNC0909_B64mA1la0R0vxxxxxx_000A07fBIsc_xBCxxxXxxFgxxn_DQ02_Blender_W1J_5500007A,0,0,0,600,108.5,103.43,98.5,1,11
2,pat85,d1682892P0420951C_RL_B0Fmm00_PB0PCcZNC0909_B64mA1la0R0vxxxxxx_000A07fBIsc_xBCxxxXxxFgxxn_DQ02_Blender_W1J_5500007A,0,1,1,600,109.5,103.76,99.0,1,11
2,pat85,d1682892P0420951C_RL_B0Fmm00_PB0PCcZNC0909_B64mA1la0R0vxxxxxx_000A07fBIsc_xBCxxxXxxFgxxn_DQ02_Blender_W1J_5500007A,0,2,2,600,101.5,100.03,99.0,1,7
2,pat85,d1682892P0420951C_RL_B0Fmm00_PB0PCcZNC0909_B64mA1la0R0vxxxxxx_000A07fBIsc_xBCxxxXxxFgxxn_DQ02_Blender_W1J_5500007A,0,3,3,600,100.5,98.9,97.5,0,8
2,pat85,d1682892P0420951C_RL_B0Fmm00_PB0PCcZNC0909_B64mA1la0R0vxxxxxx_000A07fBIsc_xBCxxxXxxFgxxn_DQ02_Blender_W1J_5500007A,0,4,4,600,109.0,103.75,100.0,1,11
2,pat85,d1682892P0420951C_RL_B0Fmm00_PB0PCcZNC0909_B64mA1la0R0vxxxxxx_000A07fBIsc_xBCxxxXxxFgxxn_DQ02_Blender_W1J_5500007A,0,5,5,600,109.0,104.43,100.5,1,2
2,pat85,d1682892P0420951C_RL_B0Fmm00_PB0PCcZNC0909_B64mA1la0R0vxxxxxx_000A07fBIsc_xBCxxxXxxFgxxn_DQ02_Blender_W1J_5500007A,0,6,6,600,101.5,100.04,98.5,0,8
2,pat85,d1682892P0420951C_RL_B0Fmm00_PB0PCcZNC0909_B64mA1la0R0vxxxxxx_000A07fBIsc_xBCxxxXxxFgxxn_DQ02_Blender_W1J_5500007A,0,7,7,600,100.5,99.48,98.0,0,6
2,pat85,d1682892P0420951C_RL_B0Fmm00_PB0PCcZNC0909_B64mA1la0R0vxxxxxx_000A07fBIsc_xBCxxxXxxFgxxn_DQ02_Blender_W1J_5500007A,1,0,8,600,106.0,102.82,99.5,1,11
2,pat85,d1682892P0420951C_RL_B0Fmm00_PB0PCcZNC0909_B64mA1la0R0vxxxxxx_000A07fBIsc_xBCxxxXxxFgxxn_DQ02_Blender_W1J_5500007A,1,1,9,600,105.5,102.75,100.0,1,11
2,pat85,d1682892P0420951C_RL_B0Fmm00_PB0PCcZNC0909_B64mA1la0R0vxxxxxx_000A07fBIsc_xBCxxxXxxFgxxn_DQ02_Blender_W1J_5500007A,1,2,10,600,101.5,100.15,98.5,1,2
2,pat85,d1682892P0420951C_RL_B0Fmm00_PB0PCcZNC0909_B64mA1la0R0vxxxxxx_000A07fBIsc_xBCxxxXxxFgxxn_DQ02_Blender_W1J_5500007A,1,3,11,600,101.5,100.05,98.5,0,8
2,pat85,d1682892P0420951C_RL_B0Fmm00_PB0PCcZNC0909_B64mA1la0R0vxxxxxx_000A07fBIsc_xBCxxxXxxFgxxn_DQ02_Blender_W1J_5500007A,1,4,12,600,106.5,103.13,100.5,0,11
2,pat85,d1682892P0420951C_RL_B0Fmm00_PB0PCcZNC0909_B64mA1la0R0vxxxxxx_000A07fBIsc_xBCxxxXxxFgxxn_DQ02_Blender_W1J_5500007A,1,5,13,600,106.5,103.22,100.0,1,2
2,pat85,d1682892P0420951C_RL_B0Fmm00_PB0PCcZNC0909_B64mA1la0R0vxxxxxx_000A07fBIsc_xBCxxxXxxFgxxn_DQ02_Blender_W1J_5500007A,1,6,14,600,101.5,100.36,98.5,0,8
2,pat85,d1682892P0420951C_RL_B0Fmm00_PB0PCcZNC0909_B64mA1la0R0vxxxxxx_000A07fBIsc_xBCxxxXxxFgxxn_DQ02_Blender_W1J_5500007A,1,7,15,600,101.5,99.85,97.5,0,8
2,pat85,d1682892P0420951C_RL_B0Fmm00_PB0PCcZNC0909_B64mA1la0R0vxxxxxx_000A07fBIsc_xBCxxxXxxFgxxn_DQ02_Blender_W1J_5500007A,2,0,16,600,107.0,104.12,100.5,1,11
2,pat85,d1682892P0420951C_RL_B0Fmm00_PB0PCcZNC0909_B64mA1la0R0vxxxxxx_000A07fBIsc_xBCxxxXxxFgxxn_DQ02_Blender_W1J_5500007A,2,1,17,600,108.5,104.64,101.0,1,11
2,pat85,d1682892P0420951C_RL_B0Fmm00_PB0PCcZNC0909_B64mA1la0R0vxxxxxx_000A07fBIsc_xBCxxxXxxFgxxn_DQ02_Blender_W1J_5500007A,2,2,18,600,102.0,100.41,99.5,1,14
2,pat85,d1682892P0420951C_RL_B0Fmm00_PB0PCcZNC0909_B64mA1la0R0vxxxxxx_000A07fBIsc_xBCxxxXxxFgxxn_DQ02_Blender_W1J_5500007A,2,3,19,600,102.0,100.4,98.5,1,11
2,pat85,d1682892P0420951C_RL_B0Fmm00_PB0PCcZNC0909_B64mA1la0R0vxxxxxx_000A07fBIsc_xBCxxxXxxFgxxn_DQ02_Blender_W1J_5500007A,2,4,20,600,108.5,103.39,100.5,1,11
2,pat85,d1682892P0420951C_RL_B0Fmm00_PB0PCcZNC0909_B64mA1la0R0vxxxxxx_000A07fBIsc_xBCxxxXxxFgxxn_DQ02_Blender_W1J_5500007A,2,5,21,600,107.0,103.9,101.0,1,11
2,pat85,d1682892P0420951C_RL_B0Fmm00_PB0PCcZNC0909_B64mA1la0R0vxxxxxx_000A07fBIsc_xBCxxxXxxFgxxn_DQ02_Blender_W1J_5500007A,2,6,22,600,103.0,100.91,99.0,0,4
2,pat85,d1682892P0420951C_RL_B0Fmm00_PB0PCcZNC0909_B64mA1la0R0vxxxxxx_000A07fBIsc_xBCxxxXxxFgxxn_DQ02_Blender_W1J_5500007A,2,7,23,600,101.5,99.94,98.5,0,8
2,pat85,d1682892P0420951C_RL_B0Fmm00_PB0PCcZNC0909_B64mA1la0R0vxxxxxx_000A07fBIsc_xBCxxxXxxFgxxn_DQ02_Blender_W1J_5500007A,3,0,24,600,104.5,102.86,100.0,1,2
2,pat85,d1682892P0420951C_RL_B0Fmm00_PB0PCcZNC0909_B64mA1la0R0vxxxxxx_000A07fBIsc_xBCxxxXxxFgxxn_DQ02_Blender_W1J_5500007A,3,1,25,600,104.0,102.55,100.5,1,13
2,pat85,d1682892P0420951C_RL_B0Fmm00_PB0PCcZNC0909_B64mA1la0R0vxxxxxx_000A07fBIsc_xBCxxxXxxFgxxn_DQ02_Blender_W1J_5500007A,3,2,26,600,102.5,100.89,99.0,0,6
2,pat85,d1682892P0420951C_RL_B0Fmm00_PB0PCcZNC0909_B64mA1la0R0vxxxxxx_000A07fBIsc_xBCxxxXxxFgxxn_DQ02_Blender_W1J_5500007A,3,3,27,600,102.0,100.49,99.0,0,8
2,pat85,d1682892P0420951C_RL_B0Fmm00_PB0PCcZNC0909_B64mA1la0R0vxxxxxx_000A07fBIsc_xBCxxxXxxFgxxn_DQ02_Blender_W1J_5500007A,3,4,28,600,107.5,103.81,100.5,1,11
2,pat85,d1682892P0420951C_RL_B0Fmm00_PB0PCcZNC0909_B64mA1la0R0vxxxxxx_000A07fBIsc_xBCxxxXxxFgxxn_DQ02_Blender_W1J_5500007A,3,5,29,600,105.5,103.15,101.0,1,11
2,pat85,d1682892P0420951C_RL_B0Fmm00_PB0PCcZNC0909_B64mA1la0R0vxxxxxx_000A07fBIsc_xBCxxxXxxFgxxn_DQ02_Blender_W1J_5500007A,3,6,30,600,102.5,101.14,99.5,0,6
2,pat85,d1682892P0420951C_RL_B0Fmm00_PB0PCcZNC0909_B64mA1la0R0vxxxxxx_000A07fBIsc_xBCxxxXxxFgxxn_DQ02_Blender_W1J_5500007A,3,7,31,600,103.5,100.95,99.5,0,8
2,pat86,d1700670P0422174C_RL_B0Fmm00_PB0PCcZNC0909_B64mA1la0R0vxxxxxx_000A07fBIsc_xBCxxxXxxFgxxn_DQ02_FRM_AddDZ_55100268,0,0,0,600,107.5,103.24,99.0,1,11
2,pat86,d1700670P0422174C_RL_B0Fmm00_PB0PCcZNC0909_B64mA1la0R0vxxxxxx_000A07fBIsc_xBCxxxXxxFgxxn_DQ02_FRM_AddDZ_55100268,0,1,1,600,109.0,103.57,100.0,1,11
2,pat86,d1700670P0422174C_RL_B0Fmm00_PB0PCcZNC0909_B64mA1la0R0vxxxxxx_000A07fBIsc_xBCxxxXxxFgxxn_DQ02_FRM_AddDZ_55100268,0,2,2,600,101.5,100.03,99.0,0,14
2,pat86,d1700670P0422174C_RL_B0Fmm00_PB0PCcZNC0909_B64mA1la0R0vxxxxxx_000A07fBIsc_xBCxxxXxxFgxxn_DQ02_FRM_AddDZ_55100268,0,3,3,600,100.5,98.92,97.5,0,10
2,pat86,d1700670P0422174C_RL_B0Fmm00_PB0PCcZNC0909_B64mA1la0R0vxxxxxx_000A07fBIsc_xBCxxxXxxFgxxn_DQ02_FRM_AddDZ_55100268,0,4,4,600,108.5,103.62,100.0,1,11
2,pat86,d1700670P0422174C_RL_B0Fmm00_PB0PCcZNC0909_B64mA1la0R0vxxxxxx_000A07fBIsc_xBCxxxXxxFgxxn_DQ02_FRM_AddDZ_55100268,0,5,5,600,108.5,104.3,100.0,1,2
2,pat86,d1700670P0422174C_RL_B0Fmm00_PB0PCcZNC0909_B64mA1la0R0vxxxxxx_000A07fBIsc_xBCxxxXxxFgxxn_DQ02_FRM_AddDZ_55100268,0,6,6,600,102.0,100.09,98.5,0,8
2,pat86,d1700670P0422174C_RL_B0Fmm00_PB0PCcZNC0909_B64mA1la0R0vxxxxxx_000A07fBIsc_xBCxxxXxxFgxxn_DQ02_FRM_AddDZ_55100268,0,7,7,600,101.0,99.59,98.0,1,6
2,pat86,d1700670P0422174C_RL_B0Fmm00_PB0PCcZNC0909_B64mA1la0R0vxxxxxx_000A07fBIsc_xBCxxxXxxFgxxn_DQ02_FRM_AddDZ_55100268,1,0,8,600,105.5,102.7,99.5,1,11
2,pat86,d1700670P0422174C_RL_B0Fmm00_PB0PCcZNC0909_B64mA1la0R0vxxxxxx_000A07fBIsc_xBCxxxXxxFgxxn_DQ02_FRM_AddDZ_55100268,1,1,9,600,105.0,102.68,99.5,0,2
2,pat86,d1700670P0422174C_RL_B0Fmm00_PB0PCcZNC0909_B64mA1la0R0vxxxxxx_000A07fBIsc_xBCxxxXxxFgxxn_DQ02_FRM_AddDZ_55100268,1,2,10,600,101.5,100.17,98.5,1,8
2,pat86,d1700670P0422174C_RL_B0Fmm00_PB0PCcZNC0909_B64mA1la0R0vxxxxxx_000A07fBIsc_xBCxxxXxxFgxxn_DQ02_FRM_AddDZ_55100268,1,3,11,600,101.5,100.06,98.5,0,8
2,pat86,d1700670P0422174C_RL_B0Fmm00_PB0PCcZNC0909_B64mA1la0R0vxxxxxx_000A07fBIsc_xBCxxxXxxFgxxn_DQ02_FRM_AddDZ_55100268,1,4,12,600,106.5,103.03,100.5,0,11
2,pat86,d1700670P0422174C_RL_B0Fmm00_PB0PCcZNC0909_B64mA1la0R0vxxxxxx_000A07fBIsc_xBCxxxXxxFgxxn_DQ02_FRM_AddDZ_55100268,1,5,13,600,106.0,103.15,100.0,1,2
2,pat86,d1700670P0422174C_RL_B0Fmm00_PB0PCcZNC0909_B64mA1la0R0vxxxxxx_000A07fBIsc_xBCxxxXxxFgxxn_DQ02_FRM_AddDZ_55100268,1,6,14,600,102.0,100.43,98.0,0,1
2,pat86,d1700670P0422174C_RL_B0Fmm00_PB0PCcZNC0909_B64mA1la0R0vxxxxxx_000A07fBIsc_xBCxxxXxxFgxxn_DQ02_FRM_AddDZ_55100268,1,7,15,600,102.0,99.92,98.0,0,8
2,pat86,d1700670P0422174C_RL_B0Fmm00_PB0PCcZNC0909_B64mA1la0R0vxxxxxx_000A07fBIsc_xBCxxxXxxFgxxn_DQ02_FRM_AddDZ_55100268,2,0,16,600,106.5,104.11,100.5,1,11
2,pat86,d1700670P0422174C_RL_B0Fmm00_PB0PCcZNC0909_B64mA1la0R0vxxxxxx_000A07fBIsc_xBCxxxXxxFgxxn_DQ02_FRM_AddDZ_55100268,2,1,17,600,108.0,104.48,101.0,1,2
2,pat86,d1700670P0422174C_RL_B0Fmm00_PB0PCcZNC0909_B64mA1la0R0vxxxxxx_000A07fBIsc_xBCxxxXxxFgxxn_DQ02_FRM_AddDZ_55100268,2,2,18,600,102.0,100.37,99.5,0,7
2,pat86,d1700670P0422174C_RL_B0Fmm00_PB0PCcZNC0909_B64mA1la0R0vxxxxxx_000A07fBIsc_xBCxxxXxxFgxxn_DQ02_FRM_AddDZ_55100268,2,3,19,600,102.0,100.39,99.0,1,5
2,pat86,d1700670P0422174C_RL_B0Fmm00_PB0PCcZNC0909_B64mA1la0R0vxxxxxx_000A07fBIsc_xBCxxxXxxFgxxn_DQ02_FRM_AddDZ_55100268,2,4,20,600,108.0,103.27,100.5,1,11
2,pat86,d1700670P0422174C_RL_B0Fmm00_PB0PCcZNC0909_B64mA1la0R0vxxxxxx_000A07fBIsc_xBCxxxXxxFgxxn_DQ02_FRM_AddDZ_55100268,2,5,21,600,106.5,103.9,101.0,1,11
2,pat86,d1700670P0422174C_RL_B0Fmm00_PB0PCcZNC0909_B64mA1la0R0vxxxxxx_000A07fBIsc_xBCxxxXxxFgxxn_DQ02_FRM_AddDZ_55100268,2,6,22,600,103.5,100.85,98.5,0,8
2,pat86,d1700670P0422174C_RL_B0Fmm00_PB0PCcZNC0909_B64mA1la0R0vxxxxxx_000A07fBIsc_xBCxxxXxxFgxxn_DQ02_FRM_AddDZ_55100268,2,7,23,600,101.0,100.0,98.0,0,8
2,pat86,d1700670P0422174C_RL_B0Fmm00_PB0PCcZNC0909_B64mA1la0R0vxxxxxx_000A07fBIsc_xBCxxxXxxFgxxn_DQ02_FRM_AddDZ_55100268,3,0,24,600,104.5,102.75,100.0,1,2
2,pat86,d1700670P0422174C_RL_B0Fmm00_PB0PCcZNC0909_B64mA1la0R0vxxxxxx_000A07fBIsc_xBCxxxXxxFgxxn_DQ02_FRM_AddDZ_55100268,3,1,25,600,104.0,102.45,100.5,0,0
2,pat86,d1700670P0422174C_RL_B0Fmm00_PB0PCcZNC0909_B64mA1la0R0vxxxxxx_000A07fBIsc_xBCxxxXxxFgxxn_DQ02_FRM_AddDZ_55100268,3,2,26,600,102.5,100.92,99.0,0,6
2,pat86,d1700670P0422174C_RL_B0Fmm00_PB0PCcZNC0909_B64mA1la0R0vxxxxxx_000A07fBIsc_xBCxxxXxxFgxxn_DQ02_FRM_AddDZ_55100268,3,3,27,600,102.5,100.55,99.0,0,8
2,pat86,d1700670P0422174C_RL_B0Fmm00_PB0PCcZNC0909_B64mA1la0R0vxxxxxx_000A07fBIsc_xBCxxxXxxFgxxn_DQ02_FRM_AddDZ_55100268,3,4,28,600,107.5,103.67,100.0,1,11
2,pat86,d1700670P0422174C_RL_B0Fmm00_PB0PCcZNC0909_B64mA1la0R0vxxxxxx_000A07fBIsc_xBCxxxXxxFgxxn_DQ02_FRM_AddDZ_55100268,3,5,29,600,104.5,103.03,101.0,1,11
2,pat86,d1700670P0422174C_RL_B0Fmm00_PB0PCcZNC0909_B64mA1la0R0vxxxxxx_000A07fBIsc_xBCxxxXxxFgxxn_DQ02_FRM_AddDZ_55100268,3,6,30,600,103.0,101.16,99.5,0,14
2,pat86,d1700670P0422174C_RL_B0Fmm00_PB0PCcZNC0909_B64mA1la0R0vxxxxxx_000A07fBIsc_xBCxxxXxxFgxxn_DQ02_FRM_AddDZ_55100268,3,7,31,600,103.0,100.99,99.5,0,8
2,pat87,d1682889P0420981C_RK_B0Fmm00_PB0PCcZNC0909_B64mA1la0R0vxxxxxx_000A07fBIsc_xBCxxxXxxFgxxn_DQ02_Blender_W1J_550000E9,0,0,0,600,107.5,103.29,98.5,1,11
2,pat87,d1682889P0420981C_RK_B0Fmm00_PB0PCcZNC0909_B64mA1la0R0vxxxxxx_000A07fBIsc_xBCxxxXxxFgxxn_DQ02_Blender_W1J_550000E9,0,1,1,600,108.5,103.68,100.0,1,11
2,pat87,d1682889P0420981C_RK_B0Fmm00_PB0PCcZNC0909_B64mA1la0R0vxxxxxx_000A07fBIsc_xBCxxxXxxFgxxn_DQ02_Blender_W1J_550000E9,0,2,2,600,101.5,99.98,99.0,0,14
2,pat87,d1682889P0420981C_RK_B0Fmm00_PB0PCcZNC0909_B64mA1la0R0vxxxxxx_000A07fBIsc_xBCxxxXxxFgxxn_DQ02_Blender_W1J_550000E9,0,3,3,600,100.5,98.93,97.5,0,8
2,pat87,d1682889P0420981C_RK_B0Fmm00_PB0PCcZNC0909_B64mA1la0R0vxxxxxx_000A07fBIsc_xBCxxxXxxFgxxn_DQ02_Blender_W1J_550000E9,0,4,4,600,109.0,103.64,100.0,1,11
2,pat87,d1682889P0420981C_RK_B0Fmm00_PB0PCcZNC0909_B64mA1la0R0vxxxxxx_000A07fBIsc_xBCxxxXxxFgxxn_DQ02_Blender_W1J_550000E9,0,5,5,600,109.0,104.43,100.5,1,2
2,pat87,d1682889P0420981C_RK_B0Fmm00_PB0PCcZNC0909_B64mA1la0R0vxxxxxx_000A07fBIsc_xBCxxxXxxFgxxn_DQ02_Blender_W1J_550000E9,0,6,6,600,101.5,100.03,98.5,0,8
2,pat87,d1682889P0420981C_RK_B0Fmm00_PB0PCcZNC0909_B64mA1la0R0vxxxxxx_000A07fBIsc_xBCxxxXxxFgxxn_DQ02_Blender_W1J_550000E9,0,7,7,600,101.0,99.56,98.0,1,6
2,pat87,d1682889P0420981C_RK_B0Fmm00_PB0PCcZNC0909_B64mA1la0R0vxxxxxx_000A07fBIsc_xBCxxxXxxFgxxn_DQ02_Blender_W1J_550000E9,1,0,8,600,105.5,102.78,100.0,0,9
2,pat87,d1682889P0420981C_RK_B0Fmm00_PB0PCcZNC0909_B64mA1la0R0vxxxxxx_000A07fBIsc_xBCxxxXxxFgxxn_DQ02_Blender_W1J_550000E9,1,1,9,600,105.5,102.73,100.0,0,2
2,pat87,d1682889P0420981C_RK_B0Fmm00_PB0PCcZNC0909_B64mA1la0R0vxxxxxx_000A07fBIsc_xBCxxxXxxFgxxn_DQ02_Blender_W1J_550000E9,1,2,10,600,101.5,100.07,98.5,0,8
2,pat87,d1682889P0420981C_RK_B0Fmm00_PB0PCcZNC0909_B64mA1la0R0vxxxxxx_000A07fBIsc_xBCxxxXxxFgxxn_DQ02_Blender_W1J_550000E9,1,3,11,600,101.0,99.98,98.5,0,8
2,pat87,d1682889P0420981C_RK_B0Fmm00_PB0PCcZNC0909_B64mA1la0R0vxxxxxx_000A07fBIsc_xBCxxxXxxFgxxn_DQ02_Blender_W1J_550000E9,1,4,12,600,106.0,103.05,100.5,0,11
2,pat87,d1682889P0420981C_RK_B0Fmm00_PB0PCcZNC0909_B64mA1la0R0vxxxxxx_000A07fBIsc_xBCxxxXxxFgxxn_DQ02_Blender_W1J_550000E9,1,5,13,600,106.5,103.26,100.0,1,2
2,pat87,d1682889P0420981C_RK_B0Fmm00_PB0PCcZNC0909_B64mA1la0R0vxxxxxx_000A07fBIsc_xBCxxxXxxFgxxn_DQ02_Blender_W1J_550000E9,1,6,14,600,102.0,100.41,98.0,0,8
2,pat87,d1682889P0420981C_RK_B0Fmm00_PB0PCcZNC0909_B64mA1la0R0vxxxxxx_000A07fBIsc_xBCxxxXxxFgxxn_DQ02_Blender_W1J_550000E9,1,7,15,600,102.0,99.82,98.0,0,8
2,pat87,d1682889P0420981C_RK_B0Fmm00_PB0PCcZNC0909_B64mA1la0R0vxxxxxx_000A07fBIsc_xBCxxxXxxFgxxn_DQ02_Blender_W1J_550000E9,2,0,16,600,107.0,104.24,100.5,1,11
2,pat87,d1682889P0420981C_RK_B0Fmm00_PB0PCcZNC0909_B64mA1la0R0vxxxxxx_000A07fBIsc_xBCxxxXxxFgxxn_DQ02_Blender_W1J_550000E9,2,1,17,600,108.5,104.54,101.0,1,2
2,pat87,d1682889P0420981C_RK_B0Fmm00_PB0PCcZNC0909_B64mA1la0R0vxxxxxx_000A07fBIsc_xBCxxxXxxFgxxn_DQ02_Blender_W1J_550000E9,2,2,18,600,102.0,100.44,99.5,0,7
2,pat87,d1682889P0420981C_RK_B0Fmm00_PB0PCcZNC0909_B64mA1la0R0vxxxxxx_000A07fBIsc_xBCxxxXxxFgxxn_DQ02_Blender_W1J_550000E9,2,3,19,600,102.0,100.46,99.0,1,11
2,pat87,d1682889P0420981C_RK_B0Fmm00_PB0PCcZNC0909_B64mA1la0R0vxxxxxx_000A07fBIsc_xBCxxxXxxFgxxn_DQ02_Blender_W1J_550000E9,2,4,20,600,108.0,103.36,100.5,1,11
2,pat87,d1682889P0420981C_RK_B0Fmm00_PB0PCcZNC0909_B64mA1la0R0vxxxxxx_000A07fBIsc_xBCxxxXxxFgxxn_DQ02_Blender_W1J_550000E9,2,5,21,600,106.5,103.9,101.0,1,11
2,pat87,d1682889P0420981C_RK_B0Fmm00_PB0PCcZNC0909_B64mA1la0R0vxxxxxx_000A07fBIsc_xBCxxxXxxFgxxn_DQ02_Blender_W1J_550000E9,2,6,22,600,103.0,100.85,98.5,0,4
2,pat87,d1682889P0420981C_RK_B0Fmm00_PB0PCcZNC0909_B64mA1la0R0vxxxxxx_000A07fBIsc_xBCxxxXxxFgxxn_DQ02_Blender_W1J_550000E9,2,7,23,600,101.5,99.95,98.5,1,8
2,pat87,d1682889P0420981C_RK_B0Fmm00_PB0PCcZNC0909_B64mA1la0R0vxxxxxx_000A07fBIsc_xBCxxxXxxFgxxn_DQ02_Blender_W1J_550000E9,3,0,24,600,105.0,102.92,100.5,1,9
2,pat87,d1682889P0420981C_RK_B0Fmm00_PB0PCcZNC0909_B64mA1la0R0vxxxxxx_000A07fBIsc_xBCxxxXxxFgxxn_DQ02_Blender_W1J_550000E9,3,1,25,600,104.5,102.54,100.5,0,9
2,pat87,d1682889P0420981C_RK_B0Fmm00_PB0PCcZNC0909_B64mA1la0R0vxxxxxx_000A07fBIsc_xBCxxxXxxFgxxn_DQ02_Blender_W1J_550000E9,3,2,26,600,102.5,100.99,99.5,0,8
2,pat87,d1682889P0420981C_RK_B0Fmm00_PB0PCcZNC0909_B64mA1la0R0vxxxxxx_000A07fBIsc_xBCxxxXxxFgxxn_DQ02_Blender_W1J_550000E9,3,3,27,600,102.0,100.55,99.0,0,8
2,pat87,d1682889P0420981C_RK_B0Fmm00_PB0PCcZNC0909_B64mA1la0R0vxxxxxx_000A07fBIsc_xBCxxxXxxFgxxn_DQ02_Blender_W1J_550000E9,3,4,28,600,107.5,103.77,100.0,1,9
2,pat87,d1682889P0420981C_RK_B0Fmm00_PB0PCcZNC0909_B64mA1la0R0vxxxxxx_000A07fBIsc_xBCxxxXxxFgxxn_DQ02_Blender_W1J_550000E9,3,5,29,600,105.0,103.11,101.0,1,9
2,pat87,d1682889P0420981C_RK_B0Fmm00_PB0PCcZNC0909_B64mA1la0R0vxxxxxx_000A07fBIsc_xBCxxxXxxFgxxn_DQ02_Blender_W1J_550000E9,3,6,30,600,102.5,101.16,99.5,0,6
2,pat87,d1682889P0420981C_RK_B0Fmm00_PB0PCcZNC0909_B64mA1la0R0vxxxxxx_000A07fBIsc_xBCxxxXxxFgxxn_DQ02_Blender_W1J_550000E9,3,7,31,600,103.0,100.92,99.0,0,8
2,pat88,d1700965P0422485C_RL_B0Fmm00_PB0PCcZNC0909_B64mA1la0R0vxxxxxx_000A07fBIsc_xBCxxxXxxFgxxn_DQ02_Oakley_LegX_551002CA,0,0,0,600,107.0,103.19,98.5,1,11
2,pat88,d1700965P0422485C_RL_B0Fmm00_PB0PCcZNC0909_B64mA1la0R0vxxxxxx_000A07fBIsc_xBCxxxXxxFgxxn_DQ02_Oakley_LegX_551002CA,0,1,1,600,108.0,103.8,100.0,1,11
2,pat88,d1700965P0422485C_RL_B0Fmm00_PB0PCcZNC0909_B64mA1la0R0vxxxxxx_000A07fBIsc_xBCxxxXxxFgxxn_DQ02_Oakley_LegX_551002CA,0,2,2,600,101.5,100.03,99.0,0,14
2,pat88,d1700965P0422485C_RL_B0Fmm00_PB0PCcZNC0909_B64mA1la0R0vxxxxxx_000A07fBIsc_xBCxxxXxxFgxxn_DQ02_Oakley_LegX_551002CA,0,3,3,600,101.0,99.04,97.5,0,8
2,pat88,d1700965P0422485C_RL_B0Fmm00_PB0PCcZNC0909_B64mA1la0R0vxxxxxx_000A07fBIsc_xBCxxxXxxFgxxn_DQ02_Oakley_LegX_551002CA,0,4,4,600,108.0,103.65,100.0,1,11
2,pat88,d1700965P0422485C_RL_B0Fmm00_PB0PCcZNC0909_B64mA1la0R0vxxxxxx_000A07fBIsc_xBCxxxXxxFgxxn_DQ02_Oakley_LegX_551002CA,0,5,5,600,108.0,104.49,100.5,1,2
2,pat88,d1700965P0422485C_RL_B0Fmm00_PB0PCcZNC0909_B64mA1la0R0vxxxxxx_000A07fBIsc_xBCxxxXxxFgxxn_DQ02_Oakley_LegX_551002CA,0,6,6,600,101.5,100.06,98.5,1,2
2,pat88,d1700965P0422485C_RL_B0Fmm00_PB0PCcZNC0909_B64mA1la0R0vxxxxxx_000A07fBIsc_xBCxxxXxxFgxxn_DQ02_Oakley_LegX_551002CA,0,7,7,600,100.5,99.55,98.0,1,6
2,pat88,d1700965P0422485C_RL_B0Fmm00_PB0PCcZNC0909_B64mA1la0R0vxxxxxx_000A07fBIsc_xBCxxxXxxFgxxn_DQ02_Oakley_LegX_551002CA,1,0,8,600,105.5,102.9,100.0,1,11
2,pat88,d1700965P0422485C_RL_B0Fmm00_PB0PCcZNC0909_B64mA1la0R0vxxxxxx_000A07fBIsc_xBCxxxXxxFgxxn_DQ02_Oakley_LegX_551002CA,1,1,9,600,105.0,102.78,100.0,0,3
2,pat88,d1700965P0422485C_RL_B0Fmm00_PB0PCcZNC0909_B64mA1la0R0vxxxxxx_000A07fBIsc_xBCxxxXxxFgxxn_DQ02_Oakley_LegX_551002CA,1,2,10,600,101.5,100.03,98.5,1,8
2,pat88,d1700965P0422485C_RL_B0Fmm00_PB0PCcZNC0909_B64mA1la0R0vxxxxxx_000A07fBIsc_xBCxxxXxxFgxxn_DQ02_Oakley_LegX_551002CA,1,3,11,600,101.5,99.97,98.0,0,8
2,pat88,d1700965P0422485C_RL_B0Fmm00_PB0PCcZNC0909_B64mA1la0R0vxxxxxx_000A07fBIsc_xBCxxxXxxFgxxn_DQ02_Oakley_LegX_551002CA,1,4,12,600,105.5,103.11,100.5,1,11
2,pat88,d1700965P0422485C_RL_B0Fmm00_PB0PCcZNC0909_B64mA1la0R0vxxxxxx_000A07fBIsc_xBCxxxXxxFgxxn_DQ02_Oakley_LegX_551002CA,1,5,13,600,106.5,103.35,100.0,0,3
2,pat88,d1700965P0422485C_RL_B0Fmm00_PB0PCcZNC0909_B64mA1la0R0vxxxxxx_000A07fBIsc_xBCxxxXxxFgxxn_DQ02_Oakley_LegX_551002CA,1,6,14,600,102.0,100.5,98.0,0,1
2,pat88,d1700965P0422485C_RL_B0Fmm00_PB0PCcZNC0909_B64mA1la0R0vxxxxxx_000A07fBIsc_xBCxxxXxxFgxxn_DQ02_Oakley_LegX_551002CA,1,7,15,600,102.0,99.83,98.0,0,8
2,pat88,d1700965P0422485C_RL_B0Fmm00_PB0PCcZNC0909_B64mA1la0R0vxxxxxx_000A07fBIsc_xBCxxxXxxFgxxn_DQ02_Oakley_LegX_551002CA,2,0,16,600,107.0,104.35,100.5,0,3
2,pat88,d1700965P0422485C_RL_B0Fmm00_PB0PCcZNC0909_B64mA1la0R0vxxxxxx_000A07fBIsc_xBCxxxXxxFgxxn_DQ02_Oakley_LegX_551002CA,2,1,17,600,107.5,104.53,101.0,1,2
2,pat88,d1700965P0422485C_RL_B0Fmm00_PB0PCcZNC0909_B64mA1la0R0vxxxxxx_000A07fBIsc_xBCxxxXxxFgxxn_DQ02_Oakley_LegX_551002CA,2,2,18,600,102.0,100.48,99.0,0,7
2,pat88,d1700965P0422485C_RL_B0Fmm00_PB0PCcZNC0909_B64mA1la0R0vxxxxxx_000A07fBIsc_xBCxxxXxxFgxxn_DQ02_Oakley_LegX_551002CA,2,3,19,600,102.0,100.48,99.0,1,9
2,pat88,d1700965P0422485C_RL_B0Fmm00_PB0PCcZNC0909_B64mA1la0R0vxxxxxx_000A07fBIsc_xBCxxxXxxFgxxn_DQ02_Oakley_LegX_551002CA,2,4,20,600,107.5,103.38,101.0,1,11
2,pat88,d1700965P0422485C_RL_B0Fmm00_PB0PCcZNC0909_B64mA1la0R0vxxxxxx_000A07fBIsc_xBCxxxXxxFgxxn_DQ02_Oakley_LegX_551002CA,2,5,21,600,107.0,103.94,101.0,1,3
2,pat88,d1700965P0422485C_RL_B0Fmm00_PB0PCcZNC0909_B64mA1la0R0vxxxxxx_000A07fBIsc_xBCxxxXxxFgxxn_DQ02_Oakley_LegX_551002CA,2,6,22,600,103.0,101.0,99.0,0,4
2,pat88,d1700965P0422485C_RL_B0Fmm00_PB0PCcZNC0909_B64mA1la0R0vxxxxxx_000A07fBIsc_xBCxxxXxxFgxxn_DQ02_Oakley_LegX_551002CA,2,7,23,600,101.5,99.97,98.5,1,6
2,pat88,d1700965P0422485C_RL_B0Fmm00_PB0PCcZNC0909_B64mA1la0R0vxxxxxx_000A07fBIsc_xBCxxxXxxFgxxn_DQ02_Oakley_LegX_551002CA,3,0,24,600,105.0,102.92,100.5,1,3
2,pat88,d1700965P0422485C_RL_B0Fmm00_PB0PCcZNC0909_B64mA1la0R0vxxxxxx_000A07fBIsc_xBCxxxXxxFgxxn_DQ02_Oakley_LegX_551002CA,3,1,25,600,104.0,102.57,100.5,0,0
2,pat88,d1700965P0422485C_RL_B0Fmm00_PB0PCcZNC0909_B64mA1la0R0vxxxxxx_000A07fBIsc_xBCxxxXxxFgxxn_DQ02_Oakley_LegX_551002CA,3,2,26,600,102.5,100.99,99.5,0,8
2,pat88,d1700965P0422485C_RL_B0Fmm00_PB0PCcZNC0909_B64mA1la0R0vxxxxxx_000A07fBIsc_xBCxxxXxxFgxxn_DQ02_Oakley_LegX_551002CA,3,3,27,600,102.0,100.47,99.0,0,8
2,pat88,d1700965P0422485C_RL_B0Fmm00_PB0PCcZNC0909_B64mA1la0R0vxxxxxx_000A07fBIsc_xBCxxxXxxFgxxn_DQ02_Oakley_LegX_551002CA,3,4,28,600,107.0,103.69,100.5,1,9
2,pat88,d1700965P0422485C_RL_B0Fmm00_PB0PCcZNC0909_B64mA1la0R0vxxxxxx_000A07fBIsc_xBCxxxXxxFgxxn_DQ02_Oakley_LegX_551002CA,3,5,29,600,105.0,103.19,101.0,1,3
2,pat88,d1700965P0422485C_RL_B0Fmm00_PB0PCcZNC0909_B64mA1la0R0vxxxxxx_000A07fBIsc_xBCxxxXxxFgxxn_DQ02_Oakley_LegX_551002CA,3,6,30,600,102.0,101.1,99.5,0,6
2,pat88,d1700965P0422485C_RL_B0Fmm00_PB0PCcZNC0909_B64mA1la0R0vxxxxxx_000A07fBIsc_xBCxxxXxxFgxxn_DQ02_Oakley_LegX_551002CA,3,7,31,600,103.5,101.0,99.5,0,8
2,pat89,d1684358P0421614C_Qn_B0Fmm00_PB0PCcZNC0909_B64mA1la0R0vxxxxxx_000A07fBIsc_xBCxxxXxxFgxxn_DQ02_PlusOne_Ps_550002E7,0,0,0,600,109.5,104.06,98.5,1,2
2,pat89,d1684358P0421614C_Qn_B0Fmm00_PB0PCcZNC0909_B64mA1la0R0vxxxxxx_000A07fBIsc_xBCxxxXxxFgxxn_DQ02_PlusOne_Ps_550002E7,0,1,1,600,111.0,104.72,100.0,1,2
2,pat89,d1684358P0421614C_Qn_B0Fmm00_PB0PCcZNC0909_B64mA1la0R0vxxxxxx_000A07fBIsc_xBCxxxXxxFgxxn_DQ02_PlusOne_Ps_550002E7,0,2,2,600,101.5,100.0,99.0,0,14
2,pat89,d1684358P0421614C_Qn_B0Fmm00_PB0PCcZNC0909_B64mA1la0R0vxxxxxx_000A07fBIsc_xBCxxxXxxFgxxn_DQ02_PlusOne_Ps_550002E7,0,3,3,600,100.5,98.98,97.5,0,8
2,pat89,d1684358P0421614C_Qn_B0Fmm00_PB0PCcZNC0909_B64mA1la0R0vxxxxxx_000A07fBIsc_xBCxxxXxxFgxxn_DQ02_PlusOne_Ps_550002E7,0,4,4,600,110.5,104.5,100.0,1,11
2,pat89,d1684358P0421614C_Qn_B0Fmm00_PB0PCcZNC0909_B64mA1la0R0vxxxxxx_000A07fBIsc_xBCxxxXxxFgxxn_DQ02_PlusOne_Ps_550002E7,0,5,5,600,111.5,105.31,100.0,1,2
2,pat89,d1684358P0421614C_Qn_B0Fmm00_PB0PCcZNC0909_B64mA1la0R0vxxxxxx_000A07fBIsc_xBCxxxXxxFgxxn_DQ02_PlusOne_Ps_550002E7,0,6,6,600,101.5,100.18,99.0,1,2
2,pat89,d1684358P0421614C_Qn_B0Fmm00_PB0PCcZNC0909_B64mA1la0R0vxxxxxx_000A07fBIsc_xBCxxxXxxFgxxn_DQ02_PlusOne_Ps_550002E7,0,7,7,600,100.5,99.59,98.0,0,6
2,pat89,d1684358P0421614C_Qn_B0Fmm00_PB0PCcZNC0909_B64mA1la0R0vxxxxxx_000A07fBIsc_xBCxxxXxxFgxxn_DQ02_PlusOne_Ps_550002E7,1,0,8,600,107.5,103.68,99.5,1,2
2,pat89,d1684358P0421614C_Qn_B0Fmm00_PB0PCcZNC0909_B64mA1la0R0vxxxxxx_000A07fBIsc_xBCxxxXxxFgxxn_DQ02_PlusOne_Ps_550002E7,1,1,9,600,107.5,103.53,100.0,1,2
2,pat89,d1684358P0421614C_Qn_B0Fmm00_PB0PCcZNC0909_B64mA1la0R0vxxxxxx_000A07fBIsc_xBCxxxXxxFgxxn_DQ02_PlusOne_Ps_550002E7,1,2,10,600,101.5,100.14,98.5,0,8
2,pat89,d1684358P0421614C_Qn_B0Fmm00_PB0PCcZNC0909_B64mA1la0R0vxxxxxx_000A07fBIsc_xBCxxxXxxFgxxn_DQ02_PlusOne_Ps_550002E7,1,3,11,600,101.0,100.14,98.5,0,8
2,pat89,d1684358P0421614C_Qn_B0Fmm00_PB0PCcZNC0909_B64mA1la0R0vxxxxxx_000A07fBIsc_xBCxxxXxxFgxxn_DQ02_PlusOne_Ps_550002E7,1,4,12,600,108.0,103.9,100.5,1,11
2,pat89,d1684358P0421614C_Qn_B0Fmm00_PB0PCcZNC0909_B64mA1la0R0vxxxxxx_000A07fBIsc_xBCxxxXxxFgxxn_DQ02_PlusOne_Ps_550002E7,1,5,13,600,108.5,104.18,100.0,1,2
2,pat89,d1684358P0421614C_Qn_B0Fmm00_PB0PCcZNC0909_B64mA1la0R0vxxxxxx_000A07fBIsc_xBCxxxXxxFgxxn_DQ02_PlusOne_Ps_550002E7,1,6,14,600,102.0,100.44,98.5,0,1
2,pat89,d1684358P0421614C_Qn_B0Fmm00_PB0PCcZNC0909_B64mA1la0R0vxxxxxx_000A07fBIsc_xBCxxxXxxFgxxn_DQ02_PlusOne_Ps_550002E7,1,7,15,600,101.5,99.82,97.5,0,8
2,pat89,d1684358P0421614C_Qn_B0Fmm00_PB0PCcZNC0909_B64mA1la0R0vxxxxxx_000A07fBIsc_xBCxxxXxxFgxxn_DQ02_PlusOne_Ps_550002E7,2,0,16,600,108.5,105.07,100.5,1,2
2,pat89,d1684358P0421614C_Qn_B0Fmm00_PB0PCcZNC0909_B64mA1la0R0vxxxxxx_000A07fBIsc_xBCxxxXxxFgxxn_DQ02_PlusOne_Ps_550002E7,2,1,17,600,110.5,105.4,101.0,1,2
2,pat89,d1684358P0421614C_Qn_B0Fmm00_PB0PCcZNC0909_B64mA1la0R0vxxxxxx_000A07fBIsc_xBCxxxXxxFgxxn_DQ02_PlusOne_Ps_550002E7,2,2,18,600,102.0,100.45,99.5,1,14
2,pat89,d1684358P0421614C_Qn_B0Fmm00_PB0PCcZNC0909_B64mA1la0R0vxxxxxx_000A07fBIsc_xBCxxxXxxFgxxn_DQ02_PlusOne_Ps_550002E7,2,3,19,600,102.0,100.5,99.0,1,9
2,pat89,d1684358P0421614C_Qn_B0Fmm00_PB0PCcZNC0909_B64mA1la0R0vxxxxxx_000A07fBIsc_xBCxxxXxxFgxxn_DQ02_PlusOne_Ps_550002E7,2,4,20,600,109.5,104.13,101.0,1,2
2,pat89,d1684358P0421614C_Qn_B0Fmm00_PB0PCcZNC0909_B64mA1la0R0vxxxxxx_000A07fBIsc_xBCxxxXxxFgxxn_DQ02_PlusOne_Ps_550002E7,2,5,21,600,108.0,104.65,101.5,1,2
2,pat89,d1684358P0421614C_Qn_B0Fmm00_PB0PCcZNC0909_B64mA1la0R0vxxxxxx_000A07fBIsc_xBCxxxXxxFgxxn_DQ02_PlusOne_Ps_550002E7,2,6,22,600,103.0,100.98,98.5,0,4
2,pat89,d1684358P0421614C_Qn_B0Fmm00_PB0PCcZNC0909_B64mA1la0R0vxxxxxx_000A07fBIsc_xBCxxxXxxFgxxn_DQ02_PlusOne_Ps_550002E7,2,7,23,600,101.5,99.99,98.5,1,9
2,pat89,d1684358P0421614C_Qn_B0Fmm00_PB0PCcZNC0909_B64mA1la0R0vxxxxxx_000A07fBIsc_xBCxxxXxxFgxxn_DQ02_PlusOne_Ps_550002E7,3,0,24,600,106.5,103.68,100.5,1,2
2,pat89,d1684358P0421614C_Qn_B0Fmm00_PB0PCcZNC0909_B64mA1la0R0vxxxxxx_000A07fBIsc_xBCxxxXxxFgxxn_DQ02_PlusOne_Ps_550002E7,3,1,25,600,106.0,103.19,100.5,0,0
2,pat89,d1684358P0421614C_Qn_B0Fmm00_PB0PCcZNC0909_B64mA1la0R0vxxxxxx_000A07fBIsc_xBCxxxXxxFgxxn_DQ02_PlusOne_Ps_550002E7,3,2,26,600,102.5,100.99,99.5,0,8
2,pat89,d1684358P0421614C_Qn_B0Fmm00_PB0PCcZNC0909_B64mA1la0R0vxxxxxx_000A07fBIsc_xBCxxxXxxFgxxn_DQ02_PlusOne_Ps_550002E7,3,3,27,600,102.0,100.56,99.0,0,8
2,pat89,d1684358P0421614C_Qn_B0Fmm00_PB0PCcZNC0909_B64mA1la0R0vxxxxxx_000A07fBIsc_xBCxxxXxxFgxxn_DQ02_PlusOne_Ps_550002E7,3,4,28,600,110.0,104.58,100.5,1,2
2,pat89,d1684358P0421614C_Qn_B0Fmm00_PB0PCcZNC0909_B64mA1la0R0vxxxxxx_000A07fBIsc_xBCxxxXxxFgxxn_DQ02_PlusOne_Ps_550002E7,3,5,29,600,107.0,103.93,101.0,1,0
2,pat89,d1684358P0421614C_Qn_B0Fmm00_PB0PCcZNC0909_B64mA1la0R0vxxxxxx_000A07fBIsc_xBCxxxXxxFgxxn_DQ02_PlusOne_Ps_550002E7,3,6,30,600,105.5,101.15,99.5,0,14
2,pat89,d1684358P0421614C_Qn_B0Fmm00_PB0PCcZNC0909_B64mA1la0R0vxxxxxx_000A07fBIsc_xBCxxxXxxFgxxn_DQ02_PlusOne_Ps_550002E7,3,7,31,600,103.5,100.97,99.5,0,8
2,pat90,d1684578P0421600C_Qp_B0Fmm00_PB0PCcZNC0909_B64mA1la0R0vxxxxxx_000A07fBIsc_xBCxxxXxxFgxxn_DQ02_PlusOne_Mhd_550002E0,0,0,0,600,109.5,104.9,100.0,1,2
2,pat90,d1684578P0421600C_Qp_B0Fmm00_PB0PCcZNC0909_B64mA1la0R0vxxxxxx_000A07fBIsc_xBCxxxXxxFgxxn_DQ02_PlusOne_Mhd_550002E0,0,1,1,600,110.5,105.57,100.5,1,2
2,pat90,d1684578P0421600C_Qp_B0Fmm00_PB0PCcZNC0909_B64mA1la0R0vxxxxxx_000A07fBIsc_xBCxxxXxxFgxxn_DQ02_PlusOne_Mhd_550002E0,0,2,2,600,101.5,100.52,99.5,0,14
2,pat90,d1684578P0421600C_Qp_B0Fmm00_PB0PCcZNC0909_B64mA1la0R0vxxxxxx_000A07fBIsc_xBCxxxXxxFgxxn_DQ02_PlusOne_Mhd_550002E0,0,3,3,600,101.5,99.3,98.0,0,8
2,pat90,d1684578P0421600C_Qp_B0Fmm00_PB0PCcZNC0909_B64mA1la0R0vxxxxxx_000A07fBIsc_xBCxxxXxxFgxxn_DQ02_PlusOne_Mhd_550002E0,0,4,4,600,110.5,105.42,101.5,1,11
2,pat90,d1684578P0421600C_Qp_B0Fmm00_PB0PCcZNC0909_B64mA1la0R0vxxxxxx_000A07fBIsc_xBCxxxXxxFgxxn_DQ02_PlusOne_Mhd_550002E0,0,5,5,600,110.0,106.25,102.0,1,11
2,pat90,d1684578P0421600C_Qp_B0Fmm00_PB0PCcZNC0909_B64mA1la0R0vxxxxxx_000A07fBIsc_xBCxxxXxxFgxxn_DQ02_PlusOne_Mhd_550002E0,0,6,6,600,102.5,100.67,99.0,0,0
2,pat90,d1684578P0421600C_Qp_B0Fmm00_PB0PCcZNC0909_B64mA1la0R0vxxxxxx_000A07fBIsc_xBCxxxXxxFgxxn_DQ02_PlusOne_Mhd_550002E0,0,7,7,600,101.5,99.93,98.0,0,6
2,pat90,d1684578P0421600C_Qp_B0Fmm00_PB0PCcZNC0909_B64mA1la0R0vxxxxxx_000A07fBIsc_xBCxxxXxxFgxxn_DQ02_PlusOne_Mhd_550002E0,1,0,8,600,107.0,104.73,101.5,1,11
2,pat90,d1684578P0421600C_Qp_B0Fmm00_PB0PCcZNC0909_B64mA1la0R0vxxxxxx_000A07fBIsc_xBCxxxXxxFgxxn_DQ02_PlusOne_Mhd_550002E0,1,1,9,600,107.0,104.28,101.0,0,6
2,pat90,d1684578P0421600C_Qp_B0Fmm00_PB0PCcZNC0909_B64mA1la0R0vxxxxxx_000A07fBIsc_xBCxxxXxxFgxxn_DQ02_PlusOne_Mhd_550002E0,1,2,10,600,102.5,100.76,99.5,0,8
2,pat90,d1684578P0421600C_Qp_B0Fmm00_PB0PCcZNC0909_B64mA1la0R0vxxxxxx_000A07fBIsc_xBCxxxXxxFgxxn_DQ02_PlusOne_Mhd_550002E0,1,3,11,600,101.5,100.46,98.5,0,8
2,pat90,d1684578P0421600C_Qp_B0Fmm00_PB0PCcZNC0909_B64mA1la0R0vxxxxxx_000A07fBIsc_xBCxxxXxxFgxxn_DQ02_PlusOne_Mhd_550002E0,1,4,12,600,107.5,104.7,101.5,0,11
2,pat90,d1684578P0421600C_Qp_B0Fmm00_PB0PCcZNC0909_B64mA1la0R0vxxxxxx_000A07fBIsc_xBCxxxXxxFgxxn_DQ02_PlusOne_Mhd_550002E0,1,5,13,600,107.5,104.98,101.5,1,2
2,pat90,d1684578P0421600C_Qp_B0Fmm00_PB0PCcZNC0909_B64mA1la0R0vxxxxxx_000A07fBIsc_xBCxxxXxxFgxxn_DQ02_PlusOne_Mhd_550002E0,1,6,14,600,103.0,101.17,99.0,0,1
2,pat90,d1684578P0421600C_Qp_B0Fmm00_PB0PCcZNC0909_B64mA1la0R0vxxxxxx_000A07fBIsc_xBCxxxXxxFgxxn_DQ02_PlusOne_Mhd_550002E0,1,7,15,600,102.5,100.29,98.0,0,8
2,pat90,d1684578P0421600C_Qp_B0Fmm00_PB0PCcZNC0909_B64mA1la0R0vxxxxxx_000A07fBIsc_xBCxxxXxxFgxxn_DQ02_PlusOne_Mhd_550002E0,2,0,16,600,108.5,105.89,102.5,1,11
2,pat90,d1684578P0421600C_Qp_B0Fmm00_PB0PCcZNC0909_B64mA1la0R0vxxxxxx_000A07fBIsc_xBCxxxXxxFgxxn_DQ02_PlusOne_Mhd_550002E0,2,1,17,600,109.5,106.19,103.0,1,2
2,pat90,d1684578P0421600C_Qp_B0Fmm00_PB0PCcZNC0909_B64mA1la0R0vxxxxxx_000A07fBIsc_xBCxxxXxxFgxxn_DQ02_PlusOne_Mhd_550002E0,2,2,18,600,103.0,101.29,100.0,0,7
2,pat90,d1684578P0421600C_Qp_B0Fmm00_PB0PCcZNC0909_B64mA1la0R0vxxxxxx_000A07fBIsc_xBCxxxXxxFgxxn_DQ02_PlusOne_Mhd_550002E0,2,3,19,600,102.5,100.86,99.0,1,4
2,pat90,d1684578P0421600C_Qp_B0Fmm00_PB0PCcZNC0909_B64mA1la0R0vxxxxxx_000A07fBIsc_xBCxxxXxxFgxxn_DQ02_PlusOne_Mhd_550002E0,2,4,20,600,109.5,104.61,101.5,1,11
2,pat90,d1684578P0421600C_Qp_B0Fmm00_PB0PCcZNC0909_B64mA1la0R0vxxxxxx_000A07fBIsc_xBCxxxXxxFgxxn_DQ02_PlusOne_Mhd_550002E0,2,5,21,600,107.5,105.11,102.5,1,2
2,pat90,d1684578P0421600C_Qp_B0Fmm00_PB0PCcZNC0909_B64mA1la0R0vxxxxxx_000A07fBIsc_xBCxxxXxxFgxxn_DQ02_PlusOne_Mhd_550002E0,2,6,22,600,103.5,101.54,99.5,0,8
2,pat90,d1684578P0421600C_Qp_B0Fmm00_PB0PCcZNC0909_B64mA1la0R0vxxxxxx_000A07fBIsc_xBCxxxXxxFgxxn_DQ02_PlusOne_Mhd_550002E0,2,7,23,600,102.0,100.37,98.5,0,8
2,pat90,d1684578P0421600C_Qp_B0Fmm00_PB0PCcZNC0909_B64mA1la0R0vxxxxxx_000A07fBIsc_xBCxxxXxxFgxxn_DQ02_PlusOne_Mhd_550002E0,3,0,24,600,105.5,104.04,101.5,1,2
2,pat90,d1684578P0421600C_Qp_B0Fmm00_PB0PCcZNC0909_B64mA1la0R0vxxxxxx_000A07fBIsc_xBCxxxXxxFgxxn_DQ02_PlusOne_Mhd_550002E0,3,1,25,600,105.0,103.44,101.0,0,0
2,pat90,d1684578P0421600C_Qp_B0Fmm00_PB0PCcZNC0909_B64mA1la0R0vxxxxxx_000A07fBIsc_xBCxxxXxxFgxxn_DQ02_PlusOne_Mhd_550002E0,3,2,26,600,103.0,101.53,100.0,0,8
2,pat90,d1684578P0421600C_Qp_B0Fmm00_PB0PCcZNC0909_B64mA1la0R0vxxxxxx_000A07fBIsc_xBCxxxXxxFgxxn_DQ02_PlusOne_Mhd_550002E0,3,3,27,600,102.5,100.84,99.0,0,8
2,pat90,d1684578P0421600C_Qp_B0Fmm00_PB0PCcZNC0909_B64mA1la0R0vxxxxxx_000A07fBIsc_xBCxxxXxxFgxxn_DQ02_PlusOne_Mhd_550002E0,3,4,28,600,109.5,105.55,101.0,1,2
2,pat90,d1684578P0421600C_Qp_B0Fmm00_PB0PCcZNC0909_B64mA1la0R0vxxxxxx_000A07fBIsc_xBCxxxXxxFgxxn_DQ02_PlusOne_Mhd_550002E0,3,5,29,600,106.5,104.29,102.0,1,0
2,pat90,d1684578P0421600C_Qp_B0Fmm00_PB0PCcZNC0909_B64mA1la0R0vxxxxxx_000A07fBIsc_xBCxxxXxxFgxxn_DQ02_PlusOne_Mhd_550002E0,3,6,30,600,103.0,101.72,100.0,0,6
2,pat90,d1684578P0421600C_Qp_B0Fmm00_PB0PCcZNC0909_B64mA1la0R0vxxxxxx_000A07fBIsc_xBCxxxXxxFgxxn_DQ02_PlusOne_Mhd_550002E0,3,7,31,600,103.5,101.31,99.5,0,8
2,pat91,d1684562P0421603C_QO_B0Fmm00_PB0PCcZNC0909_B64mA1la0R0vxxxxxx_000A07fBIsc_xBCxxxXxxFgxxn_DQ02_PlusOne_Mhs_550002DD,0,0,0,600,110.0,103.96,98.5,1,2
2,pat91,d1684562P0421603C_QO_B0Fmm00_PB0PCcZNC0909_B64mA1la0R0vxxxxxx_000A07fBIsc_xBCxxxXxxFgxxn_DQ02_PlusOne_Mhs_550002DD,0,1,1,600,111.0,104.58,99.5,1,2
2,pat91,d1684562P0421603C_QO_B0Fmm00_PB0PCcZNC0909_B64mA1la0R0vxxxxxx_000A07fBIsc_xBCxxxXxxFgxxn_DQ02_PlusOne_Mhs_550002DD,0,2,2,600,101.0,99.77,98.5,0,14
2,pat91,d1684562P0421603C_QO_B0Fmm00_PB0PCcZNC0909_B64mA1la0R0vxxxxxx_000A07fBIsc_xBCxxxXxxFgxxn_DQ02_PlusOne_Mhs_550002DD,0,3,3,600,100.5,98.87,97.5,0,8
2,pat91,d1684562P0421603C_QO_B0Fmm00_PB0PCcZNC0909_B64mA1la0R0vxxxxxx_000A07fBIsc_xBCxxxXxxFgxxn_DQ02_PlusOne_Mhs_550002DD,0,4,4,600,110.5,104.35,100.0,1,11
2,pat91,d1684562P0421603C_QO_B0Fmm00_PB0PCcZNC0909_B64mA1la0R0vxxxxxx_000A07fBIsc_xBCxxxXxxFgxxn_DQ02_PlusOne_Mhs_550002DD,0,5,5,600,112.0,105.18,100.0,1,2
2,pat91,d1684562P0421603C_QO_B0Fmm00_PB0PCcZNC0909_B64mA1la0R0vxxxxxx_000A07fBIsc_xBCxxxXxxFgxxn_DQ02_PlusOne_Mhs_550002DD,0,6,6,600,101.5,99.98,98.5,1,13
2,pat91,d1684562P0421603C_QO_B0Fmm00_PB0PCcZNC0909_B64mA1la0R0vxxxxxx_000A07fBIsc_xBCxxxXxxFgxxn_DQ02_PlusOne_Mhs_550002DD,0,7,7,600,100.5,99.34,98.0,1,6
2,pat91,d1684562P0421603C_QO_B0Fmm00_PB0PCcZNC0909_B64mA1la0R0vxxxxxx_000A07fBIsc_xBCxxxXxxFgxxn_DQ02_PlusOne_Mhs_550002DD,1,0,8,600,107.0,103.47,99.5,0,2
2,pat91,d1684562P0421603C_QO_B0Fmm00_PB0PCcZNC0909_B64mA1la0R0vxxxxxx_000A07fBIsc_xBCxxxXxxFgxxn_DQ02_PlusOne_Mhs_550002DD,1,1,9,600,107.5,103.46,99.5,1,2
2,pat91,d1684562P0421603C_QO_B0Fmm00_PB0PCcZNC0909_B64mA1la0R0vxxxxxx_000A07fBIsc_xBCxxxXxxFgxxn_DQ02_PlusOne_Mhs_550002DD,1,2,10,600,101.5,100.0,98.0,0,8
2,pat91,d1684562P0421603C_QO_B0Fmm00_PB0PCcZNC0909_B64mA1la0R0vxxxxxx_000A07fBIsc_xBCxxxXxxFgxxn_DQ02_PlusOne_Mhs_550002DD,1,3,11,600,101.5,99.84,98.0,0,8
2,pat91,d1684562P0421603C_QO_B0Fmm00_PB0PCcZNC0909_B64mA1la0R0vxxxxxx_000A07fBIsc_xBCxxxXxxFgxxn_DQ02_PlusOne_Mhs_550002DD,1,4,12,600,108.5,103.9,100.5,1,2
2,pat91,d1684562P0421603C_QO_B0Fmm00_PB0PCcZNC0909_B64mA1la0R0vxxxxxx_000A07fBIsc_xBCxxxXxxFgxxn_DQ02_PlusOne_Mhs_550002DD,1,5,13,600,109.0,104.18,100.0,1,2
2,pat91,d1684562P0421603C_QO_B0Fmm00_PB0PCcZNC0909_B64mA1la0R0vxxxxxx_000A07fBIsc_xBCxxxXxxFgxxn_DQ02_PlusOne_Mhs_550002DD,1,6,14,600,102.0,100.25,97.5,0,1
2,pat91,d1684562P0421603C_QO_B0Fmm00_PB0PCcZNC0909_B64mA1la0R0vxxxxxx_000A07fBIsc_xBCxxxXxxFgxxn_DQ02_PlusOne_Mhs_550002DD,1,7,15,600,101.5,99.61,97.0,0,8
2,pat91,d1684562P0421603C_QO_B0Fmm00_PB0PCcZNC0909_B64mA1la0R0vxxxxxx_000A07fBIsc_xBCxxxXxxFgxxn_DQ02_PlusOne_Mhs_550002DD,2,0,16,600,109.0,104.95,100.5,1,2
2,pat91,d1684562P0421603C_QO_B0Fmm00_PB0PCcZNC0909_B64mA1la0R0vxxxxxx_000A07fBIsc_xBCxxxXxxFgxxn_DQ02_PlusOne_Mhs_550002DD,2,1,17,600,110.5,105.43,101.0,1,2
2,pat91,d1684562P0421603C_QO_B0Fmm00_PB0PCcZNC0909_B64mA1la0R0vxxxxxx_000A07fBIsc_xBCxxxXxxFgxxn_DQ02_PlusOne_Mhs_550002DD,2,2,18,600,102.0,100.42,99.0,1,14
2,pat91,d1684562P0421603C_QO_B0Fmm00_PB0PCcZNC0909_B64mA1la0R0vxxxxxx_000A07fBIsc_xBCxxxXxxFgxxn_DQ02_PlusOne_Mhs_550002DD,2,3,19,600,102.0,100.33,98.5,1,5
2,pat91,d1684562P0421603C_QO_B0Fmm00_PB0PCcZNC0909_B64mA1la0R0vxxxxxx_000A07fBIsc_xBCxxxXxxFgxxn_DQ02_PlusOne_Mhs_550002DD,2,4,20,600,110.0,104.08,100.5,1,2
2,pat91,d1684562P0421603C_QO_B0Fmm00_PB0PCcZNC0909_B64mA1la0R0vxxxxxx_000A07fBIsc_xBCxxxXxxFgxxn_DQ02_PlusOne_Mhs_550002DD,2,5,21,600,108.5,104.5,101.0,1,2
2,pat91,d1684562P0421603C_QO_B0Fmm00_PB0PCcZNC0909_B64mA1la0R0vxxxxxx_000A07fBIsc_xBCxxxXxxFgxxn_DQ02_PlusOne_Mhs_550002DD,2,6,22,600,104.0,100.85,98.5,0,8
2,pat91,d1684562P0421603C_QO_B0Fmm00_PB0PCcZNC0909_B64mA1la0R0vxxxxxx_000A07fBIsc_xBCxxxXxxFgxxn_DQ02_PlusOne_Mhs_550002DD,2,7,23,600,101.5,99.9,98.0,0,8
2,pat91,d1684562P0421603C_QO_B0Fmm00_PB0PCcZNC0909_B64mA1la0R0vxxxxxx_000A07fBIsc_xBCxxxXxxFgxxn_DQ02_PlusOne_Mhs_550002DD,3,0,24,600,107.0,103.71,100.0,1,11
2,pat91,d1684562P0421603C_QO_B0Fmm00_PB0PCcZNC0909_B64mA1la0R0vxxxxxx_000A07fBIsc_xBCxxxXxxFgxxn_DQ02_PlusOne_Mhs_550002DD,3,1,25,600,106.0,103.21,100.5,0,0
2,pat91,d1684562P0421603C_QO_B0Fmm00_PB0PCcZNC0909_B64mA1la0R0vxxxxxx_000A07fBIsc_xBCxxxXxxFgxxn_DQ02_PlusOne_Mhs_550002DD,3,2,26,600,102.5,100.87,99.0,0,6
2,pat91,d1684562P0421603C_QO_B0Fmm00_PB0PCcZNC0909_B64mA1la0R0vxxxxxx_000A07fBIsc_xBCxxxXxxFgxxn_DQ02_PlusOne_Mhs_550002DD,3,3,27,600,102.5,100.47,99.0,0,8
2,pat91,d1684562P0421603C_QO_B0Fmm00_PB0PCcZNC0909_B64mA1la0R0vxxxxxx_000A07fBIsc_xBCxxxXxxFgxxn_DQ02_PlusOne_Mhs_550002DD,3,4,28,600,110.0,104.7,100.5,1,2
2,pat91,d1684562P0421603C_QO_B0Fmm00_PB0PCcZNC0909_B64mA1la0R0vxxxxxx_000A07fBIsc_xBCxxxXxxFgxxn_DQ02_PlusOne_Mhs_550002DD,3,5,29,600,107.0,103.89,101.0,1,0
2,pat91,d1684562P0421603C_QO_B0Fmm00_PB0PCcZNC0909_B64mA1la0R0vxxxxxx_000A07fBIsc_xBCxxxXxxFgxxn_DQ02_PlusOne_Mhs_550002DD,3,6,30,600,102.5,101.12,99.5,0,6
2,pat91,d1684562P0421603C_QO_B0Fmm00_PB0PCcZNC0909_B64mA1la0R0vxxxxxx_000A07fBIsc_xBCxxxXxxFgxxn_DQ02_PlusOne_Mhs_550002DD,3,7,31,600,103.0,100.84,99.0,0,8
2,pat92,d1700808P0422464C_RL_B0Fmm00_PB0PCcZNC0909_B64mA1la0R0vxxxxxx_000A07fBIsc_xBCxxxXxxFgxxn_DQ02_LeekSpin_Y_551002C0,0,0,0,600,108.0,103.53,99.0,1,11
2,pat92,d1700808P0422464C_RL_B0Fmm00_PB0PCcZNC0909_B64mA1la0R0vxxxxxx_000A07fBIsc_xBCxxxXxxFgxxn_DQ02_LeekSpin_Y_551002C0,0,1,1,600,110.0,104.1,100.0,1,2
2,pat92,d1700808P0422464C_RL_B0Fmm00_PB0PCcZNC0909_B64mA1la0R0vxxxxxx_000A07fBIsc_xBCxxxXxxFgxxn_DQ02_LeekSpin_Y_551002C0,0,2,2,600,101.5,100.12,99.0,0,14
2,pat92,d1700808P0422464C_RL_B0Fmm00_PB0PCcZNC0909_B64mA1la0R0vxxxxxx_000A07fBIsc_xBCxxxXxxFgxxn_DQ02_LeekSpin_Y_551002C0,0,3,3,600,101.0,99.07,97.5,0,8
2,pat92,d1700808P0422464C_RL_B0Fmm00_PB0PCcZNC0909_B64mA1la0R0vxxxxxx_000A07fBIsc_xBCxxxXxxFgxxn_DQ02_LeekSpin_Y_551002C0,0,4,4,600,109.0,103.85,100.0,1,11
2,pat92,d1700808P0422464C_RL_B0Fmm00_PB0PCcZNC0909_B64mA1la0R0vxxxxxx_000A07fBIsc_xBCxxxXxxFgxxn_DQ02_LeekSpin_Y_551002C0,0,5,5,600,109.0,104.49,100.5,1,11
2,pat92,d1700808P0422464C_RL_B0Fmm00_PB0PCcZNC0909_B64mA1la0R0vxxxxxx_000A07fBIsc_xBCxxxXxxFgxxn_DQ02_LeekSpin_Y_551002C0,0,6,6,600,101.5,100.2,99.0,1,2
2,pat92,d1700808P0422464C_RL_B0Fmm00_PB0PCcZNC0909_B64mA1la0R0vxxxxxx_000A07fBIsc_xBCxxxXxxFgxxn_DQ02_LeekSpin_Y_551002C0,0,7,7,600,101.0,99.63,98.0,0,6
2,pat92,d1700808P0422464C_RL_B0Fmm00_PB0PCcZNC0909_B64mA1la0R0vxxxxxx_000A07fBIsc_xBCxxxXxxFgxxn_DQ02_LeekSpin_Y_551002C0,1,0,8,600,106.0,103.08,100.5,1,11
2,pat92,d1700808P0422464C_RL_B0Fmm00_PB0PCcZNC0909_B64mA1la0R0vxxxxxx_000A07fBIsc_xBCxxxXxxFgxxn_DQ02_LeekSpin_Y_551002C0,1,1,9,600,105.5,102.94,99.5,0,10
2,pat92,d1700808P0422464C_RL_B0Fmm00_PB0PCcZNC0909_B64mA1la0R0vxxxxxx_000A07fBIsc_xBCxxxXxxFgxxn_DQ02_LeekSpin_Y_551002C0,1,2,10,600,101.5,100.24,98.5,0,8
2,pat92,d1700808P0422464C_RL_B0Fmm00_PB0PCcZNC0909_B64mA1la0R0vxxxxxx_000A07fBIsc_xBCxxxXxxFgxxn_DQ02_LeekSpin_Y_551002C0,1,3,11,600,101.5,100.19,98.5,0,8
2,pat92,d1700808P0422464C_RL_B0Fmm00_PB0PCcZNC0909_B64mA1la0R0vxxxxxx_000A07fBIsc_xBCxxxXxxFgxxn_DQ02_LeekSpin_Y_551002C0,1,4,12,600,106.5,103.19,100.5,0,11
2,pat92,d1700808P0422464C_RL_B0Fmm00_PB0PCcZNC0909_B64mA1la0R0vxxxxxx_000A07fBIsc_xBCxxxXxxFgxxn_DQ02_LeekSpin_Y_551002C0,1,5,13,600,107.0,103.51,100.0,1,2
2,pat92,d1700808P0422464C_RL_B0Fmm00_PB0PCcZNC0909_B64mA1la0R0vxxxxxx_000A07fBIsc_xBCxxxXxxFgxxn_DQ02_LeekSpin_Y_551002C0,1,6,14,600,102.5,100.52,98.5,0,1
2,pat92,d1700808P0422464C_RL_B0Fmm00_PB0PCcZNC0909_B64mA1la0R0vxxxxxx_000A07fBIsc_xBCxxxXxxFgxxn_DQ02_LeekSpin_Y_551002C0,1,7,15,600,102.0,99.85,98.0,0,8
2,pat92,d1700808P0422464C_RL_B0Fmm00_PB0PCcZNC0909_B64mA1la0R0vxxxxxx_000A07fBIsc_xBCxxxXxxFgxxn_DQ02_LeekSpin_Y_551002C0,2,0,16,600,108.0,104.48,100.5,0,0
2,pat92,d1700808P0422464C_RL_B0Fmm00_PB0PCcZNC0909_B64mA1la0R0vxxxxxx_000A07fBIsc_xBCxxxXxxFgxxn_DQ02_LeekSpin_Y_551002C0,2,1,17,600,109.0,104.9,101.5,1,11
2,pat92,d1700808P0422464C_RL_B0Fmm00_PB0PCcZNC0909_B64mA1la0R0vxxxxxx_000A07fBIsc_xBCxxxXxxFgxxn_DQ02_LeekSpin_Y_551002C0,2,2,18,600,102.0,100.65,99.5,0,7
2,pat92,d1700808P0422464C_RL_B0Fmm00_PB0PCcZNC0909_B64mA1la0R0vxxxxxx_000A07fBIsc_xBCxxxXxxFgxxn_DQ02_LeekSpin_Y_551002C0,2,3,19,600,102.0,100.43,98.5,1,9
2,pat92,d1700808P0422464C_RL_B0Fmm00_PB0PCcZNC0909_B64mA1la0R0vxxxxxx_000A07fBIsc_xBCxxxXxxFgxxn_DQ02_LeekSpin_Y_551002C0,2,4,20,600,109.0,103.54,100.5,1,11
2,pat92,d1700808P0422464C_RL_B0Fmm00_PB0PCcZNC0909_B64mA1la0R0vxxxxxx_000A07fBIsc_xBCxxxXxxFgxxn_DQ02_LeekSpin_Y_551002C0,2,5,21,600,107.0,104.0,101.5,1,11
2,pat92,d1700808P0422464C_RL_B0Fmm00_PB0PCcZNC0909_B64mA1la0R0vxxxxxx_000A07fBIsc_xBCxxxXxxFgxxn_DQ02_LeekSpin_Y_551002C0,2,6,22,600,103.5,101.0,99.0,0,8
2,pat92,d1700808P0422464C_RL_B0Fmm00_PB0PCcZNC0909_B64mA1la0R0vxxxxxx_000A07fBIsc_xBCxxxXxxFgxxn_DQ02_LeekSpin_Y_551002C0,2,7,23,600,101.5,100.01,98.5,0,8
2,pat92,d1700808P0422464C_RL_B0Fmm00_PB0PCcZNC0909_B64mA1la0R0vxxxxxx_000A07fBIsc_xBCxxxXxxFgxxn_DQ02_LeekSpin_Y_551002C0,3,0,24,600,105.5,103.11,100.5,1,11
2,pat92,d1700808P0422464C_RL_B0Fmm00_PB0PCcZNC0909_B64mA1la0R0vxxxxxx_000A07fBIsc_xBCxxxXxxFgxxn_DQ02_LeekSpin_Y_551002C0,3,1,25,600,105.0,102.67,100.5,1,11
2,pat92,d1700808P0422464C_RL_B0Fmm00_PB0PCcZNC0909_B64mA1la0R0vxxxxxx_000A07fBIsc_xBCxxxXxxFgxxn_DQ02_LeekSpin_Y_551002C0,3,2,26,600,103.0,101.06,99.0,0,8
2,pat92,d1700808P0422464C_RL_B0Fmm00_PB0PCcZNC0909_B64mA1la0R0vxxxxxx_000A07fBIsc_xBCxxxXxxFgxxn_DQ02_LeekSpin_Y_551002C0,3,3,27,600,102.5,100.66,99.5,0,8
2,pat92,d1700808P0422464C_RL_B0Fmm00_PB0PCcZNC0909_B64mA1la0R0vxxxxxx_000A07fBIsc_xBCxxxXxxFgxxn_DQ02_LeekSpin_Y_551002C0,3,4,28,600,107.5,103.96,100.5,1,9
2,pat92,d1700808P0422464C_RL_B0Fmm00_PB0PCcZNC0909_B64mA1la0R0vxxxxxx_000A07fBIsc_xBCxxxXxxFgxxn_DQ02_LeekSpin_Y_551002C0,3,5,29,600,105.0,103.31,101.5,1,11
2,pat92,d1700808P0422464C_RL_B0Fmm00_PB0PCcZNC0909_B64mA1la0R0vxxxxxx_000A07fBIsc_xBCxxxXxxFgxxn_DQ02_LeekSpin_Y_551002C0,3,6,30,600,102.5,101.19,99.5,0,6
2,pat92,d1700808P0422464C_RL_B0Fmm00_PB0PCcZNC0909_B64mA1la0R0vxxxxxx_000A07fBIsc_xBCxxxXxxFgxxn_DQ02_LeekSpin_Y_551002C0,3,7,31,600,103.5,100.94,99.5,0,8
2,pat93,d1682898P0420909C_RH_B0Fmm00_PB0PCcZNC0909_B64mA1la0R0vxxxxxx_000A07fBIsc_xBCxxxXxxFgxxn_DQ02_Blender_A1J_550000EB,0,0,0,600,108.0,103.23,98.5,1,2
2,pat93,d1682898P0420909C_RH_B0Fmm00_PB0PCcZNC0909_B64mA1la0R0vxxxxxx_000A07fBIsc_xBCxxxXxxFgxxn_DQ02_Blender_A1J_550000EB,0,1,1,600,109.5,103.61,99.5,1,11
2,pat93,d1682898P0420909C_RH_B0Fmm00_PB0PCcZNC0909_B64mA1la0R0vxxxxxx_000A07fBIsc_xBCxxxXxxFgxxn_DQ02_Blender_A1J_550000EB,0,2,2,600,101.5,99.97,98.5,0,14
2,pat93,d1682898P0420909C_RH_B0Fmm00_PB0PCcZNC0909_B64mA1la0R0vxxxxxx_000A07fBIsc_xBCxxxXxxFgxxn_DQ02_Blender_A1J_550000EB,0,3,3,600,100.5,98.83,97.5,0,8
2,pat93,d1682898P0420909C_RH_B0Fmm00_PB0PCcZNC0909_B64mA1la0R0vxxxxxx_000A07fBIsc_xBCxxxXxxFgxxn_DQ02_Blender_A1J_550000EB,0,4,4,600,109.0,103.54,99.5,1,11
2,pat93,d1682898P0420909C_RH_B0Fmm00_PB0PCcZNC0909_B64mA1la0R0vxxxxxx_000A07fBIsc_xBCxxxXxxFgxxn_DQ02_Blender_A1J_550000EB,0,5,5,600,108.5,104.22,100.0,1,2
2,pat93,d1682898P0420909C_RH_B0Fmm00_PB0PCcZNC0909_B64mA1la0R0vxxxxxx_000A07fBIsc_xBCxxxXxxFgxxn_DQ02_Blender_A1J_550000EB,0,6,6,600,101.5,99.95,98.5,0,8
2,pat93,d1682898P0420909C_RH_B0Fmm00_PB0PCcZNC0909_B64mA1la0R0vxxxxxx_000A07fBIsc_xBCxxxXxxFgxxn_DQ02_Blender_A1J_550000EB,0,7,7,600,100.5,99.41,97.5,0,6
2,pat93,d1682898P0420909C_RH_B0Fmm00_PB0PCcZNC0909_B64mA1la0R0vxxxxxx_000A07fBIsc_xBCxxxXxxFgxxn_DQ02_Blender_A1J_550000EB,1,0,8,600,106.0,102.72,99.5,1,9
2,pat93,d1682898P0420909C_RH_B0Fmm00_PB0PCcZNC0909_B64mA1la0R0vxxxxxx_000A07fBIsc_xBCxxxXxxFgxxn_DQ02_Blender_A1J_550000EB,1,1,9,600,105.5,102.64,99.5,0,2
2,pat93,d1682898P0420909C_RH_B0Fmm00_PB0PCcZNC0909_B64mA1la0R0vxxxxxx_000A07fBIsc_xBCxxxXxxFgxxn_DQ02_Blender_A1J_550000EB,1,2,10,600,101.5,100.08,98.5,0,8
2,pat93,d1682898P0420909C_RH_B0Fmm00_PB0PCcZNC0909_B64mA1la0R0vxxxxxx_000A07fBIsc_xBCxxxXxxFgxxn_DQ02_Blender_A1J_550000EB,1,3,11,600,101.0,99.95,98.0,0,8
2,pat93,d1682898P0420909C_RH_B0Fmm00_PB0PCcZNC0909_B64mA1la0R0vxxxxxx_000A07fBIsc_xBCxxxXxxFgxxn_DQ02_Blender_A1J_550000EB,1,4,12,600,106.5,102.99,100.5,0,11
2,pat93,d1682898P0420909C_RH_B0Fmm00_PB0PCcZNC0909_B64mA1la0R0vxxxxxx_000A07fBIsc_xBCxxxXxxFgxxn_DQ02_Blender_A1J_550000EB,1,5,13,600,106.5,103.2,100.0,1,2
2,pat93,d1682898P0420909C_RH_B0Fmm00_PB0PCcZNC0909_B64mA1la0R0vxxxxxx_000A07fBIsc_xBCxxxXxxFgxxn_DQ02_Blender_A1J_550000EB,1,6,14,600,102.0,100.24,98.0,0,8
2,pat93,d1682898P0420909C_RH_B0Fmm00_PB0PCcZNC0909_B64mA1la0R0vxxxxxx_000A07fBIsc_xBCxxxXxxFgxxn_DQ02_Blender_A1J_550000EB,1,7,15,600,101.5,99.7,97.5,0,8
2,pat93,d1682898P0420909C_RH_B0Fmm00_PB0PCcZNC0909_B64mA1la0R0vxxxxxx_000A07fBIsc_xBCxxxXxxFgxxn_DQ02_Blender_A1J_550000EB,2,0,16,600,107.5,104.22,100.5,1,11
2,pat93,d1682898P0420909C_RH_B0Fmm00_PB0PCcZNC0909_B64mA1la0R0vxxxxxx_000A07fBIsc_xBCxxxXxxFgxxn_DQ02_Blender_A1J_550000EB,2,1,17,600,108.5,104.5,101.0,1,2
2,pat93,d1682898P0420909C_RH_B0Fmm00_PB0PCcZNC0909_B64mA1la0R0vxxxxxx_000A07fBIsc_xBCxxxXxxFgxxn_DQ02_Blender_A1J_550000EB,2,2,18,600,102.0,100.4,99.5,1,14
2,pat93,d1682898P0420909C_RH_B0Fmm00_PB0PCcZNC0909_B64mA1la0R0vxxxxxx_000A07fBIsc_xBCxxxXxxFgxxn_DQ02_Blender_A1J_550000EB,2,3,19,600,102.0,100.32,98.5,1,5
2,pat93,d1682898P0420909C_RH_B0Fmm00_PB0PCcZNC0909_B64mA1la0R0vxxxxxx_000A07fBIsc_xBCxxxXxxFgxxn_DQ02_Blender_A1J_550000EB,2,4,20,600,108.5,103.22,100.5,1,11
2,pat93,d1682898P0420909C_RH_B0Fmm00_PB0PCcZNC0909_B64mA1la0R0vxxxxxx_000A07fBIsc_xBCxxxXxxFgxxn_DQ02_Blender_A1J_550000EB,2,5,21,600,107.0,103.76,101.0,1,11
2,pat93,d1682898P0420909C_RH_B0Fmm00_PB0PCcZNC0909_B64mA1la0R0vxxxxxx_000A07fBIsc_xBCxxxXxxFgxxn_DQ02_Blender_A1J_550000EB,2,6,22,600,103.0,100.79,98.5,0,4
2,pat93,d1682898P0420909C_RH_B0Fmm00_PB0PCcZNC0909_B64mA1la0R0vxxxxxx_000A07fBIsc_xBCxxxXxxFgxxn_DQ02_Blender_A1J_550000EB,2,7,23,600,101.0,99.87,98.0,0,8
2,pat93,d1682898P0420909C_RH_B0Fmm00_PB0PCcZNC0909_B64mA1la0R0vxxxxxx_000A07fBIsc_xBCxxxXxxFgxxn_DQ02_Blender_A1J_550000EB,3,0,24,600,105.5,103.03,100.5,1,11
2,pat93,d1682898P0420909C_RH_B0Fmm00_PB0PCcZNC0909_B64mA1la0R0vxxxxxx_000A07fBIsc_xBCxxxXxxFgxxn_DQ02_Blender_A1J_550000EB,3,1,25,600,104.5,102.52,100.5,1,11
2,pat93,d1682898P0420909C_RH_B0Fmm00_PB0PCcZNC0909_B64mA1la0R0vxxxxxx_000A07fBIsc_xBCxxxXxxFgxxn_DQ02_Blender_A1J_550000EB,3,2,26,600,102.5,100.9,99.0,0,14
2,pat93,d1682898P0420909C_RH_B0Fmm00_PB0PCcZNC0909_B64mA1la0R0vxxxxxx_000A07fBIsc_xBCxxxXxxFgxxn_DQ02_Blender_A1J_550000EB,3,3,27,600,102.0,100.47,99.0,0,8
2,pat93,d1682898P0420909C_RH_B0Fmm00_PB0PCcZNC0909_B64mA1la0R0vxxxxxx_000A07fBIsc_xBCxxxXxxFgxxn_DQ02_Blender_A1J_550000EB,3,4,28,600,107.5,103.7,100.5,1,9
2,pat93,d1682898P0420909C_RH_B0Fmm00_PB0PCcZNC0909_B64mA1la0R0vxxxxxx_000A07fBIsc_xBCxxxXxxFgxxn_DQ02_Blender_A1J_550000EB,3,5,29,600,105.0,103.15,101.0,0,11
2,pat93,d1682898P0420909C_RH_B0Fmm00_PB0PCcZNC0909_B64mA1la0R0vxxxxxx_000A07fBIsc_xBCxxxXxxFgxxn_DQ02_Blender_A1J_550000EB,3,6,30,600,102.5,101.08,99.5,0,8
2,pat93,d1682898P0420909C_RH_B0Fmm00_PB0PCcZNC0909_B64mA1la0R0vxxxxxx_000A07fBIsc_xBCxxxXxxFgxxn_DQ02_Blender_A1J_550000EB,3,7,31,600,103.0,100.8,99.0,0,8
2,pat94,d1684088P0421406C_Px_B0Fmm00_PB0PCcZNC0909_B64mA1la0R0vxxxxxx_000A07fBIsc_xBCxxxXxxFgxxn_DQ02_Flipper_550001CE,0,0,0,600,107.0,103.23,98.5,1,11
2,pat94,d1684088P0421406C_Px_B0Fmm00_PB0PCcZNC0909_B64mA1la0R0vxxxxxx_000A07fBIsc_xBCxxxXxxFgxxn_DQ02_Flipper_550001CE,0,1,1,600,107.5,103.76,100.0,1,2
2,pat94,d1684088P0421406C_Px_B0Fmm00_PB0PCcZNC0909_B64mA1la0R0vxxxxxx_000A07fBIsc_xBCxxxXxxFgxxn_DQ02_Flipper_550001CE,0,2,2,600,101.5,100.12,99.0,0,14
2,pat94,d1684088P0421406C_Px_B0Fmm00_PB0PCcZNC0909_B64mA1la0R0vxxxxxx_000A07fBIsc_xBCxxxXxxFgxxn_DQ02_Flipper_550001CE,0,3,3,600,100.5,98.9,97.5,0,8
2,pat94,d1684088P0421406C_Px_B0Fmm00_PB0PCcZNC0909_B64mA1la0R0vxxxxxx_000A07fBIsc_xBCxxxXxxFgxxn_DQ02_Flipper_550001CE,0,4,4,600,108.0,103.53,100.0,1,11
2,pat94,d1684088P0421406C_Px_B0Fmm00_PB0PCcZNC0909_B64mA1la0R0vxxxxxx_000A07fBIsc_xBCxxxXxxFgxxn_DQ02_Flipper_550001CE,0,5,5,600,108.0,104.35,100.5,1,2
2,pat94,d1684088P0421406C_Px_B0Fmm00_PB0PCcZNC0909_B64mA1la0R0vxxxxxx_000A07fBIsc_xBCxxxXxxFgxxn_DQ02_Flipper_550001CE,0,6,6,600,101.5,100.14,99.0,1,2
2,pat94,d1684088P0421406C_Px_B0Fmm00_PB0PCcZNC0909_B64mA1la0R0vxxxxxx_000A07fBIsc_xBCxxxXxxFgxxn_DQ02_Flipper_550001CE,0,7,7,600,100.5,99.47,98.0,0,13
2,pat94,d1684088P0421406C_Px_B0Fmm00_PB0PCcZNC0909_B64mA1la0R0vxxxxxx_000A07fBIsc_xBCxxxXxxFgxxn_DQ02_Flipper_550001CE,1,0,8,600,105.0,102.73,99.5,1,0
2,pat94,d1684088P0421406C_Px_B0Fmm00_PB0PCcZNC0909_B64mA1la0R0vxxxxxx_000A07fBIsc_xBCxxxXxxFgxxn_DQ02_Flipper_550001CE,1,1,9,600,105.0,102.56,99.5,0,0
2,pat94,d1684088P0421406C_Px_B0Fmm00_PB0PCcZNC0909_B64mA1la0R0vxxxxxx_000A07fBIsc_xBCxxxXxxFgxxn_DQ02_Flipper_550001CE,1,2,10,600,101.5,100.07,98.5,1,8
2,pat94,d1684088P0421406C_Px_B0Fmm00_PB0PCcZNC0909_B64mA1la0R0vxxxxxx_000A07fBIsc_xBCxxxXxxFgxxn_DQ02_Flipper_550001CE,1,3,11,600,101.5,100.1,98.5,0,8
2,pat94,d1684088P0421406C_Px_B0Fmm00_PB0PCcZNC0909_B64mA1la0R0vxxxxxx_000A07fBIsc_xBCxxxXxxFgxxn_DQ02_Flipper_550001CE,1,4,12,600,105.0,102.98,100.5,1,2
2,pat94,d1684088P0421406C_Px_B0Fmm00_PB0PCcZNC0909_B64mA1la0R0vxxxxxx_000A07fBIsc_xBCxxxXxxFgxxn_DQ02_Flipper_550001CE,1,5,13,600,106.0,103.3,100.0,1,2
2,pat94,d1684088P0421406C_Px_B0Fmm00_PB0PCcZNC0909_B64mA1la0R0vxxxxxx_000A07fBIsc_xBCxxxXxxFgxxn_DQ02_Flipper_550001CE,1,6,14,600,102.0,100.46,98.0,0,8
2,pat94,d1684088P0421406C_Px_B0Fmm00_PB0PCcZNC0909_B64mA1la0R0vxxxxxx_000A07fBIsc_xBCxxxXxxFgxxn_DQ02_Flipper_550001CE,1,7,15,600,102.5,99.83,98.0,0,8
2,pat94,d1684088P0421406C_Px_B0Fmm00_PB0PCcZNC0909_B64mA1la0R0vxxxxxx_000A07fBIsc_xBCxxxXxxFgxxn_DQ02_Flipper_550001CE,2,0,16,600,107.0,104.28,100.5,0,0
2,pat94,d1684088P0421406C_Px_B0Fmm00_PB0PCcZNC0909_B64mA1la0R0vxxxxxx_000A07fBIsc_xBCxxxXxxFgxxn_DQ02_Flipper_550001CE,2,1,17,600,107.5,104.5,101.0,1,2
2,pat94,d1684088P0421406C_Px_B0Fmm00_PB0PCcZNC0909_B64mA1la0R0vxxxxxx_000A07fBIsc_xBCxxxXxxFgxxn_DQ02_Flipper_550001CE,2,2,18,600,102.5,100.62,99.5,1,14
2,pat94,d1684088P0421406C_Px_B0Fmm00_PB0PCcZNC0909_B64mA1la0R0vxxxxxx_000A07fBIsc_xBCxxxXxxFgxxn_DQ02_Flipper_550001CE,2,3,19,600,102.0,100.41,98.5,1,9
2,pat94,d1684088P0421406C_Px_B0Fmm00_PB0PCcZNC0909_B64mA1la0R0vxxxxxx_000A07fBIsc_xBCxxxXxxFgxxn_DQ02_Flipper_550001CE,2,4,20,600,107.0,103.22,100.5,1,11
2,pat94,d1684088P0421406C_Px_B0Fmm00_PB0PCcZNC0909_B64mA1la0R0vxxxxxx_000A07fBIsc_xBCxxxXxxFgxxn_DQ02_Flipper_550001CE,2,5,21,600,106.0,103.77,100.5,0,2
2,pat94,d1684088P0421406C_Px_B0Fmm00_PB0PCcZNC0909_B64mA1la0R0vxxxxxx_000A07fBIsc_xBCxxxXxxFgxxn_DQ02_Flipper_550001CE,2,6,22,600,103.0,100.88,98.5,0,4
2,pat94,d1684088P0421406C_Px_B0Fmm00_PB0PCcZNC0909_B64mA1la0R0vxxxxxx_000A07fBIsc_xBCxxxXxxFgxxn_DQ02_Flipper_550001CE,2,7,23,600,101.0,99.97,98.5,1,6
2,pat94,d1684088P0421406C_Px_B0Fmm00_PB0PCcZNC0909_B64mA1la0R0vxxxxxx_000A07fBIsc_xBCxxxXxxFgxxn_DQ02_Flipper_550001CE,3,0,24,600,105.0,102.95,100.5,1,0
2,pat94,d1684088P0421406C_Px_B0Fmm00_PB0PCcZNC0909_B64mA1la0R0vxxxxxx_000A07fBIsc_xBCxxxXxxFgxxn_DQ02_Flipper_550001CE,3,1,25,600,104.5,102.42,100.5,0,0
2,pat94,d1684088P0421406C_Px_B0Fmm00_PB0PCcZNC0909_B64mA1la0R0vxxxxxx_000A07fBIsc_xBCxxxXxxFgxxn_DQ02_Flipper_550001CE,3,2,26,600,102.5,100.99,99.0,0,8
2,pat94,d1684088P0421406C_Px_B0Fmm00_PB0PCcZNC0909_B64mA1la0R0vxxxxxx_000A07fBIsc_xBCxxxXxxFgxxn_DQ02_Flipper_550001CE,3,3,27,600,102.0,100.55,99.0,0,8
2,pat94,d1684088P0421406C_Px_B0Fmm00_PB0PCcZNC0909_B64mA1la0R0vxxxxxx_000A07fBIsc_xBCxxxXxxFgxxn_DQ02_Flipper_550001CE,3,4,28,600,107.0,103.56,100.5,1,11
2,pat94,d1684088P0421406C_Px_B0Fmm00_PB0PCcZNC0909_B64mA1la0R0vxxxxxx_000A07fBIsc_xBCxxxXxxFgxxn_DQ02_Flipper_550001CE,3,5,29,600,106.0,103.13,101.0,1,0
2,pat94,d1684088P0421406C_Px_B0Fmm00_PB0PCcZNC0909_B64mA1la0R0vxxxxxx_000A07fBIsc_xBCxxxXxxFgxxn_DQ02_Flipper_550001CE,3,6,30,600,102.5,101.17,99.5,0,6
2,pat94,d1684088P0421406C_Px_B0Fmm00_PB0PCcZNC0909_B64mA1la0R0vxxxxxx_000A07fBIsc_xBCxxxXxxFgxxn_DQ02_Flipper_550001CE,3,7,31,600,103.0,100.84,99.0,0,8
